{
    "elapsed_time": 23.27506709098816,
    "best_objective": 16246.0,
    "neighbors": 14800,
    "best_solution": [
        0,
        11,
        3,
        4,
        5,
        6,
        1,
        7,
        8,
        9,
        2,
        10
    ],
    "average_objectives_list": [
        46379.96078431373,
        33261.52,
        26685.6,
        24916.64,
        22910.6,
        19842.64,
        18945.28,
        19914.96,
        18581.28,
        19361.56,
        18504.0,
        19058.4,
        20221.72,
        18837.12,
        16656.36,
        18196.04,
        18874.48,
        18691.44,
        18559.44,
        19394.64,
        17316.32,
        19596.92,
        19075.96,
        20150.24,
        19530.56,
        19655.96,
        18436.92,
        19193.96,
        18864.48,
        19025.4,
        19718.24,
        20238.68,
        18351.56,
        18856.4,
        20289.96,
        18777.8,
        19113.72,
        17582.36,
        19637.48,
        18331.72,
        18647.92,
        19730.6,
        19609.4,
        17759.08,
        20797.04,
        19443.32,
        19371.36,
        19968.6,
        19110.6,
        18849.56,
        20110.96,
        19505.48,
        20517.6,
        18222.6,
        17894.28,
        18330.84,
        19495.88,
        20217.44,
        18702.88,
        19840.04,
        19034.76,
        19335.92,
        18666.72,
        18586.12,
        18493.56,
        17617.04,
        19218.2,
        19621.52,
        17958.44,
        18861.76,
        18863.56,
        18077.88,
        20131.96,
        20794.48,
        18831.28,
        19623.28,
        19621.52,
        19095.92,
        20070.2,
        18980.44,
        19861.12,
        18756.28,
        18642.28,
        19509.4,
        20143.32,
        17765.04,
        19368.88,
        18723.28,
        19282.08,
        18600.6,
        19603.48,
        18414.28,
        18437.64,
        18886.32,
        19938.36,
        19393.44,
        19150.4,
        19822.96,
        18603.76,
        20422.44,
        19978.72,
        17684.32,
        19668.36,
        20392.52,
        20151.36,
        18888.32,
        18360.04,
        18716.48,
        19658.92,
        18942.44,
        19033.76,
        18495.68,
        19369.96,
        18307.52,
        18033.88,
        18625.88,
        19088.0,
        19062.72,
        20767.24,
        18680.32,
        18063.6,
        18015.72,
        19843.44,
        18546.08,
        18189.76,
        18749.52,
        19678.4,
        18417.84,
        18585.04,
        19174.04,
        18387.44,
        19658.0,
        17645.92,
        19388.52,
        19315.0,
        18139.56,
        18552.96,
        18540.52,
        18301.04,
        18231.96,
        19947.96,
        19399.88,
        19451.88,
        20126.88,
        18873.6,
        18914.8,
        20216.84,
        19471.96,
        17778.4
    ],
    "best_objective_list": [
        25656.0,
        23978.0,
        20980.0,
        16246.0,
        16246.0,
        16246.0,
        16246.0,
        16246.0,
        16246.0,
        16246.0,
        16246.0,
        16246.0,
        16246.0,
        16246.0,
        16246.0,
        16246.0,
        16246.0,
        16246.0,
        16246.0,
        16246.0,
        16246.0,
        16246.0,
        16246.0,
        16246.0,
        16246.0,
        16246.0,
        16246.0,
        16246.0,
        16246.0,
        16246.0,
        16246.0,
        16246.0,
        16246.0,
        16246.0,
        16246.0,
        16246.0,
        16246.0,
        16246.0,
        16246.0,
        16246.0,
        16246.0,
        16246.0,
        16246.0,
        16246.0,
        16246.0,
        16246.0,
        16246.0,
        16246.0,
        16246.0,
        16246.0,
        16246.0,
        16246.0,
        16246.0,
        16246.0,
        16246.0,
        16246.0,
        16246.0,
        16246.0,
        16246.0,
        16246.0,
        16246.0,
        16246.0,
        16246.0,
        16246.0,
        16246.0,
        16246.0,
        16246.0,
        16246.0,
        16246.0,
        16246.0,
        16246.0,
        16246.0,
        16246.0,
        16246.0,
        16246.0,
        16246.0,
        16246.0,
        16246.0,
        16246.0,
        16246.0,
        16246.0,
        16246.0,
        16246.0,
        16246.0,
        16246.0,
        16246.0,
        16246.0,
        16246.0,
        16246.0,
        16246.0,
        16246.0,
        16246.0,
        16246.0,
        16246.0,
        16246.0,
        16246.0,
        16246.0,
        16246.0,
        16246.0,
        16246.0,
        16246.0,
        16246.0,
        16246.0,
        16246.0,
        16246.0,
        16246.0,
        16246.0,
        16246.0,
        16246.0,
        16246.0,
        16246.0,
        16246.0,
        16246.0,
        16246.0,
        16246.0,
        16246.0,
        16246.0,
        16246.0,
        16246.0,
        16246.0,
        16246.0,
        16246.0,
        16246.0,
        16246.0,
        16246.0,
        16246.0,
        16246.0,
        16246.0,
        16246.0,
        16246.0,
        16246.0,
        16246.0,
        16246.0,
        16246.0,
        16246.0,
        16246.0,
        16246.0,
        16246.0,
        16246.0,
        16246.0,
        16246.0,
        16246.0,
        16246.0,
        16246.0,
        16246.0,
        16246.0,
        16246.0,
        16246.0,
        16246.0
    ]
}