{
    "elapsed_time": 23.547929048538208,
    "best_objective": 12968.0,
    "neighbors": 14800,
    "best_solution": [
        0,
        4,
        3,
        2,
        5,
        7,
        1,
        10,
        6,
        8,
        9,
        11
    ],
    "average_objectives_list": [
        44421.17647058824,
        32042.64,
        26916.6,
        24384.0,
        24283.4,
        23640.64,
        22044.6,
        19084.8,
        14422.4,
        13690.44,
        16439.48,
        13478.92,
        16765.48,
        13237.04,
        13887.0,
        13478.32,
        13281.2,
        13223.12,
        13252.4,
        13194.56,
        14136.4,
        14070.44,
        13087.64,
        13422.52,
        13329.0,
        14621.12,
        13208.72,
        13293.68,
        13251.92,
        13208.72,
        13308.32,
        15578.16,
        15748.8,
        13453.2,
        13873.04,
        13359.52,
        13337.84,
        13307.84,
        13286.44,
        13882.36,
        13224.32,
        13485.72,
        13223.12,
        13731.44,
        13447.68,
        13238.72,
        13700.68,
        13215.32,
        13421.4,
        13294.4,
        13217.2,
        13222.88,
        13152.08,
        13222.88,
        14532.44,
        13208.72,
        13398.68,
        13307.44,
        13336.88,
        13850.4,
        13384.8,
        13210.16,
        14888.88,
        14151.88,
        14319.08,
        13322.48,
        13674.96,
        13324.68,
        13337.12,
        14662.04,
        13512.44,
        13323.92,
        13379.92,
        13221.88,
        13266.08,
        15415.28,
        13400.76,
        13267.28,
        13237.04,
        13281.92,
        14284.84,
        14051.36,
        14778.32,
        13237.04,
        13279.52,
        13266.8,
        13394.0,
        13632.68,
        15467.72,
        13229.24,
        13353.24,
        13237.52,
        13663.76,
        14089.52,
        13265.36,
        13489.04,
        13208.72,
        13266.56,
        13280.04,
        13266.8,
        13266.8,
        14868.2,
        13432.72,
        13892.48,
        13231.16,
        14183.04,
        13256.8,
        13222.88,
        13222.88,
        13251.2,
        13251.68,
        13618.16,
        13252.16,
        13790.4,
        14202.88,
        13265.84,
        14522.48,
        14570.16,
        13297.08,
        13937.6,
        13266.08,
        14919.96,
        13628.88,
        14678.48,
        13251.92,
        13137.92,
        14664.52,
        14960.44,
        13499.28,
        13747.68,
        14964.72,
        13937.08,
        14473.16,
        13397.04,
        13293.68,
        14089.8,
        14674.24,
        14944.84,
        14417.0,
        13423.76,
        14586.52,
        15654.76,
        13465.52,
        13166.24,
        13238.0,
        13388.36,
        13194.56,
        13807.76,
        13801.88
    ],
    "best_objective_list": [
        28064.0,
        24384.0,
        24384.0,
        24384.0,
        19590.0,
        19590.0,
        16802.0,
        13676.0,
        12968.0,
        12968.0,
        12968.0,
        12968.0,
        12968.0,
        12968.0,
        12968.0,
        12968.0,
        12968.0,
        12968.0,
        12968.0,
        12968.0,
        12968.0,
        12968.0,
        12968.0,
        12968.0,
        12968.0,
        12968.0,
        12968.0,
        12968.0,
        12968.0,
        12968.0,
        12968.0,
        12968.0,
        12968.0,
        12968.0,
        12968.0,
        12968.0,
        12968.0,
        12968.0,
        12968.0,
        12968.0,
        12968.0,
        12968.0,
        12968.0,
        12968.0,
        12968.0,
        12968.0,
        12968.0,
        12968.0,
        12968.0,
        12968.0,
        12968.0,
        12968.0,
        12968.0,
        12968.0,
        12968.0,
        12968.0,
        12968.0,
        12968.0,
        12968.0,
        12968.0,
        12968.0,
        12968.0,
        12968.0,
        12968.0,
        12968.0,
        12968.0,
        12968.0,
        12968.0,
        12968.0,
        12968.0,
        12968.0,
        12968.0,
        12968.0,
        12968.0,
        12968.0,
        12968.0,
        12968.0,
        12968.0,
        12968.0,
        12968.0,
        12968.0,
        12968.0,
        12968.0,
        12968.0,
        12968.0,
        12968.0,
        12968.0,
        12968.0,
        12968.0,
        12968.0,
        12968.0,
        12968.0,
        12968.0,
        12968.0,
        12968.0,
        12968.0,
        12968.0,
        12968.0,
        12968.0,
        12968.0,
        12968.0,
        12968.0,
        12968.0,
        12968.0,
        12968.0,
        12968.0,
        12968.0,
        12968.0,
        12968.0,
        12968.0,
        12968.0,
        12968.0,
        12968.0,
        12968.0,
        12968.0,
        12968.0,
        12968.0,
        12968.0,
        12968.0,
        12968.0,
        12968.0,
        12968.0,
        12968.0,
        12968.0,
        12968.0,
        12968.0,
        12968.0,
        12968.0,
        12968.0,
        12968.0,
        12968.0,
        12968.0,
        12968.0,
        12968.0,
        12968.0,
        12968.0,
        12968.0,
        12968.0,
        12968.0,
        12968.0,
        12968.0,
        12968.0,
        12968.0,
        12968.0,
        12968.0,
        12968.0,
        12968.0,
        12968.0,
        12968.0
    ]
}