{
    "elapsed_time": 22.94871234893799,
    "best_objective": 14798.0,
    "neighbors": 14800,
    "best_solution": [
        4,
        3,
        11,
        10,
        9,
        8,
        7,
        1,
        2,
        0,
        5,
        6
    ],
    "average_objectives_list": [
        44348.117647058825,
        34490.4,
        30769.96,
        27456.72,
        25410.6,
        22776.64,
        20751.8,
        21321.0,
        23718.36,
        20935.2,
        23257.88,
        21354.56,
        21927.96,
        23014.68,
        22899.76,
        20619.68,
        21864.76,
        21174.88,
        23647.28,
        21605.6,
        21239.12,
        20595.52,
        18889.0,
        22392.92,
        19654.2,
        18259.08,
        18452.12,
        17955.88,
        19864.12,
        19160.76,
        18811.0,
        16845.6,
        17492.6,
        18000.8,
        19573.52,
        18491.28,
        17995.44,
        19631.88,
        18267.24,
        19353.2,
        18945.36,
        18721.04,
        18515.28,
        19003.96,
        18830.96,
        18799.56,
        17122.76,
        20370.2,
        16286.16,
        19216.88,
        20545.24,
        18317.48,
        19081.92,
        18375.68,
        18770.04,
        18601.04,
        17525.0,
        19311.88,
        19797.72,
        22329.6,
        18128.56,
        19971.84,
        18595.08,
        17718.92,
        19023.52,
        17289.44,
        19457.6,
        19792.52,
        18835.36,
        20131.6,
        16562.12,
        19689.96,
        16955.12,
        19558.2,
        17978.24,
        17437.4,
        20581.08,
        17423.0,
        16534.32,
        16555.04,
        18109.76,
        17965.48,
        18747.52,
        18487.04,
        17897.72,
        17282.4,
        16481.12,
        18708.6,
        17774.36,
        17360.88,
        17472.36,
        18335.36,
        16420.96,
        16533.84,
        17638.32,
        18192.64,
        17145.44,
        16875.08,
        19314.04,
        17015.4,
        20109.84,
        19493.28,
        19215.64,
        16701.88,
        18976.88,
        17810.04,
        17914.24,
        18719.0,
        20311.84,
        19266.48,
        17497.0,
        19781.48,
        19918.52,
        16670.16,
        16898.88,
        18213.6,
        20672.04,
        19461.6,
        18960.32,
        17300.2,
        17434.64,
        19141.6,
        19224.24,
        20717.96,
        19645.76,
        18770.28,
        15671.0,
        18282.92,
        17679.24,
        17052.56,
        18530.84,
        16843.44,
        19265.12,
        20923.16,
        17064.92,
        17830.36,
        18021.08,
        19554.12,
        17514.48,
        18454.28,
        19234.44,
        18898.8,
        19904.2,
        19620.88,
        20756.6,
        18935.92,
        19191.96,
        17445.88,
        18466.32
    ],
    "best_objective_list": [
        32444.0,
        28748.0,
        26848.0,
        23018.0,
        19940.0,
        19940.0,
        19940.0,
        19940.0,
        19940.0,
        19940.0,
        19940.0,
        19940.0,
        19940.0,
        19940.0,
        19940.0,
        19940.0,
        19940.0,
        19804.0,
        19804.0,
        15314.0,
        15314.0,
        15314.0,
        15314.0,
        15314.0,
        14798.0,
        14798.0,
        14798.0,
        14798.0,
        14798.0,
        14798.0,
        14798.0,
        14798.0,
        14798.0,
        14798.0,
        14798.0,
        14798.0,
        14798.0,
        14798.0,
        14798.0,
        14798.0,
        14798.0,
        14798.0,
        14798.0,
        14798.0,
        14798.0,
        14798.0,
        14798.0,
        14798.0,
        14798.0,
        14798.0,
        14798.0,
        14798.0,
        14798.0,
        14798.0,
        14798.0,
        14798.0,
        14798.0,
        14798.0,
        14798.0,
        14798.0,
        14798.0,
        14798.0,
        14798.0,
        14798.0,
        14798.0,
        14798.0,
        14798.0,
        14798.0,
        14798.0,
        14798.0,
        14798.0,
        14798.0,
        14798.0,
        14798.0,
        14798.0,
        14798.0,
        14798.0,
        14798.0,
        14798.0,
        14798.0,
        14798.0,
        14798.0,
        14798.0,
        14798.0,
        14798.0,
        14798.0,
        14798.0,
        14798.0,
        14798.0,
        14798.0,
        14798.0,
        14798.0,
        14798.0,
        14798.0,
        14798.0,
        14798.0,
        14798.0,
        14798.0,
        14798.0,
        14798.0,
        14798.0,
        14798.0,
        14798.0,
        14798.0,
        14798.0,
        14798.0,
        14798.0,
        14798.0,
        14798.0,
        14798.0,
        14798.0,
        14798.0,
        14798.0,
        14798.0,
        14798.0,
        14798.0,
        14798.0,
        14798.0,
        14798.0,
        14798.0,
        14798.0,
        14798.0,
        14798.0,
        14798.0,
        14798.0,
        14798.0,
        14798.0,
        14798.0,
        14798.0,
        14798.0,
        14798.0,
        14798.0,
        14798.0,
        14798.0,
        14798.0,
        14798.0,
        14798.0,
        14798.0,
        14798.0,
        14798.0,
        14798.0,
        14798.0,
        14798.0,
        14798.0,
        14798.0,
        14798.0,
        14798.0,
        14798.0,
        14798.0
    ]
}