{
    "elapsed_time": 23.605493783950806,
    "best_objective": 11838.0,
    "neighbors": 14800,
    "best_solution": [
        5,
        8,
        4,
        6,
        0,
        9,
        1,
        2,
        10,
        3,
        7,
        11
    ],
    "average_objectives_list": [
        43769.17647058824,
        26780.96,
        20509.92,
        24372.36,
        20310.24,
        20543.84,
        24323.36,
        21182.88,
        21746.56,
        21027.64,
        21861.72,
        20418.52,
        22342.4,
        21934.44,
        18177.92,
        23507.48,
        20679.68,
        20538.44,
        20146.76,
        21420.2,
        19064.28,
        18735.96,
        18066.12,
        19718.76,
        22462.52,
        18188.68,
        20788.6,
        19378.32,
        20257.72,
        16482.96,
        17881.48,
        18275.92,
        20030.16,
        18624.88,
        19371.72,
        17568.4,
        20425.08,
        19302.2,
        21076.92,
        22799.64,
        21728.0,
        20200.88,
        21749.68,
        22885.72,
        19225.76,
        20351.52,
        18763.56,
        19483.88,
        18736.56,
        20342.36,
        19131.68,
        17417.24,
        18318.0,
        16196.76,
        17838.12,
        21248.96,
        18231.8,
        17827.08,
        16880.08,
        18411.8,
        23488.0,
        20597.24,
        19077.44,
        19843.32,
        19959.84,
        18693.84,
        16743.68,
        18638.0,
        19645.6,
        19710.76,
        19106.08,
        20274.12,
        18924.48,
        21064.08,
        18600.0,
        18048.56,
        19367.04,
        20195.52,
        16445.76,
        21885.72,
        20153.08,
        19386.52,
        18193.32,
        18679.0,
        18803.16,
        20659.72,
        19527.48,
        20623.84,
        19716.04,
        21227.12,
        22348.56,
        20553.36,
        20025.48,
        21210.64,
        21181.08,
        20504.28,
        18045.28,
        20074.64,
        19384.28,
        19007.32,
        20813.12,
        20186.12,
        19211.32,
        20511.2,
        19351.56,
        20207.44,
        20600.52,
        18997.84,
        21425.64,
        21084.16,
        22313.48,
        19939.08,
        21128.84,
        21009.52,
        19998.76,
        19186.68,
        20302.4,
        19031.16,
        19720.92,
        17878.84,
        17900.52,
        21037.8,
        20457.2,
        18758.12,
        19255.64,
        20203.4,
        19105.76,
        21016.12,
        19961.6,
        18992.68,
        20758.88,
        17639.24,
        19663.92,
        20343.52,
        17942.44,
        21974.04,
        19291.68,
        20962.24,
        19823.24,
        20043.08,
        17562.36,
        21750.52,
        22550.56,
        20103.36,
        21880.6,
        18458.04,
        20065.84,
        21060.24,
        19072.44
    ],
    "best_objective_list": [
        19614.0,
        17936.0,
        17936.0,
        17936.0,
        16200.0,
        16200.0,
        16200.0,
        14016.0,
        14016.0,
        14016.0,
        14016.0,
        14016.0,
        14016.0,
        14016.0,
        13256.0,
        13256.0,
        12260.0,
        12260.0,
        12260.0,
        12260.0,
        12260.0,
        12260.0,
        12260.0,
        12260.0,
        12260.0,
        12260.0,
        12260.0,
        12260.0,
        12260.0,
        12260.0,
        12260.0,
        12260.0,
        12260.0,
        12260.0,
        12260.0,
        12260.0,
        12260.0,
        12260.0,
        12260.0,
        12260.0,
        12260.0,
        12260.0,
        12260.0,
        12260.0,
        12260.0,
        12260.0,
        12260.0,
        12260.0,
        12260.0,
        12164.0,
        12020.0,
        12020.0,
        12020.0,
        12020.0,
        12020.0,
        12020.0,
        12020.0,
        12020.0,
        11934.0,
        11934.0,
        11934.0,
        11934.0,
        11934.0,
        11934.0,
        11934.0,
        11934.0,
        11934.0,
        11934.0,
        11934.0,
        11934.0,
        11934.0,
        11934.0,
        11934.0,
        11934.0,
        11934.0,
        11934.0,
        11934.0,
        11934.0,
        11934.0,
        11838.0,
        11838.0,
        11838.0,
        11838.0,
        11838.0,
        11838.0,
        11838.0,
        11838.0,
        11838.0,
        11838.0,
        11838.0,
        11838.0,
        11838.0,
        11838.0,
        11838.0,
        11838.0,
        11838.0,
        11838.0,
        11838.0,
        11838.0,
        11838.0,
        11838.0,
        11838.0,
        11838.0,
        11838.0,
        11838.0,
        11838.0,
        11838.0,
        11838.0,
        11838.0,
        11838.0,
        11838.0,
        11838.0,
        11838.0,
        11838.0,
        11838.0,
        11838.0,
        11838.0,
        11838.0,
        11838.0,
        11838.0,
        11838.0,
        11838.0,
        11838.0,
        11838.0,
        11838.0,
        11838.0,
        11838.0,
        11838.0,
        11838.0,
        11838.0,
        11838.0,
        11838.0,
        11838.0,
        11838.0,
        11838.0,
        11838.0,
        11838.0,
        11838.0,
        11838.0,
        11838.0,
        11838.0,
        11838.0,
        11838.0,
        11838.0,
        11838.0,
        11838.0,
        11838.0,
        11838.0,
        11838.0
    ]
}