{
    "elapsed_time": 23.391566038131714,
    "best_objective": 10878.0,
    "neighbors": 14800,
    "best_solution": [
        4,
        3,
        8,
        11,
        10,
        9,
        0,
        5,
        6,
        1,
        7,
        2
    ],
    "average_objectives_list": [
        43159.56862745098,
        29804.16,
        22346.84,
        21049.04,
        19474.52,
        20740.8,
        17425.32,
        18076.16,
        18028.08,
        18443.92,
        20503.16,
        21357.72,
        18895.24,
        24803.04,
        20845.6,
        18999.72,
        20056.44,
        21591.64,
        21309.4,
        21973.12,
        21324.08,
        21934.88,
        19552.28,
        19708.36,
        19436.88,
        21504.4,
        21582.16,
        18230.84,
        18590.0,
        18084.0,
        22026.72,
        20454.72,
        19442.92,
        19940.4,
        21481.32,
        18374.32,
        21482.84,
        21011.04,
        19136.68,
        19572.52,
        20011.12,
        20199.04,
        18332.08,
        20125.72,
        22221.12,
        19021.28,
        20485.2,
        17721.6,
        18229.68,
        18423.88,
        19336.96,
        18358.16,
        18801.48,
        17905.84,
        18844.64,
        18753.28,
        19117.0,
        19718.96,
        18770.08,
        17798.28,
        19188.96,
        19393.44,
        19490.4,
        19277.08,
        19228.24,
        19732.8,
        18946.36,
        18729.6,
        20485.32,
        17493.28,
        17384.08,
        17228.64,
        17267.08,
        16926.44,
        16243.2,
        16801.04,
        15827.8,
        18090.16,
        14900.96,
        18466.76,
        17280.72,
        16455.28,
        16281.72,
        15621.04,
        18404.32,
        16300.4,
        16179.68,
        16056.52,
        18051.72,
        16658.68,
        17288.76,
        17525.68,
        16465.96,
        15468.16,
        16684.2,
        15620.16,
        16036.52,
        16165.24,
        17724.44,
        16842.92,
        15899.2,
        16867.04,
        17478.08,
        16383.52,
        18192.28,
        14640.68,
        17457.48,
        16599.44,
        17058.24,
        16450.96,
        16257.64,
        16310.4,
        16081.92,
        16677.32,
        16329.4,
        15573.32,
        17635.44,
        17319.68,
        16758.92,
        16512.56,
        16500.04,
        15412.64,
        17395.6,
        17675.68,
        18163.8,
        16880.44,
        15388.08,
        18235.28,
        17070.84,
        15163.28,
        16957.56,
        16998.24,
        16647.36,
        16580.52,
        17657.92,
        16662.0,
        15794.84,
        16255.2,
        17774.2,
        17828.12,
        16967.8,
        16093.8,
        18014.28,
        16506.52,
        17020.4,
        15922.08,
        16734.52,
        18119.56,
        15825.6
    ],
    "best_objective_list": [
        24842.0,
        21282.0,
        20292.0,
        17258.0,
        17180.0,
        17180.0,
        16918.0,
        16918.0,
        16440.0,
        16440.0,
        16440.0,
        16440.0,
        16440.0,
        16440.0,
        16440.0,
        16440.0,
        16440.0,
        16440.0,
        16440.0,
        16440.0,
        16440.0,
        16440.0,
        16440.0,
        16440.0,
        16440.0,
        16254.0,
        16254.0,
        16254.0,
        16254.0,
        16254.0,
        16254.0,
        16042.0,
        16042.0,
        16042.0,
        16042.0,
        16042.0,
        16042.0,
        16042.0,
        16042.0,
        16042.0,
        16042.0,
        16042.0,
        16042.0,
        16042.0,
        16042.0,
        16042.0,
        16042.0,
        16042.0,
        16042.0,
        16042.0,
        16042.0,
        15482.0,
        15482.0,
        15482.0,
        15482.0,
        14162.0,
        14162.0,
        14162.0,
        14162.0,
        14162.0,
        14162.0,
        14162.0,
        14162.0,
        14162.0,
        14162.0,
        14162.0,
        12140.0,
        12140.0,
        11264.0,
        11264.0,
        11264.0,
        11264.0,
        11264.0,
        11264.0,
        11264.0,
        10878.0,
        10878.0,
        10878.0,
        10878.0,
        10878.0,
        10878.0,
        10878.0,
        10878.0,
        10878.0,
        10878.0,
        10878.0,
        10878.0,
        10878.0,
        10878.0,
        10878.0,
        10878.0,
        10878.0,
        10878.0,
        10878.0,
        10878.0,
        10878.0,
        10878.0,
        10878.0,
        10878.0,
        10878.0,
        10878.0,
        10878.0,
        10878.0,
        10878.0,
        10878.0,
        10878.0,
        10878.0,
        10878.0,
        10878.0,
        10878.0,
        10878.0,
        10878.0,
        10878.0,
        10878.0,
        10878.0,
        10878.0,
        10878.0,
        10878.0,
        10878.0,
        10878.0,
        10878.0,
        10878.0,
        10878.0,
        10878.0,
        10878.0,
        10878.0,
        10878.0,
        10878.0,
        10878.0,
        10878.0,
        10878.0,
        10878.0,
        10878.0,
        10878.0,
        10878.0,
        10878.0,
        10878.0,
        10878.0,
        10878.0,
        10878.0,
        10878.0,
        10878.0,
        10878.0,
        10878.0,
        10878.0,
        10878.0,
        10878.0,
        10878.0,
        10878.0
    ]
}