{
    "elapsed_time": 23.600994110107422,
    "best_objective": 12076.0,
    "neighbors": 14800,
    "best_solution": [
        6,
        8,
        4,
        2,
        0,
        7,
        1,
        3,
        10,
        5,
        9,
        11
    ],
    "average_objectives_list": [
        43473.76470588235,
        32378.64,
        25494.88,
        22556.8,
        20716.6,
        21136.24,
        18843.48,
        18918.96,
        19920.24,
        19511.04,
        20475.52,
        19958.6,
        19275.44,
        18462.88,
        17429.4,
        16677.36,
        18437.44,
        16645.12,
        22028.6,
        19279.08,
        22754.28,
        21206.88,
        22872.92,
        16921.6,
        21558.12,
        20170.92,
        17540.88,
        18373.56,
        17166.84,
        16024.64,
        16140.0,
        16554.48,
        18386.4,
        17154.68,
        20394.36,
        17392.44,
        17027.48,
        18412.44,
        20224.32,
        17751.08,
        16611.52,
        18349.16,
        17853.0,
        17985.68,
        16987.36,
        17820.6,
        17915.48,
        16528.6,
        16127.24,
        15354.52,
        17714.36,
        21583.44,
        18089.16,
        18706.92,
        17097.76,
        19798.08,
        17562.52,
        19233.52,
        19552.36,
        16619.12,
        17904.04,
        18447.0,
        19936.92,
        20399.64,
        19238.92,
        18781.48,
        17537.16,
        17073.64,
        17067.68,
        17747.44,
        17750.08,
        20711.36,
        18230.96,
        18905.68,
        18330.96,
        17468.88,
        20186.68,
        17317.36,
        17876.12,
        18064.2,
        18647.28,
        18657.6,
        18656.56,
        24431.68,
        16233.12,
        19834.88,
        18170.8,
        16876.16,
        18015.04,
        16029.52,
        20636.56,
        18049.24,
        17102.24,
        18971.76,
        15906.72,
        19422.24,
        19734.32,
        17712.52,
        15921.96,
        16888.28,
        17551.92,
        17588.08,
        17418.24,
        18287.32,
        15818.84,
        20981.64,
        19394.4,
        16648.24,
        16966.72,
        18197.68,
        16069.56,
        19255.12,
        19094.96,
        15617.96,
        17954.8,
        15957.44,
        19235.68,
        20052.2,
        17387.56,
        19063.96,
        17167.04,
        18684.8,
        18089.88,
        17055.0,
        17654.28,
        17321.48,
        17473.04,
        16416.4,
        18464.28,
        17190.48,
        18569.8,
        18260.04,
        16043.76,
        19375.6,
        19073.64,
        16603.6,
        16111.04,
        16857.56,
        19362.68,
        16506.08,
        18651.76,
        17700.0,
        16690.68,
        16997.56,
        18264.84,
        17760.6,
        17963.16,
        17584.08,
        17590.96
    ],
    "best_objective_list": [
        27066.0,
        21758.0,
        20772.0,
        20772.0,
        17252.0,
        17252.0,
        16196.0,
        16196.0,
        16196.0,
        16196.0,
        16196.0,
        14340.0,
        13786.0,
        13786.0,
        13786.0,
        13786.0,
        13442.0,
        13442.0,
        13442.0,
        13442.0,
        13442.0,
        13442.0,
        13442.0,
        12706.0,
        12652.0,
        12652.0,
        12652.0,
        12652.0,
        12652.0,
        12652.0,
        12652.0,
        12116.0,
        12116.0,
        12116.0,
        12116.0,
        12116.0,
        12116.0,
        12116.0,
        12116.0,
        12116.0,
        12116.0,
        12116.0,
        12116.0,
        12116.0,
        12116.0,
        12116.0,
        12116.0,
        12116.0,
        12116.0,
        12116.0,
        12116.0,
        12116.0,
        12116.0,
        12116.0,
        12116.0,
        12116.0,
        12116.0,
        12116.0,
        12116.0,
        12116.0,
        12116.0,
        12116.0,
        12116.0,
        12116.0,
        12116.0,
        12116.0,
        12116.0,
        12116.0,
        12116.0,
        12116.0,
        12116.0,
        12116.0,
        12116.0,
        12116.0,
        12116.0,
        12116.0,
        12116.0,
        12116.0,
        12116.0,
        12116.0,
        12116.0,
        12116.0,
        12116.0,
        12116.0,
        12116.0,
        12116.0,
        12116.0,
        12116.0,
        12116.0,
        12116.0,
        12116.0,
        12116.0,
        12116.0,
        12116.0,
        12116.0,
        12116.0,
        12076.0,
        12076.0,
        12076.0,
        12076.0,
        12076.0,
        12076.0,
        12076.0,
        12076.0,
        12076.0,
        12076.0,
        12076.0,
        12076.0,
        12076.0,
        12076.0,
        12076.0,
        12076.0,
        12076.0,
        12076.0,
        12076.0,
        12076.0,
        12076.0,
        12076.0,
        12076.0,
        12076.0,
        12076.0,
        12076.0,
        12076.0,
        12076.0,
        12076.0,
        12076.0,
        12076.0,
        12076.0,
        12076.0,
        12076.0,
        12076.0,
        12076.0,
        12076.0,
        12076.0,
        12076.0,
        12076.0,
        12076.0,
        12076.0,
        12076.0,
        12076.0,
        12076.0,
        12076.0,
        12076.0,
        12076.0,
        12076.0,
        12076.0,
        12076.0,
        12076.0,
        12076.0
    ]
}