{
    "elapsed_time": 23.316372394561768,
    "best_objective": 16154.0,
    "neighbors": 14800,
    "best_solution": [
        0,
        11,
        3,
        4,
        7,
        6,
        9,
        5,
        8,
        1,
        2,
        10
    ],
    "average_objectives_list": [
        44969.294117647056,
        34429.28,
        28643.36,
        28483.32,
        22890.84,
        23233.04,
        22794.24,
        21701.28,
        22192.56,
        21720.08,
        22033.6,
        21667.76,
        21521.48,
        21602.12,
        22395.4,
        21952.92,
        21510.92,
        22085.68,
        21553.84,
        21495.92,
        21995.52,
        21416.72,
        22425.0,
        21714.6,
        21900.64,
        22149.4,
        22049.76,
        19842.32,
        19342.44,
        20611.84,
        19761.76,
        21043.2,
        22681.44,
        19847.16,
        21031.48,
        20749.72,
        20137.0,
        19619.0,
        19833.08,
        19893.68,
        19360.96,
        20264.48,
        20301.96,
        19857.16,
        20498.76,
        19033.52,
        20613.32,
        22011.8,
        19705.16,
        18286.8,
        18004.2,
        22926.48,
        16735.64,
        21031.8,
        20283.16,
        18155.12,
        18538.16,
        20428.32,
        19250.12,
        18586.64,
        21476.48,
        20764.6,
        19684.88,
        17848.6,
        20488.0,
        18785.72,
        20416.32,
        17879.6,
        21648.2,
        17247.96,
        19775.72,
        20914.0,
        20876.04,
        22503.12,
        17336.0,
        18600.08,
        20065.84,
        21436.28,
        18528.88,
        19478.76,
        19605.92,
        19978.0,
        18328.6,
        20550.32,
        17416.36,
        19272.04,
        18631.72,
        19288.04,
        18075.6,
        18356.36,
        18941.08,
        21065.44,
        18595.68,
        20057.88,
        21424.64,
        19573.64,
        21696.88,
        20919.8,
        18066.56,
        19488.36,
        20236.68,
        17963.16,
        18686.64,
        21315.12,
        19730.08,
        19814.44,
        19394.64,
        19495.72,
        20857.64,
        22850.96,
        16755.2,
        18569.44,
        19464.04,
        17763.68,
        17113.52,
        18472.24,
        17866.4,
        22176.8,
        18405.24,
        18955.72,
        20277.8,
        20226.36,
        20267.56,
        18022.84,
        19475.08,
        18367.0,
        20268.44,
        17966.92,
        19391.48,
        19120.2,
        19037.28,
        20406.56,
        17681.64,
        19244.4,
        18808.24,
        17281.08,
        18791.8,
        17291.84,
        19953.28,
        18219.6,
        17714.52,
        18254.24,
        19121.32,
        17810.04,
        17188.84,
        18535.04,
        21093.08,
        17548.24,
        20696.4
    ],
    "best_objective_list": [
        25058.0,
        25058.0,
        22178.0,
        21320.0,
        21320.0,
        21320.0,
        21320.0,
        21320.0,
        21320.0,
        21320.0,
        20918.0,
        20918.0,
        20918.0,
        20918.0,
        20918.0,
        20918.0,
        20918.0,
        20918.0,
        20918.0,
        20918.0,
        20918.0,
        20458.0,
        20458.0,
        20458.0,
        20458.0,
        19024.0,
        19024.0,
        19024.0,
        19024.0,
        19024.0,
        18910.0,
        18910.0,
        18910.0,
        18910.0,
        18910.0,
        18910.0,
        18910.0,
        18910.0,
        17402.0,
        17402.0,
        16226.0,
        16154.0,
        16154.0,
        16154.0,
        16154.0,
        16154.0,
        16154.0,
        16154.0,
        16154.0,
        16154.0,
        16154.0,
        16154.0,
        16154.0,
        16154.0,
        16154.0,
        16154.0,
        16154.0,
        16154.0,
        16154.0,
        16154.0,
        16154.0,
        16154.0,
        16154.0,
        16154.0,
        16154.0,
        16154.0,
        16154.0,
        16154.0,
        16154.0,
        16154.0,
        16154.0,
        16154.0,
        16154.0,
        16154.0,
        16154.0,
        16154.0,
        16154.0,
        16154.0,
        16154.0,
        16154.0,
        16154.0,
        16154.0,
        16154.0,
        16154.0,
        16154.0,
        16154.0,
        16154.0,
        16154.0,
        16154.0,
        16154.0,
        16154.0,
        16154.0,
        16154.0,
        16154.0,
        16154.0,
        16154.0,
        16154.0,
        16154.0,
        16154.0,
        16154.0,
        16154.0,
        16154.0,
        16154.0,
        16154.0,
        16154.0,
        16154.0,
        16154.0,
        16154.0,
        16154.0,
        16154.0,
        16154.0,
        16154.0,
        16154.0,
        16154.0,
        16154.0,
        16154.0,
        16154.0,
        16154.0,
        16154.0,
        16154.0,
        16154.0,
        16154.0,
        16154.0,
        16154.0,
        16154.0,
        16154.0,
        16154.0,
        16154.0,
        16154.0,
        16154.0,
        16154.0,
        16154.0,
        16154.0,
        16154.0,
        16154.0,
        16154.0,
        16154.0,
        16154.0,
        16154.0,
        16154.0,
        16154.0,
        16154.0,
        16154.0,
        16154.0,
        16154.0,
        16154.0,
        16154.0,
        16154.0,
        16154.0
    ]
}