{
    "elapsed_time": 23.485341548919678,
    "best_objective": 16246.0,
    "neighbors": 14800,
    "best_solution": [
        0,
        11,
        3,
        4,
        5,
        6,
        1,
        7,
        8,
        9,
        2,
        10
    ],
    "average_objectives_list": [
        46036.313725490196,
        31507.2,
        24392.12,
        21415.96,
        20352.92,
        19647.04,
        19672.64,
        18816.24,
        18692.64,
        17490.04,
        18252.68,
        18297.92,
        18496.12,
        20618.04,
        19598.2,
        19884.56,
        19267.16,
        17920.6,
        19416.6,
        18905.56,
        18836.32,
        18757.8,
        18303.48,
        17856.52,
        20616.68,
        20418.88,
        19162.28,
        19351.12,
        17543.52,
        18238.32,
        18757.12,
        19614.2,
        18662.48,
        19029.28,
        17363.72,
        17770.24,
        19217.8,
        18794.0,
        18539.16,
        18510.92,
        20543.28,
        20202.52,
        19694.24,
        19654.96,
        19265.36,
        20226.2,
        18433.24,
        19900.08,
        19602.56,
        17831.0,
        18062.32,
        18992.56,
        18446.76,
        18404.44,
        19151.36,
        19588.04,
        19494.92,
        18155.16,
        19959.52,
        19463.0,
        19342.32,
        18566.88,
        19778.6,
        20302.84,
        18976.8,
        19294.08,
        18897.12,
        20426.64,
        19473.72,
        19059.96,
        18821.44,
        18612.36,
        18643.48,
        19950.8,
        18386.56,
        19076.64,
        18707.8,
        19441.64,
        19148.08,
        18432.32,
        18434.04,
        16864.72,
        18618.04,
        19091.56,
        19449.8,
        18384.12,
        19553.68,
        20097.2,
        19300.84,
        19397.96,
        19412.04,
        19001.8,
        19983.28,
        19535.4,
        20040.88,
        18546.72,
        18744.64,
        20046.88,
        18822.36,
        17733.2,
        19291.56,
        19816.28,
        17856.68,
        19337.0,
        19459.12,
        19798.92,
        18197.16,
        19271.8,
        19309.36,
        19049.48,
        19943.68,
        18194.96,
        18083.6,
        18698.2,
        19739.44,
        18286.92,
        19032.76,
        19815.56,
        18714.76,
        19717.72,
        18176.44,
        18320.52,
        19270.04,
        19329.68,
        19240.36,
        18614.48,
        19059.92,
        17874.36,
        18735.76,
        19499.8,
        18804.32,
        19818.24,
        20602.64,
        18880.56,
        18059.36,
        19997.24,
        19708.68,
        18201.84,
        19861.84,
        20819.16,
        18719.16,
        19690.16,
        18445.68,
        18341.88,
        19399.6,
        18400.08,
        19410.0,
        18132.8,
        18220.44
    ],
    "best_objective_list": [
        30412.0,
        21624.0,
        19470.0,
        16246.0,
        16246.0,
        16246.0,
        16246.0,
        16246.0,
        16246.0,
        16246.0,
        16246.0,
        16246.0,
        16246.0,
        16246.0,
        16246.0,
        16246.0,
        16246.0,
        16246.0,
        16246.0,
        16246.0,
        16246.0,
        16246.0,
        16246.0,
        16246.0,
        16246.0,
        16246.0,
        16246.0,
        16246.0,
        16246.0,
        16246.0,
        16246.0,
        16246.0,
        16246.0,
        16246.0,
        16246.0,
        16246.0,
        16246.0,
        16246.0,
        16246.0,
        16246.0,
        16246.0,
        16246.0,
        16246.0,
        16246.0,
        16246.0,
        16246.0,
        16246.0,
        16246.0,
        16246.0,
        16246.0,
        16246.0,
        16246.0,
        16246.0,
        16246.0,
        16246.0,
        16246.0,
        16246.0,
        16246.0,
        16246.0,
        16246.0,
        16246.0,
        16246.0,
        16246.0,
        16246.0,
        16246.0,
        16246.0,
        16246.0,
        16246.0,
        16246.0,
        16246.0,
        16246.0,
        16246.0,
        16246.0,
        16246.0,
        16246.0,
        16246.0,
        16246.0,
        16246.0,
        16246.0,
        16246.0,
        16246.0,
        16246.0,
        16246.0,
        16246.0,
        16246.0,
        16246.0,
        16246.0,
        16246.0,
        16246.0,
        16246.0,
        16246.0,
        16246.0,
        16246.0,
        16246.0,
        16246.0,
        16246.0,
        16246.0,
        16246.0,
        16246.0,
        16246.0,
        16246.0,
        16246.0,
        16246.0,
        16246.0,
        16246.0,
        16246.0,
        16246.0,
        16246.0,
        16246.0,
        16246.0,
        16246.0,
        16246.0,
        16246.0,
        16246.0,
        16246.0,
        16246.0,
        16246.0,
        16246.0,
        16246.0,
        16246.0,
        16246.0,
        16246.0,
        16246.0,
        16246.0,
        16246.0,
        16246.0,
        16246.0,
        16246.0,
        16246.0,
        16246.0,
        16246.0,
        16246.0,
        16246.0,
        16246.0,
        16246.0,
        16246.0,
        16246.0,
        16246.0,
        16246.0,
        16246.0,
        16246.0,
        16246.0,
        16246.0,
        16246.0,
        16246.0,
        16246.0,
        16246.0,
        16246.0,
        16246.0
    ]
}