{
    "elapsed_time": 23.0625638961792,
    "best_objective": 12968.0,
    "neighbors": 14800,
    "best_solution": [
        0,
        4,
        3,
        2,
        5,
        7,
        1,
        10,
        6,
        8,
        9,
        11
    ],
    "average_objectives_list": [
        44416.549019607846,
        29644.08,
        22448.96,
        21179.52,
        20555.6,
        20628.6,
        19918.92,
        19343.16,
        19339.48,
        19633.88,
        19375.32,
        19108.16,
        19676.44,
        19163.64,
        19238.24,
        19361.36,
        20209.28,
        18590.28,
        20084.12,
        19678.24,
        17770.48,
        18914.44,
        17906.32,
        18612.12,
        18744.04,
        18570.72,
        18625.56,
        18224.52,
        17820.52,
        18445.88,
        17586.16,
        19913.4,
        15955.16,
        16063.48,
        19131.64,
        17493.28,
        16042.4,
        16603.68,
        19136.36,
        16201.44,
        16489.08,
        15791.32,
        14359.68,
        17299.16,
        18049.0,
        14875.76,
        14514.92,
        15857.2,
        16988.92,
        17951.68,
        15661.28,
        17926.08,
        17860.36,
        14341.6,
        17000.36,
        18110.8,
        21864.04,
        15126.36,
        18011.52,
        19358.88,
        16306.84,
        14445.28,
        17594.88,
        18139.56,
        16148.48,
        18062.56,
        16800.88,
        14321.04,
        16461.2,
        19128.68,
        15820.24,
        18048.92,
        16786.68,
        14811.28,
        15484.08,
        17063.44,
        17317.48,
        18504.96,
        17719.84,
        17471.76,
        15127.56,
        18405.24,
        14322.92,
        19729.48,
        15909.04,
        17417.96,
        17953.6,
        15117.2,
        16541.36,
        13632.8,
        16855.52,
        14333.16,
        13166.72,
        15217.68,
        13927.16,
        13533.04,
        14175.68,
        13194.8,
        13222.88,
        13531.56,
        13748.48,
        13350.28,
        13166.24,
        13166.24,
        13152.08,
        14196.36,
        15999.24,
        13559.16,
        13293.68,
        13353.4,
        13350.0,
        13325.64,
        13209.2,
        13266.32,
        13251.72,
        13252.4,
        13575.08,
        13882.12,
        13251.44,
        13322.96,
        13251.2,
        13395.08,
        13237.28,
        13307.32,
        14064.64,
        13336.16,
        13266.32,
        13294.64,
        14706.24,
        14247.6,
        13293.68,
        13431.36,
        14392.24,
        13800.64,
        15759.52,
        13388.52,
        13967.12,
        13511.0,
        13252.16,
        13435.96,
        15330.64,
        13804.56,
        13223.6,
        14344.28,
        14385.68,
        13238.48,
        13224.56,
        13238.0,
        13998.84
    ],
    "best_objective_list": [
        23376.0,
        20664.0,
        19944.0,
        19944.0,
        19944.0,
        18526.0,
        18526.0,
        18526.0,
        18526.0,
        18526.0,
        18526.0,
        18526.0,
        18526.0,
        18526.0,
        18526.0,
        17898.0,
        15618.0,
        14986.0,
        14986.0,
        14986.0,
        14986.0,
        14986.0,
        14986.0,
        14634.0,
        14634.0,
        14634.0,
        14634.0,
        14634.0,
        14634.0,
        13702.0,
        13702.0,
        13702.0,
        13702.0,
        13702.0,
        13702.0,
        13702.0,
        13702.0,
        13702.0,
        13702.0,
        13702.0,
        12994.0,
        12994.0,
        12994.0,
        12994.0,
        12994.0,
        12994.0,
        12994.0,
        12994.0,
        12994.0,
        12994.0,
        12994.0,
        12994.0,
        12994.0,
        12994.0,
        12994.0,
        12994.0,
        12994.0,
        12994.0,
        12994.0,
        12994.0,
        12994.0,
        12994.0,
        12994.0,
        12994.0,
        12994.0,
        12994.0,
        12994.0,
        12994.0,
        12994.0,
        12994.0,
        12994.0,
        12994.0,
        12994.0,
        12994.0,
        12994.0,
        12994.0,
        12994.0,
        12994.0,
        12994.0,
        12994.0,
        12994.0,
        12994.0,
        12994.0,
        12994.0,
        12994.0,
        12994.0,
        12994.0,
        12994.0,
        12994.0,
        12968.0,
        12968.0,
        12968.0,
        12968.0,
        12968.0,
        12968.0,
        12968.0,
        12968.0,
        12968.0,
        12968.0,
        12968.0,
        12968.0,
        12968.0,
        12968.0,
        12968.0,
        12968.0,
        12968.0,
        12968.0,
        12968.0,
        12968.0,
        12968.0,
        12968.0,
        12968.0,
        12968.0,
        12968.0,
        12968.0,
        12968.0,
        12968.0,
        12968.0,
        12968.0,
        12968.0,
        12968.0,
        12968.0,
        12968.0,
        12968.0,
        12968.0,
        12968.0,
        12968.0,
        12968.0,
        12968.0,
        12968.0,
        12968.0,
        12968.0,
        12968.0,
        12968.0,
        12968.0,
        12968.0,
        12968.0,
        12968.0,
        12968.0,
        12968.0,
        12968.0,
        12968.0,
        12968.0,
        12968.0,
        12968.0,
        12968.0,
        12968.0,
        12968.0,
        12968.0
    ]
}