{
    "elapsed_time": 22.924457550048828,
    "best_objective": 11418.0,
    "neighbors": 14800,
    "best_solution": [
        4,
        3,
        6,
        2,
        1,
        7,
        0,
        11,
        8,
        5,
        9,
        10
    ],
    "average_objectives_list": [
        45933.41176470588,
        34621.72,
        28305.48,
        25197.04,
        20754.88,
        22448.88,
        22019.16,
        19642.32,
        22951.32,
        22256.28,
        21651.12,
        20505.4,
        20444.44,
        22187.56,
        20997.08,
        16752.52,
        20278.12,
        18179.36,
        19965.88,
        19667.28,
        18335.16,
        19679.96,
        16308.44,
        19175.92,
        18775.04,
        19406.48,
        20418.2,
        19570.92,
        18496.44,
        18554.2,
        17343.24,
        18332.44,
        17545.52,
        17678.64,
        19037.4,
        17832.84,
        18722.84,
        18247.92,
        20531.88,
        19044.92,
        18092.08,
        20840.4,
        19671.32,
        18578.0,
        17198.08,
        18152.28,
        20547.6,
        19095.56,
        17327.2,
        19233.16,
        18672.16,
        17105.2,
        19379.24,
        17930.88,
        19382.8,
        16109.32,
        18819.4,
        16245.68,
        16378.28,
        18441.16,
        17752.68,
        16698.44,
        16908.2,
        17307.76,
        18625.04,
        17883.52,
        17091.4,
        18023.76,
        16609.16,
        18598.76,
        17925.68,
        15760.32,
        18655.12,
        16022.2,
        17797.64,
        15585.4,
        15750.28,
        16108.8,
        17657.6,
        16031.0,
        16860.64,
        17375.6,
        16863.6,
        19323.32,
        16979.44,
        17811.36,
        15642.0,
        17159.76,
        16560.04,
        17314.12,
        17899.44,
        17225.96,
        16609.24,
        17096.52,
        16641.76,
        17614.8,
        17244.92,
        17718.08,
        18530.36,
        18170.4,
        17044.4,
        17513.8,
        17292.2,
        16072.16,
        14322.36,
        17507.76,
        15343.32,
        16547.08,
        17103.04,
        17950.32,
        16138.64,
        16773.44,
        16640.2,
        16619.64,
        14501.68,
        16704.84,
        15136.16,
        14325.76,
        13734.28,
        14420.6,
        15806.04,
        17610.76,
        16855.04,
        17491.44,
        15952.24,
        15401.96,
        16001.16,
        15216.96,
        18057.6,
        18363.36,
        18006.44,
        17921.2,
        16583.2,
        18299.84,
        15434.72,
        17635.24,
        18899.36,
        19215.48,
        17221.56,
        16525.08,
        18071.24,
        16049.56,
        16183.32,
        15789.2,
        16920.4,
        15861.36,
        14592.52,
        17360.92,
        18002.04
    ],
    "best_objective_list": [
        29452.0,
        24980.0,
        20516.0,
        20516.0,
        18312.0,
        18312.0,
        18312.0,
        18312.0,
        18312.0,
        18312.0,
        18312.0,
        17608.0,
        14642.0,
        14642.0,
        14642.0,
        14642.0,
        14642.0,
        14626.0,
        14626.0,
        14626.0,
        14626.0,
        14626.0,
        14600.0,
        14600.0,
        14600.0,
        14600.0,
        14600.0,
        14600.0,
        14600.0,
        14600.0,
        14600.0,
        14600.0,
        14600.0,
        14600.0,
        14600.0,
        14600.0,
        14600.0,
        14600.0,
        14600.0,
        14600.0,
        14600.0,
        14600.0,
        14600.0,
        14600.0,
        14600.0,
        14600.0,
        14600.0,
        14600.0,
        14600.0,
        14488.0,
        14488.0,
        14488.0,
        13298.0,
        13298.0,
        13298.0,
        13298.0,
        13298.0,
        13298.0,
        12504.0,
        12504.0,
        12504.0,
        12504.0,
        12504.0,
        12504.0,
        12504.0,
        12504.0,
        12478.0,
        12478.0,
        12478.0,
        12478.0,
        12478.0,
        12478.0,
        12478.0,
        12478.0,
        12478.0,
        12478.0,
        12478.0,
        12478.0,
        12478.0,
        12478.0,
        12478.0,
        12478.0,
        12478.0,
        12478.0,
        12478.0,
        12478.0,
        12478.0,
        12478.0,
        12478.0,
        12478.0,
        12478.0,
        12478.0,
        12478.0,
        12478.0,
        12478.0,
        12478.0,
        12478.0,
        12478.0,
        12478.0,
        12478.0,
        12478.0,
        12478.0,
        12478.0,
        12478.0,
        12478.0,
        12478.0,
        12478.0,
        12478.0,
        12478.0,
        12478.0,
        12478.0,
        11970.0,
        11970.0,
        11970.0,
        11970.0,
        11970.0,
        11970.0,
        11970.0,
        11970.0,
        11970.0,
        11856.0,
        11856.0,
        11856.0,
        11856.0,
        11856.0,
        11856.0,
        11856.0,
        11856.0,
        11856.0,
        11856.0,
        11856.0,
        11856.0,
        11856.0,
        11856.0,
        11418.0,
        11418.0,
        11418.0,
        11418.0,
        11418.0,
        11418.0,
        11418.0,
        11418.0,
        11418.0,
        11418.0,
        11418.0,
        11418.0,
        11418.0,
        11418.0,
        11418.0
    ]
}