{
    "elapsed_time": 23.29405975341797,
    "best_objective": 9552.0,
    "neighbors": 14800,
    "best_solution": [
        4,
        3,
        5,
        11,
        1,
        9,
        0,
        10,
        6,
        8,
        7,
        2
    ],
    "average_objectives_list": [
        44384.19607843137,
        31532.56,
        25532.88,
        23334.4,
        21465.96,
        21675.84,
        18381.96,
        17750.44,
        14564.36,
        15954.96,
        16380.04,
        15020.48,
        16137.36,
        17750.12,
        15852.48,
        14916.28,
        14498.16,
        16132.04,
        16442.64,
        14239.8,
        15677.96,
        13993.76,
        15289.52,
        13914.24,
        16042.6,
        14997.32,
        14041.32,
        13724.36,
        15975.92,
        15702.04,
        14770.0,
        15536.36,
        13476.08,
        12727.72,
        14758.16,
        15613.48,
        13935.0,
        14568.52,
        15049.48,
        13828.16,
        15393.2,
        15665.04,
        13909.36,
        13744.96,
        15800.24,
        14522.36,
        12522.32,
        16619.76,
        16082.72,
        15227.64,
        14254.32,
        17423.72,
        16792.6,
        17850.16,
        17012.0,
        15958.44,
        17755.92,
        16421.12,
        16734.96,
        15979.0,
        15452.4,
        17335.0,
        16788.24,
        16340.72,
        18108.64,
        16260.56,
        16609.4,
        16825.6,
        13217.28,
        16861.48,
        18066.6,
        18060.92,
        16831.84,
        17206.04,
        13608.56,
        17659.04,
        16545.44,
        18646.68,
        17988.52,
        15188.6,
        14314.8,
        16502.04,
        16574.16,
        17414.92,
        15960.96,
        14057.76,
        15207.28,
        17933.48,
        16959.32,
        14236.04,
        16005.84,
        17542.92,
        15270.2,
        17153.72,
        17035.24,
        15220.56,
        14353.12,
        16342.4,
        16760.4,
        15089.16,
        19439.28,
        15440.8,
        16193.16,
        16785.04,
        17336.52,
        16757.68,
        17210.6,
        18595.0,
        19486.8,
        16247.2,
        18218.64,
        22631.04,
        15960.72,
        16157.12,
        14919.52,
        15686.48,
        15764.48,
        16325.88,
        15894.96,
        15956.84,
        18668.24,
        17777.72,
        14836.52,
        17048.88,
        16816.32,
        14567.6,
        17723.24,
        17877.24,
        15159.96,
        13845.96,
        18899.92,
        18804.84,
        15470.88,
        17091.84,
        16535.4,
        15553.64,
        18020.28,
        17632.76,
        16481.88,
        15684.72,
        16938.32,
        15333.68,
        17575.08,
        15496.84,
        17828.68,
        17279.52,
        15407.52,
        14877.08,
        13309.36
    ],
    "best_objective_list": [
        26880.0,
        21948.0,
        18170.0,
        17896.0,
        16688.0,
        14768.0,
        12386.0,
        12386.0,
        12386.0,
        12386.0,
        12386.0,
        12386.0,
        12386.0,
        12386.0,
        12386.0,
        12386.0,
        12386.0,
        12386.0,
        12386.0,
        12386.0,
        12386.0,
        12386.0,
        12386.0,
        12386.0,
        12386.0,
        12386.0,
        12386.0,
        11034.0,
        11034.0,
        11034.0,
        11034.0,
        11034.0,
        11034.0,
        11034.0,
        11034.0,
        11034.0,
        10194.0,
        10194.0,
        10194.0,
        10194.0,
        10194.0,
        10194.0,
        10194.0,
        10194.0,
        10194.0,
        10194.0,
        9562.0,
        9562.0,
        9562.0,
        9562.0,
        9562.0,
        9562.0,
        9562.0,
        9562.0,
        9562.0,
        9562.0,
        9562.0,
        9562.0,
        9562.0,
        9562.0,
        9562.0,
        9562.0,
        9562.0,
        9562.0,
        9562.0,
        9562.0,
        9562.0,
        9562.0,
        9562.0,
        9562.0,
        9562.0,
        9562.0,
        9562.0,
        9562.0,
        9562.0,
        9562.0,
        9562.0,
        9562.0,
        9562.0,
        9562.0,
        9562.0,
        9562.0,
        9562.0,
        9562.0,
        9562.0,
        9562.0,
        9562.0,
        9562.0,
        9562.0,
        9562.0,
        9562.0,
        9562.0,
        9562.0,
        9562.0,
        9562.0,
        9562.0,
        9562.0,
        9562.0,
        9562.0,
        9562.0,
        9562.0,
        9562.0,
        9562.0,
        9562.0,
        9562.0,
        9562.0,
        9562.0,
        9562.0,
        9562.0,
        9562.0,
        9562.0,
        9562.0,
        9562.0,
        9562.0,
        9562.0,
        9562.0,
        9562.0,
        9562.0,
        9562.0,
        9562.0,
        9562.0,
        9562.0,
        9562.0,
        9562.0,
        9562.0,
        9562.0,
        9562.0,
        9562.0,
        9562.0,
        9562.0,
        9562.0,
        9552.0,
        9552.0,
        9552.0,
        9552.0,
        9552.0,
        9552.0,
        9552.0,
        9552.0,
        9552.0,
        9552.0,
        9552.0,
        9552.0,
        9552.0,
        9552.0,
        9552.0,
        9552.0,
        9552.0,
        9552.0
    ]
}