{
    "elapsed_time": 23.727843046188354,
    "best_objective": 10624.0,
    "neighbors": 14800,
    "best_solution": [
        3,
        10,
        6,
        2,
        5,
        7,
        1,
        4,
        8,
        0,
        9,
        11
    ],
    "average_objectives_list": [
        43246.35294117647,
        32859.8,
        27419.8,
        22090.88,
        22139.04,
        22371.32,
        21782.08,
        21422.36,
        22724.2,
        22628.0,
        22262.04,
        21871.68,
        22202.08,
        22177.36,
        21148.04,
        19320.76,
        21464.16,
        21368.0,
        19165.16,
        19817.16,
        20560.68,
        20456.84,
        19016.8,
        19802.36,
        18433.16,
        21889.28,
        21380.68,
        20273.68,
        18980.32,
        20278.72,
        19917.32,
        19492.08,
        18564.64,
        17992.8,
        19908.6,
        17271.4,
        16711.88,
        18774.4,
        19135.64,
        20431.4,
        16084.08,
        20015.12,
        21224.48,
        19310.48,
        17351.16,
        17670.28,
        20035.44,
        17999.56,
        17520.84,
        18501.16,
        21078.8,
        18936.32,
        17958.44,
        19389.76,
        19577.0,
        18325.92,
        18735.12,
        16997.36,
        16667.08,
        18143.24,
        18860.12,
        19275.8,
        16771.32,
        17727.28,
        17769.16,
        17897.36,
        16291.24,
        15410.2,
        13454.36,
        14427.64,
        18543.52,
        15555.92,
        15376.4,
        15930.0,
        16148.76,
        17112.72,
        14900.4,
        14114.44,
        13972.4,
        19525.08,
        14796.44,
        16266.84,
        15163.48,
        16616.04,
        14009.04,
        14931.0,
        16011.76,
        16003.92,
        13927.0,
        14795.76,
        16023.08,
        18160.44,
        18921.24,
        17898.72,
        16351.8,
        17761.08,
        18488.84,
        16905.6,
        16937.2,
        17100.32,
        15715.8,
        20068.96,
        15588.52,
        17633.68,
        17454.68,
        16702.32,
        16701.6,
        19418.64,
        19288.04,
        19249.4,
        16870.68,
        15967.72,
        15545.96,
        18636.96,
        19012.12,
        15184.6,
        15321.76,
        17689.56,
        15260.92,
        15807.68,
        15305.64,
        17691.28,
        16337.04,
        16297.0,
        18843.36,
        17869.36,
        15706.08,
        17225.36,
        16124.24,
        15431.4,
        17311.48,
        16943.96,
        16223.16,
        16288.4,
        15111.52,
        18638.04,
        17701.92,
        15953.96,
        16235.48,
        17605.64,
        14892.56,
        14871.08,
        16075.96,
        14800.4,
        16015.6,
        17089.8,
        16679.48,
        14277.12,
        18856.28
    ],
    "best_objective_list": [
        24714.0,
        20600.0,
        20600.0,
        19052.0,
        19052.0,
        19052.0,
        19052.0,
        17682.0,
        17682.0,
        17682.0,
        17682.0,
        17380.0,
        17380.0,
        15824.0,
        15824.0,
        15824.0,
        15824.0,
        15824.0,
        15824.0,
        15824.0,
        15824.0,
        15824.0,
        15824.0,
        15824.0,
        14752.0,
        14752.0,
        14752.0,
        14752.0,
        14752.0,
        14752.0,
        14752.0,
        14752.0,
        14752.0,
        14752.0,
        14752.0,
        14752.0,
        14752.0,
        14752.0,
        14752.0,
        14752.0,
        14752.0,
        14752.0,
        14752.0,
        14752.0,
        14752.0,
        14752.0,
        14752.0,
        14752.0,
        14752.0,
        14752.0,
        13752.0,
        13752.0,
        13752.0,
        13752.0,
        13752.0,
        13752.0,
        13752.0,
        13752.0,
        13752.0,
        13752.0,
        13752.0,
        13752.0,
        11064.0,
        11064.0,
        11064.0,
        11064.0,
        11064.0,
        11064.0,
        11064.0,
        11064.0,
        11064.0,
        11064.0,
        11064.0,
        11064.0,
        11064.0,
        11064.0,
        11064.0,
        11064.0,
        11064.0,
        11064.0,
        11064.0,
        11064.0,
        11064.0,
        11064.0,
        11064.0,
        11064.0,
        10852.0,
        10852.0,
        10852.0,
        10852.0,
        10852.0,
        10852.0,
        10852.0,
        10852.0,
        10824.0,
        10824.0,
        10824.0,
        10824.0,
        10824.0,
        10824.0,
        10824.0,
        10824.0,
        10824.0,
        10824.0,
        10824.0,
        10824.0,
        10824.0,
        10824.0,
        10824.0,
        10824.0,
        10824.0,
        10824.0,
        10824.0,
        10824.0,
        10824.0,
        10624.0,
        10624.0,
        10624.0,
        10624.0,
        10624.0,
        10624.0,
        10624.0,
        10624.0,
        10624.0,
        10624.0,
        10624.0,
        10624.0,
        10624.0,
        10624.0,
        10624.0,
        10624.0,
        10624.0,
        10624.0,
        10624.0,
        10624.0,
        10624.0,
        10624.0,
        10624.0,
        10624.0,
        10624.0,
        10624.0,
        10624.0,
        10624.0,
        10624.0,
        10624.0,
        10624.0,
        10624.0,
        10624.0,
        10624.0
    ]
}