{
    "elapsed_time": 22.958027601242065,
    "best_objective": 15956.0,
    "neighbors": 14800,
    "best_solution": [
        1,
        6,
        4,
        0,
        8,
        7,
        5,
        3,
        2,
        10,
        9,
        11
    ],
    "average_objectives_list": [
        45826.705882352944,
        31700.36,
        27377.2,
        24713.04,
        24162.08,
        22749.36,
        19340.04,
        20261.12,
        17831.32,
        17492.68,
        20432.12,
        18555.04,
        18563.28,
        17632.56,
        19578.56,
        20993.84,
        21247.12,
        19203.16,
        20372.24,
        21839.28,
        22224.48,
        20006.52,
        21714.76,
        21132.6,
        21230.24,
        22000.52,
        20046.2,
        19029.0,
        21225.08,
        19476.12,
        18820.04,
        21360.56,
        20335.92,
        20753.08,
        20049.08,
        22388.44,
        20935.08,
        20819.56,
        20580.2,
        19510.84,
        20935.6,
        22408.96,
        20291.36,
        21009.4,
        21922.88,
        21011.36,
        20703.12,
        20862.0,
        20642.2,
        20458.12,
        21258.24,
        20500.84,
        20274.64,
        22064.2,
        19865.44,
        22228.08,
        20140.8,
        21698.12,
        21879.64,
        19865.64,
        20345.12,
        21095.96,
        22127.84,
        21615.0,
        21789.88,
        19925.4,
        21821.32,
        22199.4,
        21450.88,
        23761.76,
        22026.64,
        21272.52,
        21506.56,
        20968.08,
        19774.4,
        21021.0,
        21368.16,
        19302.0,
        22440.88,
        21397.32,
        20195.64,
        21720.48,
        20455.88,
        19939.16,
        21553.96,
        19836.4,
        21331.24,
        21490.12,
        20204.16,
        22903.44,
        21890.92,
        20528.84,
        19662.6,
        22563.16,
        19043.96,
        21341.44,
        23890.36,
        19931.16,
        20226.44,
        22606.92,
        22781.12,
        22595.08,
        21492.96,
        21663.36,
        22558.08,
        21350.0,
        19945.28,
        21743.72,
        22839.12,
        22044.92,
        21811.6,
        20520.32,
        21120.12,
        22969.04,
        20229.04,
        21531.4,
        20845.04,
        21541.04,
        21943.96,
        21395.88,
        22780.52,
        21161.76,
        21098.96,
        19757.28,
        18064.64,
        20875.8,
        22969.2,
        22119.48,
        20959.72,
        22916.8,
        19579.44,
        24447.04,
        19905.32,
        18710.52,
        20976.72,
        21672.6,
        22794.76,
        22284.32,
        19968.6,
        21057.76,
        20241.16,
        20842.68,
        23076.4,
        21401.0,
        21299.6,
        19656.68,
        21888.4,
        20938.64,
        19756.56
    ],
    "best_objective_list": [
        29924.0,
        24268.0,
        24268.0,
        23116.0,
        18666.0,
        16260.0,
        15968.0,
        15968.0,
        15968.0,
        15968.0,
        15968.0,
        15968.0,
        15956.0,
        15956.0,
        15956.0,
        15956.0,
        15956.0,
        15956.0,
        15956.0,
        15956.0,
        15956.0,
        15956.0,
        15956.0,
        15956.0,
        15956.0,
        15956.0,
        15956.0,
        15956.0,
        15956.0,
        15956.0,
        15956.0,
        15956.0,
        15956.0,
        15956.0,
        15956.0,
        15956.0,
        15956.0,
        15956.0,
        15956.0,
        15956.0,
        15956.0,
        15956.0,
        15956.0,
        15956.0,
        15956.0,
        15956.0,
        15956.0,
        15956.0,
        15956.0,
        15956.0,
        15956.0,
        15956.0,
        15956.0,
        15956.0,
        15956.0,
        15956.0,
        15956.0,
        15956.0,
        15956.0,
        15956.0,
        15956.0,
        15956.0,
        15956.0,
        15956.0,
        15956.0,
        15956.0,
        15956.0,
        15956.0,
        15956.0,
        15956.0,
        15956.0,
        15956.0,
        15956.0,
        15956.0,
        15956.0,
        15956.0,
        15956.0,
        15956.0,
        15956.0,
        15956.0,
        15956.0,
        15956.0,
        15956.0,
        15956.0,
        15956.0,
        15956.0,
        15956.0,
        15956.0,
        15956.0,
        15956.0,
        15956.0,
        15956.0,
        15956.0,
        15956.0,
        15956.0,
        15956.0,
        15956.0,
        15956.0,
        15956.0,
        15956.0,
        15956.0,
        15956.0,
        15956.0,
        15956.0,
        15956.0,
        15956.0,
        15956.0,
        15956.0,
        15956.0,
        15956.0,
        15956.0,
        15956.0,
        15956.0,
        15956.0,
        15956.0,
        15956.0,
        15956.0,
        15956.0,
        15956.0,
        15956.0,
        15956.0,
        15956.0,
        15956.0,
        15956.0,
        15956.0,
        15956.0,
        15956.0,
        15956.0,
        15956.0,
        15956.0,
        15956.0,
        15956.0,
        15956.0,
        15956.0,
        15956.0,
        15956.0,
        15956.0,
        15956.0,
        15956.0,
        15956.0,
        15956.0,
        15956.0,
        15956.0,
        15956.0,
        15956.0,
        15956.0,
        15956.0,
        15956.0,
        15956.0
    ]
}