{
    "elapsed_time": 23.204742193222046,
    "best_objective": 11002.0,
    "neighbors": 14800,
    "best_solution": [
        4,
        3,
        5,
        10,
        1,
        7,
        0,
        6,
        8,
        2,
        9,
        11
    ],
    "average_objectives_list": [
        45341.686274509804,
        30165.04,
        24290.08,
        22241.28,
        21636.4,
        24503.08,
        21676.36,
        19140.48,
        20515.08,
        19649.96,
        19850.08,
        20223.84,
        20364.32,
        19638.68,
        20814.0,
        22192.44,
        20759.24,
        19062.36,
        20100.76,
        19799.12,
        18718.56,
        19388.08,
        21946.08,
        21061.16,
        19626.2,
        18250.64,
        19990.24,
        21700.32,
        20901.76,
        21745.76,
        19101.8,
        19000.2,
        19137.8,
        19486.96,
        19387.64,
        17320.84,
        19475.96,
        18739.84,
        20440.84,
        18236.2,
        17922.92,
        18932.8,
        20443.16,
        19411.6,
        18483.92,
        23404.64,
        22258.84,
        20096.8,
        20393.68,
        19492.84,
        17943.72,
        20238.36,
        21543.6,
        17191.84,
        20650.72,
        18509.76,
        18592.6,
        17969.04,
        17884.56,
        19018.72,
        18538.12,
        16683.16,
        21355.52,
        19807.2,
        17244.2,
        19550.48,
        16414.84,
        19792.28,
        20430.96,
        20998.92,
        18408.96,
        22111.72,
        20290.52,
        19800.08,
        19651.88,
        19975.64,
        18278.92,
        18444.48,
        20775.96,
        18653.68,
        19724.08,
        20151.4,
        21708.0,
        21862.4,
        18254.92,
        18196.76,
        18838.48,
        17592.0,
        19702.96,
        19899.6,
        17558.96,
        19025.84,
        20394.0,
        20161.36,
        21545.92,
        16816.0,
        19285.84,
        17381.48,
        20066.32,
        19861.32,
        17507.92,
        17148.32,
        20999.68,
        20364.84,
        22005.56,
        20459.4,
        19971.16,
        19532.72,
        22779.28,
        19495.0,
        18013.8,
        20324.48,
        18988.04,
        18222.04,
        16400.04,
        19892.92,
        19435.2,
        19660.64,
        19018.08,
        19948.88,
        15552.44,
        19807.52,
        19836.4,
        21457.32,
        17057.0,
        19729.2,
        18022.92,
        19839.16,
        19467.76,
        20653.32,
        17900.64,
        16653.76,
        19800.6,
        16097.44,
        20159.92,
        21646.16,
        15866.08,
        16635.6,
        15538.04,
        17142.88,
        16810.6,
        15055.2,
        15622.88,
        14841.28,
        14216.08,
        16113.2,
        16076.44,
        15351.96,
        17375.72
    ],
    "best_objective_list": [
        20130.0,
        20130.0,
        20130.0,
        18396.0,
        16668.0,
        16668.0,
        15222.0,
        15222.0,
        15222.0,
        15222.0,
        14222.0,
        14222.0,
        14222.0,
        14222.0,
        14222.0,
        14222.0,
        14222.0,
        14222.0,
        14222.0,
        14222.0,
        14222.0,
        14222.0,
        14222.0,
        14222.0,
        13670.0,
        13670.0,
        13670.0,
        13670.0,
        13670.0,
        13670.0,
        13670.0,
        13670.0,
        13670.0,
        13670.0,
        13670.0,
        13670.0,
        13670.0,
        13670.0,
        13670.0,
        13670.0,
        13670.0,
        13670.0,
        12356.0,
        12356.0,
        12356.0,
        12356.0,
        12356.0,
        12356.0,
        12356.0,
        12356.0,
        12356.0,
        12356.0,
        12356.0,
        12356.0,
        12356.0,
        12356.0,
        12356.0,
        12356.0,
        12356.0,
        12356.0,
        12356.0,
        12356.0,
        12356.0,
        12356.0,
        12356.0,
        12356.0,
        12356.0,
        12356.0,
        12356.0,
        12356.0,
        12356.0,
        12356.0,
        12356.0,
        12356.0,
        12356.0,
        12356.0,
        12356.0,
        12356.0,
        12356.0,
        12356.0,
        12356.0,
        12356.0,
        12356.0,
        12356.0,
        12356.0,
        12356.0,
        12356.0,
        12356.0,
        12356.0,
        12356.0,
        12356.0,
        12356.0,
        12356.0,
        12356.0,
        12356.0,
        12356.0,
        12356.0,
        12356.0,
        12356.0,
        12356.0,
        12356.0,
        12356.0,
        12356.0,
        12356.0,
        12356.0,
        12356.0,
        12356.0,
        12356.0,
        12356.0,
        12356.0,
        12356.0,
        12356.0,
        12356.0,
        12356.0,
        12356.0,
        12356.0,
        12356.0,
        12356.0,
        12356.0,
        12356.0,
        12356.0,
        12356.0,
        12356.0,
        12356.0,
        12356.0,
        12356.0,
        12356.0,
        12356.0,
        12356.0,
        12356.0,
        12356.0,
        12356.0,
        12356.0,
        12356.0,
        12356.0,
        11842.0,
        11842.0,
        11002.0,
        11002.0,
        11002.0,
        11002.0,
        11002.0,
        11002.0,
        11002.0,
        11002.0,
        11002.0,
        11002.0,
        11002.0,
        11002.0
    ]
}