{
    "elapsed_time": 23.341047763824463,
    "best_objective": 12968.0,
    "neighbors": 14800,
    "best_solution": [
        0,
        4,
        3,
        2,
        5,
        7,
        1,
        10,
        6,
        8,
        9,
        11
    ],
    "average_objectives_list": [
        47559.25490196078,
        33767.16,
        27348.4,
        28008.6,
        26150.92,
        25505.24,
        24025.0,
        19988.52,
        21154.8,
        18735.08,
        20063.36,
        20446.44,
        19509.6,
        21304.72,
        21718.52,
        19541.4,
        21301.76,
        21713.16,
        20430.56,
        20985.0,
        19994.2,
        19402.04,
        19747.68,
        19431.28,
        18989.48,
        19551.92,
        21060.2,
        16633.0,
        16119.84,
        13678.6,
        14263.24,
        13676.0,
        13676.0,
        14387.92,
        13676.0,
        14709.32,
        13791.44,
        14139.84,
        15238.48,
        13988.6,
        13676.0,
        14742.32,
        13716.84,
        13676.0,
        14157.44,
        14438.76,
        15089.92,
        13676.0,
        14073.44,
        13676.0,
        13676.0,
        14437.0,
        13676.0,
        14341.8,
        13676.0,
        14008.04,
        13990.32,
        13726.96,
        13676.0,
        13676.0,
        13904.24,
        14238.4,
        13661.84,
        14081.2,
        13393.56,
        14484.32,
        13711.2,
        13351.48,
        14276.04,
        13252.64,
        13295.96,
        13136.92,
        13320.52,
        13208.72,
        15128.6,
        13398.88,
        13210.32,
        13251.68,
        13265.36,
        13286.96,
        13323.92,
        14356.96,
        13336.6,
        13194.56,
        13152.08,
        14140.84,
        15514.0,
        14437.24,
        15162.16,
        14772.6,
        13266.08,
        13237.52,
        13594.76,
        13322.4,
        13548.6,
        13755.56,
        13201.88,
        13489.32,
        13307.84,
        14191.52,
        13366.16,
        13237.04,
        13694.12,
        13323.0,
        14608.96,
        14256.2,
        13574.6,
        13166.24,
        15039.52,
        13260.64,
        13280.0,
        13380.12,
        13294.4,
        13251.2,
        14275.52,
        13251.2,
        15800.28,
        13208.72,
        14250.56,
        14233.64,
        14852.0,
        13696.84,
        13790.2,
        13933.88,
        13366.88,
        14143.4,
        13437.2,
        14907.92,
        15026.04,
        13475.28,
        13507.0,
        14902.6,
        14972.72,
        13166.96,
        13323.2,
        13237.52,
        13350.8,
        14581.64,
        13507.24,
        13293.68,
        14212.8,
        13265.84,
        13966.96,
        13940.08,
        13846.88,
        13651.88,
        13690.52,
        13328.36,
        13288.76
    ],
    "best_objective_list": [
        29022.0,
        25094.0,
        25094.0,
        23488.0,
        23488.0,
        17114.0,
        17114.0,
        17114.0,
        17114.0,
        17114.0,
        17114.0,
        17114.0,
        17114.0,
        17114.0,
        17114.0,
        17114.0,
        17098.0,
        17098.0,
        17098.0,
        15678.0,
        15678.0,
        15678.0,
        15678.0,
        15678.0,
        15678.0,
        13702.0,
        13702.0,
        13676.0,
        13676.0,
        13676.0,
        13676.0,
        13676.0,
        13676.0,
        13676.0,
        13676.0,
        13676.0,
        13676.0,
        13676.0,
        13676.0,
        13676.0,
        13676.0,
        13676.0,
        13676.0,
        13676.0,
        13676.0,
        13676.0,
        13676.0,
        13676.0,
        13676.0,
        13676.0,
        13676.0,
        13676.0,
        13676.0,
        13676.0,
        13676.0,
        13676.0,
        13676.0,
        13676.0,
        13676.0,
        13676.0,
        13676.0,
        13676.0,
        12968.0,
        12968.0,
        12968.0,
        12968.0,
        12968.0,
        12968.0,
        12968.0,
        12968.0,
        12968.0,
        12968.0,
        12968.0,
        12968.0,
        12968.0,
        12968.0,
        12968.0,
        12968.0,
        12968.0,
        12968.0,
        12968.0,
        12968.0,
        12968.0,
        12968.0,
        12968.0,
        12968.0,
        12968.0,
        12968.0,
        12968.0,
        12968.0,
        12968.0,
        12968.0,
        12968.0,
        12968.0,
        12968.0,
        12968.0,
        12968.0,
        12968.0,
        12968.0,
        12968.0,
        12968.0,
        12968.0,
        12968.0,
        12968.0,
        12968.0,
        12968.0,
        12968.0,
        12968.0,
        12968.0,
        12968.0,
        12968.0,
        12968.0,
        12968.0,
        12968.0,
        12968.0,
        12968.0,
        12968.0,
        12968.0,
        12968.0,
        12968.0,
        12968.0,
        12968.0,
        12968.0,
        12968.0,
        12968.0,
        12968.0,
        12968.0,
        12968.0,
        12968.0,
        12968.0,
        12968.0,
        12968.0,
        12968.0,
        12968.0,
        12968.0,
        12968.0,
        12968.0,
        12968.0,
        12968.0,
        12968.0,
        12968.0,
        12968.0,
        12968.0,
        12968.0,
        12968.0,
        12968.0,
        12968.0,
        12968.0,
        12968.0
    ]
}