{
    "elapsed_time": 23.437577724456787,
    "best_objective": 11560.0,
    "neighbors": 14800,
    "best_solution": [
        3,
        6,
        8,
        10,
        5,
        7,
        1,
        4,
        2,
        0,
        9,
        11
    ],
    "average_objectives_list": [
        43615.76470588235,
        32612.36,
        27315.08,
        25860.2,
        26021.68,
        21836.8,
        21322.2,
        20490.44,
        21117.12,
        20084.36,
        19722.56,
        18199.6,
        17282.24,
        17608.4,
        16890.76,
        18049.6,
        18025.6,
        16777.96,
        16735.96,
        16190.52,
        16608.4,
        18126.92,
        15542.24,
        17383.28,
        17856.72,
        16039.04,
        16870.88,
        16319.68,
        16923.76,
        17298.88,
        17462.56,
        16612.08,
        15707.12,
        17865.36,
        18236.12,
        16191.52,
        15695.76,
        17269.72,
        16506.72,
        16039.6,
        17293.24,
        18530.6,
        17499.76,
        16314.64,
        19208.44,
        16286.64,
        15946.72,
        17805.96,
        16471.88,
        15830.88,
        17102.0,
        15872.36,
        13711.96,
        13620.2,
        15898.8,
        13821.56,
        14427.0,
        16135.72,
        15137.44,
        15267.32,
        14300.6,
        14764.12,
        13785.08,
        14301.48,
        15227.04,
        14097.24,
        15380.84,
        15138.84,
        13794.88,
        15740.28,
        14017.68,
        13590.96,
        16218.76,
        14729.6,
        17611.52,
        16236.2,
        15756.16,
        13180.2,
        14074.36,
        15732.44,
        14996.76,
        16561.92,
        13268.64,
        15661.04,
        16828.44,
        15230.72,
        14339.88,
        15046.2,
        14026.32,
        13772.6,
        15853.12,
        14560.72,
        14375.96,
        16366.92,
        16546.68,
        14387.4,
        14681.16,
        14408.72,
        13180.56,
        14593.96,
        15043.6,
        14395.4,
        15175.6,
        13775.72,
        14316.36,
        13784.84,
        15480.6,
        14950.92,
        14541.64,
        13585.08,
        14426.68,
        14481.52,
        14132.56,
        15108.68,
        16020.4,
        13103.24,
        15105.04,
        14837.68,
        15062.36,
        15380.68,
        13947.76,
        16327.0,
        13628.24,
        14303.4,
        15818.76,
        15729.12,
        16020.56,
        14592.4,
        18420.44,
        14645.24,
        15453.72,
        14751.56,
        12729.68,
        17407.6,
        14451.44,
        15025.16,
        13633.68,
        15352.4,
        14998.36,
        13919.92,
        14945.12,
        15984.04,
        15123.12,
        16099.76,
        15897.88,
        16627.88,
        17010.44,
        14566.12,
        14485.12
    ],
    "best_objective_list": [
        27006.0,
        19692.0,
        19692.0,
        19692.0,
        19042.0,
        18722.0,
        17030.0,
        16494.0,
        16494.0,
        13772.0,
        13772.0,
        13772.0,
        13772.0,
        13772.0,
        13772.0,
        12776.0,
        12776.0,
        12776.0,
        12776.0,
        12776.0,
        12776.0,
        12776.0,
        12776.0,
        12776.0,
        12776.0,
        12776.0,
        12776.0,
        12776.0,
        12776.0,
        12776.0,
        12776.0,
        12776.0,
        12776.0,
        12776.0,
        12776.0,
        12776.0,
        12776.0,
        12776.0,
        12776.0,
        12776.0,
        12776.0,
        12776.0,
        12776.0,
        11560.0,
        11560.0,
        11560.0,
        11560.0,
        11560.0,
        11560.0,
        11560.0,
        11560.0,
        11560.0,
        11560.0,
        11560.0,
        11560.0,
        11560.0,
        11560.0,
        11560.0,
        11560.0,
        11560.0,
        11560.0,
        11560.0,
        11560.0,
        11560.0,
        11560.0,
        11560.0,
        11560.0,
        11560.0,
        11560.0,
        11560.0,
        11560.0,
        11560.0,
        11560.0,
        11560.0,
        11560.0,
        11560.0,
        11560.0,
        11560.0,
        11560.0,
        11560.0,
        11560.0,
        11560.0,
        11560.0,
        11560.0,
        11560.0,
        11560.0,
        11560.0,
        11560.0,
        11560.0,
        11560.0,
        11560.0,
        11560.0,
        11560.0,
        11560.0,
        11560.0,
        11560.0,
        11560.0,
        11560.0,
        11560.0,
        11560.0,
        11560.0,
        11560.0,
        11560.0,
        11560.0,
        11560.0,
        11560.0,
        11560.0,
        11560.0,
        11560.0,
        11560.0,
        11560.0,
        11560.0,
        11560.0,
        11560.0,
        11560.0,
        11560.0,
        11560.0,
        11560.0,
        11560.0,
        11560.0,
        11560.0,
        11560.0,
        11560.0,
        11560.0,
        11560.0,
        11560.0,
        11560.0,
        11560.0,
        11560.0,
        11560.0,
        11560.0,
        11560.0,
        11560.0,
        11560.0,
        11560.0,
        11560.0,
        11560.0,
        11560.0,
        11560.0,
        11560.0,
        11560.0,
        11560.0,
        11560.0,
        11560.0,
        11560.0,
        11560.0,
        11560.0,
        11560.0,
        11560.0
    ]
}