{
    "elapsed_time": 23.469511032104492,
    "best_objective": 16264.0,
    "neighbors": 14800,
    "best_solution": [
        1,
        6,
        3,
        0,
        7,
        4,
        5,
        10,
        2,
        8,
        9,
        11
    ],
    "average_objectives_list": [
        43679.294117647056,
        31237.8,
        28913.08,
        25161.24,
        24397.0,
        24057.2,
        22102.16,
        22764.16,
        22226.08,
        20079.36,
        21355.36,
        23394.2,
        20557.96,
        22195.92,
        18439.8,
        21304.6,
        20859.36,
        23093.44,
        21431.08,
        21469.44,
        20959.68,
        21478.8,
        19962.84,
        20943.32,
        20447.88,
        19081.84,
        21321.64,
        19850.76,
        18688.32,
        19405.08,
        20556.8,
        20565.44,
        20868.4,
        20516.96,
        22154.04,
        21907.72,
        19245.96,
        21191.44,
        18610.04,
        17909.88,
        19299.44,
        20972.6,
        17782.88,
        20712.96,
        20443.32,
        21101.2,
        20382.96,
        19936.12,
        19320.96,
        20049.52,
        19355.16,
        19804.16,
        19494.48,
        19997.12,
        21137.68,
        21075.6,
        21476.92,
        20621.88,
        19345.08,
        20543.36,
        18717.8,
        19984.84,
        20774.04,
        19252.92,
        21757.52,
        20484.76,
        18143.72,
        19786.88,
        19604.36,
        20324.92,
        18567.52,
        20467.84,
        20762.92,
        19065.2,
        18981.08,
        19771.16,
        21463.92,
        20774.48,
        20749.96,
        19024.44,
        18876.2,
        21210.68,
        20375.12,
        20934.96,
        19389.24,
        17797.84,
        21503.84,
        20027.56,
        19652.72,
        19767.2,
        19921.16,
        20141.24,
        19261.68,
        21669.32,
        19913.36,
        20285.56,
        21633.44,
        19683.6,
        22700.08,
        19370.48,
        20034.4,
        21291.92,
        18601.8,
        19312.12,
        18975.44,
        20546.68,
        18743.88,
        20383.16,
        17757.0,
        21347.56,
        19503.2,
        19968.72,
        21545.96,
        22683.88,
        19058.24,
        18699.44,
        20549.48,
        20004.08,
        19397.16,
        18055.2,
        20455.64,
        21255.12,
        22432.84,
        19399.16,
        19850.04,
        20574.92,
        19854.32,
        21207.84,
        21512.6,
        19890.96,
        21303.96,
        17712.64,
        18817.6,
        21124.32,
        18389.52,
        21187.8,
        18103.96,
        20847.36,
        19372.68,
        21078.52,
        21493.92,
        20080.8,
        20638.92,
        18996.44,
        18980.4,
        19121.12,
        18995.56,
        20780.32,
        20354.36
    ],
    "best_objective_list": [
        28848.0,
        22366.0,
        22272.0,
        20568.0,
        20568.0,
        20568.0,
        20006.0,
        18184.0,
        18184.0,
        18184.0,
        18184.0,
        18184.0,
        18184.0,
        18184.0,
        18184.0,
        18184.0,
        18184.0,
        18184.0,
        18184.0,
        16872.0,
        16872.0,
        16872.0,
        16872.0,
        16872.0,
        16872.0,
        16872.0,
        16872.0,
        16872.0,
        16872.0,
        16872.0,
        16872.0,
        16872.0,
        16872.0,
        16872.0,
        16872.0,
        16872.0,
        16872.0,
        16672.0,
        16672.0,
        16672.0,
        16672.0,
        16672.0,
        16672.0,
        16672.0,
        16672.0,
        16264.0,
        16264.0,
        16264.0,
        16264.0,
        16264.0,
        16264.0,
        16264.0,
        16264.0,
        16264.0,
        16264.0,
        16264.0,
        16264.0,
        16264.0,
        16264.0,
        16264.0,
        16264.0,
        16264.0,
        16264.0,
        16264.0,
        16264.0,
        16264.0,
        16264.0,
        16264.0,
        16264.0,
        16264.0,
        16264.0,
        16264.0,
        16264.0,
        16264.0,
        16264.0,
        16264.0,
        16264.0,
        16264.0,
        16264.0,
        16264.0,
        16264.0,
        16264.0,
        16264.0,
        16264.0,
        16264.0,
        16264.0,
        16264.0,
        16264.0,
        16264.0,
        16264.0,
        16264.0,
        16264.0,
        16264.0,
        16264.0,
        16264.0,
        16264.0,
        16264.0,
        16264.0,
        16264.0,
        16264.0,
        16264.0,
        16264.0,
        16264.0,
        16264.0,
        16264.0,
        16264.0,
        16264.0,
        16264.0,
        16264.0,
        16264.0,
        16264.0,
        16264.0,
        16264.0,
        16264.0,
        16264.0,
        16264.0,
        16264.0,
        16264.0,
        16264.0,
        16264.0,
        16264.0,
        16264.0,
        16264.0,
        16264.0,
        16264.0,
        16264.0,
        16264.0,
        16264.0,
        16264.0,
        16264.0,
        16264.0,
        16264.0,
        16264.0,
        16264.0,
        16264.0,
        16264.0,
        16264.0,
        16264.0,
        16264.0,
        16264.0,
        16264.0,
        16264.0,
        16264.0,
        16264.0,
        16264.0,
        16264.0,
        16264.0,
        16264.0,
        16264.0
    ]
}