{
    "elapsed_time": 23.00565218925476,
    "best_objective": 13034.0,
    "neighbors": 14800,
    "best_solution": [
        6,
        3,
        4,
        0,
        7,
        1,
        2,
        11,
        10,
        9,
        5,
        8
    ],
    "average_objectives_list": [
        43070.470588235294,
        33334.96,
        28449.52,
        25921.8,
        25632.6,
        25559.28,
        23825.96,
        25531.44,
        23859.04,
        22044.56,
        22975.96,
        21771.48,
        21020.96,
        20360.72,
        19871.8,
        20950.76,
        19274.64,
        19823.76,
        21661.16,
        19974.4,
        20053.56,
        21007.2,
        20789.16,
        19405.76,
        19079.36,
        19534.52,
        19626.84,
        19255.72,
        20172.84,
        18997.8,
        18875.56,
        19883.88,
        20552.88,
        20157.36,
        20099.28,
        20136.32,
        19261.88,
        20119.16,
        21989.52,
        19456.56,
        22432.92,
        20995.6,
        19617.88,
        19234.12,
        21024.24,
        21820.36,
        18745.44,
        20019.28,
        20209.8,
        17533.48,
        18577.16,
        17849.88,
        17758.8,
        20440.96,
        17963.88,
        18667.96,
        21187.92,
        19249.64,
        20603.64,
        18843.12,
        19941.64,
        19426.64,
        18817.12,
        19660.0,
        21446.08,
        18798.6,
        21552.92,
        17461.48,
        20759.0,
        20250.52,
        20635.68,
        21460.68,
        19050.6,
        19081.12,
        20545.08,
        21673.16,
        19455.32,
        20031.76,
        18904.28,
        17879.8,
        17352.92,
        19724.04,
        19531.88,
        19896.68,
        21966.68,
        18717.68,
        21031.12,
        18477.0,
        19932.52,
        19284.44,
        19815.36,
        18828.64,
        18214.04,
        20750.68,
        21135.68,
        19606.48,
        17866.88,
        20897.92,
        20008.72,
        19444.72,
        22177.0,
        21422.56,
        20423.84,
        19624.6,
        21613.08,
        19685.64,
        19098.8,
        18912.56,
        19507.4,
        21057.4,
        20107.96,
        18590.04,
        19574.48,
        20785.8,
        15979.84,
        20724.84,
        16441.92,
        20924.76,
        20074.08,
        18883.92,
        19537.16,
        18795.64,
        19629.0,
        22755.88,
        18712.2,
        18323.84,
        18984.52,
        18080.36,
        19728.56,
        18917.32,
        20390.04,
        22112.72,
        21229.12,
        18678.92,
        22535.08,
        16813.96,
        21110.84,
        19480.28,
        23456.16,
        17407.52,
        17608.2,
        17970.32,
        17972.88,
        20450.92,
        22822.28,
        21989.96,
        20432.88,
        19357.68,
        20125.56
    ],
    "best_objective_list": [
        29726.0,
        26852.0,
        24078.0,
        22734.0,
        22294.0,
        22294.0,
        22294.0,
        20140.0,
        17410.0,
        17200.0,
        17200.0,
        17200.0,
        17200.0,
        17200.0,
        17200.0,
        17200.0,
        17200.0,
        17200.0,
        17200.0,
        17200.0,
        17200.0,
        14234.0,
        14234.0,
        14146.0,
        14146.0,
        14146.0,
        14146.0,
        14146.0,
        14146.0,
        14146.0,
        13754.0,
        13754.0,
        13754.0,
        13754.0,
        13754.0,
        13754.0,
        13754.0,
        13754.0,
        13754.0,
        13754.0,
        13754.0,
        13754.0,
        13754.0,
        13754.0,
        13754.0,
        13754.0,
        13754.0,
        13754.0,
        13754.0,
        13754.0,
        13754.0,
        13754.0,
        13754.0,
        13754.0,
        13754.0,
        13754.0,
        13754.0,
        13754.0,
        13754.0,
        13754.0,
        13754.0,
        13754.0,
        13754.0,
        13754.0,
        13754.0,
        13754.0,
        13712.0,
        13712.0,
        13712.0,
        13712.0,
        13712.0,
        13712.0,
        13712.0,
        13034.0,
        13034.0,
        13034.0,
        13034.0,
        13034.0,
        13034.0,
        13034.0,
        13034.0,
        13034.0,
        13034.0,
        13034.0,
        13034.0,
        13034.0,
        13034.0,
        13034.0,
        13034.0,
        13034.0,
        13034.0,
        13034.0,
        13034.0,
        13034.0,
        13034.0,
        13034.0,
        13034.0,
        13034.0,
        13034.0,
        13034.0,
        13034.0,
        13034.0,
        13034.0,
        13034.0,
        13034.0,
        13034.0,
        13034.0,
        13034.0,
        13034.0,
        13034.0,
        13034.0,
        13034.0,
        13034.0,
        13034.0,
        13034.0,
        13034.0,
        13034.0,
        13034.0,
        13034.0,
        13034.0,
        13034.0,
        13034.0,
        13034.0,
        13034.0,
        13034.0,
        13034.0,
        13034.0,
        13034.0,
        13034.0,
        13034.0,
        13034.0,
        13034.0,
        13034.0,
        13034.0,
        13034.0,
        13034.0,
        13034.0,
        13034.0,
        13034.0,
        13034.0,
        13034.0,
        13034.0,
        13034.0,
        13034.0,
        13034.0,
        13034.0,
        13034.0,
        13034.0,
        13034.0
    ]
}