{
    "elapsed_time": 23.874737977981567,
    "best_objective": 17210.0,
    "neighbors": 14800,
    "best_solution": [
        2,
        6,
        0,
        1,
        4,
        5,
        7,
        11,
        3,
        9,
        8,
        10
    ],
    "average_objectives_list": [
        45519.450980392154,
        31644.24,
        28239.44,
        23673.84,
        23551.48,
        23160.28,
        23286.24,
        24665.28,
        25210.68,
        24353.0,
        24135.68,
        22260.88,
        22548.36,
        25175.04,
        22291.64,
        21998.36,
        22800.08,
        23846.44,
        25811.04,
        24344.72,
        22572.96,
        22502.72,
        22384.76,
        24766.36,
        23203.2,
        22554.68,
        22635.56,
        24763.72,
        25029.28,
        24580.12,
        23769.88,
        22161.04,
        22363.68,
        22470.08,
        22743.08,
        21124.12,
        22418.08,
        21561.32,
        22742.92,
        21684.6,
        21683.68,
        23558.84,
        21637.2,
        21550.2,
        22547.88,
        25055.04,
        23499.12,
        25550.56,
        21541.92,
        21351.36,
        21718.56,
        22676.12,
        21174.48,
        21418.92,
        23759.28,
        20480.16,
        21527.52,
        21999.92,
        20729.24,
        20680.48,
        22398.68,
        22386.0,
        20621.84,
        20802.0,
        22010.32,
        22535.32,
        24452.08,
        23123.76,
        24204.12,
        21608.2,
        24270.2,
        21157.24,
        22564.16,
        23185.08,
        21860.44,
        19043.96,
        22088.16,
        20439.2,
        22001.24,
        21783.84,
        20924.32,
        21761.04,
        21012.56,
        20891.8,
        21817.72,
        23229.52,
        21405.52,
        20801.36,
        20492.68,
        20946.52,
        20673.8,
        23205.64,
        21587.6,
        21526.32,
        21898.16,
        22367.76,
        22429.04,
        22050.92,
        23437.08,
        21160.16,
        22142.0,
        21749.48,
        20466.16,
        22711.28,
        21389.28,
        23048.64,
        21856.56,
        21597.16,
        22893.44,
        23691.96,
        19951.4,
        20662.48,
        22771.08,
        21950.32,
        22683.36,
        21005.44,
        22253.6,
        21147.8,
        22532.0,
        20881.2,
        22036.6,
        21507.12,
        21563.24,
        21386.8,
        20343.08,
        22808.2,
        21576.8,
        21546.76,
        19514.72,
        22245.56,
        22978.92,
        22025.28,
        22241.56,
        22893.8,
        20807.64,
        22433.84,
        20166.32,
        21117.44,
        20102.48,
        22243.48,
        22459.24,
        21241.44,
        21318.12,
        22648.56,
        22207.6,
        22352.24,
        21522.16,
        21223.0,
        21136.12
    ],
    "best_objective_list": [
        26504.0,
        25758.0,
        21066.0,
        20116.0,
        20116.0,
        19234.0,
        19166.0,
        19166.0,
        19166.0,
        19166.0,
        19166.0,
        19166.0,
        19166.0,
        19166.0,
        19166.0,
        19166.0,
        19166.0,
        19166.0,
        19166.0,
        19166.0,
        19166.0,
        19166.0,
        19166.0,
        19166.0,
        19166.0,
        19166.0,
        19166.0,
        18128.0,
        18128.0,
        18128.0,
        18128.0,
        18128.0,
        18128.0,
        18128.0,
        18128.0,
        18006.0,
        18006.0,
        18006.0,
        18006.0,
        18006.0,
        18006.0,
        18006.0,
        18006.0,
        18006.0,
        18006.0,
        18006.0,
        18006.0,
        18006.0,
        18006.0,
        18006.0,
        18006.0,
        18006.0,
        18006.0,
        18006.0,
        18006.0,
        18006.0,
        18006.0,
        18006.0,
        17600.0,
        17600.0,
        17600.0,
        17600.0,
        17600.0,
        17600.0,
        17600.0,
        17600.0,
        17600.0,
        17600.0,
        17600.0,
        17600.0,
        17600.0,
        17600.0,
        17600.0,
        17600.0,
        17600.0,
        17600.0,
        17600.0,
        17600.0,
        17600.0,
        17600.0,
        17600.0,
        17600.0,
        17600.0,
        17600.0,
        17600.0,
        17600.0,
        17600.0,
        17600.0,
        17600.0,
        17600.0,
        17600.0,
        17600.0,
        17600.0,
        17600.0,
        17600.0,
        17600.0,
        17600.0,
        17600.0,
        17600.0,
        17600.0,
        17600.0,
        17600.0,
        17600.0,
        17600.0,
        17600.0,
        17600.0,
        17600.0,
        17600.0,
        17600.0,
        17600.0,
        17600.0,
        17600.0,
        17600.0,
        17600.0,
        17600.0,
        17600.0,
        17600.0,
        17600.0,
        17600.0,
        17600.0,
        17600.0,
        17600.0,
        17600.0,
        17600.0,
        17600.0,
        17600.0,
        17600.0,
        17520.0,
        17210.0,
        17210.0,
        17210.0,
        17210.0,
        17210.0,
        17210.0,
        17210.0,
        17210.0,
        17210.0,
        17210.0,
        17210.0,
        17210.0,
        17210.0,
        17210.0,
        17210.0,
        17210.0,
        17210.0,
        17210.0,
        17210.0,
        17210.0,
        17210.0
    ]
}