{
    "elapsed_time": 23.01717257499695,
    "best_objective": 10688.0,
    "neighbors": 14800,
    "best_solution": [
        8,
        6,
        11,
        5,
        9,
        1,
        7,
        4,
        2,
        10,
        0,
        3
    ],
    "average_objectives_list": [
        43239.56862745098,
        30897.04,
        25507.36,
        22947.68,
        23276.52,
        27704.92,
        26518.72,
        28519.6,
        28734.36,
        27356.76,
        26621.96,
        27243.92,
        24462.2,
        26438.32,
        26233.92,
        24829.96,
        22969.8,
        24663.6,
        22881.6,
        22002.12,
        22241.52,
        24836.56,
        22552.36,
        21262.96,
        21638.32,
        20997.84,
        21309.44,
        17903.32,
        17357.92,
        18730.12,
        18671.12,
        20184.8,
        19533.72,
        20021.64,
        20532.48,
        20892.72,
        18912.04,
        23099.44,
        20209.32,
        18984.68,
        18846.52,
        19694.52,
        18414.24,
        18839.6,
        19619.56,
        20209.44,
        22618.6,
        20569.16,
        20219.56,
        18868.6,
        21824.56,
        18704.04,
        19209.68,
        21381.48,
        22892.88,
        19864.36,
        20972.76,
        21055.2,
        18844.12,
        14734.2,
        19508.88,
        14483.16,
        18818.84,
        19320.92,
        20016.36,
        18979.92,
        17789.84,
        20035.52,
        18813.16,
        21255.12,
        15635.32,
        17511.4,
        19167.96,
        19205.36,
        19472.72,
        21076.12,
        19368.2,
        19525.56,
        20929.12,
        18619.2,
        19262.68,
        19675.16,
        21252.84,
        18012.04,
        19065.28,
        20588.96,
        16808.88,
        21871.76,
        20267.36,
        19352.24,
        21347.6,
        19397.04,
        20490.68,
        19119.88,
        22797.84,
        19756.96,
        17783.32,
        21884.64,
        20891.16,
        18337.92,
        18515.12,
        21367.52,
        19627.16,
        19847.28,
        21828.2,
        20011.12,
        17328.68,
        19510.56,
        18910.12,
        22193.08,
        18746.16,
        19089.48,
        19340.32,
        18181.6,
        17647.88,
        17804.68,
        21357.72,
        19172.76,
        21246.68,
        19026.96,
        21592.68,
        18034.04,
        21294.32,
        22497.44,
        21893.72,
        19945.44,
        22045.28,
        18687.4,
        17901.36,
        18792.0,
        19667.24,
        18125.44,
        16709.92,
        18186.16,
        18136.32,
        21366.92,
        21843.92,
        20305.12,
        18741.76,
        19394.68,
        20673.24,
        21359.2,
        22009.6,
        18499.6,
        21282.84,
        18104.32,
        20245.96,
        20232.48,
        18001.28
    ],
    "best_objective_list": [
        24150.0,
        18966.0,
        18966.0,
        18966.0,
        18966.0,
        18870.0,
        18870.0,
        18870.0,
        18870.0,
        18870.0,
        18870.0,
        18870.0,
        18870.0,
        17196.0,
        17196.0,
        16804.0,
        15060.0,
        15060.0,
        15060.0,
        15060.0,
        15060.0,
        15060.0,
        15060.0,
        15060.0,
        11394.0,
        11394.0,
        11394.0,
        11350.0,
        11350.0,
        11350.0,
        11350.0,
        11350.0,
        11350.0,
        11350.0,
        11350.0,
        11350.0,
        11350.0,
        11350.0,
        11350.0,
        11350.0,
        11350.0,
        11350.0,
        11350.0,
        11350.0,
        11350.0,
        11350.0,
        11350.0,
        11350.0,
        11350.0,
        11350.0,
        11350.0,
        11350.0,
        11328.0,
        11328.0,
        11328.0,
        11328.0,
        11328.0,
        11328.0,
        11328.0,
        11328.0,
        11328.0,
        11328.0,
        11328.0,
        11328.0,
        11328.0,
        10688.0,
        10688.0,
        10688.0,
        10688.0,
        10688.0,
        10688.0,
        10688.0,
        10688.0,
        10688.0,
        10688.0,
        10688.0,
        10688.0,
        10688.0,
        10688.0,
        10688.0,
        10688.0,
        10688.0,
        10688.0,
        10688.0,
        10688.0,
        10688.0,
        10688.0,
        10688.0,
        10688.0,
        10688.0,
        10688.0,
        10688.0,
        10688.0,
        10688.0,
        10688.0,
        10688.0,
        10688.0,
        10688.0,
        10688.0,
        10688.0,
        10688.0,
        10688.0,
        10688.0,
        10688.0,
        10688.0,
        10688.0,
        10688.0,
        10688.0,
        10688.0,
        10688.0,
        10688.0,
        10688.0,
        10688.0,
        10688.0,
        10688.0,
        10688.0,
        10688.0,
        10688.0,
        10688.0,
        10688.0,
        10688.0,
        10688.0,
        10688.0,
        10688.0,
        10688.0,
        10688.0,
        10688.0,
        10688.0,
        10688.0,
        10688.0,
        10688.0,
        10688.0,
        10688.0,
        10688.0,
        10688.0,
        10688.0,
        10688.0,
        10688.0,
        10688.0,
        10688.0,
        10688.0,
        10688.0,
        10688.0,
        10688.0,
        10688.0,
        10688.0,
        10688.0,
        10688.0,
        10688.0
    ]
}