{
    "elapsed_time": 22.863692045211792,
    "best_objective": 15524.0,
    "neighbors": 14800,
    "best_solution": [
        1,
        4,
        2,
        6,
        7,
        8,
        0,
        11,
        3,
        5,
        9,
        10
    ],
    "average_objectives_list": [
        46829.21568627451,
        29679.64,
        23633.88,
        20711.24,
        18924.56,
        18431.68,
        21117.4,
        19841.4,
        19702.16,
        18873.84,
        18291.84,
        20587.28,
        20127.52,
        18039.56,
        18349.68,
        17816.2,
        18839.92,
        20280.64,
        19575.4,
        18519.96,
        19114.04,
        17404.12,
        18045.68,
        19154.64,
        17849.12,
        19237.8,
        17451.88,
        17757.44,
        18305.44,
        16980.92,
        19954.56,
        18872.16,
        17248.56,
        20324.0,
        17442.2,
        18108.0,
        20279.0,
        17658.08,
        17148.92,
        20364.72,
        18237.68,
        18581.08,
        19260.8,
        18615.48,
        18471.2,
        17668.88,
        17822.44,
        20899.88,
        19653.6,
        17056.6,
        18218.2,
        17336.16,
        17569.84,
        19760.16,
        18735.16,
        19512.16,
        18927.16,
        16942.16,
        17773.36,
        18136.0,
        19675.8,
        17825.12,
        16902.72,
        19683.88,
        17118.64,
        18247.76,
        18663.44,
        17232.32,
        18539.92,
        18588.08,
        20129.68,
        20836.28,
        20471.0,
        18448.6,
        20222.4,
        17816.12,
        16880.6,
        19509.56,
        18532.12,
        18521.72,
        18524.76,
        19986.6,
        19718.88,
        20247.24,
        19104.72,
        19747.72,
        19069.0,
        18941.8,
        17663.8,
        20441.36,
        18041.4,
        19100.8,
        20790.92,
        19762.28,
        17273.6,
        19349.48,
        19929.56,
        18650.56,
        19312.48,
        18768.6,
        17750.16,
        19796.52,
        20955.32,
        18764.32,
        18275.16,
        20245.2,
        17568.12,
        18156.92,
        18492.44,
        18479.32,
        17616.76,
        18055.8,
        18171.12,
        18351.84,
        19727.28,
        18331.44,
        17626.4,
        17753.88,
        19547.6,
        18969.56,
        17878.0,
        18472.28,
        18883.6,
        19298.04,
        19499.48,
        17290.88,
        17394.64,
        20436.2,
        18685.56,
        17795.4,
        19239.12,
        20429.64,
        19249.36,
        18629.64,
        18414.92,
        19575.16,
        16866.2,
        19969.28,
        18718.36,
        17503.6,
        18963.96,
        17023.8,
        18434.88,
        18319.16,
        18509.04,
        19550.04,
        18253.88,
        17776.48,
        19982.4
    ],
    "best_objective_list": [
        23708.0,
        18140.0,
        18140.0,
        18140.0,
        18140.0,
        18140.0,
        18140.0,
        18140.0,
        18140.0,
        18140.0,
        15724.0,
        15724.0,
        15724.0,
        15724.0,
        15724.0,
        15724.0,
        15724.0,
        15724.0,
        15724.0,
        15524.0,
        15524.0,
        15524.0,
        15524.0,
        15524.0,
        15524.0,
        15524.0,
        15524.0,
        15524.0,
        15524.0,
        15524.0,
        15524.0,
        15524.0,
        15524.0,
        15524.0,
        15524.0,
        15524.0,
        15524.0,
        15524.0,
        15524.0,
        15524.0,
        15524.0,
        15524.0,
        15524.0,
        15524.0,
        15524.0,
        15524.0,
        15524.0,
        15524.0,
        15524.0,
        15524.0,
        15524.0,
        15524.0,
        15524.0,
        15524.0,
        15524.0,
        15524.0,
        15524.0,
        15524.0,
        15524.0,
        15524.0,
        15524.0,
        15524.0,
        15524.0,
        15524.0,
        15524.0,
        15524.0,
        15524.0,
        15524.0,
        15524.0,
        15524.0,
        15524.0,
        15524.0,
        15524.0,
        15524.0,
        15524.0,
        15524.0,
        15524.0,
        15524.0,
        15524.0,
        15524.0,
        15524.0,
        15524.0,
        15524.0,
        15524.0,
        15524.0,
        15524.0,
        15524.0,
        15524.0,
        15524.0,
        15524.0,
        15524.0,
        15524.0,
        15524.0,
        15524.0,
        15524.0,
        15524.0,
        15524.0,
        15524.0,
        15524.0,
        15524.0,
        15524.0,
        15524.0,
        15524.0,
        15524.0,
        15524.0,
        15524.0,
        15524.0,
        15524.0,
        15524.0,
        15524.0,
        15524.0,
        15524.0,
        15524.0,
        15524.0,
        15524.0,
        15524.0,
        15524.0,
        15524.0,
        15524.0,
        15524.0,
        15524.0,
        15524.0,
        15524.0,
        15524.0,
        15524.0,
        15524.0,
        15524.0,
        15524.0,
        15524.0,
        15524.0,
        15524.0,
        15524.0,
        15524.0,
        15524.0,
        15524.0,
        15524.0,
        15524.0,
        15524.0,
        15524.0,
        15524.0,
        15524.0,
        15524.0,
        15524.0,
        15524.0,
        15524.0,
        15524.0,
        15524.0,
        15524.0,
        15524.0
    ]
}