{
    "elapsed_time": 23.237792491912842,
    "best_objective": 12968.0,
    "neighbors": 14800,
    "best_solution": [
        0,
        4,
        3,
        2,
        5,
        7,
        1,
        10,
        6,
        8,
        9,
        11
    ],
    "average_objectives_list": [
        44158.03921568627,
        33116.36,
        27851.96,
        25380.24,
        24811.2,
        26413.68,
        26491.4,
        25083.44,
        23850.52,
        21400.32,
        21463.36,
        21192.76,
        17205.72,
        13676.0,
        14329.36,
        13676.0,
        13676.0,
        13768.64,
        14158.68,
        14528.24,
        14565.28,
        13775.84,
        13676.0,
        13781.04,
        13676.0,
        15995.4,
        13676.0,
        13676.52,
        13676.0,
        13766.64,
        13676.0,
        14298.92,
        13676.0,
        13676.0,
        13858.0,
        13763.64,
        13661.84,
        13912.36,
        13548.8,
        13420.2,
        13323.2,
        13171.6,
        13251.44,
        13464.88,
        13392.8,
        13626.32,
        13434.6,
        14206.24,
        13365.04,
        13955.68,
        13631.68,
        13408.92,
        14080.92,
        13829.44,
        13636.96,
        13237.04,
        13265.6,
        13448.4,
        13180.92,
        13280.48,
        13638.36,
        13350.32,
        13295.36,
        14479.8,
        13208.72,
        13252.64,
        13703.04,
        13735.68,
        13507.48,
        13573.0,
        13237.04,
        13939.72,
        13137.92,
        13308.32,
        13309.04,
        13251.44,
        13426.4,
        13337.12,
        13997.32,
        13194.56,
        13237.04,
        13208.72,
        13252.88,
        13373.68,
        13625.76,
        13506.32,
        13364.48,
        13067.12,
        13265.36,
        14002.08,
        13252.4,
        14593.04,
        13280.24,
        16782.08,
        14331.0,
        13237.04,
        13251.2,
        13358.88,
        14547.76,
        13837.08,
        15471.84,
        13406.4,
        16712.28,
        13237.04,
        13729.44,
        14877.12,
        13616.64,
        13109.84,
        14270.44,
        14059.36,
        13328.0,
        13276.96,
        13237.04,
        13251.2,
        13511.68,
        13708.76,
        14798.64,
        13286.6,
        14158.08,
        13681.48,
        13741.12,
        13265.36,
        15262.68,
        13263.04,
        13237.56,
        14288.48,
        13194.8,
        15114.96,
        14058.8,
        13539.44,
        13279.52,
        13294.4,
        13152.08,
        13266.08,
        13166.24,
        13477.52,
        13238.96,
        13683.36,
        13180.4,
        13919.96,
        13208.72,
        14342.4,
        13224.08,
        13329.56,
        14066.2,
        13265.6,
        14661.44,
        13664.32,
        13813.12
    ],
    "best_objective_list": [
        26932.0,
        23432.0,
        23432.0,
        23432.0,
        23432.0,
        23432.0,
        22338.0,
        21486.0,
        20858.0,
        20858.0,
        20210.0,
        13676.0,
        13676.0,
        13676.0,
        13676.0,
        13676.0,
        13676.0,
        13676.0,
        13676.0,
        13676.0,
        13676.0,
        13676.0,
        13676.0,
        13676.0,
        13676.0,
        13676.0,
        13676.0,
        13676.0,
        13676.0,
        13676.0,
        13676.0,
        13676.0,
        13676.0,
        13676.0,
        13676.0,
        13676.0,
        12968.0,
        12968.0,
        12968.0,
        12968.0,
        12968.0,
        12968.0,
        12968.0,
        12968.0,
        12968.0,
        12968.0,
        12968.0,
        12968.0,
        12968.0,
        12968.0,
        12968.0,
        12968.0,
        12968.0,
        12968.0,
        12968.0,
        12968.0,
        12968.0,
        12968.0,
        12968.0,
        12968.0,
        12968.0,
        12968.0,
        12968.0,
        12968.0,
        12968.0,
        12968.0,
        12968.0,
        12968.0,
        12968.0,
        12968.0,
        12968.0,
        12968.0,
        12968.0,
        12968.0,
        12968.0,
        12968.0,
        12968.0,
        12968.0,
        12968.0,
        12968.0,
        12968.0,
        12968.0,
        12968.0,
        12968.0,
        12968.0,
        12968.0,
        12968.0,
        12968.0,
        12968.0,
        12968.0,
        12968.0,
        12968.0,
        12968.0,
        12968.0,
        12968.0,
        12968.0,
        12968.0,
        12968.0,
        12968.0,
        12968.0,
        12968.0,
        12968.0,
        12968.0,
        12968.0,
        12968.0,
        12968.0,
        12968.0,
        12968.0,
        12968.0,
        12968.0,
        12968.0,
        12968.0,
        12968.0,
        12968.0,
        12968.0,
        12968.0,
        12968.0,
        12968.0,
        12968.0,
        12968.0,
        12968.0,
        12968.0,
        12968.0,
        12968.0,
        12968.0,
        12968.0,
        12968.0,
        12968.0,
        12968.0,
        12968.0,
        12968.0,
        12968.0,
        12968.0,
        12968.0,
        12968.0,
        12968.0,
        12968.0,
        12968.0,
        12968.0,
        12968.0,
        12968.0,
        12968.0,
        12968.0,
        12968.0,
        12968.0,
        12968.0,
        12968.0,
        12968.0,
        12968.0
    ]
}