{
    "elapsed_time": 23.051900625228882,
    "best_objective": 16454.0,
    "neighbors": 14800,
    "best_solution": [
        1,
        3,
        4,
        0,
        9,
        2,
        5,
        10,
        8,
        11,
        7,
        6
    ],
    "average_objectives_list": [
        44023.13725490196,
        29896.52,
        25578.6,
        25285.6,
        26733.28,
        25759.6,
        23521.16,
        25475.04,
        24352.64,
        26236.92,
        26859.72,
        25631.32,
        24812.4,
        24259.0,
        23032.36,
        24334.16,
        21883.12,
        21643.92,
        21741.28,
        22109.92,
        22820.88,
        22921.64,
        22095.52,
        21827.16,
        21146.4,
        22471.24,
        21974.16,
        20997.2,
        22270.84,
        22175.44,
        22237.72,
        22218.04,
        20844.2,
        23027.36,
        22006.12,
        21414.6,
        22790.68,
        22069.28,
        22354.56,
        24358.92,
        20808.32,
        22698.24,
        21774.12,
        22033.96,
        22370.32,
        23352.52,
        19843.64,
        22817.68,
        23165.44,
        21994.36,
        23513.04,
        23113.88,
        22104.36,
        21368.2,
        22790.6,
        23410.96,
        24583.8,
        22661.92,
        22652.8,
        23316.84,
        23461.04,
        23336.68,
        25188.24,
        22544.44,
        23138.88,
        22551.88,
        24340.44,
        24605.56,
        23260.28,
        24321.72,
        23662.04,
        24458.68,
        24816.28,
        24029.96,
        23756.88,
        23831.76,
        21980.88,
        24984.68,
        24891.76,
        23582.84,
        24992.4,
        25263.44,
        22297.2,
        23354.28,
        20167.56,
        24581.08,
        23121.52,
        23936.28,
        26431.68,
        24471.8,
        24486.12,
        24043.4,
        24631.92,
        25838.96,
        25164.04,
        25538.12,
        25546.04,
        24986.72,
        27104.2,
        26329.44,
        25258.8,
        24235.44,
        23444.64,
        25734.24,
        25636.84,
        25451.24,
        22871.68,
        24714.64,
        26118.96,
        24620.08,
        26039.72,
        25456.84,
        22591.24,
        26858.84,
        22435.76,
        24697.96,
        24821.16,
        24268.56,
        25143.64,
        21782.68,
        24204.32,
        24202.4,
        21095.08,
        23792.16,
        21937.84,
        20596.56,
        21785.08,
        23267.64,
        23101.68,
        21480.48,
        22041.64,
        20768.04,
        21324.2,
        21706.16,
        22671.2,
        21357.88,
        22328.24,
        21502.36,
        22787.04,
        21880.6,
        24162.84,
        23327.32,
        20782.6,
        21181.8,
        22775.2,
        23413.64,
        25483.72,
        22505.0,
        22620.4
    ],
    "best_objective_list": [
        22390.0,
        21434.0,
        20874.0,
        20874.0,
        20874.0,
        20874.0,
        20874.0,
        20874.0,
        20874.0,
        20874.0,
        20874.0,
        18884.0,
        18884.0,
        18884.0,
        18884.0,
        18884.0,
        18884.0,
        18146.0,
        18146.0,
        18146.0,
        18146.0,
        18146.0,
        18146.0,
        18146.0,
        18146.0,
        18146.0,
        18146.0,
        18146.0,
        18146.0,
        18146.0,
        18146.0,
        18146.0,
        18146.0,
        18146.0,
        18146.0,
        18146.0,
        18146.0,
        18146.0,
        18146.0,
        18146.0,
        18146.0,
        18146.0,
        18146.0,
        18146.0,
        18146.0,
        18146.0,
        18146.0,
        17204.0,
        17204.0,
        17204.0,
        17204.0,
        17204.0,
        17204.0,
        17204.0,
        17204.0,
        17204.0,
        17204.0,
        17204.0,
        17204.0,
        17204.0,
        17204.0,
        17204.0,
        17204.0,
        17204.0,
        17204.0,
        17178.0,
        17178.0,
        17178.0,
        17178.0,
        17178.0,
        17178.0,
        17178.0,
        17178.0,
        17178.0,
        17178.0,
        17178.0,
        17178.0,
        17178.0,
        17178.0,
        17178.0,
        17178.0,
        17178.0,
        17178.0,
        17178.0,
        17178.0,
        17164.0,
        17164.0,
        17164.0,
        17164.0,
        17164.0,
        17164.0,
        17164.0,
        17164.0,
        17164.0,
        17164.0,
        17164.0,
        17164.0,
        17164.0,
        17164.0,
        17164.0,
        17164.0,
        17164.0,
        17164.0,
        17164.0,
        17164.0,
        17164.0,
        17164.0,
        17164.0,
        17164.0,
        17164.0,
        17164.0,
        17164.0,
        17164.0,
        17164.0,
        17164.0,
        17164.0,
        17164.0,
        16908.0,
        16908.0,
        16908.0,
        16908.0,
        16908.0,
        16908.0,
        16908.0,
        16908.0,
        16908.0,
        16908.0,
        16908.0,
        16908.0,
        16454.0,
        16454.0,
        16454.0,
        16454.0,
        16454.0,
        16454.0,
        16454.0,
        16454.0,
        16454.0,
        16454.0,
        16454.0,
        16454.0,
        16454.0,
        16454.0,
        16454.0,
        16454.0,
        16454.0,
        16454.0,
        16454.0,
        16454.0
    ]
}