{
    "elapsed_time": 23.3635413646698,
    "best_objective": 11560.0,
    "neighbors": 14800,
    "best_solution": [
        3,
        6,
        8,
        10,
        5,
        7,
        1,
        4,
        2,
        0,
        9,
        11
    ],
    "average_objectives_list": [
        44788.509803921566,
        32101.32,
        27185.84,
        26164.92,
        23945.12,
        19839.88,
        16872.0,
        17204.12,
        16062.88,
        15078.92,
        15010.72,
        17440.76,
        15689.76,
        15035.52,
        15317.04,
        14873.96,
        14718.96,
        15416.0,
        15997.32,
        16672.68,
        14002.48,
        14621.8,
        17570.84,
        15614.28,
        14150.44,
        12887.96,
        16056.88,
        13583.2,
        14721.36,
        14051.44,
        17562.72,
        15313.44,
        13741.92,
        16649.44,
        13847.48,
        12881.08,
        13529.2,
        15761.96,
        16676.04,
        15446.44,
        15717.08,
        13430.96,
        13473.8,
        17376.0,
        14375.48,
        13689.56,
        15343.08,
        15256.4,
        15077.52,
        14109.48,
        14580.0,
        15352.88,
        14280.76,
        14537.0,
        14815.16,
        14625.6,
        15772.12,
        13653.4,
        15105.6,
        14360.48,
        13965.88,
        15525.8,
        14968.84,
        13927.72,
        15939.24,
        13881.04,
        14686.08,
        13678.56,
        14474.2,
        15710.96,
        14257.08,
        15504.04,
        14718.24,
        16196.28,
        14504.64,
        13931.92,
        14507.6,
        13660.64,
        14526.36,
        16070.92,
        13486.36,
        15394.36,
        13767.2,
        15741.56,
        14634.12,
        13262.4,
        14524.72,
        14935.52,
        13364.12,
        13854.36,
        16443.24,
        13865.76,
        13288.52,
        14057.12,
        14515.6,
        14671.12,
        15945.12,
        12832.96,
        13614.6,
        13214.0,
        14946.96,
        14557.36,
        13594.72,
        15172.76,
        14533.08,
        14290.56,
        15032.28,
        14807.72,
        16526.52,
        13662.44,
        14408.72,
        14340.84,
        15947.08,
        14881.04,
        14733.12,
        14733.0,
        14695.16,
        13534.12,
        14921.88,
        13691.64,
        14519.36,
        13127.48,
        13956.28,
        13714.84,
        16432.16,
        15227.72,
        14779.04,
        14219.96,
        14201.36,
        16613.6,
        17447.28,
        15354.76,
        16279.36,
        15621.56,
        12957.96,
        15735.0,
        13925.16,
        14742.72,
        15649.8,
        15247.8,
        13118.12,
        16518.12,
        15404.32,
        14817.68,
        14727.12,
        15539.24,
        14045.56,
        15698.76,
        13302.84
    ],
    "best_objective_list": [
        28722.0,
        21266.0,
        21266.0,
        14608.0,
        14608.0,
        13392.0,
        13392.0,
        13392.0,
        13392.0,
        13392.0,
        13392.0,
        13392.0,
        13392.0,
        11560.0,
        11560.0,
        11560.0,
        11560.0,
        11560.0,
        11560.0,
        11560.0,
        11560.0,
        11560.0,
        11560.0,
        11560.0,
        11560.0,
        11560.0,
        11560.0,
        11560.0,
        11560.0,
        11560.0,
        11560.0,
        11560.0,
        11560.0,
        11560.0,
        11560.0,
        11560.0,
        11560.0,
        11560.0,
        11560.0,
        11560.0,
        11560.0,
        11560.0,
        11560.0,
        11560.0,
        11560.0,
        11560.0,
        11560.0,
        11560.0,
        11560.0,
        11560.0,
        11560.0,
        11560.0,
        11560.0,
        11560.0,
        11560.0,
        11560.0,
        11560.0,
        11560.0,
        11560.0,
        11560.0,
        11560.0,
        11560.0,
        11560.0,
        11560.0,
        11560.0,
        11560.0,
        11560.0,
        11560.0,
        11560.0,
        11560.0,
        11560.0,
        11560.0,
        11560.0,
        11560.0,
        11560.0,
        11560.0,
        11560.0,
        11560.0,
        11560.0,
        11560.0,
        11560.0,
        11560.0,
        11560.0,
        11560.0,
        11560.0,
        11560.0,
        11560.0,
        11560.0,
        11560.0,
        11560.0,
        11560.0,
        11560.0,
        11560.0,
        11560.0,
        11560.0,
        11560.0,
        11560.0,
        11560.0,
        11560.0,
        11560.0,
        11560.0,
        11560.0,
        11560.0,
        11560.0,
        11560.0,
        11560.0,
        11560.0,
        11560.0,
        11560.0,
        11560.0,
        11560.0,
        11560.0,
        11560.0,
        11560.0,
        11560.0,
        11560.0,
        11560.0,
        11560.0,
        11560.0,
        11560.0,
        11560.0,
        11560.0,
        11560.0,
        11560.0,
        11560.0,
        11560.0,
        11560.0,
        11560.0,
        11560.0,
        11560.0,
        11560.0,
        11560.0,
        11560.0,
        11560.0,
        11560.0,
        11560.0,
        11560.0,
        11560.0,
        11560.0,
        11560.0,
        11560.0,
        11560.0,
        11560.0,
        11560.0,
        11560.0,
        11560.0,
        11560.0,
        11560.0,
        11560.0
    ]
}