{
    "elapsed_time": 23.304652452468872,
    "best_objective": 16378.0,
    "neighbors": 14800,
    "best_solution": [
        4,
        3,
        1,
        0,
        5,
        10,
        11,
        7,
        2,
        9,
        8,
        6
    ],
    "average_objectives_list": [
        45892.901960784315,
        29990.28,
        24964.52,
        22338.76,
        27114.72,
        22823.12,
        24498.0,
        22848.12,
        24858.2,
        24475.08,
        23996.96,
        23485.16,
        23942.12,
        24304.68,
        23628.08,
        24789.4,
        23861.52,
        23529.76,
        24330.6,
        24040.2,
        23434.44,
        22581.6,
        21951.96,
        22500.6,
        22339.64,
        21052.44,
        23609.72,
        22682.48,
        20929.76,
        24494.36,
        23585.12,
        22087.56,
        24389.16,
        24674.6,
        21870.36,
        22818.88,
        23337.08,
        23615.6,
        22676.08,
        24599.0,
        24140.48,
        23027.32,
        21306.6,
        24921.36,
        23616.92,
        24026.64,
        20415.92,
        23032.08,
        23453.2,
        22748.76,
        25243.28,
        22274.36,
        22233.84,
        21924.12,
        21510.6,
        24424.24,
        23309.64,
        22093.8,
        21455.32,
        20506.2,
        21842.12,
        22239.28,
        21164.64,
        22652.56,
        20744.92,
        22861.44,
        20465.88,
        22991.28,
        23523.76,
        22287.84,
        21793.72,
        19793.32,
        21350.32,
        20727.92,
        19763.88,
        22509.2,
        22330.4,
        22719.96,
        21681.44,
        21916.36,
        21370.08,
        23111.48,
        19706.24,
        23673.08,
        22326.0,
        21774.44,
        21773.24,
        23971.08,
        22857.6,
        22577.76,
        22707.44,
        21807.24,
        20740.16,
        23065.52,
        21719.72,
        21638.72,
        23298.4,
        20951.52,
        20299.72,
        24855.48,
        21847.68,
        22290.4,
        22435.12,
        24009.2,
        22159.92,
        22121.96,
        20531.28,
        22275.44,
        20776.92,
        22836.4,
        24296.04,
        23091.68,
        20205.44,
        20783.88,
        21852.0,
        19947.36,
        21045.96,
        20237.72,
        22706.0,
        20836.2,
        25016.4,
        19417.0,
        22027.56,
        21831.32,
        23382.84,
        22159.88,
        23369.6,
        24330.84,
        22301.56,
        21913.52,
        22105.6,
        25495.32,
        20900.88,
        22488.28,
        23319.08,
        20827.28,
        21878.2,
        20378.12,
        22099.48,
        25028.32,
        20268.4,
        23885.8,
        21907.2,
        22198.84,
        20411.76,
        23602.36,
        23479.04,
        22518.68,
        22598.12
    ],
    "best_objective_list": [
        27426.0,
        20484.0,
        20484.0,
        20484.0,
        20484.0,
        19258.0,
        19258.0,
        19258.0,
        19258.0,
        19258.0,
        19258.0,
        19258.0,
        19258.0,
        19258.0,
        19258.0,
        19258.0,
        19258.0,
        19258.0,
        19258.0,
        19258.0,
        17894.0,
        17894.0,
        17894.0,
        17894.0,
        17894.0,
        17894.0,
        17894.0,
        17894.0,
        17894.0,
        17894.0,
        17894.0,
        17894.0,
        17894.0,
        17894.0,
        17894.0,
        17894.0,
        17894.0,
        17894.0,
        17894.0,
        17894.0,
        17894.0,
        17894.0,
        17894.0,
        17894.0,
        17894.0,
        17894.0,
        17894.0,
        16930.0,
        16930.0,
        16930.0,
        16930.0,
        16570.0,
        16570.0,
        16570.0,
        16570.0,
        16570.0,
        16570.0,
        16570.0,
        16570.0,
        16570.0,
        16570.0,
        16570.0,
        16570.0,
        16570.0,
        16570.0,
        16570.0,
        16570.0,
        16570.0,
        16570.0,
        16570.0,
        16570.0,
        16570.0,
        16570.0,
        16570.0,
        16570.0,
        16570.0,
        16570.0,
        16570.0,
        16570.0,
        16570.0,
        16570.0,
        16570.0,
        16570.0,
        16570.0,
        16570.0,
        16570.0,
        16570.0,
        16570.0,
        16570.0,
        16570.0,
        16570.0,
        16570.0,
        16570.0,
        16570.0,
        16570.0,
        16570.0,
        16570.0,
        16570.0,
        16570.0,
        16570.0,
        16570.0,
        16570.0,
        16570.0,
        16570.0,
        16570.0,
        16570.0,
        16570.0,
        16570.0,
        16570.0,
        16496.0,
        16496.0,
        16496.0,
        16496.0,
        16496.0,
        16496.0,
        16496.0,
        16496.0,
        16496.0,
        16496.0,
        16496.0,
        16496.0,
        16496.0,
        16496.0,
        16496.0,
        16496.0,
        16496.0,
        16496.0,
        16496.0,
        16496.0,
        16378.0,
        16378.0,
        16378.0,
        16378.0,
        16378.0,
        16378.0,
        16378.0,
        16378.0,
        16378.0,
        16378.0,
        16378.0,
        16378.0,
        16378.0,
        16378.0,
        16378.0,
        16378.0,
        16378.0,
        16378.0,
        16378.0,
        16378.0
    ]
}