{
    "elapsed_time": 22.992119789123535,
    "best_objective": 14976.0,
    "neighbors": 14800,
    "best_solution": [
        1,
        3,
        4,
        0,
        7,
        11,
        5,
        2,
        8,
        6,
        9,
        10
    ],
    "average_objectives_list": [
        46056.39215686275,
        31406.32,
        24332.32,
        22126.36,
        19457.8,
        19848.12,
        19858.76,
        20884.88,
        20583.8,
        21426.16,
        22381.16,
        20399.24,
        20976.72,
        21946.08,
        21772.72,
        20472.64,
        21847.32,
        20288.44,
        21177.32,
        20654.92,
        20733.12,
        20949.88,
        20573.36,
        20321.0,
        18765.56,
        21266.12,
        20330.88,
        20896.76,
        21267.44,
        20693.04,
        21267.64,
        21911.8,
        21624.68,
        21956.48,
        21143.64,
        22074.92,
        20917.56,
        20286.44,
        20877.6,
        21265.0,
        21591.36,
        20523.84,
        21915.92,
        21163.0,
        21118.96,
        19582.04,
        20148.76,
        20838.24,
        18735.44,
        17300.48,
        18428.16,
        18391.08,
        18243.2,
        19453.52,
        19177.12,
        18218.28,
        17067.2,
        18575.76,
        19128.76,
        16994.28,
        19264.64,
        18691.4,
        17854.08,
        18738.08,
        19157.0,
        17315.48,
        16701.0,
        18954.84,
        19860.76,
        16753.0,
        18215.8,
        17948.8,
        20120.36,
        17139.32,
        18194.28,
        17779.08,
        18698.4,
        16399.36,
        18048.16,
        17323.4,
        18069.92,
        18230.28,
        18539.68,
        16889.04,
        16834.84,
        17506.12,
        18938.96,
        16345.52,
        17861.24,
        17897.48,
        18086.24,
        17901.2,
        17649.64,
        16839.0,
        16520.76,
        17332.44,
        18419.48,
        17875.24,
        18112.12,
        17479.44,
        17494.48,
        19134.12,
        18808.64,
        16739.64,
        18075.16,
        17457.96,
        18455.96,
        17026.56,
        17434.2,
        18531.0,
        16493.8,
        16408.6,
        18405.8,
        16736.48,
        18505.8,
        17879.44,
        18616.76,
        17772.76,
        17058.0,
        18790.08,
        17910.52,
        17375.04,
        18372.92,
        16676.76,
        16997.32,
        17898.4,
        17896.28,
        18636.56,
        17249.32,
        17721.04,
        17270.2,
        18359.52,
        19029.48,
        17254.24,
        18580.2,
        18720.16,
        16861.52,
        17941.68,
        16040.12,
        17944.6,
        17313.76,
        17394.52,
        17464.6,
        16896.24,
        16876.0,
        17423.04,
        17615.4,
        17514.76,
        17727.8
    ],
    "best_objective_list": [
        18996.0,
        18996.0,
        18000.0,
        18000.0,
        18000.0,
        17960.0,
        17960.0,
        17960.0,
        17960.0,
        17960.0,
        17960.0,
        17960.0,
        17960.0,
        17960.0,
        17960.0,
        17960.0,
        17960.0,
        17960.0,
        17960.0,
        17960.0,
        17960.0,
        17960.0,
        17960.0,
        17960.0,
        17960.0,
        17960.0,
        17960.0,
        17960.0,
        17960.0,
        17960.0,
        17960.0,
        17960.0,
        17960.0,
        17960.0,
        17960.0,
        17960.0,
        17960.0,
        17960.0,
        17960.0,
        17960.0,
        17960.0,
        17846.0,
        17846.0,
        17108.0,
        17108.0,
        17108.0,
        17108.0,
        15218.0,
        15218.0,
        15218.0,
        15218.0,
        15218.0,
        15218.0,
        15218.0,
        15218.0,
        15218.0,
        15218.0,
        15218.0,
        15218.0,
        15218.0,
        15218.0,
        15218.0,
        15218.0,
        15218.0,
        15218.0,
        15218.0,
        15218.0,
        15218.0,
        15218.0,
        15218.0,
        15218.0,
        15218.0,
        15218.0,
        15218.0,
        15218.0,
        15218.0,
        15218.0,
        15218.0,
        15218.0,
        15218.0,
        14976.0,
        14976.0,
        14976.0,
        14976.0,
        14976.0,
        14976.0,
        14976.0,
        14976.0,
        14976.0,
        14976.0,
        14976.0,
        14976.0,
        14976.0,
        14976.0,
        14976.0,
        14976.0,
        14976.0,
        14976.0,
        14976.0,
        14976.0,
        14976.0,
        14976.0,
        14976.0,
        14976.0,
        14976.0,
        14976.0,
        14976.0,
        14976.0,
        14976.0,
        14976.0,
        14976.0,
        14976.0,
        14976.0,
        14976.0,
        14976.0,
        14976.0,
        14976.0,
        14976.0,
        14976.0,
        14976.0,
        14976.0,
        14976.0,
        14976.0,
        14976.0,
        14976.0,
        14976.0,
        14976.0,
        14976.0,
        14976.0,
        14976.0,
        14976.0,
        14976.0,
        14976.0,
        14976.0,
        14976.0,
        14976.0,
        14976.0,
        14976.0,
        14976.0,
        14976.0,
        14976.0,
        14976.0,
        14976.0,
        14976.0,
        14976.0,
        14976.0,
        14976.0,
        14976.0,
        14976.0
    ]
}