{
    "elapsed_time": 23.022881984710693,
    "best_objective": 15544.0,
    "neighbors": 14800,
    "best_solution": [
        2,
        5,
        3,
        11,
        0,
        9,
        1,
        4,
        10,
        6,
        7,
        8
    ],
    "average_objectives_list": [
        44659.333333333336,
        32976.84,
        26040.2,
        22399.04,
        21388.6,
        21091.8,
        21247.04,
        21445.24,
        21102.12,
        18960.08,
        18801.92,
        19409.48,
        19071.28,
        18054.64,
        18908.48,
        18490.36,
        18797.08,
        18439.44,
        18836.84,
        18736.08,
        19267.6,
        18341.76,
        19037.24,
        21139.28,
        19019.68,
        20689.48,
        19498.32,
        20972.32,
        21511.92,
        20904.24,
        20846.8,
        20622.36,
        21047.04,
        20417.52,
        19764.44,
        19838.08,
        20373.04,
        20322.32,
        19107.72,
        19842.64,
        20360.4,
        20371.24,
        20292.44,
        20328.48,
        20469.24,
        21211.88,
        20935.16,
        19967.36,
        19536.92,
        20587.0,
        21054.72,
        20124.4,
        20678.6,
        20614.96,
        21441.2,
        21965.24,
        19052.56,
        20717.72,
        19528.52,
        20511.16,
        20728.56,
        20008.88,
        20268.56,
        20545.2,
        18554.64,
        20177.52,
        20107.68,
        19916.24,
        19928.48,
        19903.96,
        19256.04,
        19435.48,
        19683.76,
        20354.76,
        19227.24,
        19579.24,
        20365.04,
        19361.48,
        20028.84,
        19287.44,
        19820.64,
        19638.2,
        19534.32,
        21347.44,
        19983.12,
        20537.76,
        18901.08,
        20014.56,
        21364.76,
        19676.92,
        18795.92,
        19997.0,
        19792.6,
        21032.76,
        18485.44,
        21038.76,
        19570.44,
        20714.92,
        19136.96,
        19459.16,
        19981.6,
        20884.36,
        20256.32,
        20332.68,
        20428.08,
        20194.56,
        20396.88,
        20547.0,
        19900.44,
        21324.28,
        20763.76,
        20135.8,
        19514.96,
        19888.64,
        21420.88,
        20831.96,
        19576.28,
        20986.0,
        20063.36,
        21460.0,
        20615.28,
        19915.08,
        20628.72,
        20597.76,
        21737.08,
        23866.64,
        21054.48,
        21951.56,
        21009.88,
        21773.76,
        21428.12,
        20854.48,
        20613.12,
        21371.12,
        21390.84,
        22007.28,
        21451.6,
        21531.92,
        21372.88,
        22123.44,
        20722.88,
        22137.32,
        20371.24,
        22698.44,
        20807.84,
        22316.76,
        21486.4,
        21505.96,
        21830.28
    ],
    "best_objective_list": [
        27668.0,
        24264.0,
        21080.0,
        20284.0,
        20284.0,
        20284.0,
        19356.0,
        17766.0,
        17766.0,
        17688.0,
        17426.0,
        17426.0,
        17426.0,
        17426.0,
        17426.0,
        17426.0,
        17426.0,
        17426.0,
        17388.0,
        17388.0,
        17388.0,
        16450.0,
        16450.0,
        16450.0,
        16424.0,
        16424.0,
        16424.0,
        16424.0,
        16424.0,
        16424.0,
        16424.0,
        16424.0,
        16424.0,
        16424.0,
        16424.0,
        16424.0,
        16424.0,
        16424.0,
        16424.0,
        16424.0,
        16424.0,
        16424.0,
        16424.0,
        16424.0,
        16424.0,
        16424.0,
        16424.0,
        16424.0,
        16424.0,
        16424.0,
        16424.0,
        16424.0,
        16424.0,
        16424.0,
        16424.0,
        16424.0,
        16424.0,
        16424.0,
        16424.0,
        16424.0,
        16424.0,
        16424.0,
        16424.0,
        16424.0,
        16424.0,
        16424.0,
        16424.0,
        16424.0,
        16424.0,
        16424.0,
        16424.0,
        16424.0,
        16424.0,
        16424.0,
        16424.0,
        16424.0,
        16424.0,
        16424.0,
        16424.0,
        16424.0,
        16424.0,
        16424.0,
        16424.0,
        16424.0,
        16424.0,
        16424.0,
        16424.0,
        16424.0,
        16424.0,
        16424.0,
        16424.0,
        16424.0,
        16424.0,
        16424.0,
        16424.0,
        16424.0,
        16424.0,
        16424.0,
        16424.0,
        16424.0,
        16424.0,
        16424.0,
        16424.0,
        16424.0,
        16424.0,
        16424.0,
        16424.0,
        16424.0,
        16424.0,
        16424.0,
        16424.0,
        16424.0,
        16424.0,
        16424.0,
        16424.0,
        16424.0,
        16424.0,
        16424.0,
        16424.0,
        16424.0,
        16280.0,
        16280.0,
        16280.0,
        16280.0,
        16280.0,
        16280.0,
        16272.0,
        16272.0,
        16272.0,
        16272.0,
        16272.0,
        16272.0,
        16272.0,
        16272.0,
        16272.0,
        16272.0,
        16272.0,
        16272.0,
        15544.0,
        15544.0,
        15544.0,
        15544.0,
        15544.0,
        15544.0,
        15544.0,
        15544.0,
        15544.0,
        15544.0,
        15544.0
    ]
}