{
    "elapsed_time": 22.759132862091064,
    "best_objective": 12844.0,
    "neighbors": 14800,
    "best_solution": [
        4,
        10,
        5,
        6,
        1,
        9,
        0,
        2,
        8,
        3,
        7,
        11
    ],
    "average_objectives_list": [
        44996.705882352944,
        29593.36,
        24192.32,
        20254.6,
        18079.8,
        17172.76,
        18766.32,
        20711.76,
        21376.68,
        20544.2,
        16679.24,
        16888.84,
        17146.16,
        18214.88,
        17502.04,
        17126.88,
        18656.16,
        16818.6,
        17987.64,
        21179.92,
        20091.28,
        20051.8,
        19832.88,
        19216.16,
        18969.04,
        16921.16,
        20802.08,
        21910.28,
        16790.4,
        19859.8,
        17923.92,
        18672.72,
        20017.68,
        19543.92,
        19444.6,
        20643.8,
        19684.44,
        19612.04,
        15600.24,
        18976.08,
        19098.6,
        19683.64,
        19139.8,
        20309.2,
        19811.28,
        19229.48,
        20340.64,
        19898.12,
        21525.28,
        18709.12,
        20796.08,
        20254.56,
        19134.08,
        20994.84,
        19673.0,
        20040.04,
        18869.2,
        17929.92,
        21827.36,
        19444.2,
        18230.28,
        18134.32,
        18376.56,
        17628.92,
        18495.68,
        19853.92,
        19690.56,
        18891.4,
        19699.48,
        19518.88,
        17894.08,
        19887.56,
        21383.28,
        19712.56,
        21842.28,
        19638.56,
        18867.16,
        20505.52,
        18855.6,
        20218.96,
        21148.44,
        20307.16,
        21696.88,
        19494.32,
        17944.16,
        21993.12,
        17506.84,
        19678.72,
        20859.52,
        19335.6,
        15928.8,
        18263.56,
        19544.88,
        18699.48,
        19770.56,
        18522.2,
        21122.4,
        21031.88,
        18969.72,
        19587.0,
        19443.2,
        19186.28,
        20415.16,
        20738.24,
        20184.08,
        21488.68,
        20139.52,
        20672.4,
        20986.88,
        19965.4,
        18171.6,
        19512.16,
        18518.44,
        20533.96,
        20009.56,
        19981.2,
        19651.48,
        18572.48,
        19403.6,
        18906.4,
        20063.56,
        20159.04,
        20909.84,
        17861.92,
        18984.28,
        22175.24,
        20827.76,
        18867.16,
        21254.8,
        19592.72,
        17569.8,
        19623.12,
        19295.12,
        18187.88,
        19474.2,
        19987.32,
        20318.52,
        19732.0,
        21681.48,
        19338.76,
        19071.96,
        19045.6,
        20199.08,
        22363.52,
        20580.08,
        20070.76,
        20060.28,
        20286.92,
        19244.92
    ],
    "best_objective_list": [
        24902.0,
        16978.0,
        14148.0,
        14148.0,
        14148.0,
        14148.0,
        14148.0,
        14148.0,
        14148.0,
        14148.0,
        14148.0,
        14148.0,
        14148.0,
        14148.0,
        14148.0,
        14148.0,
        14148.0,
        12924.0,
        12924.0,
        12924.0,
        12924.0,
        12924.0,
        12924.0,
        12924.0,
        12924.0,
        12924.0,
        12924.0,
        12924.0,
        12924.0,
        12924.0,
        12924.0,
        12924.0,
        12924.0,
        12924.0,
        12924.0,
        12924.0,
        12924.0,
        12924.0,
        12924.0,
        12924.0,
        12924.0,
        12924.0,
        12924.0,
        12924.0,
        12924.0,
        12924.0,
        12924.0,
        12924.0,
        12924.0,
        12924.0,
        12924.0,
        12924.0,
        12924.0,
        12924.0,
        12924.0,
        12924.0,
        12924.0,
        12924.0,
        12924.0,
        12924.0,
        12924.0,
        12924.0,
        12924.0,
        12924.0,
        12924.0,
        12924.0,
        12924.0,
        12924.0,
        12924.0,
        12924.0,
        12924.0,
        12924.0,
        12844.0,
        12844.0,
        12844.0,
        12844.0,
        12844.0,
        12844.0,
        12844.0,
        12844.0,
        12844.0,
        12844.0,
        12844.0,
        12844.0,
        12844.0,
        12844.0,
        12844.0,
        12844.0,
        12844.0,
        12844.0,
        12844.0,
        12844.0,
        12844.0,
        12844.0,
        12844.0,
        12844.0,
        12844.0,
        12844.0,
        12844.0,
        12844.0,
        12844.0,
        12844.0,
        12844.0,
        12844.0,
        12844.0,
        12844.0,
        12844.0,
        12844.0,
        12844.0,
        12844.0,
        12844.0,
        12844.0,
        12844.0,
        12844.0,
        12844.0,
        12844.0,
        12844.0,
        12844.0,
        12844.0,
        12844.0,
        12844.0,
        12844.0,
        12844.0,
        12844.0,
        12844.0,
        12844.0,
        12844.0,
        12844.0,
        12844.0,
        12844.0,
        12844.0,
        12844.0,
        12844.0,
        12844.0,
        12844.0,
        12844.0,
        12844.0,
        12844.0,
        12844.0,
        12844.0,
        12844.0,
        12844.0,
        12844.0,
        12844.0,
        12844.0,
        12844.0,
        12844.0,
        12844.0,
        12844.0
    ]
}