{
    "elapsed_time": 22.98745608329773,
    "best_objective": 10790.0,
    "neighbors": 14800,
    "best_solution": [
        0,
        3,
        6,
        2,
        5,
        7,
        1,
        11,
        8,
        4,
        9,
        10
    ],
    "average_objectives_list": [
        44648.19607843137,
        34011.32,
        25912.28,
        21720.44,
        20845.88,
        20307.64,
        20273.48,
        19875.68,
        20164.44,
        19391.84,
        20191.84,
        20974.32,
        19131.0,
        18623.96,
        17762.56,
        18139.84,
        16714.24,
        17347.04,
        17042.08,
        15514.36,
        16671.68,
        16801.36,
        16513.96,
        16313.28,
        15091.04,
        15331.48,
        12906.28,
        15671.92,
        16702.36,
        16791.32,
        15399.68,
        14691.24,
        16889.4,
        13643.88,
        14401.96,
        15523.72,
        14749.72,
        12236.84,
        15124.44,
        13848.36,
        15861.04,
        12839.44,
        14012.96,
        14400.56,
        16767.48,
        16217.72,
        13073.4,
        12850.24,
        14372.04,
        14771.84,
        14698.76,
        15969.6,
        14210.32,
        12723.36,
        13216.84,
        13714.8,
        13230.52,
        16336.96,
        13069.36,
        14091.64,
        12918.96,
        16959.04,
        13801.88,
        12280.04,
        15464.88,
        15176.72,
        14904.72,
        14436.44,
        12152.44,
        16129.92,
        16032.08,
        13341.52,
        16718.56,
        13621.68,
        13640.48,
        12336.76,
        12946.64,
        16265.68,
        15517.28,
        13227.0,
        13725.0,
        13754.44,
        14107.32,
        15374.08,
        13130.12,
        13363.4,
        12588.08,
        15766.8,
        14261.28,
        16413.92,
        15198.2,
        12965.16,
        16262.12,
        14452.88,
        13944.32,
        14006.96,
        14707.2,
        14865.4,
        13503.44,
        14288.96,
        12646.68,
        13836.84,
        15210.6,
        14939.32,
        14051.84,
        17627.2,
        15233.16,
        13598.2,
        17443.4,
        13130.08,
        13789.0,
        13610.28,
        14018.08,
        15424.6,
        13801.88,
        14521.68,
        14679.44,
        15291.2,
        15080.68,
        13780.6,
        12210.76,
        14224.44,
        13132.64,
        12646.04,
        12901.4,
        13464.08,
        13211.64,
        13039.96,
        14001.96,
        13228.36,
        15321.32,
        14101.92,
        13901.72,
        15300.88,
        12835.76,
        14021.56,
        13258.76,
        13474.12,
        14219.8,
        13604.08,
        15903.44,
        15173.76,
        14172.72,
        14416.44,
        12307.32,
        16077.24,
        15309.28,
        15302.56,
        14535.64
    ],
    "best_objective_list": [
        29186.0,
        21252.0,
        19148.0,
        19148.0,
        19148.0,
        19148.0,
        19148.0,
        19148.0,
        19148.0,
        18932.0,
        18932.0,
        18932.0,
        16522.0,
        16522.0,
        14698.0,
        14698.0,
        14698.0,
        14698.0,
        13990.0,
        13230.0,
        13230.0,
        13230.0,
        10790.0,
        10790.0,
        10790.0,
        10790.0,
        10790.0,
        10790.0,
        10790.0,
        10790.0,
        10790.0,
        10790.0,
        10790.0,
        10790.0,
        10790.0,
        10790.0,
        10790.0,
        10790.0,
        10790.0,
        10790.0,
        10790.0,
        10790.0,
        10790.0,
        10790.0,
        10790.0,
        10790.0,
        10790.0,
        10790.0,
        10790.0,
        10790.0,
        10790.0,
        10790.0,
        10790.0,
        10790.0,
        10790.0,
        10790.0,
        10790.0,
        10790.0,
        10790.0,
        10790.0,
        10790.0,
        10790.0,
        10790.0,
        10790.0,
        10790.0,
        10790.0,
        10790.0,
        10790.0,
        10790.0,
        10790.0,
        10790.0,
        10790.0,
        10790.0,
        10790.0,
        10790.0,
        10790.0,
        10790.0,
        10790.0,
        10790.0,
        10790.0,
        10790.0,
        10790.0,
        10790.0,
        10790.0,
        10790.0,
        10790.0,
        10790.0,
        10790.0,
        10790.0,
        10790.0,
        10790.0,
        10790.0,
        10790.0,
        10790.0,
        10790.0,
        10790.0,
        10790.0,
        10790.0,
        10790.0,
        10790.0,
        10790.0,
        10790.0,
        10790.0,
        10790.0,
        10790.0,
        10790.0,
        10790.0,
        10790.0,
        10790.0,
        10790.0,
        10790.0,
        10790.0,
        10790.0,
        10790.0,
        10790.0,
        10790.0,
        10790.0,
        10790.0,
        10790.0,
        10790.0,
        10790.0,
        10790.0,
        10790.0,
        10790.0,
        10790.0,
        10790.0,
        10790.0,
        10790.0,
        10790.0,
        10790.0,
        10790.0,
        10790.0,
        10790.0,
        10790.0,
        10790.0,
        10790.0,
        10790.0,
        10790.0,
        10790.0,
        10790.0,
        10790.0,
        10790.0,
        10790.0,
        10790.0,
        10790.0,
        10790.0,
        10790.0,
        10790.0,
        10790.0
    ]
}