{
    "elapsed_time": 23.04668927192688,
    "best_objective": 13080.0,
    "neighbors": 14800,
    "best_solution": [
        5,
        3,
        11,
        8,
        9,
        10,
        1,
        4,
        6,
        0,
        7,
        2
    ],
    "average_objectives_list": [
        44560.07843137255,
        32108.36,
        26716.56,
        23835.2,
        22071.52,
        21311.32,
        21191.56,
        19967.92,
        19179.08,
        20081.0,
        20504.8,
        19637.0,
        20219.16,
        19621.04,
        21842.68,
        21287.32,
        22103.32,
        22470.52,
        21133.76,
        20702.44,
        21094.32,
        20452.52,
        20733.44,
        18842.28,
        21984.96,
        19235.6,
        22464.36,
        19680.4,
        21470.8,
        19703.64,
        22132.16,
        19598.52,
        20339.32,
        20346.44,
        20246.16,
        20796.12,
        21782.12,
        19591.44,
        21369.68,
        20273.56,
        19315.72,
        19530.76,
        20300.32,
        19093.24,
        21361.0,
        20857.92,
        21142.24,
        22091.4,
        22073.12,
        22200.16,
        20150.96,
        19744.56,
        21231.12,
        21266.4,
        22721.08,
        21817.2,
        23082.12,
        21264.64,
        21459.24,
        22200.12,
        21626.8,
        20133.76,
        21887.68,
        21432.4,
        20064.6,
        21036.04,
        21987.56,
        20583.76,
        20176.64,
        19663.84,
        19004.12,
        21277.88,
        23119.4,
        22802.12,
        20139.12,
        20022.84,
        22585.52,
        22715.16,
        20276.24,
        21326.76,
        20695.8,
        22454.88,
        20967.08,
        21429.52,
        21272.72,
        20006.72,
        18687.2,
        22281.32,
        19430.4,
        20933.0,
        20655.2,
        19474.48,
        23300.56,
        20095.76,
        19549.28,
        22076.2,
        21693.92,
        17861.44,
        21864.04,
        22109.0,
        20830.04,
        19302.32,
        23837.08,
        20468.84,
        20982.88,
        21155.12,
        21070.88,
        21004.56,
        21531.68,
        21413.12,
        21363.0,
        20989.6,
        19022.44,
        20005.64,
        20867.36,
        19864.48,
        20616.84,
        19081.64,
        20621.12,
        21033.48,
        20215.12,
        22474.08,
        19429.32,
        21559.08,
        21617.08,
        20386.8,
        20850.48,
        20190.04,
        20934.64,
        19961.72,
        19958.68,
        20863.84,
        20834.2,
        21090.2,
        21182.72,
        20157.52,
        21503.32,
        20870.76,
        20480.16,
        17911.68,
        21315.4,
        21656.0,
        21115.88,
        20281.68,
        19225.68,
        21265.36,
        18257.72,
        20283.12,
        19705.16
    ],
    "best_objective_list": [
        30072.0,
        22730.0,
        20820.0,
        20320.0,
        18124.0,
        15666.0,
        15666.0,
        15666.0,
        15666.0,
        15666.0,
        15666.0,
        15666.0,
        15666.0,
        15666.0,
        15666.0,
        15666.0,
        15666.0,
        15666.0,
        15666.0,
        15666.0,
        15666.0,
        15666.0,
        15666.0,
        15666.0,
        15666.0,
        15666.0,
        15666.0,
        15666.0,
        15666.0,
        15666.0,
        15666.0,
        15666.0,
        15666.0,
        15666.0,
        15666.0,
        15666.0,
        15666.0,
        15666.0,
        15666.0,
        15666.0,
        15666.0,
        15666.0,
        15666.0,
        15268.0,
        15268.0,
        15268.0,
        15268.0,
        15268.0,
        15268.0,
        15268.0,
        15268.0,
        15268.0,
        15268.0,
        15268.0,
        15268.0,
        15268.0,
        15268.0,
        15268.0,
        15268.0,
        15268.0,
        15268.0,
        15268.0,
        15268.0,
        14170.0,
        14156.0,
        14156.0,
        14156.0,
        14156.0,
        14156.0,
        14156.0,
        14156.0,
        14156.0,
        14156.0,
        14156.0,
        14156.0,
        14156.0,
        14156.0,
        14156.0,
        14156.0,
        14156.0,
        14156.0,
        14156.0,
        14156.0,
        14156.0,
        14156.0,
        14156.0,
        14156.0,
        14156.0,
        14156.0,
        14156.0,
        14156.0,
        14156.0,
        14156.0,
        14156.0,
        14156.0,
        14156.0,
        14156.0,
        14156.0,
        14156.0,
        14156.0,
        14156.0,
        14156.0,
        14156.0,
        14156.0,
        14156.0,
        14156.0,
        14156.0,
        14156.0,
        14156.0,
        14156.0,
        14156.0,
        14156.0,
        14156.0,
        14156.0,
        13080.0,
        13080.0,
        13080.0,
        13080.0,
        13080.0,
        13080.0,
        13080.0,
        13080.0,
        13080.0,
        13080.0,
        13080.0,
        13080.0,
        13080.0,
        13080.0,
        13080.0,
        13080.0,
        13080.0,
        13080.0,
        13080.0,
        13080.0,
        13080.0,
        13080.0,
        13080.0,
        13080.0,
        13080.0,
        13080.0,
        13080.0,
        13080.0,
        13080.0,
        13080.0,
        13080.0,
        13080.0,
        13080.0,
        13080.0,
        13080.0
    ]
}