{
    "elapsed_time": 23.37062907218933,
    "best_objective": 14244.0,
    "neighbors": 14800,
    "best_solution": [
        3,
        2,
        8,
        7,
        10,
        9,
        0,
        5,
        6,
        1,
        11,
        4
    ],
    "average_objectives_list": [
        44100.313725490196,
        30841.04,
        24008.96,
        22755.48,
        21260.48,
        20514.84,
        18316.36,
        19124.24,
        17989.88,
        18677.0,
        17658.36,
        18231.84,
        18101.6,
        18763.52,
        17960.24,
        18992.92,
        19672.76,
        18841.24,
        17841.96,
        17827.04,
        19097.92,
        19288.96,
        18181.64,
        17530.88,
        18818.0,
        18048.04,
        17541.88,
        18946.04,
        19095.64,
        19892.72,
        18240.96,
        19038.8,
        18462.64,
        19468.0,
        18804.56,
        17466.68,
        18948.8,
        19001.44,
        19036.6,
        18610.12,
        18361.2,
        20958.32,
        19508.96,
        18848.64,
        19250.56,
        18336.4,
        20267.72,
        18588.4,
        19515.32,
        18737.68,
        18864.8,
        18528.36,
        18618.68,
        18745.84,
        18874.88,
        19277.52,
        18585.36,
        20075.64,
        18938.56,
        18916.48,
        19218.68,
        19739.16,
        20402.96,
        19539.08,
        20996.64,
        19468.0,
        19384.04,
        19199.16,
        18858.56,
        18888.56,
        18659.2,
        18288.32,
        18197.72,
        18768.16,
        19851.6,
        21437.32,
        18193.8,
        18752.04,
        21512.92,
        19121.88,
        18499.0,
        19301.68,
        20149.28,
        21578.44,
        18535.68,
        18565.16,
        19500.84,
        19832.08,
        19419.44,
        19035.52,
        18576.36,
        18838.92,
        18890.32,
        19887.12,
        19014.8,
        19144.6,
        19313.6,
        18922.52,
        18788.08,
        19716.2,
        18977.16,
        20292.4,
        18948.52,
        18379.72,
        18663.24,
        18878.2,
        19017.8,
        18863.2,
        19083.0,
        18917.92,
        18626.64,
        19535.92,
        18959.96,
        19262.64,
        18940.24,
        20035.44,
        18571.44,
        18925.52,
        18431.56,
        18767.8,
        19213.84,
        20561.76,
        20124.24,
        18861.48,
        19121.32,
        19622.92,
        18157.2,
        19208.16,
        18230.84,
        19191.4,
        19666.2,
        18812.6,
        18842.36,
        19847.64,
        18580.72,
        19284.4,
        19162.36,
        18647.8,
        19351.68,
        18530.8,
        19126.28,
        19887.64,
        20073.84,
        19347.04,
        18848.32,
        19114.4,
        18810.0,
        18842.8,
        18569.76
    ],
    "best_objective_list": [
        22224.0,
        20254.0,
        17770.0,
        17770.0,
        17770.0,
        17770.0,
        17422.0,
        17422.0,
        17422.0,
        17422.0,
        17422.0,
        17422.0,
        17422.0,
        17422.0,
        17422.0,
        17422.0,
        17422.0,
        17422.0,
        17422.0,
        17422.0,
        17422.0,
        17422.0,
        17258.0,
        17258.0,
        17258.0,
        17230.0,
        17230.0,
        17230.0,
        17230.0,
        17230.0,
        17230.0,
        17230.0,
        17230.0,
        17230.0,
        16214.0,
        16214.0,
        16214.0,
        16214.0,
        16214.0,
        16214.0,
        16214.0,
        16214.0,
        16214.0,
        16214.0,
        16214.0,
        16214.0,
        16214.0,
        16214.0,
        16214.0,
        16214.0,
        16214.0,
        16214.0,
        16214.0,
        16214.0,
        16214.0,
        16214.0,
        16214.0,
        16214.0,
        16214.0,
        16214.0,
        16214.0,
        16214.0,
        16214.0,
        16214.0,
        16214.0,
        16214.0,
        16214.0,
        16214.0,
        16214.0,
        16214.0,
        16214.0,
        16214.0,
        16214.0,
        16214.0,
        16214.0,
        16214.0,
        16214.0,
        16214.0,
        16214.0,
        16214.0,
        16214.0,
        16214.0,
        16214.0,
        16214.0,
        16214.0,
        16214.0,
        16214.0,
        16214.0,
        16214.0,
        16214.0,
        16214.0,
        16214.0,
        16214.0,
        16214.0,
        16214.0,
        16214.0,
        16214.0,
        16214.0,
        16214.0,
        16214.0,
        16214.0,
        16214.0,
        16214.0,
        16214.0,
        16214.0,
        16214.0,
        16214.0,
        16214.0,
        16214.0,
        16214.0,
        16214.0,
        16214.0,
        16214.0,
        16214.0,
        16214.0,
        16214.0,
        16214.0,
        16214.0,
        16214.0,
        16214.0,
        16214.0,
        16214.0,
        16214.0,
        16214.0,
        16214.0,
        16214.0,
        16214.0,
        16214.0,
        16214.0,
        16214.0,
        16214.0,
        16214.0,
        16214.0,
        16214.0,
        16214.0,
        16214.0,
        16214.0,
        16214.0,
        16214.0,
        16214.0,
        16214.0,
        16214.0,
        16214.0,
        16214.0,
        16214.0,
        16214.0,
        14244.0,
        14244.0,
        14244.0
    ]
}