{
    "elapsed_time": 23.077335119247437,
    "best_objective": 11326.0,
    "neighbors": 14800,
    "best_solution": [
        5,
        6,
        4,
        2,
        0,
        7,
        1,
        11,
        8,
        3,
        9,
        10
    ],
    "average_objectives_list": [
        46955.60784313725,
        31405.24,
        25003.28,
        24654.04,
        22822.24,
        23723.16,
        24748.88,
        24804.32,
        23557.36,
        22928.12,
        20486.56,
        19683.44,
        18339.96,
        19744.84,
        16402.12,
        17863.56,
        19226.2,
        17726.0,
        18857.32,
        18758.72,
        19893.2,
        18955.48,
        17806.4,
        19472.88,
        17975.24,
        16099.56,
        16663.44,
        16615.8,
        17759.12,
        18665.44,
        18430.0,
        18352.04,
        17743.68,
        18561.88,
        16577.44,
        16022.2,
        16573.76,
        19108.84,
        18343.4,
        17471.56,
        16814.12,
        17413.16,
        20113.88,
        16530.56,
        16686.72,
        17922.36,
        18514.6,
        18081.56,
        18418.8,
        14846.4,
        16794.84,
        16916.64,
        18273.0,
        19465.96,
        16959.2,
        19285.68,
        18606.12,
        17051.52,
        18881.52,
        19307.32,
        19533.84,
        20092.12,
        17695.12,
        17087.24,
        18293.56,
        18000.64,
        18644.52,
        19571.84,
        18108.8,
        20023.92,
        18807.64,
        18191.6,
        18982.12,
        17644.64,
        16493.52,
        18704.4,
        18196.48,
        17553.2,
        16701.68,
        18794.32,
        18434.76,
        17135.6,
        17420.04,
        18529.52,
        17267.84,
        17551.8,
        18556.16,
        18138.72,
        17149.0,
        19245.4,
        17573.96,
        18475.68,
        20892.36,
        18700.96,
        18491.0,
        20135.48,
        18461.88,
        19650.04,
        19123.32,
        16662.64,
        16629.68,
        19012.48,
        18451.32,
        15003.16,
        16239.04,
        18331.48,
        18275.16,
        18995.52,
        18132.92,
        18322.76,
        16989.96,
        16782.76,
        17038.4,
        16262.6,
        16944.4,
        15865.28,
        18425.56,
        19537.4,
        20257.92,
        19318.52,
        20653.28,
        19599.64,
        18526.96,
        17735.28,
        17693.36,
        16271.28,
        18706.84,
        17455.48,
        17640.2,
        18091.08,
        17539.8,
        19544.04,
        18832.36,
        15996.0,
        18992.32,
        15752.2,
        17428.2,
        18471.76,
        17337.52,
        16028.64,
        17203.44,
        17459.36,
        17518.12,
        17880.44,
        18275.0,
        17195.12,
        18121.24,
        18911.36,
        15420.12
    ],
    "best_objective_list": [
        28952.0,
        19550.0,
        19550.0,
        19550.0,
        18166.0,
        18166.0,
        18166.0,
        17258.0,
        17258.0,
        17258.0,
        12738.0,
        12738.0,
        12738.0,
        12738.0,
        12738.0,
        12738.0,
        12738.0,
        12738.0,
        12738.0,
        12738.0,
        12738.0,
        12738.0,
        11326.0,
        11326.0,
        11326.0,
        11326.0,
        11326.0,
        11326.0,
        11326.0,
        11326.0,
        11326.0,
        11326.0,
        11326.0,
        11326.0,
        11326.0,
        11326.0,
        11326.0,
        11326.0,
        11326.0,
        11326.0,
        11326.0,
        11326.0,
        11326.0,
        11326.0,
        11326.0,
        11326.0,
        11326.0,
        11326.0,
        11326.0,
        11326.0,
        11326.0,
        11326.0,
        11326.0,
        11326.0,
        11326.0,
        11326.0,
        11326.0,
        11326.0,
        11326.0,
        11326.0,
        11326.0,
        11326.0,
        11326.0,
        11326.0,
        11326.0,
        11326.0,
        11326.0,
        11326.0,
        11326.0,
        11326.0,
        11326.0,
        11326.0,
        11326.0,
        11326.0,
        11326.0,
        11326.0,
        11326.0,
        11326.0,
        11326.0,
        11326.0,
        11326.0,
        11326.0,
        11326.0,
        11326.0,
        11326.0,
        11326.0,
        11326.0,
        11326.0,
        11326.0,
        11326.0,
        11326.0,
        11326.0,
        11326.0,
        11326.0,
        11326.0,
        11326.0,
        11326.0,
        11326.0,
        11326.0,
        11326.0,
        11326.0,
        11326.0,
        11326.0,
        11326.0,
        11326.0,
        11326.0,
        11326.0,
        11326.0,
        11326.0,
        11326.0,
        11326.0,
        11326.0,
        11326.0,
        11326.0,
        11326.0,
        11326.0,
        11326.0,
        11326.0,
        11326.0,
        11326.0,
        11326.0,
        11326.0,
        11326.0,
        11326.0,
        11326.0,
        11326.0,
        11326.0,
        11326.0,
        11326.0,
        11326.0,
        11326.0,
        11326.0,
        11326.0,
        11326.0,
        11326.0,
        11326.0,
        11326.0,
        11326.0,
        11326.0,
        11326.0,
        11326.0,
        11326.0,
        11326.0,
        11326.0,
        11326.0,
        11326.0,
        11326.0,
        11326.0,
        11326.0
    ]
}