{
    "elapsed_time": 23.501377820968628,
    "best_objective": 12334.0,
    "neighbors": 14800,
    "best_solution": [
        6,
        10,
        5,
        2,
        1,
        7,
        4,
        3,
        8,
        0,
        9,
        11
    ],
    "average_objectives_list": [
        45714.62745098039,
        28902.84,
        20671.52,
        18574.28,
        18988.84,
        18414.96,
        18570.12,
        17607.16,
        20535.48,
        19729.28,
        19776.56,
        20625.44,
        22529.72,
        23370.04,
        20051.04,
        20186.36,
        19627.96,
        20931.68,
        17405.28,
        22712.44,
        20640.36,
        17054.32,
        19880.28,
        19946.84,
        18853.36,
        20558.72,
        17070.88,
        19983.8,
        19944.44,
        18080.16,
        18316.2,
        19583.56,
        20048.24,
        20119.36,
        20182.12,
        19905.0,
        23153.76,
        19228.28,
        20386.04,
        18196.76,
        22894.32,
        19923.12,
        19436.16,
        20585.88,
        21509.12,
        19261.92,
        20661.52,
        19202.08,
        19002.6,
        20267.32,
        21574.92,
        21962.24,
        19222.12,
        18973.96,
        19310.72,
        19062.72,
        21078.32,
        20512.32,
        21972.72,
        18711.04,
        19087.64,
        17799.44,
        18956.88,
        19309.2,
        22671.84,
        19160.68,
        19128.2,
        18689.64,
        20501.16,
        20999.52,
        19818.96,
        20133.48,
        19624.68,
        18853.48,
        20686.6,
        20458.56,
        20620.36,
        19443.32,
        18654.6,
        19077.04,
        18621.08,
        18784.96,
        19410.68,
        19517.84,
        19139.36,
        19078.16,
        20526.6,
        19220.08,
        21486.88,
        17580.52,
        20300.92,
        20558.04,
        21556.88,
        19050.24,
        19483.64,
        19727.52,
        18013.0,
        20019.96,
        20665.16,
        20087.8,
        18142.04,
        21540.52,
        21466.64,
        22553.8,
        17973.04,
        19336.12,
        17455.4,
        20744.72,
        18302.4,
        17442.52,
        20295.68,
        20006.68,
        19538.52,
        20891.64,
        20642.52,
        18112.72,
        18614.76,
        19799.8,
        19113.08,
        17943.48,
        18069.16,
        18769.28,
        20206.48,
        20806.32,
        17959.6,
        20309.6,
        18558.88,
        17613.68,
        18142.28,
        17944.68,
        23461.4,
        17318.12,
        21241.16,
        17671.96,
        20761.4,
        21779.04,
        19688.96,
        19747.08,
        20689.96,
        18989.48,
        17916.84,
        20239.48,
        18859.36,
        23094.96,
        19279.04,
        23765.72,
        19392.84,
        19462.88,
        17803.52
    ],
    "best_objective_list": [
        17736.0,
        17118.0,
        17118.0,
        17118.0,
        17118.0,
        15608.0,
        15608.0,
        15608.0,
        15608.0,
        15608.0,
        15608.0,
        15608.0,
        15608.0,
        15608.0,
        15608.0,
        15608.0,
        15608.0,
        15608.0,
        14328.0,
        14328.0,
        14328.0,
        14328.0,
        14328.0,
        14328.0,
        14328.0,
        14328.0,
        14214.0,
        14214.0,
        14214.0,
        14214.0,
        14214.0,
        14214.0,
        14214.0,
        14214.0,
        14214.0,
        14174.0,
        14174.0,
        14174.0,
        14174.0,
        14174.0,
        14174.0,
        14174.0,
        14174.0,
        14174.0,
        14174.0,
        14174.0,
        14174.0,
        14174.0,
        14174.0,
        14174.0,
        14174.0,
        14174.0,
        14174.0,
        14174.0,
        14174.0,
        14174.0,
        14174.0,
        14174.0,
        14174.0,
        14174.0,
        14174.0,
        14174.0,
        14174.0,
        14174.0,
        14174.0,
        14174.0,
        14174.0,
        14174.0,
        14174.0,
        14174.0,
        14174.0,
        14174.0,
        14174.0,
        14174.0,
        14174.0,
        14174.0,
        14174.0,
        14174.0,
        14174.0,
        14174.0,
        14174.0,
        14174.0,
        14174.0,
        14174.0,
        14174.0,
        14174.0,
        14174.0,
        14174.0,
        14174.0,
        14174.0,
        14174.0,
        14174.0,
        13642.0,
        13642.0,
        13642.0,
        13642.0,
        13642.0,
        13642.0,
        13642.0,
        13642.0,
        13642.0,
        13642.0,
        13642.0,
        13642.0,
        13642.0,
        13642.0,
        13642.0,
        13642.0,
        13642.0,
        13642.0,
        13642.0,
        13642.0,
        13642.0,
        13642.0,
        12342.0,
        12342.0,
        12342.0,
        12342.0,
        12342.0,
        12342.0,
        12334.0,
        12334.0,
        12334.0,
        12334.0,
        12334.0,
        12334.0,
        12334.0,
        12334.0,
        12334.0,
        12334.0,
        12334.0,
        12334.0,
        12334.0,
        12334.0,
        12334.0,
        12334.0,
        12334.0,
        12334.0,
        12334.0,
        12334.0,
        12334.0,
        12334.0,
        12334.0,
        12334.0,
        12334.0,
        12334.0,
        12334.0,
        12334.0,
        12334.0
    ]
}