{
    "elapsed_time": 22.89640760421753,
    "best_objective": 12474.0,
    "neighbors": 14800,
    "best_solution": [
        0,
        3,
        8,
        2,
        10,
        7,
        4,
        5,
        6,
        1,
        9,
        11
    ],
    "average_objectives_list": [
        43218.1568627451,
        29952.52,
        26256.16,
        23580.24,
        22245.52,
        21592.04,
        21773.24,
        21969.32,
        20573.8,
        22933.92,
        20991.24,
        21252.36,
        19305.68,
        19977.12,
        20032.64,
        19711.44,
        19119.24,
        19677.84,
        21993.32,
        19795.12,
        19719.84,
        19026.44,
        19414.56,
        18346.88,
        21957.6,
        20525.4,
        23474.36,
        20672.08,
        23642.84,
        20884.12,
        19769.8,
        21689.92,
        21177.36,
        21678.84,
        20556.64,
        23273.72,
        20365.88,
        19669.24,
        19986.92,
        20362.72,
        21632.88,
        22237.2,
        20743.52,
        20202.48,
        19655.68,
        21977.72,
        20397.24,
        20724.92,
        19619.88,
        20750.16,
        20855.08,
        20772.48,
        21826.28,
        21848.72,
        21128.72,
        20753.84,
        22955.16,
        20905.08,
        18935.92,
        19722.48,
        18253.36,
        19715.0,
        21197.92,
        21760.96,
        21254.04,
        20099.76,
        21982.56,
        19421.52,
        18838.0,
        18713.48,
        20452.44,
        21644.48,
        19640.68,
        20649.6,
        20674.36,
        19557.52,
        19865.08,
        18214.96,
        20146.76,
        19774.12,
        19286.04,
        18789.84,
        20333.24,
        18972.68,
        18725.04,
        20231.52,
        21011.84,
        19711.12,
        19515.92,
        20048.04,
        19976.64,
        19732.36,
        20613.8,
        20208.48,
        17574.32,
        18354.2,
        19450.16,
        18254.0,
        19240.2,
        20477.2,
        17995.96,
        20292.8,
        19847.24,
        17653.52,
        17410.12,
        17882.84,
        17421.68,
        18494.88,
        17911.32,
        16917.84,
        16247.08,
        18972.04,
        16871.64,
        17362.36,
        17736.4,
        16915.68,
        16892.32,
        17527.28,
        17439.84,
        16909.48,
        17533.12,
        16635.16,
        17164.76,
        15636.8,
        17551.64,
        17139.08,
        15695.04,
        17435.68,
        16351.92,
        18302.48,
        15586.16,
        16922.76,
        16225.64,
        15248.24,
        17372.64,
        15391.08,
        16621.64,
        15157.0,
        16758.96,
        15588.28,
        17646.56,
        15290.8,
        15410.12,
        17118.04,
        16164.84,
        16790.84,
        16624.4,
        16444.8,
        17556.6
    ],
    "best_objective_list": [
        28148.0,
        23336.0,
        21780.0,
        20142.0,
        20142.0,
        20142.0,
        18832.0,
        18832.0,
        17892.0,
        17892.0,
        17892.0,
        17892.0,
        17892.0,
        17892.0,
        17892.0,
        17892.0,
        17892.0,
        17892.0,
        17892.0,
        17892.0,
        17480.0,
        17480.0,
        17286.0,
        17286.0,
        17286.0,
        17286.0,
        17286.0,
        17274.0,
        17274.0,
        17274.0,
        17274.0,
        17274.0,
        17274.0,
        17274.0,
        17274.0,
        17274.0,
        17274.0,
        17274.0,
        17274.0,
        17274.0,
        17274.0,
        17274.0,
        17274.0,
        17274.0,
        17274.0,
        17274.0,
        17274.0,
        17274.0,
        17274.0,
        17274.0,
        17274.0,
        17274.0,
        17274.0,
        17274.0,
        17274.0,
        17274.0,
        17274.0,
        17274.0,
        17274.0,
        17274.0,
        17274.0,
        17274.0,
        15526.0,
        15526.0,
        15526.0,
        15526.0,
        15526.0,
        15526.0,
        15526.0,
        15526.0,
        15526.0,
        15526.0,
        15526.0,
        15526.0,
        15526.0,
        15526.0,
        15526.0,
        15526.0,
        15526.0,
        15526.0,
        15526.0,
        15526.0,
        15526.0,
        15526.0,
        15526.0,
        15526.0,
        15526.0,
        15526.0,
        15526.0,
        15206.0,
        15206.0,
        15206.0,
        15206.0,
        15206.0,
        15206.0,
        15206.0,
        15206.0,
        15206.0,
        14262.0,
        14262.0,
        14262.0,
        14262.0,
        14262.0,
        14262.0,
        14262.0,
        14262.0,
        14262.0,
        14262.0,
        14262.0,
        14262.0,
        14262.0,
        14262.0,
        13582.0,
        13582.0,
        13582.0,
        13582.0,
        13582.0,
        13582.0,
        13582.0,
        13582.0,
        12474.0,
        12474.0,
        12474.0,
        12474.0,
        12474.0,
        12474.0,
        12474.0,
        12474.0,
        12474.0,
        12474.0,
        12474.0,
        12474.0,
        12474.0,
        12474.0,
        12474.0,
        12474.0,
        12474.0,
        12474.0,
        12474.0,
        12474.0,
        12474.0,
        12474.0,
        12474.0,
        12474.0,
        12474.0,
        12474.0,
        12474.0,
        12474.0,
        12474.0
    ]
}