{
    "elapsed_time": 22.824676752090454,
    "best_objective": 12968.0,
    "neighbors": 14800,
    "best_solution": [
        0,
        4,
        3,
        2,
        5,
        7,
        1,
        10,
        6,
        8,
        9,
        11
    ],
    "average_objectives_list": [
        46523.8431372549,
        31475.28,
        29818.92,
        27426.68,
        25782.6,
        27231.68,
        24683.12,
        23355.2,
        24870.32,
        22148.84,
        23767.24,
        22871.08,
        26089.36,
        23411.6,
        25759.84,
        23492.28,
        21410.24,
        24485.56,
        21413.48,
        23648.32,
        24734.76,
        24346.32,
        23902.08,
        22283.08,
        22417.52,
        23484.84,
        21118.0,
        21851.6,
        20886.48,
        22211.68,
        24780.92,
        22213.24,
        23228.52,
        22837.44,
        21605.24,
        22544.76,
        23161.16,
        25767.8,
        24424.2,
        22392.36,
        21120.88,
        20925.2,
        21398.56,
        23163.8,
        23960.08,
        20576.04,
        16094.96,
        13702.0,
        16997.52,
        15672.96,
        13974.48,
        18891.52,
        17132.16,
        16841.04,
        17873.0,
        15811.6,
        15211.64,
        18013.24,
        16269.44,
        13298.04,
        13241.8,
        14955.84,
        13222.88,
        13224.08,
        14037.92,
        13281.68,
        13528.4,
        13734.68,
        13667.88,
        13336.4,
        13223.36,
        13410.72,
        13293.68,
        14901.12,
        13318.52,
        13574.48,
        13794.76,
        13279.48,
        13289.0,
        13297.04,
        13380.32,
        13899.24,
        14994.56,
        13787.04,
        14487.32,
        14512.8,
        17073.68,
        13251.72,
        13280.48,
        13152.08,
        13308.32,
        13347.52,
        14210.76,
        13208.72,
        14009.04,
        13308.32,
        13257.0,
        16963.08,
        13389.04,
        13294.4,
        14209.68,
        14443.2,
        13601.76,
        14485.0,
        13334.68,
        13208.96,
        13323.2,
        14050.88,
        14665.92,
        14080.6,
        15655.52,
        13912.08,
        15331.32,
        13138.16,
        13294.64,
        13392.04,
        13243.4,
        13575.92,
        13323.68,
        16975.48,
        13222.88,
        13266.56,
        13631.64,
        13152.32,
        13633.92,
        14979.4,
        13265.84,
        13310.48,
        13308.8,
        13703.64,
        15237.48,
        13322.0,
        16084.28,
        14088.32,
        14612.68,
        13854.52,
        13801.08,
        14042.6,
        13293.68,
        14562.28,
        14205.6,
        13486.6,
        13422.6,
        13214.08,
        13266.32,
        13338.08,
        13969.36,
        13195.28,
        13405.8
    ],
    "best_objective_list": [
        25818.0,
        25818.0,
        23970.0,
        23504.0,
        23504.0,
        23504.0,
        21430.0,
        21430.0,
        21430.0,
        21430.0,
        21430.0,
        21430.0,
        21430.0,
        21430.0,
        21430.0,
        21430.0,
        20442.0,
        18892.0,
        18892.0,
        18892.0,
        18892.0,
        18892.0,
        18892.0,
        18892.0,
        18892.0,
        18892.0,
        18892.0,
        18892.0,
        18892.0,
        18492.0,
        18492.0,
        18492.0,
        18492.0,
        18492.0,
        18492.0,
        18492.0,
        18492.0,
        18492.0,
        18492.0,
        18492.0,
        18492.0,
        18492.0,
        18492.0,
        18492.0,
        16250.0,
        13702.0,
        13702.0,
        13702.0,
        13702.0,
        13702.0,
        12994.0,
        12994.0,
        12994.0,
        12994.0,
        12994.0,
        12994.0,
        12994.0,
        12968.0,
        12968.0,
        12968.0,
        12968.0,
        12968.0,
        12968.0,
        12968.0,
        12968.0,
        12968.0,
        12968.0,
        12968.0,
        12968.0,
        12968.0,
        12968.0,
        12968.0,
        12968.0,
        12968.0,
        12968.0,
        12968.0,
        12968.0,
        12968.0,
        12968.0,
        12968.0,
        12968.0,
        12968.0,
        12968.0,
        12968.0,
        12968.0,
        12968.0,
        12968.0,
        12968.0,
        12968.0,
        12968.0,
        12968.0,
        12968.0,
        12968.0,
        12968.0,
        12968.0,
        12968.0,
        12968.0,
        12968.0,
        12968.0,
        12968.0,
        12968.0,
        12968.0,
        12968.0,
        12968.0,
        12968.0,
        12968.0,
        12968.0,
        12968.0,
        12968.0,
        12968.0,
        12968.0,
        12968.0,
        12968.0,
        12968.0,
        12968.0,
        12968.0,
        12968.0,
        12968.0,
        12968.0,
        12968.0,
        12968.0,
        12968.0,
        12968.0,
        12968.0,
        12968.0,
        12968.0,
        12968.0,
        12968.0,
        12968.0,
        12968.0,
        12968.0,
        12968.0,
        12968.0,
        12968.0,
        12968.0,
        12968.0,
        12968.0,
        12968.0,
        12968.0,
        12968.0,
        12968.0,
        12968.0,
        12968.0,
        12968.0,
        12968.0,
        12968.0,
        12968.0,
        12968.0,
        12968.0
    ]
}