{
    "elapsed_time": 22.995740175247192,
    "best_objective": 12076.0,
    "neighbors": 14800,
    "best_solution": [
        6,
        8,
        4,
        2,
        0,
        7,
        1,
        3,
        10,
        5,
        9,
        11
    ],
    "average_objectives_list": [
        45032.23529411765,
        34371.96,
        29075.28,
        24634.08,
        21288.0,
        18337.28,
        18129.76,
        19857.76,
        19754.52,
        22929.92,
        19619.76,
        19065.32,
        19248.24,
        19360.6,
        20192.76,
        19214.52,
        17697.96,
        21818.16,
        21318.24,
        17325.52,
        19944.76,
        18478.12,
        17963.64,
        18768.12,
        17522.0,
        19143.72,
        18335.68,
        21763.72,
        19691.2,
        17519.68,
        18158.2,
        19968.28,
        17079.52,
        18210.04,
        19622.92,
        17485.84,
        19243.16,
        17965.76,
        20782.32,
        16628.68,
        18455.96,
        22364.52,
        17212.96,
        18443.08,
        16953.16,
        20103.64,
        17056.08,
        19555.52,
        18558.92,
        17791.64,
        19039.16,
        20060.08,
        17233.16,
        17073.6,
        16295.32,
        18841.0,
        17101.96,
        18659.32,
        15575.76,
        16800.4,
        19437.0,
        18083.04,
        17921.08,
        19982.24,
        15437.48,
        19867.56,
        21110.8,
        19977.16,
        16434.96,
        16153.92,
        17818.6,
        18352.12,
        17933.68,
        18418.12,
        19463.0,
        16955.76,
        16820.96,
        16922.64,
        16591.48,
        20684.68,
        15504.56,
        17501.16,
        19195.32,
        18973.64,
        18237.96,
        19297.16,
        18536.36,
        21463.72,
        19519.44,
        17787.8,
        18361.0,
        17923.84,
        16719.88,
        19252.52,
        17507.64,
        20184.2,
        18424.32,
        18159.0,
        17621.88,
        16113.04,
        18012.44,
        16061.08,
        19635.48,
        16768.4,
        18880.16,
        15827.64,
        16556.92,
        16710.16,
        17344.32,
        18645.84,
        19249.76,
        18426.88,
        18512.92,
        18198.48,
        18946.76,
        16372.4,
        19309.76,
        18255.72,
        18027.44,
        15856.16,
        17936.96,
        18675.76,
        16966.04,
        17707.28,
        18022.72,
        17230.68,
        17523.2,
        17167.12,
        17967.96,
        18663.52,
        18435.32,
        18779.0,
        19267.08,
        19980.48,
        17731.92,
        17294.48,
        16397.4,
        18416.52,
        16675.24,
        17267.16,
        19139.68,
        21822.6,
        17731.52,
        18125.36,
        18350.08,
        19043.6,
        17669.84,
        18403.36,
        19359.0
    ],
    "best_objective_list": [
        31192.0,
        26540.0,
        23608.0,
        15400.0,
        15400.0,
        13442.0,
        13442.0,
        13442.0,
        13442.0,
        13442.0,
        13442.0,
        13442.0,
        13442.0,
        13442.0,
        13442.0,
        13442.0,
        13442.0,
        13442.0,
        13442.0,
        13442.0,
        12706.0,
        12652.0,
        12652.0,
        12652.0,
        12652.0,
        12652.0,
        12652.0,
        12652.0,
        12652.0,
        12652.0,
        12116.0,
        12116.0,
        12116.0,
        12116.0,
        12116.0,
        12116.0,
        12116.0,
        12116.0,
        12116.0,
        12116.0,
        12116.0,
        12116.0,
        12116.0,
        12116.0,
        12116.0,
        12116.0,
        12116.0,
        12116.0,
        12116.0,
        12116.0,
        12116.0,
        12116.0,
        12116.0,
        12116.0,
        12116.0,
        12116.0,
        12116.0,
        12116.0,
        12116.0,
        12116.0,
        12116.0,
        12116.0,
        12116.0,
        12116.0,
        12116.0,
        12116.0,
        12116.0,
        12116.0,
        12116.0,
        12116.0,
        12116.0,
        12116.0,
        12116.0,
        12116.0,
        12116.0,
        12116.0,
        12116.0,
        12116.0,
        12116.0,
        12116.0,
        12116.0,
        12116.0,
        12116.0,
        12116.0,
        12116.0,
        12116.0,
        12116.0,
        12116.0,
        12116.0,
        12116.0,
        12116.0,
        12116.0,
        12116.0,
        12116.0,
        12116.0,
        12116.0,
        12116.0,
        12116.0,
        12116.0,
        12076.0,
        12076.0,
        12076.0,
        12076.0,
        12076.0,
        12076.0,
        12076.0,
        12076.0,
        12076.0,
        12076.0,
        12076.0,
        12076.0,
        12076.0,
        12076.0,
        12076.0,
        12076.0,
        12076.0,
        12076.0,
        12076.0,
        12076.0,
        12076.0,
        12076.0,
        12076.0,
        12076.0,
        12076.0,
        12076.0,
        12076.0,
        12076.0,
        12076.0,
        12076.0,
        12076.0,
        12076.0,
        12076.0,
        12076.0,
        12076.0,
        12076.0,
        12076.0,
        12076.0,
        12076.0,
        12076.0,
        12076.0,
        12076.0,
        12076.0,
        12076.0,
        12076.0,
        12076.0,
        12076.0,
        12076.0,
        12076.0,
        12076.0
    ]
}