{
    "elapsed_time": 23.44474959373474,
    "best_objective": 10804.0,
    "neighbors": 14800,
    "best_solution": [
        4,
        3,
        10,
        11,
        8,
        9,
        0,
        5,
        6,
        1,
        7,
        2
    ],
    "average_objectives_list": [
        45450.27450980392,
        31524.56,
        24164.32,
        19811.44,
        18975.84,
        18389.36,
        19169.52,
        18429.4,
        18352.4,
        15894.48,
        16394.04,
        16223.32,
        16574.72,
        15802.88,
        18108.16,
        16760.04,
        16073.64,
        17845.2,
        16597.08,
        18175.64,
        15169.24,
        16583.64,
        16055.6,
        16594.76,
        15360.92,
        18049.72,
        17537.44,
        17757.08,
        17130.88,
        16247.8,
        15027.6,
        16428.6,
        16279.0,
        17020.44,
        16275.52,
        15835.24,
        17346.12,
        16049.48,
        16807.24,
        16151.28,
        15870.68,
        16557.12,
        17137.2,
        15106.32,
        16454.08,
        16979.44,
        16061.68,
        16435.2,
        16066.12,
        16087.72,
        16697.2,
        16310.04,
        16561.4,
        15153.4,
        17480.28,
        15662.68,
        15799.44,
        14609.08,
        16929.64,
        18087.2,
        17933.16,
        17004.08,
        17373.32,
        16892.72,
        17212.16,
        14956.28,
        18174.72,
        17314.12,
        16347.64,
        14614.32,
        17688.2,
        16797.8,
        17321.44,
        16966.84,
        15431.12,
        17346.0,
        16688.32,
        17506.24,
        16188.0,
        15787.16,
        15607.4,
        18742.48,
        16545.88,
        16242.92,
        17876.8,
        16646.4,
        16709.52,
        14925.8,
        15928.68,
        17965.04,
        17723.0,
        16525.48,
        17662.44,
        17454.8,
        19075.96,
        16080.84,
        16736.28,
        16676.72,
        15440.92,
        18231.36,
        16851.52,
        19614.08,
        17735.48,
        17882.0,
        17069.16,
        17886.4,
        17431.68,
        16399.36,
        16366.12,
        16473.48,
        17009.2,
        16400.88,
        16391.96,
        16952.8,
        17029.12,
        16202.96,
        17044.72,
        16318.6,
        15958.56,
        16700.48,
        15831.84,
        15404.52,
        16272.2,
        17295.28,
        17345.88,
        15919.88,
        16770.68,
        16920.12,
        15784.12,
        16290.88,
        16546.56,
        17336.92,
        16471.88,
        16246.16,
        16174.48,
        17331.32,
        15267.96,
        17733.48,
        15705.56,
        17202.68,
        15522.72,
        17772.36,
        15739.72,
        16970.2,
        17021.04,
        17682.28,
        16563.92,
        17499.96,
        15978.12
    ],
    "best_objective_list": [
        27780.0,
        19632.0,
        17726.0,
        17726.0,
        17698.0,
        17698.0,
        16456.0,
        13628.0,
        13628.0,
        13628.0,
        13628.0,
        13628.0,
        13628.0,
        13628.0,
        13628.0,
        13628.0,
        13628.0,
        13628.0,
        13628.0,
        12276.0,
        12276.0,
        12276.0,
        12276.0,
        12276.0,
        11436.0,
        11436.0,
        11436.0,
        11436.0,
        11436.0,
        11436.0,
        11436.0,
        11436.0,
        11436.0,
        11436.0,
        11436.0,
        11436.0,
        11436.0,
        11436.0,
        11436.0,
        11436.0,
        11436.0,
        11436.0,
        11436.0,
        11436.0,
        11436.0,
        10804.0,
        10804.0,
        10804.0,
        10804.0,
        10804.0,
        10804.0,
        10804.0,
        10804.0,
        10804.0,
        10804.0,
        10804.0,
        10804.0,
        10804.0,
        10804.0,
        10804.0,
        10804.0,
        10804.0,
        10804.0,
        10804.0,
        10804.0,
        10804.0,
        10804.0,
        10804.0,
        10804.0,
        10804.0,
        10804.0,
        10804.0,
        10804.0,
        10804.0,
        10804.0,
        10804.0,
        10804.0,
        10804.0,
        10804.0,
        10804.0,
        10804.0,
        10804.0,
        10804.0,
        10804.0,
        10804.0,
        10804.0,
        10804.0,
        10804.0,
        10804.0,
        10804.0,
        10804.0,
        10804.0,
        10804.0,
        10804.0,
        10804.0,
        10804.0,
        10804.0,
        10804.0,
        10804.0,
        10804.0,
        10804.0,
        10804.0,
        10804.0,
        10804.0,
        10804.0,
        10804.0,
        10804.0,
        10804.0,
        10804.0,
        10804.0,
        10804.0,
        10804.0,
        10804.0,
        10804.0,
        10804.0,
        10804.0,
        10804.0,
        10804.0,
        10804.0,
        10804.0,
        10804.0,
        10804.0,
        10804.0,
        10804.0,
        10804.0,
        10804.0,
        10804.0,
        10804.0,
        10804.0,
        10804.0,
        10804.0,
        10804.0,
        10804.0,
        10804.0,
        10804.0,
        10804.0,
        10804.0,
        10804.0,
        10804.0,
        10804.0,
        10804.0,
        10804.0,
        10804.0,
        10804.0,
        10804.0,
        10804.0,
        10804.0,
        10804.0,
        10804.0
    ]
}