{
    "elapsed_time": 23.296250581741333,
    "best_objective": 18208.0,
    "neighbors": 14800,
    "best_solution": [
        1,
        2,
        4,
        0,
        9,
        8,
        7,
        3,
        6,
        5,
        11,
        10
    ],
    "average_objectives_list": [
        42930.58823529412,
        33338.64,
        32523.44,
        30830.64,
        30479.16,
        30886.24,
        31123.0,
        29673.8,
        29385.0,
        28540.68,
        25647.04,
        25523.84,
        24407.12,
        24615.2,
        25623.44,
        25293.88,
        22244.76,
        24876.2,
        22252.76,
        22519.44,
        22402.92,
        22071.8,
        23574.0,
        23451.4,
        22797.32,
        21812.2,
        22327.0,
        22645.16,
        21573.36,
        19893.44,
        23729.04,
        22982.2,
        23160.04,
        24141.08,
        22633.96,
        24558.12,
        22678.92,
        22397.84,
        22465.96,
        22327.32,
        21877.52,
        23814.12,
        22654.84,
        24143.0,
        21892.84,
        24145.88,
        23112.2,
        22357.96,
        22325.36,
        20787.96,
        23407.88,
        22285.2,
        22941.48,
        22189.48,
        21754.08,
        22153.52,
        22114.12,
        21076.8,
        23120.8,
        24008.16,
        21429.8,
        22260.12,
        21518.72,
        24349.12,
        23534.72,
        21721.52,
        23289.24,
        22345.52,
        22498.76,
        21275.68,
        24390.64,
        23871.32,
        22105.48,
        19983.72,
        21421.48,
        22494.4,
        24101.12,
        22532.08,
        22906.92,
        20685.48,
        22949.2,
        23266.88,
        23086.24,
        20977.36,
        22467.8,
        23462.4,
        22823.76,
        23021.72,
        23780.84,
        22375.0,
        22416.12,
        24463.2,
        23353.04,
        21971.16,
        20825.44,
        21492.84,
        22705.2,
        23779.44,
        21777.64,
        20328.52,
        24510.52,
        23075.6,
        22115.52,
        23677.92,
        21434.64,
        21989.76,
        23917.0,
        22950.08,
        23541.56,
        22031.36,
        22938.4,
        21033.44,
        22448.0,
        21881.36,
        23172.16,
        22066.72,
        23219.88,
        21585.44,
        21359.12,
        24239.08,
        23804.24,
        22778.08,
        22950.56,
        25003.64,
        22920.68,
        23845.36,
        22333.48,
        22399.56,
        22105.48,
        25220.84,
        20495.64,
        22180.28,
        21817.4,
        24062.2,
        22622.0,
        21686.72,
        23814.04,
        23895.04,
        23182.24,
        21892.84,
        22185.76,
        24745.24,
        23285.92,
        22832.44,
        24569.16,
        22977.04,
        24491.92,
        22814.16,
        21160.84
    ],
    "best_objective_list": [
        25714.0,
        25714.0,
        25714.0,
        25714.0,
        25714.0,
        25714.0,
        25714.0,
        25714.0,
        22282.0,
        22282.0,
        20798.0,
        20798.0,
        20798.0,
        20798.0,
        20798.0,
        20798.0,
        19444.0,
        19444.0,
        19444.0,
        19444.0,
        19444.0,
        19444.0,
        18208.0,
        18208.0,
        18208.0,
        18208.0,
        18208.0,
        18208.0,
        18208.0,
        18208.0,
        18208.0,
        18208.0,
        18208.0,
        18208.0,
        18208.0,
        18208.0,
        18208.0,
        18208.0,
        18208.0,
        18208.0,
        18208.0,
        18208.0,
        18208.0,
        18208.0,
        18208.0,
        18208.0,
        18208.0,
        18208.0,
        18208.0,
        18208.0,
        18208.0,
        18208.0,
        18208.0,
        18208.0,
        18208.0,
        18208.0,
        18208.0,
        18208.0,
        18208.0,
        18208.0,
        18208.0,
        18208.0,
        18208.0,
        18208.0,
        18208.0,
        18208.0,
        18208.0,
        18208.0,
        18208.0,
        18208.0,
        18208.0,
        18208.0,
        18208.0,
        18208.0,
        18208.0,
        18208.0,
        18208.0,
        18208.0,
        18208.0,
        18208.0,
        18208.0,
        18208.0,
        18208.0,
        18208.0,
        18208.0,
        18208.0,
        18208.0,
        18208.0,
        18208.0,
        18208.0,
        18208.0,
        18208.0,
        18208.0,
        18208.0,
        18208.0,
        18208.0,
        18208.0,
        18208.0,
        18208.0,
        18208.0,
        18208.0,
        18208.0,
        18208.0,
        18208.0,
        18208.0,
        18208.0,
        18208.0,
        18208.0,
        18208.0,
        18208.0,
        18208.0,
        18208.0,
        18208.0,
        18208.0,
        18208.0,
        18208.0,
        18208.0,
        18208.0,
        18208.0,
        18208.0,
        18208.0,
        18208.0,
        18208.0,
        18208.0,
        18208.0,
        18208.0,
        18208.0,
        18208.0,
        18208.0,
        18208.0,
        18208.0,
        18208.0,
        18208.0,
        18208.0,
        18208.0,
        18208.0,
        18208.0,
        18208.0,
        18208.0,
        18208.0,
        18208.0,
        18208.0,
        18208.0,
        18208.0,
        18208.0,
        18208.0,
        18208.0,
        18208.0,
        18208.0
    ]
}