{
    "elapsed_time": 22.983996391296387,
    "best_objective": 14676.0,
    "neighbors": 14800,
    "best_solution": [
        0,
        3,
        11,
        4,
        9,
        8,
        1,
        2,
        6,
        5,
        7,
        10
    ],
    "average_objectives_list": [
        44257.529411764706,
        30786.84,
        23096.32,
        22266.88,
        21968.16,
        20275.24,
        20171.48,
        20086.8,
        21654.68,
        19833.32,
        19260.76,
        19128.72,
        18615.44,
        19554.4,
        19515.84,
        19848.08,
        20233.92,
        19613.8,
        18875.96,
        19523.48,
        20962.72,
        18080.88,
        19657.16,
        19000.8,
        19072.36,
        17630.92,
        19517.04,
        20507.92,
        19902.56,
        16702.32,
        18848.68,
        18041.4,
        17951.4,
        19167.12,
        20380.36,
        17749.04,
        16881.84,
        18014.48,
        17734.24,
        19244.24,
        23131.36,
        18562.4,
        19962.28,
        17563.36,
        16784.48,
        20177.2,
        20455.36,
        18154.64,
        16874.68,
        18262.04,
        18176.04,
        18590.16,
        18186.04,
        19197.2,
        18860.76,
        18849.36,
        17558.72,
        19023.4,
        18311.44,
        18390.12,
        18316.2,
        17294.2,
        17978.12,
        20826.2,
        18825.48,
        18394.2,
        18838.48,
        18922.92,
        18681.76,
        18936.76,
        17365.44,
        18004.24,
        18982.92,
        18191.12,
        19009.12,
        17084.16,
        18223.16,
        17826.96,
        20087.8,
        17968.52,
        18745.8,
        17595.28,
        20675.32,
        18304.44,
        19716.32,
        17852.04,
        19568.32,
        17861.32,
        18293.16,
        17700.88,
        18796.36,
        17286.92,
        17615.24,
        17564.44,
        17922.48,
        19786.88,
        17454.72,
        16955.12,
        19338.0,
        16711.12,
        18566.8,
        18055.04,
        18528.84,
        19448.52,
        19001.28,
        18675.68,
        20305.52,
        17103.52,
        18760.88,
        18965.92,
        18897.72,
        18664.12,
        17662.24,
        18761.88,
        16629.52,
        16958.12,
        17823.32,
        19107.44,
        19505.56,
        20731.4,
        17634.2,
        17301.52,
        19837.72,
        16564.16,
        19973.4,
        18358.8,
        18953.68,
        18685.24,
        16420.24,
        16934.96,
        17877.04,
        19646.84,
        17836.2,
        17590.36,
        17972.68,
        19459.88,
        19714.92,
        19181.2,
        17979.48,
        17169.44,
        17000.6,
        19286.0,
        17897.16,
        19401.36,
        18659.24,
        18742.32,
        17712.24,
        19096.4,
        17431.64
    ],
    "best_objective_list": [
        23098.0,
        19090.0,
        16732.0,
        16732.0,
        16732.0,
        16732.0,
        16732.0,
        16732.0,
        16732.0,
        16732.0,
        16732.0,
        16732.0,
        16732.0,
        16732.0,
        16732.0,
        16668.0,
        16668.0,
        16668.0,
        16668.0,
        16668.0,
        16668.0,
        14676.0,
        14676.0,
        14676.0,
        14676.0,
        14676.0,
        14676.0,
        14676.0,
        14676.0,
        14676.0,
        14676.0,
        14676.0,
        14676.0,
        14676.0,
        14676.0,
        14676.0,
        14676.0,
        14676.0,
        14676.0,
        14676.0,
        14676.0,
        14676.0,
        14676.0,
        14676.0,
        14676.0,
        14676.0,
        14676.0,
        14676.0,
        14676.0,
        14676.0,
        14676.0,
        14676.0,
        14676.0,
        14676.0,
        14676.0,
        14676.0,
        14676.0,
        14676.0,
        14676.0,
        14676.0,
        14676.0,
        14676.0,
        14676.0,
        14676.0,
        14676.0,
        14676.0,
        14676.0,
        14676.0,
        14676.0,
        14676.0,
        14676.0,
        14676.0,
        14676.0,
        14676.0,
        14676.0,
        14676.0,
        14676.0,
        14676.0,
        14676.0,
        14676.0,
        14676.0,
        14676.0,
        14676.0,
        14676.0,
        14676.0,
        14676.0,
        14676.0,
        14676.0,
        14676.0,
        14676.0,
        14676.0,
        14676.0,
        14676.0,
        14676.0,
        14676.0,
        14676.0,
        14676.0,
        14676.0,
        14676.0,
        14676.0,
        14676.0,
        14676.0,
        14676.0,
        14676.0,
        14676.0,
        14676.0,
        14676.0,
        14676.0,
        14676.0,
        14676.0,
        14676.0,
        14676.0,
        14676.0,
        14676.0,
        14676.0,
        14676.0,
        14676.0,
        14676.0,
        14676.0,
        14676.0,
        14676.0,
        14676.0,
        14676.0,
        14676.0,
        14676.0,
        14676.0,
        14676.0,
        14676.0,
        14676.0,
        14676.0,
        14676.0,
        14676.0,
        14676.0,
        14676.0,
        14676.0,
        14676.0,
        14676.0,
        14676.0,
        14676.0,
        14676.0,
        14676.0,
        14676.0,
        14676.0,
        14676.0,
        14676.0,
        14676.0,
        14676.0,
        14676.0,
        14676.0
    ]
}