{
    "elapsed_time": 23.55966830253601,
    "best_objective": 14384.0,
    "neighbors": 14800,
    "best_solution": [
        4,
        2,
        5,
        6,
        1,
        10,
        0,
        9,
        3,
        7,
        11,
        8
    ],
    "average_objectives_list": [
        47534.1568627451,
        31638.44,
        26765.12,
        23710.64,
        19855.64,
        19054.04,
        19467.6,
        17358.28,
        20078.48,
        21311.88,
        19284.36,
        16846.96,
        20111.84,
        18189.68,
        20672.6,
        19188.72,
        18999.84,
        19337.52,
        20637.12,
        18963.8,
        20552.2,
        19491.8,
        18290.68,
        19377.92,
        17956.32,
        21015.48,
        17262.24,
        19700.6,
        20314.16,
        17526.08,
        19161.52,
        18621.36,
        20553.36,
        18134.92,
        19117.16,
        19663.84,
        20281.64,
        18390.04,
        19781.44,
        20266.12,
        19102.72,
        17028.12,
        17489.88,
        19419.24,
        17597.4,
        16682.72,
        22347.36,
        18998.36,
        18607.08,
        20267.0,
        18149.88,
        17562.16,
        19494.24,
        19492.88,
        19289.96,
        18748.0,
        15902.08,
        17190.8,
        18770.4,
        18746.48,
        19254.16,
        17967.0,
        19987.2,
        16712.68,
        18922.64,
        19548.88,
        19172.84,
        17120.0,
        19552.48,
        17376.0,
        18513.96,
        17977.92,
        18067.16,
        18577.04,
        17912.32,
        17949.84,
        17185.24,
        19290.96,
        19122.76,
        19327.96,
        21077.64,
        18507.2,
        19790.72,
        17952.56,
        16623.88,
        18322.8,
        17525.8,
        18683.48,
        21003.96,
        17139.08,
        18605.52,
        20330.32,
        19559.8,
        19007.6,
        19944.44,
        18480.96,
        18944.6,
        19750.2,
        18317.32,
        17074.28,
        18302.96,
        17744.32,
        18452.68,
        17762.24,
        17562.76,
        20700.32,
        20207.52,
        18988.92,
        17953.04,
        19201.72,
        16146.76,
        18556.64,
        17331.24,
        18998.16,
        17210.68,
        16081.8,
        20301.68,
        19004.56,
        17502.2,
        19509.68,
        17691.68,
        18102.88,
        18918.2,
        16799.4,
        17650.32,
        20150.28,
        18887.2,
        17235.52,
        19177.8,
        17320.0,
        19140.6,
        18708.36,
        20107.8,
        18982.6,
        20141.6,
        19097.8,
        19196.92,
        16513.04,
        18179.4,
        18347.68,
        21084.88,
        16746.16,
        19103.68,
        17800.64,
        16989.72,
        20266.08,
        16969.28,
        19677.4,
        17031.6
    ],
    "best_objective_list": [
        25686.0,
        19918.0,
        19918.0,
        16638.0,
        15392.0,
        15392.0,
        15392.0,
        15392.0,
        14774.0,
        14774.0,
        14774.0,
        14774.0,
        14774.0,
        14774.0,
        14774.0,
        14774.0,
        14774.0,
        14774.0,
        14774.0,
        14774.0,
        14774.0,
        14774.0,
        14774.0,
        14774.0,
        14774.0,
        14774.0,
        14774.0,
        14774.0,
        14774.0,
        14774.0,
        14774.0,
        14774.0,
        14774.0,
        14774.0,
        14774.0,
        14774.0,
        14774.0,
        14774.0,
        14438.0,
        14438.0,
        14438.0,
        14438.0,
        14438.0,
        14438.0,
        14438.0,
        14438.0,
        14438.0,
        14438.0,
        14438.0,
        14438.0,
        14438.0,
        14438.0,
        14438.0,
        14438.0,
        14438.0,
        14438.0,
        14438.0,
        14438.0,
        14438.0,
        14438.0,
        14438.0,
        14438.0,
        14438.0,
        14438.0,
        14438.0,
        14438.0,
        14438.0,
        14438.0,
        14438.0,
        14438.0,
        14438.0,
        14438.0,
        14438.0,
        14438.0,
        14438.0,
        14438.0,
        14438.0,
        14438.0,
        14438.0,
        14438.0,
        14438.0,
        14438.0,
        14438.0,
        14438.0,
        14438.0,
        14438.0,
        14438.0,
        14438.0,
        14438.0,
        14438.0,
        14438.0,
        14438.0,
        14438.0,
        14438.0,
        14438.0,
        14438.0,
        14438.0,
        14438.0,
        14438.0,
        14438.0,
        14438.0,
        14438.0,
        14438.0,
        14438.0,
        14384.0,
        14384.0,
        14384.0,
        14384.0,
        14384.0,
        14384.0,
        14384.0,
        14384.0,
        14384.0,
        14384.0,
        14384.0,
        14384.0,
        14384.0,
        14384.0,
        14384.0,
        14384.0,
        14384.0,
        14384.0,
        14384.0,
        14384.0,
        14384.0,
        14384.0,
        14384.0,
        14384.0,
        14384.0,
        14384.0,
        14384.0,
        14384.0,
        14384.0,
        14384.0,
        14384.0,
        14384.0,
        14384.0,
        14384.0,
        14384.0,
        14384.0,
        14384.0,
        14384.0,
        14384.0,
        14384.0,
        14384.0,
        14384.0,
        14384.0,
        14384.0,
        14384.0
    ]
}