{
    "elapsed_time": 22.99232029914856,
    "best_objective": 10594.0,
    "neighbors": 14800,
    "best_solution": [
        5,
        10,
        4,
        11,
        0,
        9,
        1,
        2,
        6,
        3,
        7,
        8
    ],
    "average_objectives_list": [
        44923.529411764706,
        29748.64,
        25482.32,
        24220.76,
        25348.0,
        25251.4,
        23811.8,
        23409.72,
        21770.24,
        19101.28,
        21480.92,
        21164.64,
        19681.28,
        20292.76,
        22040.32,
        19367.48,
        20973.4,
        17754.28,
        20250.84,
        20168.0,
        18302.36,
        19792.72,
        19238.08,
        19890.44,
        18790.52,
        19355.8,
        19296.28,
        18127.96,
        19247.12,
        19039.68,
        20041.76,
        18183.36,
        19176.36,
        19820.6,
        18055.72,
        20635.6,
        20752.0,
        19022.52,
        20612.64,
        20063.16,
        20727.52,
        17882.6,
        19458.48,
        19333.44,
        18576.16,
        18939.08,
        17746.04,
        21226.52,
        18651.2,
        17615.52,
        18811.48,
        18768.44,
        18378.04,
        18650.04,
        16938.12,
        18690.48,
        19807.92,
        18529.76,
        18329.84,
        18657.64,
        18085.16,
        17957.52,
        19606.92,
        17736.08,
        16909.0,
        18139.88,
        16818.52,
        17948.24,
        17780.32,
        18073.88,
        16903.76,
        17269.04,
        17262.6,
        18092.52,
        21527.52,
        18641.96,
        18186.28,
        20474.32,
        19758.92,
        16985.64,
        18552.2,
        18270.32,
        16963.44,
        16987.24,
        17209.96,
        18043.92,
        19429.8,
        18021.8,
        19576.64,
        18538.16,
        19868.16,
        18973.12,
        17964.92,
        19369.44,
        16827.04,
        18104.32,
        18042.6,
        17104.6,
        14425.88,
        15391.44,
        17958.32,
        15717.52,
        18602.68,
        15995.52,
        16911.4,
        15932.52,
        15976.84,
        17833.44,
        18242.44,
        17732.24,
        18702.72,
        16118.24,
        17025.16,
        16970.24,
        15986.24,
        18909.72,
        18423.36,
        18316.44,
        16991.16,
        18963.4,
        19495.48,
        18887.6,
        16924.0,
        16693.92,
        16578.64,
        16508.24,
        17030.68,
        18799.44,
        16563.56,
        15869.0,
        16415.28,
        17739.48,
        16423.44,
        18223.48,
        17223.72,
        18395.32,
        16134.08,
        17987.04,
        18323.28,
        15518.76,
        17850.16,
        16580.32,
        18118.52,
        16643.12,
        15608.44,
        17963.76,
        21355.88,
        16904.4,
        19584.96
    ],
    "best_objective_list": [
        21484.0,
        21484.0,
        21484.0,
        21484.0,
        21484.0,
        17058.0,
        17058.0,
        17058.0,
        17058.0,
        17058.0,
        15622.0,
        15622.0,
        15622.0,
        15622.0,
        14758.0,
        14758.0,
        14662.0,
        14662.0,
        14662.0,
        14662.0,
        14662.0,
        14662.0,
        14662.0,
        14662.0,
        14662.0,
        14662.0,
        14662.0,
        14662.0,
        14662.0,
        14662.0,
        14662.0,
        14662.0,
        14662.0,
        14662.0,
        14662.0,
        14662.0,
        14662.0,
        14662.0,
        14662.0,
        14662.0,
        14662.0,
        14662.0,
        14662.0,
        14662.0,
        14662.0,
        14662.0,
        14662.0,
        14662.0,
        14662.0,
        14662.0,
        14662.0,
        14662.0,
        14400.0,
        14400.0,
        14400.0,
        14400.0,
        14400.0,
        14400.0,
        14400.0,
        14400.0,
        14400.0,
        14400.0,
        14400.0,
        14400.0,
        14400.0,
        14392.0,
        14392.0,
        14392.0,
        14392.0,
        14392.0,
        14392.0,
        13550.0,
        13550.0,
        13550.0,
        13550.0,
        13550.0,
        13550.0,
        13550.0,
        13550.0,
        13550.0,
        13550.0,
        12906.0,
        12906.0,
        12906.0,
        12906.0,
        12906.0,
        12906.0,
        12906.0,
        11690.0,
        11690.0,
        11690.0,
        11690.0,
        10594.0,
        10594.0,
        10594.0,
        10594.0,
        10594.0,
        10594.0,
        10594.0,
        10594.0,
        10594.0,
        10594.0,
        10594.0,
        10594.0,
        10594.0,
        10594.0,
        10594.0,
        10594.0,
        10594.0,
        10594.0,
        10594.0,
        10594.0,
        10594.0,
        10594.0,
        10594.0,
        10594.0,
        10594.0,
        10594.0,
        10594.0,
        10594.0,
        10594.0,
        10594.0,
        10594.0,
        10594.0,
        10594.0,
        10594.0,
        10594.0,
        10594.0,
        10594.0,
        10594.0,
        10594.0,
        10594.0,
        10594.0,
        10594.0,
        10594.0,
        10594.0,
        10594.0,
        10594.0,
        10594.0,
        10594.0,
        10594.0,
        10594.0,
        10594.0,
        10594.0,
        10594.0,
        10594.0,
        10594.0,
        10594.0,
        10594.0
    ]
}