{
    "elapsed_time": 23.635029792785645,
    "best_objective": 12284.0,
    "neighbors": 14800,
    "best_solution": [
        5,
        3,
        2,
        6,
        7,
        11,
        1,
        4,
        8,
        0,
        9,
        10
    ],
    "average_objectives_list": [
        45755.21568627451,
        31629.84,
        28903.08,
        25558.72,
        24532.8,
        23071.56,
        23380.56,
        20113.8,
        20835.84,
        20410.68,
        19737.32,
        19657.6,
        21243.96,
        20100.64,
        19317.12,
        20802.76,
        17767.36,
        17761.52,
        17941.16,
        16956.24,
        16628.52,
        18171.84,
        18606.96,
        17846.12,
        18016.12,
        17953.88,
        16638.68,
        17999.0,
        16438.28,
        17925.72,
        18805.76,
        16630.72,
        17876.64,
        17647.2,
        17854.36,
        15888.84,
        17656.08,
        17101.12,
        16033.16,
        14992.2,
        15411.16,
        16666.24,
        18480.92,
        17020.68,
        16417.12,
        16581.4,
        17135.28,
        18595.68,
        17510.56,
        16192.6,
        16169.32,
        16106.04,
        14738.28,
        17754.56,
        17643.48,
        18071.08,
        16073.68,
        15488.68,
        16339.28,
        15385.44,
        15988.44,
        17148.48,
        15692.2,
        16853.64,
        16111.48,
        15407.56,
        15682.44,
        18064.28,
        17050.08,
        17328.0,
        16779.36,
        16610.36,
        15586.04,
        16770.96,
        16244.12,
        16424.16,
        15411.6,
        16488.12,
        15807.48,
        16727.04,
        17611.28,
        16080.04,
        16505.32,
        17401.12,
        16491.76,
        16108.6,
        16040.84,
        15967.24,
        17846.24,
        15338.4,
        17619.96,
        16005.96,
        15954.8,
        16290.44,
        15062.48,
        15881.8,
        16455.76,
        17295.04,
        15878.56,
        15817.04,
        15782.32,
        16197.44,
        15784.96,
        15290.64,
        15758.76,
        16243.32,
        16095.48,
        16449.12,
        16481.32,
        16426.84,
        15238.36,
        17004.08,
        16773.92,
        17821.12,
        18006.12,
        16982.2,
        17368.68,
        17841.16,
        16870.68,
        17810.96,
        17945.08,
        17222.88,
        17876.76,
        16683.76,
        17048.72,
        17113.32,
        16486.16,
        17373.24,
        18310.48,
        18377.04,
        17900.88,
        17237.6,
        17219.16,
        16618.52,
        17508.76,
        16749.32,
        18297.92,
        17149.24,
        16997.32,
        18224.32,
        17413.56,
        18386.6,
        16778.12,
        17583.44,
        17208.72,
        17718.04,
        17248.6,
        17715.96,
        17046.84
    ],
    "best_objective_list": [
        27564.0,
        26004.0,
        20534.0,
        20534.0,
        19656.0,
        19470.0,
        19470.0,
        19470.0,
        19470.0,
        19470.0,
        19470.0,
        18750.0,
        18750.0,
        18750.0,
        15826.0,
        15826.0,
        15826.0,
        15826.0,
        15826.0,
        15826.0,
        15826.0,
        15826.0,
        15826.0,
        15826.0,
        15826.0,
        15826.0,
        15826.0,
        15826.0,
        15490.0,
        15490.0,
        15490.0,
        15490.0,
        15490.0,
        15490.0,
        15490.0,
        13630.0,
        13630.0,
        13630.0,
        13630.0,
        13630.0,
        13630.0,
        13630.0,
        13630.0,
        13630.0,
        13630.0,
        13630.0,
        13630.0,
        13630.0,
        13630.0,
        13630.0,
        13630.0,
        13630.0,
        13630.0,
        13630.0,
        13630.0,
        13630.0,
        13630.0,
        13630.0,
        13630.0,
        13630.0,
        13630.0,
        13630.0,
        13630.0,
        13630.0,
        13630.0,
        13630.0,
        13630.0,
        13630.0,
        13630.0,
        13630.0,
        13630.0,
        13630.0,
        13630.0,
        13630.0,
        13630.0,
        13630.0,
        13630.0,
        13630.0,
        13630.0,
        13630.0,
        13630.0,
        13630.0,
        13630.0,
        13630.0,
        13630.0,
        13630.0,
        13630.0,
        13630.0,
        13630.0,
        13630.0,
        13630.0,
        13630.0,
        13630.0,
        13630.0,
        13630.0,
        13630.0,
        13630.0,
        13630.0,
        13630.0,
        13630.0,
        13630.0,
        13630.0,
        13630.0,
        13630.0,
        13630.0,
        13630.0,
        13630.0,
        13630.0,
        13630.0,
        13630.0,
        13630.0,
        12284.0,
        12284.0,
        12284.0,
        12284.0,
        12284.0,
        12284.0,
        12284.0,
        12284.0,
        12284.0,
        12284.0,
        12284.0,
        12284.0,
        12284.0,
        12284.0,
        12284.0,
        12284.0,
        12284.0,
        12284.0,
        12284.0,
        12284.0,
        12284.0,
        12284.0,
        12284.0,
        12284.0,
        12284.0,
        12284.0,
        12284.0,
        12284.0,
        12284.0,
        12284.0,
        12284.0,
        12284.0,
        12284.0,
        12284.0,
        12284.0,
        12284.0,
        12284.0,
        12284.0
    ]
}