{
    "elapsed_time": 23.654977321624756,
    "best_objective": 16240.0,
    "neighbors": 14800,
    "best_solution": [
        0,
        4,
        3,
        2,
        5,
        6,
        1,
        9,
        8,
        7,
        11,
        10
    ],
    "average_objectives_list": [
        44876.470588235294,
        32166.72,
        25930.6,
        25056.76,
        23263.76,
        24467.64,
        22094.92,
        23399.76,
        21272.48,
        21491.48,
        21265.6,
        21537.4,
        20858.84,
        20134.84,
        21002.68,
        20639.96,
        22432.4,
        21162.96,
        20591.8,
        20615.32,
        21703.72,
        20540.76,
        19818.92,
        19852.36,
        19569.4,
        18528.52,
        19410.64,
        19281.36,
        18689.16,
        18064.2,
        19174.6,
        19132.2,
        18981.4,
        19003.08,
        18025.08,
        19239.92,
        18560.16,
        17527.2,
        18129.96,
        19463.8,
        18827.4,
        19425.84,
        18663.36,
        17984.44,
        18868.48,
        18317.8,
        18052.36,
        18933.88,
        18406.88,
        18447.52,
        19097.92,
        19270.6,
        18862.32,
        19316.28,
        18356.32,
        18729.96,
        18102.24,
        18870.64,
        18461.0,
        18804.4,
        18644.68,
        17510.6,
        18878.56,
        19535.72,
        18647.0,
        18283.44,
        19221.08,
        18575.16,
        18992.28,
        18633.16,
        18302.2,
        18836.24,
        18694.6,
        18358.4,
        17363.8,
        18664.24,
        19277.0,
        17997.52,
        18595.88,
        19050.4,
        19432.0,
        17770.28,
        18833.44,
        19492.28,
        18411.32,
        20045.92,
        19225.56,
        18211.16,
        18715.44,
        17886.28,
        18539.6,
        18968.32,
        19461.12,
        18748.84,
        18376.28,
        20118.96,
        18316.6,
        19199.64,
        18911.12,
        18880.24,
        19589.88,
        18054.2,
        18648.68,
        18400.4,
        18070.48,
        18760.12,
        18581.6,
        17934.28,
        18126.88,
        18782.48,
        18405.88,
        19618.16,
        19650.16,
        19056.68,
        19770.44,
        17962.16,
        18165.36,
        19597.68,
        19677.76,
        18293.12,
        17530.56,
        19584.12,
        19694.2,
        18655.48,
        18297.04,
        19063.32,
        18618.84,
        18786.2,
        20451.24,
        19017.32,
        19207.04,
        19806.28,
        19093.4,
        18935.48,
        19274.76,
        20050.0,
        18171.2,
        18721.04,
        18849.64,
        18742.28,
        19038.68,
        19657.24,
        18700.56,
        18714.76,
        19021.32,
        19426.96,
        18725.44,
        18491.04,
        19286.04
    ],
    "best_objective_list": [
        29734.0,
        24142.0,
        23002.0,
        23002.0,
        20522.0,
        20522.0,
        20522.0,
        18806.0,
        18806.0,
        18806.0,
        18806.0,
        18806.0,
        18806.0,
        18806.0,
        18806.0,
        18806.0,
        18570.0,
        18570.0,
        18570.0,
        18570.0,
        16240.0,
        16240.0,
        16240.0,
        16240.0,
        16240.0,
        16240.0,
        16240.0,
        16240.0,
        16240.0,
        16240.0,
        16240.0,
        16240.0,
        16240.0,
        16240.0,
        16240.0,
        16240.0,
        16240.0,
        16240.0,
        16240.0,
        16240.0,
        16240.0,
        16240.0,
        16240.0,
        16240.0,
        16240.0,
        16240.0,
        16240.0,
        16240.0,
        16240.0,
        16240.0,
        16240.0,
        16240.0,
        16240.0,
        16240.0,
        16240.0,
        16240.0,
        16240.0,
        16240.0,
        16240.0,
        16240.0,
        16240.0,
        16240.0,
        16240.0,
        16240.0,
        16240.0,
        16240.0,
        16240.0,
        16240.0,
        16240.0,
        16240.0,
        16240.0,
        16240.0,
        16240.0,
        16240.0,
        16240.0,
        16240.0,
        16240.0,
        16240.0,
        16240.0,
        16240.0,
        16240.0,
        16240.0,
        16240.0,
        16240.0,
        16240.0,
        16240.0,
        16240.0,
        16240.0,
        16240.0,
        16240.0,
        16240.0,
        16240.0,
        16240.0,
        16240.0,
        16240.0,
        16240.0,
        16240.0,
        16240.0,
        16240.0,
        16240.0,
        16240.0,
        16240.0,
        16240.0,
        16240.0,
        16240.0,
        16240.0,
        16240.0,
        16240.0,
        16240.0,
        16240.0,
        16240.0,
        16240.0,
        16240.0,
        16240.0,
        16240.0,
        16240.0,
        16240.0,
        16240.0,
        16240.0,
        16240.0,
        16240.0,
        16240.0,
        16240.0,
        16240.0,
        16240.0,
        16240.0,
        16240.0,
        16240.0,
        16240.0,
        16240.0,
        16240.0,
        16240.0,
        16240.0,
        16240.0,
        16240.0,
        16240.0,
        16240.0,
        16240.0,
        16240.0,
        16240.0,
        16240.0,
        16240.0,
        16240.0,
        16240.0,
        16240.0,
        16240.0,
        16240.0,
        16240.0,
        16240.0
    ]
}