{
    "elapsed_time": 23.3469135761261,
    "best_objective": 13702.0,
    "neighbors": 14800,
    "best_solution": [
        0,
        10,
        3,
        4,
        5,
        9,
        1,
        2,
        8,
        6,
        7,
        11
    ],
    "average_objectives_list": [
        45987.450980392154,
        31973.64,
        27955.48,
        24112.88,
        23275.04,
        23363.48,
        23214.08,
        23628.96,
        23162.44,
        22675.24,
        22894.2,
        23891.08,
        22847.8,
        22879.16,
        23315.0,
        22806.92,
        21872.24,
        22260.28,
        22965.12,
        22146.08,
        23612.08,
        22881.56,
        25127.64,
        22844.0,
        24792.92,
        22252.64,
        22366.4,
        24594.12,
        22679.96,
        23433.08,
        23852.0,
        23076.4,
        22791.4,
        21980.84,
        23919.6,
        23611.16,
        23561.32,
        23291.88,
        23033.56,
        22857.68,
        22835.8,
        22950.84,
        23700.12,
        22782.24,
        22813.44,
        24760.96,
        25530.84,
        23109.64,
        23926.28,
        24034.32,
        25547.68,
        23119.24,
        24106.84,
        24705.4,
        23668.6,
        24174.32,
        26316.76,
        23064.44,
        23201.32,
        24225.36,
        23681.8,
        23444.56,
        24787.0,
        25650.6,
        23873.6,
        25415.96,
        24322.76,
        22091.4,
        23769.24,
        22950.48,
        24349.16,
        21108.48,
        23399.24,
        24060.84,
        23773.52,
        24346.48,
        24970.92,
        23613.24,
        23932.52,
        25996.48,
        23965.56,
        24000.68,
        23985.36,
        25925.56,
        25629.56,
        25566.68,
        25073.84,
        22978.36,
        24676.24,
        24093.16,
        23799.6,
        23446.44,
        25120.04,
        22453.72,
        25300.64,
        25252.72,
        23185.64,
        21597.56,
        24658.72,
        24947.96,
        24152.04,
        24104.36,
        22779.36,
        23506.64,
        23814.2,
        22097.16,
        21693.28,
        21210.68,
        22155.6,
        23068.36,
        22742.48,
        21920.12,
        20503.24,
        18949.04,
        19941.76,
        20216.88,
        23553.76,
        20091.32,
        19005.76,
        19694.72,
        17091.76,
        19487.44,
        17823.44,
        17577.68,
        16827.12,
        17037.16,
        19832.4,
        17793.92,
        19169.36,
        19129.96,
        18849.08,
        17519.76,
        19289.96,
        18253.72,
        18115.88,
        17579.96,
        17624.0,
        19068.4,
        17907.4,
        18680.28,
        18210.16,
        19285.96,
        19026.36,
        18804.8,
        18543.2,
        20951.2,
        18043.52,
        18368.84,
        18282.48
    ],
    "best_objective_list": [
        27914.0,
        23300.0,
        22752.0,
        22752.0,
        22752.0,
        21708.0,
        21708.0,
        21708.0,
        21708.0,
        21708.0,
        21708.0,
        20160.0,
        20000.0,
        20000.0,
        20000.0,
        20000.0,
        20000.0,
        19932.0,
        19932.0,
        19932.0,
        19932.0,
        19932.0,
        19932.0,
        19932.0,
        19932.0,
        19932.0,
        19932.0,
        19932.0,
        19932.0,
        19784.0,
        19784.0,
        19784.0,
        19784.0,
        19784.0,
        19784.0,
        19784.0,
        19784.0,
        19784.0,
        19604.0,
        19604.0,
        19604.0,
        19604.0,
        19604.0,
        19604.0,
        19604.0,
        18242.0,
        18242.0,
        18242.0,
        18242.0,
        18242.0,
        18242.0,
        18242.0,
        18242.0,
        18242.0,
        18242.0,
        18242.0,
        18242.0,
        18242.0,
        18242.0,
        18242.0,
        18242.0,
        18242.0,
        18242.0,
        18242.0,
        18242.0,
        18242.0,
        18242.0,
        18242.0,
        18242.0,
        18242.0,
        18242.0,
        18242.0,
        18242.0,
        18242.0,
        18242.0,
        18242.0,
        18242.0,
        18242.0,
        18242.0,
        18242.0,
        18242.0,
        18242.0,
        18242.0,
        18242.0,
        18242.0,
        18242.0,
        18242.0,
        18242.0,
        18242.0,
        18242.0,
        18242.0,
        18242.0,
        18242.0,
        18242.0,
        18242.0,
        18242.0,
        18242.0,
        18242.0,
        18234.0,
        18234.0,
        18234.0,
        18234.0,
        18234.0,
        18234.0,
        18234.0,
        18234.0,
        18234.0,
        18108.0,
        18108.0,
        18108.0,
        17494.0,
        17494.0,
        17494.0,
        16610.0,
        16610.0,
        16610.0,
        15362.0,
        13702.0,
        13702.0,
        13702.0,
        13702.0,
        13702.0,
        13702.0,
        13702.0,
        13702.0,
        13702.0,
        13702.0,
        13702.0,
        13702.0,
        13702.0,
        13702.0,
        13702.0,
        13702.0,
        13702.0,
        13702.0,
        13702.0,
        13702.0,
        13702.0,
        13702.0,
        13702.0,
        13702.0,
        13702.0,
        13702.0,
        13702.0,
        13702.0,
        13702.0,
        13702.0,
        13702.0,
        13702.0
    ]
}