{
    "elapsed_time": 23.393168926239014,
    "best_objective": 11560.0,
    "neighbors": 14800,
    "best_solution": [
        3,
        6,
        8,
        10,
        5,
        7,
        1,
        4,
        2,
        0,
        9,
        11
    ],
    "average_objectives_list": [
        44527.17647058824,
        32116.44,
        27210.2,
        27633.08,
        25791.6,
        27083.0,
        24816.8,
        23361.4,
        22028.48,
        23550.24,
        24584.52,
        22521.8,
        22532.2,
        23386.12,
        21946.72,
        21520.36,
        18272.64,
        22040.52,
        21256.08,
        18483.6,
        24447.8,
        22495.72,
        15678.36,
        17681.44,
        16115.48,
        18695.8,
        15438.04,
        19048.28,
        15728.4,
        14315.68,
        15076.32,
        14382.72,
        13679.52,
        14968.84,
        16111.36,
        15839.72,
        14821.2,
        15438.0,
        14627.36,
        13848.64,
        16578.4,
        14972.64,
        17503.4,
        14348.36,
        17854.84,
        15245.8,
        15694.0,
        14200.48,
        17288.88,
        17250.56,
        16037.36,
        15417.88,
        15284.68,
        16484.6,
        18683.96,
        15286.96,
        16157.2,
        17029.32,
        15528.16,
        16608.92,
        15209.36,
        17351.76,
        15848.12,
        15569.96,
        17024.88,
        16254.16,
        13241.44,
        13727.92,
        16899.32,
        13960.8,
        15699.8,
        14498.12,
        15090.48,
        14385.24,
        14830.16,
        14042.72,
        14840.84,
        14643.52,
        14672.88,
        14373.36,
        13449.36,
        14542.04,
        15210.76,
        13316.84,
        17044.36,
        15228.24,
        14213.52,
        14110.6,
        15619.08,
        16063.6,
        14882.92,
        14890.68,
        15310.04,
        13553.24,
        14214.96,
        14502.8,
        14401.04,
        13213.24,
        17441.48,
        18823.12,
        14457.28,
        15594.28,
        16346.2,
        14342.12,
        13767.52,
        14947.16,
        17042.36,
        15551.84,
        13219.56,
        14621.52,
        16697.08,
        14297.36,
        13659.68,
        13676.16,
        14983.12,
        12593.16,
        16357.8,
        13014.28,
        16063.04,
        16553.56,
        15455.64,
        14940.6,
        13409.64,
        14940.32,
        13138.2,
        15733.16,
        15641.68,
        17439.04,
        15667.48,
        14256.4,
        13444.96,
        12885.44,
        14581.88,
        16532.04,
        16244.44,
        13789.68,
        13755.08,
        15873.32,
        15899.68,
        15931.04,
        14684.08,
        15364.56,
        14311.0,
        14826.72,
        14816.0,
        16190.04,
        14964.48,
        13339.68,
        14119.96
    ],
    "best_objective_list": [
        23886.0,
        23852.0,
        22594.0,
        22594.0,
        22498.0,
        21684.0,
        21398.0,
        21398.0,
        20718.0,
        20718.0,
        20718.0,
        17430.0,
        17430.0,
        17430.0,
        16770.0,
        16770.0,
        16770.0,
        16770.0,
        16770.0,
        16770.0,
        15452.0,
        15452.0,
        15452.0,
        15452.0,
        13940.0,
        13940.0,
        12492.0,
        12492.0,
        12492.0,
        12492.0,
        12492.0,
        12492.0,
        12492.0,
        12492.0,
        12492.0,
        12492.0,
        12492.0,
        12492.0,
        12492.0,
        12492.0,
        12492.0,
        12492.0,
        12492.0,
        12492.0,
        12492.0,
        12000.0,
        12000.0,
        12000.0,
        12000.0,
        12000.0,
        12000.0,
        12000.0,
        12000.0,
        12000.0,
        12000.0,
        12000.0,
        12000.0,
        12000.0,
        12000.0,
        12000.0,
        11760.0,
        11760.0,
        11760.0,
        11760.0,
        11760.0,
        11760.0,
        11760.0,
        11760.0,
        11760.0,
        11760.0,
        11760.0,
        11760.0,
        11760.0,
        11760.0,
        11760.0,
        11560.0,
        11560.0,
        11560.0,
        11560.0,
        11560.0,
        11560.0,
        11560.0,
        11560.0,
        11560.0,
        11560.0,
        11560.0,
        11560.0,
        11560.0,
        11560.0,
        11560.0,
        11560.0,
        11560.0,
        11560.0,
        11560.0,
        11560.0,
        11560.0,
        11560.0,
        11560.0,
        11560.0,
        11560.0,
        11560.0,
        11560.0,
        11560.0,
        11560.0,
        11560.0,
        11560.0,
        11560.0,
        11560.0,
        11560.0,
        11560.0,
        11560.0,
        11560.0,
        11560.0,
        11560.0,
        11560.0,
        11560.0,
        11560.0,
        11560.0,
        11560.0,
        11560.0,
        11560.0,
        11560.0,
        11560.0,
        11560.0,
        11560.0,
        11560.0,
        11560.0,
        11560.0,
        11560.0,
        11560.0,
        11560.0,
        11560.0,
        11560.0,
        11560.0,
        11560.0,
        11560.0,
        11560.0,
        11560.0,
        11560.0,
        11560.0,
        11560.0,
        11560.0,
        11560.0,
        11560.0,
        11560.0,
        11560.0,
        11560.0,
        11560.0,
        11560.0
    ]
}