{
    "elapsed_time": 23.265242338180542,
    "best_objective": 14512.0,
    "neighbors": 14800,
    "best_solution": [
        5,
        3,
        7,
        9,
        2,
        11,
        1,
        4,
        8,
        0,
        6,
        10
    ],
    "average_objectives_list": [
        42346.549019607846,
        32149.96,
        26550.8,
        25039.08,
        26721.52,
        26866.92,
        24766.44,
        26284.28,
        24774.84,
        23198.4,
        25515.8,
        25437.36,
        24782.36,
        27165.96,
        23612.48,
        25881.68,
        23846.28,
        22658.64,
        26444.4,
        24340.36,
        25086.96,
        26489.36,
        24775.68,
        25585.44,
        23193.44,
        22239.0,
        23603.36,
        25751.52,
        25806.8,
        26113.68,
        26303.24,
        25726.76,
        24244.64,
        25666.48,
        25140.68,
        26363.08,
        22271.96,
        23995.64,
        25696.2,
        25138.12,
        24087.16,
        22376.08,
        22014.76,
        22622.92,
        19570.24,
        22596.88,
        21503.92,
        24095.08,
        21699.2,
        22018.76,
        20072.44,
        20301.6,
        20459.92,
        20267.0,
        22290.28,
        21153.44,
        18470.64,
        21062.84,
        23858.12,
        19994.16,
        19954.72,
        21152.4,
        18206.88,
        21326.68,
        22027.28,
        21930.04,
        22780.72,
        21709.56,
        18514.68,
        21948.32,
        18993.08,
        23093.6,
        21056.32,
        21578.8,
        19357.28,
        21901.52,
        19900.28,
        22761.48,
        20478.56,
        19954.0,
        17393.32,
        18608.0,
        20119.36,
        21381.36,
        21540.88,
        20596.12,
        20223.76,
        19592.04,
        20999.36,
        18081.16,
        21298.2,
        20294.2,
        20262.08,
        20531.48,
        21553.2,
        18115.44,
        21865.92,
        20373.12,
        19987.96,
        20767.52,
        20533.92,
        18419.84,
        22066.36,
        21114.36,
        19508.48,
        20241.92,
        18360.08,
        19182.36,
        19685.72,
        20471.96,
        19804.88,
        22597.76,
        20932.84,
        21394.48,
        19178.68,
        21660.76,
        18079.64,
        17757.36,
        19681.8,
        18866.28,
        21599.92,
        19848.52,
        20281.56,
        20136.6,
        22174.8,
        19941.4,
        22075.92,
        21491.44,
        18241.04,
        20564.2,
        19938.48,
        19925.48,
        17026.36,
        23012.2,
        19650.44,
        21044.84,
        19679.32,
        19939.68,
        19686.8,
        21068.4,
        20121.72,
        19970.32,
        18827.8,
        20655.12,
        21270.96,
        19597.76,
        18590.04,
        22184.12,
        19205.04
    ],
    "best_objective_list": [
        19346.0,
        19346.0,
        19346.0,
        19346.0,
        19346.0,
        19346.0,
        19346.0,
        19346.0,
        19346.0,
        19346.0,
        19346.0,
        19346.0,
        19346.0,
        19346.0,
        19346.0,
        19346.0,
        18354.0,
        18354.0,
        18354.0,
        18354.0,
        18354.0,
        18354.0,
        18354.0,
        18354.0,
        18354.0,
        18354.0,
        18354.0,
        18354.0,
        18354.0,
        18354.0,
        18354.0,
        18354.0,
        18354.0,
        18354.0,
        18354.0,
        18354.0,
        18354.0,
        18354.0,
        18354.0,
        18354.0,
        15792.0,
        15792.0,
        15792.0,
        15792.0,
        15792.0,
        15792.0,
        15792.0,
        15792.0,
        15792.0,
        15792.0,
        15792.0,
        15792.0,
        15792.0,
        15792.0,
        15792.0,
        15792.0,
        15792.0,
        15792.0,
        15792.0,
        15792.0,
        15792.0,
        15792.0,
        15792.0,
        15792.0,
        15792.0,
        15792.0,
        15792.0,
        15792.0,
        15792.0,
        15792.0,
        15792.0,
        15792.0,
        15792.0,
        15792.0,
        15792.0,
        15792.0,
        14512.0,
        14512.0,
        14512.0,
        14512.0,
        14512.0,
        14512.0,
        14512.0,
        14512.0,
        14512.0,
        14512.0,
        14512.0,
        14512.0,
        14512.0,
        14512.0,
        14512.0,
        14512.0,
        14512.0,
        14512.0,
        14512.0,
        14512.0,
        14512.0,
        14512.0,
        14512.0,
        14512.0,
        14512.0,
        14512.0,
        14512.0,
        14512.0,
        14512.0,
        14512.0,
        14512.0,
        14512.0,
        14512.0,
        14512.0,
        14512.0,
        14512.0,
        14512.0,
        14512.0,
        14512.0,
        14512.0,
        14512.0,
        14512.0,
        14512.0,
        14512.0,
        14512.0,
        14512.0,
        14512.0,
        14512.0,
        14512.0,
        14512.0,
        14512.0,
        14512.0,
        14512.0,
        14512.0,
        14512.0,
        14512.0,
        14512.0,
        14512.0,
        14512.0,
        14512.0,
        14512.0,
        14512.0,
        14512.0,
        14512.0,
        14512.0,
        14512.0,
        14512.0,
        14512.0,
        14512.0,
        14512.0,
        14512.0,
        14512.0,
        14512.0
    ]
}