{
    "elapsed_time": 23.7608962059021,
    "best_objective": 14976.0,
    "neighbors": 14800,
    "best_solution": [
        1,
        3,
        4,
        0,
        7,
        11,
        5,
        2,
        8,
        6,
        9,
        10
    ],
    "average_objectives_list": [
        47442.74509803922,
        31172.72,
        24203.36,
        24204.12,
        24207.04,
        23428.44,
        22913.92,
        22959.4,
        23301.72,
        23233.52,
        24749.96,
        23707.6,
        20790.44,
        23688.8,
        22810.92,
        22736.56,
        23330.68,
        21660.12,
        22174.48,
        22069.08,
        22638.64,
        21847.52,
        21518.0,
        21945.8,
        21603.0,
        21171.0,
        21970.36,
        19454.96,
        23301.64,
        23397.48,
        21740.76,
        22736.96,
        22250.24,
        20957.04,
        22661.16,
        20822.12,
        22086.92,
        21477.0,
        21052.4,
        23077.12,
        21937.44,
        22830.16,
        19622.0,
        21433.52,
        21417.16,
        20194.32,
        17859.04,
        18235.48,
        18022.84,
        18108.56,
        17034.92,
        19238.8,
        18121.2,
        18114.0,
        17433.32,
        17609.56,
        18702.0,
        18875.84,
        17010.6,
        18938.16,
        16898.8,
        17669.88,
        18776.32,
        17681.6,
        16648.92,
        19133.44,
        19212.2,
        17826.44,
        18415.12,
        19529.4,
        18788.6,
        18476.72,
        16987.52,
        17871.44,
        17089.52,
        17804.36,
        19328.68,
        18670.2,
        18163.12,
        17818.72,
        16388.04,
        17452.48,
        17804.32,
        17613.84,
        18399.24,
        17298.2,
        17473.52,
        18958.72,
        17257.56,
        18658.04,
        17423.2,
        18189.68,
        18304.76,
        18238.0,
        18859.44,
        19042.44,
        17023.44,
        17299.88,
        16976.6,
        17802.2,
        17723.52,
        17094.16,
        18047.4,
        17415.96,
        18966.4,
        17700.84,
        19875.04,
        16257.04,
        17841.2,
        18567.96,
        17815.44,
        17993.04,
        17014.88,
        17516.04,
        17688.12,
        17168.08,
        19283.36,
        17693.68,
        17546.16,
        18040.8,
        19297.88,
        17182.0,
        16360.8,
        18103.88,
        19463.32,
        17725.76,
        16826.84,
        17845.72,
        18174.52,
        17221.32,
        19209.4,
        17285.04,
        18452.8,
        17683.44,
        18103.4,
        17500.92,
        18373.44,
        18394.96,
        17337.52,
        17120.88,
        18116.92,
        17710.44,
        18495.72,
        18825.92,
        17956.24,
        17996.68,
        17832.96,
        18950.48,
        17494.84
    ],
    "best_objective_list": [
        25548.0,
        19618.0,
        19058.0,
        19058.0,
        19058.0,
        19058.0,
        19058.0,
        19058.0,
        19058.0,
        19058.0,
        19058.0,
        19058.0,
        19058.0,
        19058.0,
        19058.0,
        18164.0,
        18164.0,
        18164.0,
        18164.0,
        18164.0,
        18164.0,
        18164.0,
        18164.0,
        18164.0,
        18164.0,
        18164.0,
        18164.0,
        18164.0,
        18164.0,
        18164.0,
        18164.0,
        18164.0,
        18164.0,
        18164.0,
        18164.0,
        18164.0,
        18164.0,
        18164.0,
        18164.0,
        17514.0,
        17514.0,
        17514.0,
        17514.0,
        17514.0,
        15218.0,
        15218.0,
        15218.0,
        15218.0,
        15218.0,
        15218.0,
        15218.0,
        15218.0,
        15218.0,
        15218.0,
        15218.0,
        15218.0,
        15218.0,
        15218.0,
        15218.0,
        15218.0,
        15218.0,
        15218.0,
        15218.0,
        15218.0,
        15218.0,
        15218.0,
        15218.0,
        15218.0,
        15218.0,
        15218.0,
        15218.0,
        15218.0,
        15218.0,
        14976.0,
        14976.0,
        14976.0,
        14976.0,
        14976.0,
        14976.0,
        14976.0,
        14976.0,
        14976.0,
        14976.0,
        14976.0,
        14976.0,
        14976.0,
        14976.0,
        14976.0,
        14976.0,
        14976.0,
        14976.0,
        14976.0,
        14976.0,
        14976.0,
        14976.0,
        14976.0,
        14976.0,
        14976.0,
        14976.0,
        14976.0,
        14976.0,
        14976.0,
        14976.0,
        14976.0,
        14976.0,
        14976.0,
        14976.0,
        14976.0,
        14976.0,
        14976.0,
        14976.0,
        14976.0,
        14976.0,
        14976.0,
        14976.0,
        14976.0,
        14976.0,
        14976.0,
        14976.0,
        14976.0,
        14976.0,
        14976.0,
        14976.0,
        14976.0,
        14976.0,
        14976.0,
        14976.0,
        14976.0,
        14976.0,
        14976.0,
        14976.0,
        14976.0,
        14976.0,
        14976.0,
        14976.0,
        14976.0,
        14976.0,
        14976.0,
        14976.0,
        14976.0,
        14976.0,
        14976.0,
        14976.0,
        14976.0,
        14976.0,
        14976.0,
        14976.0,
        14976.0,
        14976.0
    ]
}