{
    "elapsed_time": 23.443413257598877,
    "best_objective": 11908.0,
    "neighbors": 14800,
    "best_solution": [
        5,
        3,
        8,
        2,
        10,
        7,
        1,
        4,
        6,
        0,
        9,
        11
    ],
    "average_objectives_list": [
        44136.35294117647,
        31046.96,
        28809.24,
        28024.8,
        26635.32,
        26558.48,
        22458.72,
        22646.96,
        21167.32,
        21844.32,
        25393.4,
        22961.72,
        22422.8,
        21170.32,
        24262.6,
        20243.68,
        21469.88,
        22625.84,
        20667.6,
        22440.36,
        19453.52,
        18384.16,
        15803.44,
        17598.92,
        18500.32,
        15910.92,
        15670.8,
        16096.52,
        15345.08,
        16696.44,
        18551.72,
        18157.96,
        15822.04,
        18151.96,
        15848.08,
        22044.04,
        16432.44,
        16983.56,
        18961.8,
        16726.32,
        17897.36,
        16821.72,
        15855.36,
        17592.64,
        16217.48,
        14961.4,
        15045.84,
        16402.24,
        16677.44,
        16892.88,
        16440.92,
        15929.6,
        18837.08,
        17850.6,
        17619.68,
        17130.52,
        17281.52,
        16859.92,
        17995.96,
        15950.76,
        17383.28,
        15515.52,
        15549.8,
        18461.24,
        16720.76,
        15110.12,
        20131.64,
        15537.04,
        19448.6,
        16483.24,
        16869.64,
        17976.4,
        15896.76,
        17993.44,
        18524.04,
        18971.44,
        15218.44,
        15924.04,
        15090.28,
        16794.2,
        18004.16,
        18354.4,
        16291.32,
        17228.0,
        18878.08,
        16337.68,
        16623.68,
        15588.44,
        15704.88,
        16048.96,
        16745.32,
        15722.88,
        19142.68,
        16602.2,
        17626.64,
        18900.72,
        17496.12,
        14376.84,
        17736.56,
        17275.8,
        18366.2,
        19881.88,
        19850.64,
        21740.6,
        16549.12,
        16616.72,
        19034.56,
        16633.2,
        17869.2,
        16998.64,
        18960.44,
        15764.36,
        19205.72,
        17464.64,
        20919.36,
        20462.0,
        18209.6,
        19488.52,
        17080.08,
        16654.52,
        17306.56,
        18019.32,
        19036.12,
        17607.6,
        16545.48,
        18558.52,
        19492.92,
        14243.8,
        16204.28,
        18036.8,
        16238.28,
        18740.56,
        18573.64,
        20081.92,
        15130.28,
        17105.6,
        18610.6,
        14606.24,
        19647.56,
        15281.04,
        18692.04,
        17176.08,
        14743.28,
        17084.92,
        16134.96,
        17315.6,
        17971.8,
        18117.6,
        16447.0
    ],
    "best_objective_list": [
        23526.0,
        23526.0,
        23526.0,
        23526.0,
        22680.0,
        19422.0,
        19422.0,
        19422.0,
        19422.0,
        19422.0,
        19422.0,
        19422.0,
        19422.0,
        19422.0,
        19422.0,
        19422.0,
        19422.0,
        18188.0,
        17926.0,
        13696.0,
        13696.0,
        13696.0,
        13696.0,
        13696.0,
        13696.0,
        13696.0,
        13696.0,
        13696.0,
        13696.0,
        13696.0,
        13696.0,
        13696.0,
        13696.0,
        13696.0,
        13696.0,
        13696.0,
        13696.0,
        13696.0,
        13696.0,
        13696.0,
        13696.0,
        13696.0,
        13696.0,
        13696.0,
        13696.0,
        13696.0,
        13696.0,
        13696.0,
        13696.0,
        13696.0,
        13696.0,
        12988.0,
        12988.0,
        12988.0,
        12988.0,
        12988.0,
        12988.0,
        12988.0,
        12988.0,
        12988.0,
        12988.0,
        12988.0,
        12988.0,
        12988.0,
        12988.0,
        12988.0,
        12988.0,
        12988.0,
        12988.0,
        12988.0,
        12988.0,
        12988.0,
        12988.0,
        12988.0,
        12908.0,
        12908.0,
        12908.0,
        12908.0,
        12908.0,
        12908.0,
        12908.0,
        12908.0,
        12908.0,
        12908.0,
        12908.0,
        12908.0,
        12908.0,
        11918.0,
        11918.0,
        11918.0,
        11918.0,
        11918.0,
        11918.0,
        11918.0,
        11918.0,
        11918.0,
        11918.0,
        11918.0,
        11918.0,
        11918.0,
        11918.0,
        11918.0,
        11918.0,
        11918.0,
        11918.0,
        11918.0,
        11918.0,
        11918.0,
        11918.0,
        11918.0,
        11918.0,
        11918.0,
        11918.0,
        11918.0,
        11918.0,
        11918.0,
        11918.0,
        11918.0,
        11918.0,
        11918.0,
        11918.0,
        11918.0,
        11918.0,
        11918.0,
        11918.0,
        11908.0,
        11908.0,
        11908.0,
        11908.0,
        11908.0,
        11908.0,
        11908.0,
        11908.0,
        11908.0,
        11908.0,
        11908.0,
        11908.0,
        11908.0,
        11908.0,
        11908.0,
        11908.0,
        11908.0,
        11908.0,
        11908.0,
        11908.0,
        11908.0,
        11908.0,
        11908.0,
        11908.0
    ]
}