{
    "elapsed_time": 24.998164415359497,
    "best_objective": 12968.0,
    "neighbors": 14800,
    "best_solution": [
        0,
        4,
        3,
        2,
        5,
        7,
        1,
        10,
        6,
        8,
        9,
        11
    ],
    "average_objectives_list": [
        44975.64705882353,
        31393.2,
        25535.68,
        20685.24,
        14534.48,
        13940.24,
        13676.0,
        13676.0,
        13676.0,
        13726.96,
        14161.0,
        14921.88,
        13957.44,
        13661.84,
        14318.96,
        13583.28,
        14309.84,
        14419.6,
        13209.92,
        14407.64,
        13619.92,
        13903.88,
        13252.16,
        14377.72,
        13716.56,
        13265.36,
        13713.72,
        13267.28,
        13447.48,
        13280.96,
        17592.48,
        13152.56,
        13679.24,
        13308.28,
        13958.2,
        13180.64,
        13251.2,
        13622.96,
        13265.6,
        14007.6,
        13642.48,
        13251.68,
        13372.96,
        14108.64,
        13322.72,
        18180.16,
        13195.76,
        13392.8,
        13152.56,
        13225.52,
        13352.24,
        13238.52,
        14792.84,
        14063.32,
        14965.04,
        13670.04,
        16181.6,
        13194.56,
        13631.24,
        14985.44,
        13109.6,
        13423.36,
        13432.28,
        13279.76,
        13208.72,
        13688.88,
        14420.88,
        13679.48,
        13207.72,
        13337.36,
        13441.8,
        13266.32,
        13336.16,
        14325.68,
        13461.4,
        13881.44,
        13222.88,
        13758.68,
        13365.44,
        13095.44,
        13439.96,
        13446.12,
        13144.28,
        13237.28,
        13296.12,
        13331.52,
        13182.56,
        13295.84,
        13229.24,
        13266.32,
        13309.28,
        13621.88,
        13437.24,
        13224.56,
        13352.24,
        14339.2,
        13237.76,
        13271.72,
        13786.08,
        13237.56,
        13158.52,
        14212.92,
        13237.76,
        13238.04,
        13166.24,
        13251.92,
        13308.56,
        13410.96,
        13265.84,
        14368.12,
        13259.0,
        13123.76,
        13388.56,
        13762.36,
        13749.64,
        13408.84,
        14505.72,
        14314.6,
        13727.88,
        13222.88,
        13294.88,
        13365.44,
        13173.32,
        13953.24,
        14017.88,
        15259.84,
        14604.88,
        13166.72,
        13917.48,
        13297.56,
        13379.56,
        13237.52,
        13834.64,
        13237.04,
        14046.96,
        14082.2,
        13692.32,
        13265.36,
        14508.2,
        13304.84,
        13753.76,
        13379.36,
        13180.4,
        15087.76,
        14123.56,
        13336.4,
        14980.16,
        13209.44,
        13337.6
    ],
    "best_objective_list": [
        29148.0,
        23724.0,
        14796.0,
        13676.0,
        13676.0,
        13676.0,
        13676.0,
        13676.0,
        13676.0,
        13676.0,
        13676.0,
        13676.0,
        13676.0,
        12968.0,
        12968.0,
        12968.0,
        12968.0,
        12968.0,
        12968.0,
        12968.0,
        12968.0,
        12968.0,
        12968.0,
        12968.0,
        12968.0,
        12968.0,
        12968.0,
        12968.0,
        12968.0,
        12968.0,
        12968.0,
        12968.0,
        12968.0,
        12968.0,
        12968.0,
        12968.0,
        12968.0,
        12968.0,
        12968.0,
        12968.0,
        12968.0,
        12968.0,
        12968.0,
        12968.0,
        12968.0,
        12968.0,
        12968.0,
        12968.0,
        12968.0,
        12968.0,
        12968.0,
        12968.0,
        12968.0,
        12968.0,
        12968.0,
        12968.0,
        12968.0,
        12968.0,
        12968.0,
        12968.0,
        12968.0,
        12968.0,
        12968.0,
        12968.0,
        12968.0,
        12968.0,
        12968.0,
        12968.0,
        12968.0,
        12968.0,
        12968.0,
        12968.0,
        12968.0,
        12968.0,
        12968.0,
        12968.0,
        12968.0,
        12968.0,
        12968.0,
        12968.0,
        12968.0,
        12968.0,
        12968.0,
        12968.0,
        12968.0,
        12968.0,
        12968.0,
        12968.0,
        12968.0,
        12968.0,
        12968.0,
        12968.0,
        12968.0,
        12968.0,
        12968.0,
        12968.0,
        12968.0,
        12968.0,
        12968.0,
        12968.0,
        12968.0,
        12968.0,
        12968.0,
        12968.0,
        12968.0,
        12968.0,
        12968.0,
        12968.0,
        12968.0,
        12968.0,
        12968.0,
        12968.0,
        12968.0,
        12968.0,
        12968.0,
        12968.0,
        12968.0,
        12968.0,
        12968.0,
        12968.0,
        12968.0,
        12968.0,
        12968.0,
        12968.0,
        12968.0,
        12968.0,
        12968.0,
        12968.0,
        12968.0,
        12968.0,
        12968.0,
        12968.0,
        12968.0,
        12968.0,
        12968.0,
        12968.0,
        12968.0,
        12968.0,
        12968.0,
        12968.0,
        12968.0,
        12968.0,
        12968.0,
        12968.0,
        12968.0,
        12968.0,
        12968.0,
        12968.0,
        12968.0
    ]
}