{
    "elapsed_time": 23.09562087059021,
    "best_objective": 11780.0,
    "neighbors": 14800,
    "best_solution": [
        4,
        3,
        2,
        6,
        7,
        11,
        0,
        5,
        8,
        1,
        9,
        10
    ],
    "average_objectives_list": [
        43372.313725490196,
        28145.44,
        22782.64,
        22630.08,
        21858.04,
        20943.68,
        26740.64,
        22386.88,
        22125.36,
        21115.04,
        22584.32,
        22338.96,
        22979.08,
        23442.32,
        21333.68,
        20307.96,
        20833.8,
        20245.44,
        19227.12,
        20099.16,
        19206.0,
        19955.52,
        19367.52,
        19828.64,
        18987.52,
        20617.52,
        21477.92,
        20241.48,
        18714.88,
        21166.28,
        18144.16,
        20416.92,
        19749.64,
        18925.36,
        21898.24,
        21285.48,
        19059.96,
        21859.0,
        19125.04,
        20586.56,
        19888.76,
        19296.48,
        20440.68,
        19174.48,
        19302.08,
        20728.04,
        19317.88,
        18930.32,
        18329.56,
        18711.72,
        20378.24,
        20882.64,
        18412.72,
        18978.12,
        18933.2,
        18401.08,
        20826.04,
        18639.2,
        18753.72,
        19724.2,
        19128.52,
        20389.96,
        20301.52,
        19028.08,
        18673.08,
        17633.96,
        18281.52,
        17333.44,
        16352.8,
        14519.08,
        15342.12,
        17536.52,
        16059.04,
        17270.0,
        16602.56,
        15733.8,
        15880.56,
        16211.44,
        15281.92,
        15813.04,
        16352.04,
        14896.2,
        16330.96,
        17807.6,
        16269.24,
        15460.16,
        16262.76,
        16895.16,
        16226.6,
        15804.2,
        16864.6,
        17480.44,
        16347.04,
        16925.36,
        15665.24,
        15683.36,
        16654.76,
        16435.92,
        15545.72,
        15528.08,
        17028.24,
        14922.56,
        15681.56,
        16516.2,
        18677.48,
        17957.12,
        17468.24,
        16812.64,
        15614.84,
        13755.96,
        18886.56,
        15013.48,
        15708.96,
        16835.96,
        15936.28,
        17114.36,
        14567.4,
        16299.08,
        15620.36,
        16175.84,
        16356.28,
        14955.52,
        16974.8,
        17044.36,
        16170.84,
        17001.8,
        16915.0,
        17583.4,
        16492.04,
        17509.08,
        18848.72,
        16580.08,
        15379.16,
        17237.76,
        17492.08,
        16501.24,
        16616.88,
        15365.56,
        15205.48,
        14598.08,
        16603.32,
        16129.4,
        15227.76,
        16193.56,
        16037.12,
        15287.92,
        16042.04,
        18917.76,
        16777.72
    ],
    "best_objective_list": [
        19014.0,
        19014.0,
        19014.0,
        19014.0,
        19008.0,
        19008.0,
        19008.0,
        19008.0,
        19008.0,
        19008.0,
        19008.0,
        19008.0,
        18572.0,
        18572.0,
        16864.0,
        16864.0,
        16864.0,
        16864.0,
        16864.0,
        16864.0,
        16864.0,
        16864.0,
        16864.0,
        16864.0,
        16864.0,
        16864.0,
        16864.0,
        16864.0,
        16864.0,
        16864.0,
        16864.0,
        16864.0,
        16864.0,
        16864.0,
        16864.0,
        16864.0,
        16864.0,
        16864.0,
        16382.0,
        16382.0,
        16382.0,
        16382.0,
        16382.0,
        16382.0,
        16382.0,
        16382.0,
        16382.0,
        16382.0,
        16382.0,
        16382.0,
        16382.0,
        16382.0,
        16382.0,
        16382.0,
        16382.0,
        16382.0,
        16382.0,
        16382.0,
        16382.0,
        16382.0,
        16382.0,
        16382.0,
        16382.0,
        15464.0,
        15464.0,
        15464.0,
        11780.0,
        11780.0,
        11780.0,
        11780.0,
        11780.0,
        11780.0,
        11780.0,
        11780.0,
        11780.0,
        11780.0,
        11780.0,
        11780.0,
        11780.0,
        11780.0,
        11780.0,
        11780.0,
        11780.0,
        11780.0,
        11780.0,
        11780.0,
        11780.0,
        11780.0,
        11780.0,
        11780.0,
        11780.0,
        11780.0,
        11780.0,
        11780.0,
        11780.0,
        11780.0,
        11780.0,
        11780.0,
        11780.0,
        11780.0,
        11780.0,
        11780.0,
        11780.0,
        11780.0,
        11780.0,
        11780.0,
        11780.0,
        11780.0,
        11780.0,
        11780.0,
        11780.0,
        11780.0,
        11780.0,
        11780.0,
        11780.0,
        11780.0,
        11780.0,
        11780.0,
        11780.0,
        11780.0,
        11780.0,
        11780.0,
        11780.0,
        11780.0,
        11780.0,
        11780.0,
        11780.0,
        11780.0,
        11780.0,
        11780.0,
        11780.0,
        11780.0,
        11780.0,
        11780.0,
        11780.0,
        11780.0,
        11780.0,
        11780.0,
        11780.0,
        11780.0,
        11780.0,
        11780.0,
        11780.0,
        11780.0,
        11780.0,
        11780.0,
        11780.0,
        11780.0,
        11780.0
    ]
}