{
    "elapsed_time": 23.28512668609619,
    "best_objective": 12968.0,
    "neighbors": 14800,
    "best_solution": [
        0,
        4,
        3,
        2,
        5,
        7,
        1,
        10,
        6,
        8,
        9,
        11
    ],
    "average_objectives_list": [
        46217.80392156863,
        29057.24,
        22196.36,
        20892.16,
        20648.08,
        20854.2,
        19441.12,
        20182.56,
        20156.72,
        20236.72,
        19831.96,
        19112.08,
        19050.48,
        21192.72,
        18409.72,
        19603.04,
        18492.08,
        19360.4,
        20806.92,
        19127.88,
        20444.84,
        18105.24,
        20488.28,
        19069.72,
        19839.16,
        19332.56,
        18979.72,
        18637.28,
        21147.2,
        17611.2,
        19096.32,
        16579.56,
        19238.56,
        17651.44,
        17564.6,
        17213.32,
        17139.84,
        18690.08,
        16999.0,
        15897.2,
        15472.76,
        17057.04,
        15765.28,
        17119.12,
        17103.64,
        17167.8,
        17768.08,
        13708.12,
        13676.0,
        14941.48,
        13676.0,
        13676.0,
        14511.0,
        13676.0,
        13676.0,
        13716.16,
        13661.84,
        13807.72,
        14175.96,
        13307.84,
        13517.96,
        13223.84,
        13802.72,
        13364.52,
        16028.28,
        13915.32,
        14063.92,
        13265.6,
        14410.88,
        14005.84,
        14217.08,
        13237.04,
        13307.84,
        13280.72,
        13715.36,
        14697.6,
        13486.68,
        13323.2,
        13770.52,
        13266.32,
        14929.88,
        13322.24,
        13427.72,
        13428.64,
        13222.88,
        13237.04,
        14869.04,
        13944.68,
        14123.32,
        15465.88,
        15319.2,
        13196.0,
        14300.76,
        13364.48,
        13351.04,
        13734.44,
        13548.96,
        14404.16,
        14334.12,
        13891.68,
        13425.48,
        13280.0,
        13224.8,
        15392.56,
        13279.52,
        13309.28,
        13298.88,
        13296.32,
        13199.8,
        13844.76,
        13276.08,
        13181.12,
        13158.44,
        13583.04,
        13279.52,
        13338.8,
        13180.4,
        17882.64,
        13180.64,
        13552.2,
        13722.76,
        14118.96,
        13123.76,
        13323.68,
        13281.2,
        13976.96,
        13194.56,
        13224.32,
        13346.2,
        17767.2,
        13430.8,
        13584.32,
        13924.8,
        13267.28,
        13234.28,
        13366.2,
        13334.76,
        14367.0,
        14055.16,
        13265.36,
        13252.4,
        13508.88,
        13222.88,
        13194.56,
        14077.44,
        13293.92,
        13272.44,
        13293.68,
        14416.16
    ],
    "best_objective_list": [
        25516.0,
        21052.0,
        21052.0,
        18308.0,
        18308.0,
        18308.0,
        18308.0,
        18308.0,
        18308.0,
        18308.0,
        18308.0,
        18308.0,
        17448.0,
        17448.0,
        17448.0,
        17448.0,
        17448.0,
        17448.0,
        17448.0,
        17448.0,
        17448.0,
        17448.0,
        17448.0,
        17448.0,
        17448.0,
        16776.0,
        16026.0,
        15832.0,
        15832.0,
        15832.0,
        15832.0,
        15832.0,
        15832.0,
        15832.0,
        15260.0,
        15260.0,
        15260.0,
        15260.0,
        15260.0,
        15260.0,
        15260.0,
        15260.0,
        15260.0,
        14752.0,
        14752.0,
        13676.0,
        13676.0,
        13676.0,
        13676.0,
        13676.0,
        13676.0,
        13676.0,
        13676.0,
        13676.0,
        13676.0,
        13676.0,
        12968.0,
        12968.0,
        12968.0,
        12968.0,
        12968.0,
        12968.0,
        12968.0,
        12968.0,
        12968.0,
        12968.0,
        12968.0,
        12968.0,
        12968.0,
        12968.0,
        12968.0,
        12968.0,
        12968.0,
        12968.0,
        12968.0,
        12968.0,
        12968.0,
        12968.0,
        12968.0,
        12968.0,
        12968.0,
        12968.0,
        12968.0,
        12968.0,
        12968.0,
        12968.0,
        12968.0,
        12968.0,
        12968.0,
        12968.0,
        12968.0,
        12968.0,
        12968.0,
        12968.0,
        12968.0,
        12968.0,
        12968.0,
        12968.0,
        12968.0,
        12968.0,
        12968.0,
        12968.0,
        12968.0,
        12968.0,
        12968.0,
        12968.0,
        12968.0,
        12968.0,
        12968.0,
        12968.0,
        12968.0,
        12968.0,
        12968.0,
        12968.0,
        12968.0,
        12968.0,
        12968.0,
        12968.0,
        12968.0,
        12968.0,
        12968.0,
        12968.0,
        12968.0,
        12968.0,
        12968.0,
        12968.0,
        12968.0,
        12968.0,
        12968.0,
        12968.0,
        12968.0,
        12968.0,
        12968.0,
        12968.0,
        12968.0,
        12968.0,
        12968.0,
        12968.0,
        12968.0,
        12968.0,
        12968.0,
        12968.0,
        12968.0,
        12968.0,
        12968.0,
        12968.0,
        12968.0,
        12968.0,
        12968.0
    ]
}