{
    "elapsed_time": 22.873777866363525,
    "best_objective": 11760.0,
    "neighbors": 14800,
    "best_solution": [
        4,
        6,
        8,
        10,
        5,
        7,
        1,
        3,
        2,
        0,
        9,
        11
    ],
    "average_objectives_list": [
        45040.78431372549,
        29705.56,
        24673.52,
        23587.6,
        21024.96,
        20927.76,
        20217.08,
        22863.0,
        21465.72,
        20441.0,
        21057.96,
        20196.88,
        19109.32,
        19915.28,
        19858.2,
        21175.8,
        20165.88,
        19515.8,
        19781.08,
        19823.48,
        19943.12,
        19387.96,
        19027.28,
        17142.12,
        18405.28,
        18433.4,
        17376.72,
        18504.88,
        16755.32,
        19232.72,
        19556.16,
        18659.04,
        18891.84,
        18378.2,
        20738.08,
        18284.88,
        17479.68,
        18534.28,
        19173.48,
        19476.04,
        19488.44,
        17258.28,
        18209.88,
        17487.96,
        18236.4,
        18511.48,
        18868.2,
        20240.08,
        17804.96,
        19688.32,
        19926.4,
        16972.28,
        17389.56,
        19884.6,
        17753.76,
        17937.04,
        17971.04,
        19659.92,
        19624.68,
        18307.36,
        18830.92,
        19603.68,
        18487.8,
        17926.6,
        18855.52,
        18933.4,
        18952.92,
        18466.72,
        19393.2,
        18640.36,
        19425.24,
        18072.28,
        17545.96,
        17468.56,
        17011.72,
        19453.72,
        14979.48,
        15551.96,
        14914.56,
        15846.8,
        16561.8,
        15111.72,
        14707.72,
        15562.96,
        16795.12,
        15158.88,
        13257.0,
        15633.68,
        16790.4,
        17204.08,
        14349.56,
        16332.96,
        14314.96,
        15955.76,
        14134.0,
        17617.84,
        16394.16,
        15251.08,
        16355.24,
        16727.56,
        17107.92,
        16889.96,
        15934.92,
        15374.2,
        17548.04,
        18173.32,
        15920.72,
        17756.32,
        16966.28,
        15801.72,
        15041.24,
        18158.64,
        15734.88,
        17074.52,
        15733.8,
        15589.84,
        15539.08,
        13970.92,
        15470.48,
        13880.52,
        18906.12,
        15999.52,
        14879.28,
        16052.96,
        15691.56,
        15257.32,
        16674.04,
        14276.6,
        16084.0,
        15309.64,
        14263.2,
        17276.84,
        15775.4,
        18716.0,
        15962.08,
        15949.36,
        14970.24,
        15509.28,
        15203.4,
        14509.36,
        16060.8,
        15788.84,
        15777.64,
        15271.96,
        14605.72,
        16229.28,
        16095.16,
        17101.48,
        16623.04
    ],
    "best_objective_list": [
        25808.0,
        22110.0,
        18218.0,
        18218.0,
        18218.0,
        18048.0,
        18048.0,
        18048.0,
        17640.0,
        17640.0,
        17640.0,
        17640.0,
        17640.0,
        17640.0,
        17036.0,
        17036.0,
        17036.0,
        16276.0,
        15840.0,
        13912.0,
        13912.0,
        13912.0,
        13912.0,
        13912.0,
        13912.0,
        13912.0,
        13912.0,
        13912.0,
        13912.0,
        13912.0,
        13912.0,
        13912.0,
        13912.0,
        13912.0,
        13912.0,
        13912.0,
        13912.0,
        13912.0,
        13912.0,
        13912.0,
        13912.0,
        13912.0,
        13912.0,
        13912.0,
        13912.0,
        13912.0,
        13912.0,
        13912.0,
        13912.0,
        13912.0,
        13912.0,
        13912.0,
        13912.0,
        13912.0,
        13912.0,
        13912.0,
        13912.0,
        13912.0,
        13912.0,
        13912.0,
        13912.0,
        13912.0,
        13912.0,
        13912.0,
        13912.0,
        13912.0,
        13912.0,
        13912.0,
        13912.0,
        13912.0,
        13912.0,
        13912.0,
        13912.0,
        12492.0,
        12492.0,
        12492.0,
        12492.0,
        12492.0,
        12492.0,
        12492.0,
        12492.0,
        12492.0,
        12492.0,
        12492.0,
        12492.0,
        12492.0,
        12492.0,
        12492.0,
        12492.0,
        12492.0,
        12492.0,
        12492.0,
        12492.0,
        12492.0,
        12000.0,
        12000.0,
        12000.0,
        12000.0,
        12000.0,
        12000.0,
        12000.0,
        12000.0,
        12000.0,
        12000.0,
        12000.0,
        12000.0,
        12000.0,
        12000.0,
        12000.0,
        11760.0,
        11760.0,
        11760.0,
        11760.0,
        11760.0,
        11760.0,
        11760.0,
        11760.0,
        11760.0,
        11760.0,
        11760.0,
        11760.0,
        11760.0,
        11760.0,
        11760.0,
        11760.0,
        11760.0,
        11760.0,
        11760.0,
        11760.0,
        11760.0,
        11760.0,
        11760.0,
        11760.0,
        11760.0,
        11760.0,
        11760.0,
        11760.0,
        11760.0,
        11760.0,
        11760.0,
        11760.0,
        11760.0,
        11760.0,
        11760.0,
        11760.0,
        11760.0,
        11760.0,
        11760.0,
        11760.0
    ]
}