{
    "elapsed_time": 23.49158215522766,
    "best_objective": 10746.0,
    "neighbors": 14800,
    "best_solution": [
        3,
        10,
        5,
        8,
        1,
        7,
        0,
        11,
        6,
        4,
        9,
        2
    ],
    "average_objectives_list": [
        44602.27450980392,
        31360.0,
        24829.8,
        25807.6,
        24555.52,
        21406.76,
        20283.56,
        17325.2,
        19310.2,
        17787.32,
        18054.84,
        18610.88,
        18348.24,
        16974.32,
        14735.24,
        15012.72,
        16051.52,
        15427.64,
        19700.2,
        15364.68,
        14364.48,
        18576.32,
        17473.16,
        18451.16,
        19001.56,
        18733.76,
        16937.68,
        15141.0,
        18746.48,
        16662.88,
        13957.2,
        16739.36,
        19030.8,
        18192.16,
        18528.32,
        14141.96,
        15994.32,
        14946.04,
        19170.52,
        21638.52,
        15603.36,
        15718.32,
        16975.56,
        15484.2,
        18192.6,
        15282.48,
        16369.16,
        17085.52,
        16450.36,
        16577.36,
        18622.72,
        18830.4,
        16211.96,
        17498.28,
        16859.72,
        16364.44,
        14354.16,
        16086.72,
        14720.64,
        19713.32,
        16406.28,
        15473.88,
        16367.84,
        19375.8,
        15568.68,
        17711.88,
        18623.2,
        15983.44,
        18078.72,
        17358.44,
        16679.6,
        17914.16,
        15138.2,
        15780.12,
        19279.52,
        16100.2,
        15108.64,
        18643.32,
        16802.92,
        18757.12,
        16332.88,
        16235.76,
        13767.44,
        14943.96,
        16302.4,
        15137.8,
        14574.92,
        18704.04,
        16231.24,
        15754.2,
        17738.96,
        14736.08,
        16278.0,
        16761.24,
        15041.92,
        16999.6,
        18216.32,
        14938.92,
        17456.8,
        18148.44,
        17226.68,
        16927.24,
        16375.44,
        15436.28,
        14657.88,
        15860.24,
        13659.96,
        14886.12,
        16235.84,
        16268.4,
        14297.84,
        14406.88,
        17676.32,
        14572.6,
        17222.56,
        17508.0,
        15123.16,
        14939.96,
        19127.68,
        18592.32,
        16068.2,
        14334.72,
        13308.64,
        17756.4,
        15211.28,
        17266.84,
        13696.88,
        15050.08,
        14283.92,
        15732.0,
        17670.52,
        15903.48,
        16260.68,
        16601.76,
        14414.48,
        15138.36,
        13341.52,
        14554.16,
        16059.8,
        15278.6,
        15873.92,
        16406.16,
        14583.36,
        16267.44,
        16759.8,
        17877.28,
        15975.44,
        16337.48,
        17417.6
    ],
    "best_objective_list": [
        29288.0,
        20604.0,
        19288.0,
        17856.0,
        17768.0,
        17660.0,
        15334.0,
        15334.0,
        12668.0,
        12668.0,
        12668.0,
        12668.0,
        12668.0,
        12654.0,
        12374.0,
        12374.0,
        12374.0,
        12374.0,
        12374.0,
        12374.0,
        12374.0,
        12374.0,
        12374.0,
        12374.0,
        12374.0,
        12374.0,
        12374.0,
        12374.0,
        12374.0,
        12374.0,
        12374.0,
        12374.0,
        12374.0,
        12374.0,
        12374.0,
        12374.0,
        11842.0,
        11842.0,
        11842.0,
        11842.0,
        11190.0,
        11190.0,
        11190.0,
        11190.0,
        11190.0,
        11190.0,
        11190.0,
        11190.0,
        11190.0,
        11190.0,
        11190.0,
        11190.0,
        11190.0,
        11190.0,
        11190.0,
        11190.0,
        11190.0,
        11190.0,
        11190.0,
        11190.0,
        11190.0,
        11190.0,
        11190.0,
        11190.0,
        11190.0,
        11190.0,
        11190.0,
        11190.0,
        11190.0,
        11190.0,
        11190.0,
        11190.0,
        11190.0,
        11190.0,
        11190.0,
        11190.0,
        11190.0,
        11190.0,
        11190.0,
        11190.0,
        11190.0,
        11190.0,
        11190.0,
        11190.0,
        11190.0,
        11190.0,
        11190.0,
        11190.0,
        11190.0,
        11190.0,
        11190.0,
        11190.0,
        11190.0,
        11190.0,
        11190.0,
        11190.0,
        11190.0,
        11190.0,
        11190.0,
        11190.0,
        11190.0,
        11190.0,
        11190.0,
        11190.0,
        11190.0,
        11190.0,
        11190.0,
        11190.0,
        11190.0,
        11190.0,
        11190.0,
        11190.0,
        11190.0,
        11190.0,
        11190.0,
        11190.0,
        11190.0,
        11190.0,
        11190.0,
        11190.0,
        11190.0,
        11190.0,
        11190.0,
        11190.0,
        11190.0,
        11190.0,
        11190.0,
        11190.0,
        11190.0,
        11190.0,
        11190.0,
        11190.0,
        11190.0,
        11190.0,
        11190.0,
        11190.0,
        11190.0,
        10746.0,
        10746.0,
        10746.0,
        10746.0,
        10746.0,
        10746.0,
        10746.0,
        10746.0,
        10746.0,
        10746.0,
        10746.0,
        10746.0
    ]
}