{
    "elapsed_time": 23.32467222213745,
    "best_objective": 12968.0,
    "neighbors": 14800,
    "best_solution": [
        0,
        4,
        3,
        2,
        5,
        7,
        1,
        10,
        6,
        8,
        9,
        11
    ],
    "average_objectives_list": [
        44897.80392156863,
        32381.44,
        27683.12,
        25697.96,
        25114.56,
        25782.6,
        25683.8,
        24418.08,
        24030.0,
        23160.0,
        24925.24,
        21650.52,
        22576.44,
        21534.28,
        21593.08,
        22570.72,
        22623.44,
        21907.28,
        22264.96,
        23118.2,
        22248.84,
        21694.64,
        24301.12,
        21571.64,
        23929.44,
        24330.24,
        23402.16,
        24117.64,
        22320.44,
        21545.48,
        20701.76,
        20176.84,
        22898.24,
        24707.92,
        22424.4,
        22275.16,
        19326.92,
        19948.6,
        18265.32,
        20874.44,
        16354.76,
        16929.2,
        17148.28,
        15871.8,
        17176.08,
        19342.56,
        15803.24,
        14361.56,
        14363.44,
        13676.0,
        13828.0,
        14689.72,
        13676.0,
        13676.0,
        15578.8,
        13736.52,
        13704.4,
        14369.12,
        13676.0,
        14085.08,
        16269.8,
        13562.72,
        13989.68,
        13381.08,
        13282.16,
        14493.16,
        13238.48,
        13336.88,
        13266.56,
        13222.88,
        13268.48,
        13647.56,
        13208.72,
        13166.24,
        14649.48,
        15121.16,
        13265.84,
        15222.16,
        13266.32,
        16120.16,
        13266.08,
        13323.2,
        13737.08,
        13320.84,
        13223.84,
        13336.16,
        13166.24,
        13038.8,
        14041.32,
        13237.04,
        13747.72,
        13543.04,
        13328.36,
        13853.8,
        13632.28,
        15708.68,
        13369.72,
        13517.76,
        13180.4,
        13481.04,
        13322.96,
        13223.4,
        14285.48,
        15879.52,
        13310.48,
        13251.68,
        13314.2,
        13251.2,
        14192.44,
        14436.72,
        13561.56,
        13339.12,
        13237.04,
        13549.96,
        13446.16,
        13323.68,
        16623.0,
        13238.48,
        13614.32,
        13835.84,
        13081.52,
        13137.92,
        13279.52,
        14869.64,
        14414.12,
        13195.08,
        13885.84,
        13323.2,
        13295.6,
        13675.32,
        13187.28,
        14359.92,
        13336.16,
        13873.76,
        13638.0,
        14962.0,
        13538.68,
        13194.56,
        13468.24,
        13762.04,
        13434.72,
        13367.56,
        13323.2,
        14463.96,
        13598.72,
        13399.56,
        13194.8,
        14845.84,
        13658.04
    ],
    "best_objective_list": [
        25404.0,
        24594.0,
        24594.0,
        24594.0,
        24172.0,
        24172.0,
        23574.0,
        21632.0,
        21632.0,
        18304.0,
        18304.0,
        18304.0,
        18304.0,
        18304.0,
        18304.0,
        18304.0,
        18304.0,
        18304.0,
        18304.0,
        18304.0,
        18304.0,
        18304.0,
        18304.0,
        18304.0,
        18304.0,
        18304.0,
        17314.0,
        17314.0,
        17314.0,
        17314.0,
        17314.0,
        17314.0,
        17314.0,
        17314.0,
        17314.0,
        16668.0,
        16668.0,
        14698.0,
        14698.0,
        14698.0,
        14698.0,
        14698.0,
        14698.0,
        14698.0,
        14698.0,
        14698.0,
        13676.0,
        13676.0,
        13676.0,
        13676.0,
        13676.0,
        13676.0,
        13676.0,
        13676.0,
        13676.0,
        13676.0,
        13676.0,
        13676.0,
        13676.0,
        13676.0,
        12968.0,
        12968.0,
        12968.0,
        12968.0,
        12968.0,
        12968.0,
        12968.0,
        12968.0,
        12968.0,
        12968.0,
        12968.0,
        12968.0,
        12968.0,
        12968.0,
        12968.0,
        12968.0,
        12968.0,
        12968.0,
        12968.0,
        12968.0,
        12968.0,
        12968.0,
        12968.0,
        12968.0,
        12968.0,
        12968.0,
        12968.0,
        12968.0,
        12968.0,
        12968.0,
        12968.0,
        12968.0,
        12968.0,
        12968.0,
        12968.0,
        12968.0,
        12968.0,
        12968.0,
        12968.0,
        12968.0,
        12968.0,
        12968.0,
        12968.0,
        12968.0,
        12968.0,
        12968.0,
        12968.0,
        12968.0,
        12968.0,
        12968.0,
        12968.0,
        12968.0,
        12968.0,
        12968.0,
        12968.0,
        12968.0,
        12968.0,
        12968.0,
        12968.0,
        12968.0,
        12968.0,
        12968.0,
        12968.0,
        12968.0,
        12968.0,
        12968.0,
        12968.0,
        12968.0,
        12968.0,
        12968.0,
        12968.0,
        12968.0,
        12968.0,
        12968.0,
        12968.0,
        12968.0,
        12968.0,
        12968.0,
        12968.0,
        12968.0,
        12968.0,
        12968.0,
        12968.0,
        12968.0,
        12968.0,
        12968.0,
        12968.0,
        12968.0,
        12968.0
    ]
}