{
    "elapsed_time": 23.27102828025818,
    "best_objective": 16240.0,
    "neighbors": 14800,
    "best_solution": [
        0,
        4,
        3,
        2,
        5,
        6,
        1,
        9,
        8,
        7,
        11,
        10
    ],
    "average_objectives_list": [
        46748.82352941176,
        29998.2,
        22970.64,
        20031.4,
        20227.76,
        18774.84,
        18276.8,
        18878.64,
        18238.92,
        18583.24,
        18388.12,
        19053.12,
        18411.2,
        17912.8,
        19162.32,
        18279.6,
        18259.56,
        18800.16,
        18444.04,
        19260.88,
        18800.88,
        18132.92,
        18985.04,
        19743.16,
        18653.4,
        18331.88,
        19597.52,
        18275.72,
        19163.68,
        18985.76,
        19656.92,
        19864.92,
        19892.68,
        18304.16,
        19086.84,
        18781.84,
        18622.12,
        19044.08,
        18328.28,
        19207.48,
        18912.04,
        19220.6,
        19334.24,
        18749.4,
        18964.24,
        18584.24,
        18244.68,
        19583.92,
        18157.6,
        18870.56,
        18272.28,
        19368.12,
        18330.48,
        18599.4,
        18861.28,
        18958.28,
        19979.12,
        18207.92,
        18863.56,
        18871.84,
        18178.44,
        18747.36,
        18409.92,
        19655.88,
        18986.76,
        19001.52,
        17886.04,
        19049.36,
        18931.72,
        19080.36,
        18633.84,
        18018.28,
        18161.2,
        18421.64,
        19797.76,
        18114.08,
        18644.64,
        18836.76,
        19416.52,
        18210.6,
        18648.72,
        19171.0,
        19796.92,
        19550.56,
        19438.52,
        19463.2,
        18759.0,
        18324.68,
        18782.12,
        18837.64,
        18626.88,
        18298.8,
        18756.16,
        19117.0,
        18884.2,
        19004.76,
        19192.68,
        18459.12,
        18548.44,
        18865.64,
        18677.84,
        18108.68,
        18574.16,
        17904.56,
        17530.16,
        19599.88,
        19912.08,
        18696.6,
        19597.44,
        19003.36,
        18736.4,
        18864.24,
        20230.0,
        19123.68,
        19744.2,
        18880.84,
        18871.68,
        18366.2,
        19300.56,
        18888.4,
        18353.04,
        19912.6,
        18260.04,
        18667.0,
        19611.2,
        18911.92,
        18529.2,
        18871.28,
        18667.4,
        18272.8,
        18243.92,
        20387.76,
        18848.96,
        17962.72,
        19535.52,
        18644.76,
        19978.64,
        18333.84,
        18815.92,
        18873.52,
        19185.8,
        18001.4,
        20616.76,
        18962.28,
        21163.88,
        19135.96,
        19400.56,
        18030.48,
        18711.68
    ],
    "best_objective_list": [
        21812.0,
        18978.0,
        18208.0,
        18208.0,
        17374.0,
        17374.0,
        17374.0,
        17374.0,
        17374.0,
        17374.0,
        17374.0,
        17374.0,
        17374.0,
        17374.0,
        17374.0,
        17374.0,
        17374.0,
        17374.0,
        17374.0,
        17374.0,
        17374.0,
        17374.0,
        16240.0,
        16240.0,
        16240.0,
        16240.0,
        16240.0,
        16240.0,
        16240.0,
        16240.0,
        16240.0,
        16240.0,
        16240.0,
        16240.0,
        16240.0,
        16240.0,
        16240.0,
        16240.0,
        16240.0,
        16240.0,
        16240.0,
        16240.0,
        16240.0,
        16240.0,
        16240.0,
        16240.0,
        16240.0,
        16240.0,
        16240.0,
        16240.0,
        16240.0,
        16240.0,
        16240.0,
        16240.0,
        16240.0,
        16240.0,
        16240.0,
        16240.0,
        16240.0,
        16240.0,
        16240.0,
        16240.0,
        16240.0,
        16240.0,
        16240.0,
        16240.0,
        16240.0,
        16240.0,
        16240.0,
        16240.0,
        16240.0,
        16240.0,
        16240.0,
        16240.0,
        16240.0,
        16240.0,
        16240.0,
        16240.0,
        16240.0,
        16240.0,
        16240.0,
        16240.0,
        16240.0,
        16240.0,
        16240.0,
        16240.0,
        16240.0,
        16240.0,
        16240.0,
        16240.0,
        16240.0,
        16240.0,
        16240.0,
        16240.0,
        16240.0,
        16240.0,
        16240.0,
        16240.0,
        16240.0,
        16240.0,
        16240.0,
        16240.0,
        16240.0,
        16240.0,
        16240.0,
        16240.0,
        16240.0,
        16240.0,
        16240.0,
        16240.0,
        16240.0,
        16240.0,
        16240.0,
        16240.0,
        16240.0,
        16240.0,
        16240.0,
        16240.0,
        16240.0,
        16240.0,
        16240.0,
        16240.0,
        16240.0,
        16240.0,
        16240.0,
        16240.0,
        16240.0,
        16240.0,
        16240.0,
        16240.0,
        16240.0,
        16240.0,
        16240.0,
        16240.0,
        16240.0,
        16240.0,
        16240.0,
        16240.0,
        16240.0,
        16240.0,
        16240.0,
        16240.0,
        16240.0,
        16240.0,
        16240.0,
        16240.0,
        16240.0,
        16240.0,
        16240.0
    ]
}