{
    "elapsed_time": 23.541560173034668,
    "best_objective": 14642.0,
    "neighbors": 14800,
    "best_solution": [
        7,
        2,
        8,
        10,
        5,
        0,
        9,
        3,
        4,
        11,
        1,
        6
    ],
    "average_objectives_list": [
        45439.17647058824,
        35109.52,
        33488.56,
        31401.72,
        27839.44,
        28724.8,
        31427.08,
        29261.76,
        29886.76,
        26439.0,
        28868.44,
        27616.0,
        31042.96,
        27952.28,
        29258.0,
        25415.68,
        29080.2,
        23504.64,
        27120.2,
        25582.36,
        31494.72,
        25903.72,
        28855.52,
        26150.08,
        28946.4,
        28603.64,
        27157.52,
        30887.92,
        29138.48,
        27138.2,
        26295.0,
        26557.2,
        29085.52,
        29342.32,
        27187.0,
        29382.92,
        27368.2,
        29473.04,
        31301.0,
        28949.04,
        25003.92,
        31504.04,
        28553.08,
        27067.08,
        25887.36,
        31937.44,
        31275.76,
        28000.32,
        28420.32,
        28905.04,
        28189.48,
        27656.72,
        25938.8,
        27705.96,
        29083.96,
        26906.36,
        26117.36,
        26471.2,
        27755.08,
        26307.44,
        23873.44,
        26550.04,
        24726.2,
        26699.88,
        24199.4,
        22924.84,
        24359.68,
        23042.76,
        27292.4,
        21878.68,
        22155.96,
        25104.84,
        23679.56,
        23690.0,
        24280.64,
        23255.92,
        21089.24,
        23445.8,
        23164.88,
        25775.92,
        23182.04,
        22465.92,
        22790.48,
        27520.4,
        23150.36,
        24947.96,
        24765.96,
        26513.4,
        28540.2,
        23619.8,
        22202.84,
        24199.08,
        24646.32,
        23236.44,
        27215.16,
        23011.28,
        23887.56,
        24526.84,
        23872.24,
        25323.88,
        26447.24,
        28632.8,
        23957.52,
        26440.32,
        26528.68,
        25032.64,
        24618.72,
        22054.16,
        25357.64,
        25315.8,
        21376.16,
        26189.6,
        25233.92,
        25813.24,
        26644.56,
        25705.8,
        26307.4,
        23496.24,
        27181.68,
        23858.08,
        23260.68,
        24618.36,
        28122.8,
        27333.96,
        29637.72,
        25649.12,
        27391.4,
        25971.52,
        25152.96,
        24485.16,
        28604.72,
        23479.48,
        23747.56,
        24837.24,
        24582.4,
        24277.52,
        24635.12,
        24732.68,
        23256.16,
        22820.88,
        21635.4,
        26606.64,
        27561.84,
        27626.52,
        22919.12,
        23997.08,
        23969.6,
        23189.76,
        21999.56
    ],
    "best_objective_list": [
        22242.0,
        22242.0,
        22242.0,
        22226.0,
        22226.0,
        22226.0,
        22226.0,
        22226.0,
        22226.0,
        22226.0,
        22226.0,
        22214.0,
        22214.0,
        22214.0,
        22214.0,
        22214.0,
        22214.0,
        22214.0,
        22214.0,
        21598.0,
        21598.0,
        21598.0,
        21598.0,
        21598.0,
        19878.0,
        19878.0,
        19878.0,
        19878.0,
        19878.0,
        19878.0,
        19878.0,
        19878.0,
        19878.0,
        19878.0,
        19878.0,
        19878.0,
        19878.0,
        19878.0,
        19412.0,
        19412.0,
        19412.0,
        19412.0,
        19412.0,
        19412.0,
        19412.0,
        19412.0,
        19412.0,
        19412.0,
        19412.0,
        19412.0,
        19412.0,
        19412.0,
        18950.0,
        18950.0,
        18950.0,
        18950.0,
        18950.0,
        18950.0,
        18950.0,
        18950.0,
        18950.0,
        18950.0,
        18698.0,
        18636.0,
        18532.0,
        18532.0,
        18532.0,
        15958.0,
        15958.0,
        15958.0,
        15958.0,
        15958.0,
        15958.0,
        15574.0,
        15574.0,
        15574.0,
        15574.0,
        15574.0,
        15574.0,
        15574.0,
        15574.0,
        15574.0,
        15322.0,
        15322.0,
        15322.0,
        15322.0,
        15322.0,
        15322.0,
        15322.0,
        15190.0,
        15190.0,
        15190.0,
        15190.0,
        15190.0,
        15190.0,
        15190.0,
        15190.0,
        15190.0,
        15190.0,
        15190.0,
        15190.0,
        15190.0,
        15190.0,
        15190.0,
        15190.0,
        15190.0,
        15190.0,
        15190.0,
        15190.0,
        15190.0,
        15190.0,
        15190.0,
        14642.0,
        14642.0,
        14642.0,
        14642.0,
        14642.0,
        14642.0,
        14642.0,
        14642.0,
        14642.0,
        14642.0,
        14642.0,
        14642.0,
        14642.0,
        14642.0,
        14642.0,
        14642.0,
        14642.0,
        14642.0,
        14642.0,
        14642.0,
        14642.0,
        14642.0,
        14642.0,
        14642.0,
        14642.0,
        14642.0,
        14642.0,
        14642.0,
        14642.0,
        14642.0,
        14642.0,
        14642.0,
        14642.0,
        14642.0,
        14642.0,
        14642.0,
        14642.0
    ]
}