{
    "elapsed_time": 23.58020043373108,
    "best_objective": 12968.0,
    "neighbors": 14800,
    "best_solution": [
        0,
        4,
        3,
        2,
        5,
        7,
        1,
        10,
        6,
        8,
        9,
        11
    ],
    "average_objectives_list": [
        45194.94117647059,
        28781.8,
        20660.96,
        14633.76,
        16180.28,
        13785.92,
        13307.88,
        13195.28,
        13195.8,
        14402.48,
        13215.6,
        13280.72,
        13208.96,
        13290.84,
        15587.12,
        13208.96,
        13293.68,
        13378.64,
        13574.56,
        13434.52,
        14046.8,
        13265.36,
        13365.44,
        13238.0,
        14175.32,
        13481.76,
        15372.24,
        13336.16,
        13633.08,
        15630.48,
        13322.0,
        13279.52,
        13260.16,
        13300.32,
        13961.2,
        13449.36,
        14255.48,
        14933.24,
        13296.08,
        13887.48,
        13123.76,
        13265.36,
        13321.52,
        13674.4,
        14635.12,
        13874.84,
        13223.88,
        14663.28,
        13478.76,
        13881.92,
        13251.2,
        13797.28,
        14798.32,
        13400.36,
        14726.24,
        15099.72,
        13596.44,
        13280.24,
        13459.28,
        14213.6,
        13195.04,
        13333.88,
        16719.88,
        13364.48,
        13280.0,
        14406.36,
        13308.32,
        13225.08,
        15320.6,
        13649.36,
        14701.72,
        13209.44,
        13266.56,
        13548.92,
        13293.68,
        13309.04,
        15059.84,
        13237.04,
        14913.84,
        13322.52,
        13280.48,
        14009.76,
        13308.56,
        13543.12,
        13531.16,
        13385.88,
        13251.2,
        13252.16,
        14361.2,
        13958.6,
        13481.6,
        13852.16,
        13570.12,
        13640.76,
        13961.96,
        13280.0,
        13237.28,
        13207.72,
        13798.32,
        13733.64,
        13278.52,
        14991.88,
        14300.6,
        13310.48,
        13309.04,
        15068.4,
        14486.32,
        13432.4,
        13144.8,
        13259.92,
        13347.36,
        13279.76,
        13679.6,
        14508.36,
        13327.04,
        13280.76,
        13195.76,
        13265.36,
        13309.52,
        13363.96,
        13337.28,
        13208.72,
        13369.04,
        13361.88,
        13755.32,
        13238.0,
        14037.2,
        13265.84,
        13215.12,
        13251.2,
        13564.68,
        13576.76,
        13180.4,
        13251.2,
        13352.0,
        13336.4,
        13796.6,
        13251.44,
        13237.04,
        13295.16,
        13656.4,
        13308.32,
        13293.68,
        15823.6,
        13350.56,
        13330.8,
        13470.84,
        13329.84,
        14298.08
    ],
    "best_objective_list": [
        23984.0,
        15006.0,
        13688.0,
        12968.0,
        12968.0,
        12968.0,
        12968.0,
        12968.0,
        12968.0,
        12968.0,
        12968.0,
        12968.0,
        12968.0,
        12968.0,
        12968.0,
        12968.0,
        12968.0,
        12968.0,
        12968.0,
        12968.0,
        12968.0,
        12968.0,
        12968.0,
        12968.0,
        12968.0,
        12968.0,
        12968.0,
        12968.0,
        12968.0,
        12968.0,
        12968.0,
        12968.0,
        12968.0,
        12968.0,
        12968.0,
        12968.0,
        12968.0,
        12968.0,
        12968.0,
        12968.0,
        12968.0,
        12968.0,
        12968.0,
        12968.0,
        12968.0,
        12968.0,
        12968.0,
        12968.0,
        12968.0,
        12968.0,
        12968.0,
        12968.0,
        12968.0,
        12968.0,
        12968.0,
        12968.0,
        12968.0,
        12968.0,
        12968.0,
        12968.0,
        12968.0,
        12968.0,
        12968.0,
        12968.0,
        12968.0,
        12968.0,
        12968.0,
        12968.0,
        12968.0,
        12968.0,
        12968.0,
        12968.0,
        12968.0,
        12968.0,
        12968.0,
        12968.0,
        12968.0,
        12968.0,
        12968.0,
        12968.0,
        12968.0,
        12968.0,
        12968.0,
        12968.0,
        12968.0,
        12968.0,
        12968.0,
        12968.0,
        12968.0,
        12968.0,
        12968.0,
        12968.0,
        12968.0,
        12968.0,
        12968.0,
        12968.0,
        12968.0,
        12968.0,
        12968.0,
        12968.0,
        12968.0,
        12968.0,
        12968.0,
        12968.0,
        12968.0,
        12968.0,
        12968.0,
        12968.0,
        12968.0,
        12968.0,
        12968.0,
        12968.0,
        12968.0,
        12968.0,
        12968.0,
        12968.0,
        12968.0,
        12968.0,
        12968.0,
        12968.0,
        12968.0,
        12968.0,
        12968.0,
        12968.0,
        12968.0,
        12968.0,
        12968.0,
        12968.0,
        12968.0,
        12968.0,
        12968.0,
        12968.0,
        12968.0,
        12968.0,
        12968.0,
        12968.0,
        12968.0,
        12968.0,
        12968.0,
        12968.0,
        12968.0,
        12968.0,
        12968.0,
        12968.0,
        12968.0,
        12968.0,
        12968.0,
        12968.0,
        12968.0
    ]
}