{
    "elapsed_time": 23.2463276386261,
    "best_objective": 12076.0,
    "neighbors": 14800,
    "best_solution": [
        6,
        8,
        4,
        2,
        0,
        7,
        1,
        3,
        10,
        5,
        9,
        11
    ],
    "average_objectives_list": [
        42887.56862745098,
        30115.8,
        23651.16,
        21692.28,
        20198.16,
        21203.96,
        19119.04,
        19779.28,
        19774.8,
        20674.92,
        21408.8,
        18452.72,
        21037.24,
        20271.36,
        19010.16,
        17987.24,
        18091.88,
        18592.84,
        18585.64,
        19343.48,
        18533.04,
        19090.04,
        18959.88,
        18832.0,
        22319.32,
        22347.08,
        20910.6,
        19238.84,
        20738.04,
        23059.44,
        22691.96,
        22296.44,
        19832.84,
        21339.68,
        21083.8,
        21429.36,
        22020.76,
        18103.16,
        18873.76,
        19322.96,
        22119.2,
        17519.2,
        21017.8,
        20833.48,
        20547.64,
        21417.92,
        21745.64,
        21803.84,
        17805.48,
        16640.36,
        20857.76,
        19008.04,
        19822.76,
        20040.52,
        17981.84,
        19447.92,
        19666.04,
        19072.4,
        16005.36,
        18171.4,
        20980.76,
        18030.48,
        19795.96,
        17615.32,
        17141.68,
        21547.44,
        16218.48,
        17295.6,
        20436.76,
        19933.84,
        18940.76,
        16727.4,
        18120.6,
        19310.16,
        20505.24,
        16960.48,
        17842.32,
        19582.56,
        16253.64,
        19379.4,
        18839.16,
        18830.8,
        15925.24,
        22136.04,
        15173.8,
        19593.0,
        18918.0,
        19211.48,
        19132.32,
        21000.0,
        18369.6,
        18460.04,
        17031.0,
        19192.32,
        19549.48,
        18263.24,
        21421.44,
        16897.64,
        17756.72,
        17321.2,
        17683.96,
        18706.96,
        17563.44,
        18298.76,
        17181.92,
        23041.52,
        18069.48,
        17647.92,
        18815.68,
        20500.88,
        20796.16,
        14895.32,
        19318.0,
        19650.52,
        16662.2,
        16771.68,
        17581.16,
        18125.96,
        17437.16,
        20457.28,
        17948.24,
        19372.88,
        18566.2,
        19489.0,
        19538.84,
        18482.44,
        18027.2,
        19724.76,
        18236.24,
        18626.64,
        16844.8,
        19658.68,
        18977.12,
        18615.32,
        16643.16,
        17548.56,
        16157.92,
        18287.4,
        20465.96,
        15061.28,
        16870.32,
        16461.44,
        19458.0,
        18133.2,
        18736.36,
        17291.72,
        16231.36,
        19473.04,
        15911.0
    ],
    "best_objective_list": [
        22834.0,
        20660.0,
        19014.0,
        17050.0,
        17050.0,
        17050.0,
        17050.0,
        17050.0,
        17050.0,
        17050.0,
        17050.0,
        17050.0,
        16016.0,
        16016.0,
        16016.0,
        16016.0,
        15452.0,
        15452.0,
        15452.0,
        15452.0,
        15120.0,
        15120.0,
        14468.0,
        14468.0,
        14468.0,
        14468.0,
        14468.0,
        14468.0,
        14468.0,
        14468.0,
        14468.0,
        14468.0,
        14468.0,
        14468.0,
        14468.0,
        14468.0,
        14468.0,
        14468.0,
        14468.0,
        14468.0,
        14468.0,
        14468.0,
        14468.0,
        14468.0,
        14468.0,
        14468.0,
        13708.0,
        13708.0,
        13708.0,
        13708.0,
        13708.0,
        13708.0,
        13708.0,
        13708.0,
        13708.0,
        13356.0,
        13356.0,
        13356.0,
        13356.0,
        13356.0,
        13356.0,
        13356.0,
        13356.0,
        13356.0,
        13356.0,
        13356.0,
        12116.0,
        12116.0,
        12116.0,
        12116.0,
        12116.0,
        12116.0,
        12116.0,
        12116.0,
        12116.0,
        12116.0,
        12116.0,
        12116.0,
        12116.0,
        12116.0,
        12116.0,
        12116.0,
        12116.0,
        12116.0,
        12116.0,
        12116.0,
        12116.0,
        12116.0,
        12116.0,
        12116.0,
        12116.0,
        12116.0,
        12116.0,
        12116.0,
        12116.0,
        12116.0,
        12116.0,
        12116.0,
        12116.0,
        12116.0,
        12116.0,
        12116.0,
        12116.0,
        12116.0,
        12116.0,
        12116.0,
        12116.0,
        12116.0,
        12116.0,
        12116.0,
        12116.0,
        12116.0,
        12116.0,
        12116.0,
        12116.0,
        12116.0,
        12116.0,
        12116.0,
        12116.0,
        12116.0,
        12116.0,
        12116.0,
        12116.0,
        12116.0,
        12116.0,
        12116.0,
        12116.0,
        12116.0,
        12116.0,
        12116.0,
        12116.0,
        12116.0,
        12116.0,
        12116.0,
        12116.0,
        12116.0,
        12116.0,
        12116.0,
        12116.0,
        12116.0,
        12076.0,
        12076.0,
        12076.0,
        12076.0,
        12076.0,
        12076.0,
        12076.0,
        12076.0,
        12076.0
    ]
}