{
    "elapsed_time": 23.24679183959961,
    "best_objective": 10192.0,
    "neighbors": 14800,
    "best_solution": [
        4,
        3,
        5,
        2,
        1,
        7,
        0,
        10,
        6,
        8,
        9,
        11
    ],
    "average_objectives_list": [
        45031.01960784314,
        32636.04,
        24620.4,
        21130.8,
        19597.88,
        17980.96,
        17757.84,
        18343.6,
        16224.2,
        15932.84,
        20182.44,
        17611.2,
        18578.72,
        18214.44,
        17242.6,
        17400.04,
        14934.88,
        15021.4,
        18240.28,
        18254.16,
        17147.84,
        13702.52,
        13472.0,
        15082.56,
        14847.2,
        16334.24,
        15756.96,
        13266.92,
        13522.92,
        13682.8,
        14953.32,
        17066.2,
        14864.72,
        14126.88,
        12486.4,
        13559.96,
        14701.56,
        14201.28,
        13813.28,
        14834.28,
        11625.36,
        16585.88,
        12955.0,
        15895.44,
        14508.24,
        13289.52,
        13362.4,
        16999.28,
        12676.12,
        13778.32,
        14077.04,
        12338.44,
        15215.12,
        14144.0,
        13458.72,
        13325.08,
        14646.32,
        15772.4,
        13081.08,
        14608.8,
        14291.64,
        13885.76,
        15913.68,
        13343.72,
        12818.96,
        13031.6,
        14993.08,
        17482.32,
        12951.36,
        14042.68,
        13088.72,
        14506.2,
        15154.0,
        13466.2,
        14868.76,
        14779.2,
        15610.2,
        12852.36,
        12246.4,
        14146.44,
        11934.84,
        16291.08,
        15701.0,
        16160.52,
        12936.92,
        13837.0,
        16517.96,
        13471.68,
        14316.4,
        13675.52,
        16704.0,
        13936.48,
        13809.32,
        13658.16,
        14953.84,
        13730.64,
        14667.36,
        13647.36,
        13381.84,
        15206.56,
        12621.6,
        12097.64,
        18299.24,
        14603.56,
        16410.24,
        16413.36,
        12854.48,
        15542.76,
        14920.48,
        17528.36,
        15101.76,
        17895.44,
        14621.68,
        16950.24,
        13737.56,
        14043.68,
        17379.36,
        14924.12,
        14807.6,
        12832.08,
        15184.36,
        13193.96,
        16860.32,
        18251.12,
        14241.6,
        15588.84,
        13573.0,
        16123.64,
        13558.48,
        15252.08,
        17968.08,
        13452.8,
        13198.44,
        13905.6,
        18899.48,
        14828.12,
        16821.36,
        18449.2,
        12264.12,
        15970.84,
        16425.08,
        16216.84,
        15747.2,
        13815.72,
        14294.72,
        15222.84,
        16524.2,
        16723.68,
        15737.2
    ],
    "best_objective_list": [
        28320.0,
        20556.0,
        20556.0,
        17274.0,
        15634.0,
        15634.0,
        15634.0,
        15634.0,
        15634.0,
        15634.0,
        15634.0,
        15634.0,
        15634.0,
        15154.0,
        10804.0,
        10804.0,
        10804.0,
        10804.0,
        10804.0,
        10804.0,
        10804.0,
        10804.0,
        10804.0,
        10804.0,
        10804.0,
        10804.0,
        10804.0,
        10804.0,
        10804.0,
        10804.0,
        10804.0,
        10804.0,
        10804.0,
        10804.0,
        10804.0,
        10804.0,
        10804.0,
        10804.0,
        10804.0,
        10804.0,
        10804.0,
        10804.0,
        10804.0,
        10804.0,
        10804.0,
        10804.0,
        10804.0,
        10804.0,
        10804.0,
        10804.0,
        10804.0,
        10804.0,
        10804.0,
        10804.0,
        10804.0,
        10804.0,
        10804.0,
        10804.0,
        10804.0,
        10804.0,
        10804.0,
        10804.0,
        10804.0,
        10804.0,
        10804.0,
        10804.0,
        10804.0,
        10804.0,
        10804.0,
        10804.0,
        10804.0,
        10804.0,
        10804.0,
        10804.0,
        10804.0,
        10804.0,
        10804.0,
        10804.0,
        10804.0,
        10804.0,
        10804.0,
        10804.0,
        10804.0,
        10804.0,
        10804.0,
        10804.0,
        10804.0,
        10804.0,
        10804.0,
        10804.0,
        10804.0,
        10804.0,
        10804.0,
        10804.0,
        10804.0,
        10804.0,
        10804.0,
        10192.0,
        10192.0,
        10192.0,
        10192.0,
        10192.0,
        10192.0,
        10192.0,
        10192.0,
        10192.0,
        10192.0,
        10192.0,
        10192.0,
        10192.0,
        10192.0,
        10192.0,
        10192.0,
        10192.0,
        10192.0,
        10192.0,
        10192.0,
        10192.0,
        10192.0,
        10192.0,
        10192.0,
        10192.0,
        10192.0,
        10192.0,
        10192.0,
        10192.0,
        10192.0,
        10192.0,
        10192.0,
        10192.0,
        10192.0,
        10192.0,
        10192.0,
        10192.0,
        10192.0,
        10192.0,
        10192.0,
        10192.0,
        10192.0,
        10192.0,
        10192.0,
        10192.0,
        10192.0,
        10192.0,
        10192.0,
        10192.0,
        10192.0,
        10192.0,
        10192.0
    ]
}