{
    "elapsed_time": 620.1324028968811,
    "best_objective": 142.0,
    "neighbors": 14800,
    "best_solution": [
        1,
        13,
        31,
        3,
        4,
        5,
        6,
        7,
        8,
        10,
        11,
        14,
        43,
        16,
        45,
        18,
        20,
        21,
        23,
        24,
        25,
        28,
        0,
        38,
        55,
        36,
        12,
        2,
        17,
        9,
        19,
        26,
        15,
        22,
        27,
        29,
        30,
        32,
        33,
        34,
        35,
        37,
        39,
        40,
        41,
        42,
        44,
        46,
        47,
        48,
        49,
        50,
        51,
        52,
        53,
        54,
        56,
        57,
        58,
        59,
        60,
        61,
        62,
        63
    ],
    "average_objectives_list": [
        280.03921568627453,
        246.6,
        216.96,
        210.12,
        201.88,
        188.0,
        190.76,
        183.64,
        168.72,
        159.64,
        157.08,
        157.32,
        156.72,
        158.68,
        162.76,
        155.76,
        154.88,
        156.64,
        155.12,
        160.92,
        155.88,
        161.96,
        169.68,
        164.12,
        166.0,
        161.44,
        168.08,
        161.96,
        169.12,
        163.68,
        168.96,
        164.68,
        163.96,
        162.76,
        169.52,
        169.12,
        169.72,
        162.08,
        163.6,
        163.4,
        160.24,
        163.4,
        165.92,
        167.84,
        163.76,
        172.96,
        168.76,
        158.96,
        169.4,
        166.68,
        168.6,
        163.0,
        159.92,
        159.12,
        166.16,
        159.08,
        156.52,
        159.6,
        159.36,
        162.36,
        163.76,
        168.84,
        157.96,
        162.8,
        155.2,
        167.48,
        161.28,
        163.04,
        160.2,
        163.92,
        160.16,
        159.12,
        160.92,
        159.84,
        163.96,
        162.64,
        159.28,
        164.56,
        163.24,
        160.68,
        159.44,
        157.96,
        154.84,
        165.52,
        158.44,
        162.4,
        162.04,
        157.08,
        160.96,
        154.76,
        167.6,
        169.76,
        166.76,
        163.12,
        164.68,
        158.28,
        158.88,
        162.6,
        158.44,
        165.28,
        160.0,
        157.56,
        158.36,
        163.56,
        158.88,
        159.24,
        167.64,
        161.96,
        164.2,
        160.48,
        163.8,
        158.2,
        156.28,
        169.6,
        155.96,
        169.6,
        169.92,
        152.08,
        161.56,
        154.64,
        157.32,
        156.48,
        161.84,
        154.64,
        160.44,
        160.64,
        160.12,
        161.8,
        158.16,
        168.48,
        161.92,
        158.56,
        160.88,
        162.48,
        163.6,
        158.64,
        156.2,
        157.56,
        156.28,
        155.64,
        156.0,
        154.28,
        159.0,
        159.32,
        156.16,
        152.44,
        158.88,
        166.68,
        159.36
    ],
    "best_objective_list": [
        246.0,
        212.0,
        210.0,
        188.0,
        188.0,
        188.0,
        182.0,
        162.0,
        154.0,
        154.0,
        154.0,
        154.0,
        152.0,
        152.0,
        152.0,
        152.0,
        152.0,
        152.0,
        152.0,
        152.0,
        150.0,
        150.0,
        150.0,
        150.0,
        148.0,
        148.0,
        148.0,
        148.0,
        148.0,
        148.0,
        148.0,
        148.0,
        148.0,
        148.0,
        148.0,
        148.0,
        148.0,
        148.0,
        148.0,
        148.0,
        148.0,
        148.0,
        148.0,
        148.0,
        148.0,
        148.0,
        148.0,
        148.0,
        148.0,
        148.0,
        148.0,
        148.0,
        148.0,
        144.0,
        144.0,
        144.0,
        144.0,
        144.0,
        144.0,
        144.0,
        144.0,
        144.0,
        144.0,
        144.0,
        144.0,
        144.0,
        144.0,
        144.0,
        144.0,
        144.0,
        144.0,
        144.0,
        144.0,
        144.0,
        144.0,
        144.0,
        144.0,
        144.0,
        144.0,
        144.0,
        144.0,
        144.0,
        144.0,
        144.0,
        144.0,
        144.0,
        144.0,
        144.0,
        144.0,
        144.0,
        144.0,
        144.0,
        144.0,
        144.0,
        144.0,
        144.0,
        144.0,
        144.0,
        144.0,
        144.0,
        144.0,
        144.0,
        144.0,
        144.0,
        144.0,
        144.0,
        144.0,
        144.0,
        144.0,
        142.0,
        142.0,
        142.0,
        142.0,
        142.0,
        142.0,
        142.0,
        142.0,
        142.0,
        142.0,
        142.0,
        142.0,
        142.0,
        142.0,
        142.0,
        142.0,
        142.0,
        142.0,
        142.0,
        142.0,
        142.0,
        142.0,
        142.0,
        142.0,
        142.0,
        142.0,
        142.0,
        142.0,
        142.0,
        142.0,
        142.0,
        142.0,
        142.0,
        142.0,
        142.0,
        142.0,
        142.0,
        142.0,
        142.0,
        142.0
    ]
}