{
    "elapsed_time": 96.4690728187561,
    "best_objective": 156.0,
    "neighbors": 2000,
    "best_solution": [
        0,
        1,
        2,
        3,
        4,
        5,
        7,
        9,
        10,
        11,
        13,
        24,
        14,
        43,
        16,
        18,
        19,
        20,
        21,
        23,
        49,
        27,
        28,
        29,
        30,
        31,
        32,
        33,
        34,
        35,
        36,
        37,
        25,
        12,
        57,
        6,
        8,
        15,
        17,
        22,
        26,
        38,
        39,
        40,
        41,
        42,
        44,
        45,
        46,
        47,
        48,
        50,
        51,
        52,
        53,
        54,
        55,
        56,
        58,
        59,
        60,
        61,
        62,
        63
    ],
    "average_objectives_list": [
        277.4059405940594,
        246.22,
        223.2,
        207.88,
        189.48,
        193.04,
        185.76,
        191.26,
        188.86,
        189.48,
        192.22,
        186.54,
        187.0,
        184.88,
        186.74,
        183.26,
        189.28,
        177.2,
        182.0,
        186.8,
        181.28
    ],
    "best_objective_list": [
        234.0,
        184.0,
        184.0,
        182.0,
        182.0,
        178.0,
        178.0,
        174.0,
        166.0,
        166.0,
        166.0,
        164.0,
        164.0,
        164.0,
        164.0,
        164.0,
        164.0,
        164.0,
        164.0,
        158.0,
        156.0
    ]
}