{
    "elapsed_time": 42.80458617210388,
    "best_objective": 174.0,
    "neighbors": 1000,
    "best_solution": [
        46,
        2,
        3,
        4,
        5,
        6,
        7,
        9,
        10,
        11,
        12,
        15,
        16,
        17,
        18,
        19,
        20,
        22,
        24,
        25,
        26,
        27,
        28,
        29,
        31,
        33,
        34,
        35,
        36,
        37,
        38,
        40,
        41,
        42,
        23,
        0,
        1,
        8,
        13,
        14,
        21,
        30,
        32,
        39,
        43,
        44,
        45,
        47,
        48,
        49,
        50,
        51,
        52,
        53,
        54,
        55,
        56,
        57,
        58,
        59,
        60,
        61,
        62,
        63
    ],
    "average_objectives_list": [
        279.2156862745098,
        239.84,
        220.44,
        206.52,
        195.2,
        194.8,
        193.2,
        192.84,
        195.64,
        193.24,
        195.6
    ],
    "best_objective_list": [
        216.0,
        212.0,
        194.0,
        194.0,
        174.0,
        174.0,
        174.0,
        174.0,
        174.0,
        174.0,
        174.0
    ]
}