{
    "elapsed_time": 81.17331671714783,
    "best_objective": 156.0,
    "neighbors": 2000,
    "best_solution": [
        0,
        1,
        2,
        3,
        4,
        5,
        6,
        7,
        8,
        9,
        10,
        18,
        13,
        14,
        15,
        16,
        17,
        23,
        19,
        20,
        21,
        11,
        24,
        28,
        39,
        41,
        40,
        35,
        32,
        12,
        22,
        25,
        26,
        27,
        29,
        30,
        31,
        33,
        44,
        36,
        38,
        37,
        42,
        43,
        34,
        47,
        46,
        45,
        48,
        49,
        50,
        51,
        52,
        53,
        54,
        55,
        56,
        57,
        58,
        59,
        60,
        61,
        62,
        63
    ],
    "average_objectives_list": [
        279.5483870967742,
        237.13333333333333,
        211.13333333333333,
        203.46666666666667,
        198.53333333333333,
        195.26666666666668,
        192.0,
        183.66666666666666,
        180.33333333333334,
        172.26666666666668,
        162.8,
        160.86666666666667,
        161.13333333333333,
        160.0,
        161.13333333333333,
        164.6,
        166.06666666666666,
        160.8,
        158.26666666666668,
        161.8,
        161.93333333333334
    ],
    "best_objective_list": [
        250.0,
        210.0,
        200.0,
        198.0,
        194.0,
        186.0,
        180.0,
        180.0,
        160.0,
        160.0,
        160.0,
        160.0,
        160.0,
        160.0,
        160.0,
        160.0,
        156.0,
        156.0,
        156.0,
        156.0,
        156.0
    ]
}