{
    "elapsed_time": 81.89175844192505,
    "best_objective": 142.0,
    "neighbors": 2000,
    "best_solution": [
        0,
        1,
        2,
        3,
        4,
        5,
        6,
        7,
        8,
        10,
        21,
        9,
        12,
        13,
        15,
        16,
        17,
        19,
        20,
        11,
        22,
        23,
        24,
        25,
        27,
        28,
        29,
        30,
        31,
        32,
        33,
        34,
        35,
        36,
        37,
        38,
        40,
        41,
        42,
        43,
        48,
        14,
        51,
        26,
        39,
        18,
        44,
        45,
        46,
        47,
        49,
        50,
        52,
        53,
        54,
        55,
        56,
        57,
        58,
        59,
        60,
        61,
        62,
        63
    ],
    "average_objectives_list": [
        281.8709677419355,
        235.66666666666666,
        203.4,
        196.4,
        182.4,
        179.93333333333334,
        178.53333333333333,
        168.33333333333334,
        163.8,
        162.73333333333332,
        162.4,
        160.26666666666668,
        159.93333333333334,
        158.93333333333334,
        157.8,
        148.26666666666668,
        146.8,
        142.0,
        143.0,
        148.06666666666666,
        152.13333333333333
    ],
    "best_objective_list": [
        252.0,
        200.0,
        200.0,
        180.0,
        180.0,
        178.0,
        164.0,
        164.0,
        160.0,
        160.0,
        160.0,
        158.0,
        158.0,
        142.0,
        142.0,
        142.0,
        142.0,
        142.0,
        142.0,
        142.0,
        142.0
    ]
}