{
    "elapsed_time": 97.09509515762329,
    "best_objective": 150.0,
    "neighbors": 2000,
    "best_solution": [
        1,
        2,
        3,
        4,
        5,
        6,
        7,
        8,
        9,
        10,
        11,
        36,
        13,
        14,
        16,
        18,
        19,
        20,
        15,
        22,
        23,
        24,
        25,
        27,
        17,
        38,
        0,
        56,
        21,
        26,
        28,
        29,
        12,
        30,
        31,
        32,
        33,
        34,
        35,
        37,
        39,
        40,
        41,
        42,
        43,
        44,
        45,
        46,
        47,
        48,
        49,
        50,
        51,
        52,
        53,
        54,
        55,
        57,
        58,
        59,
        60,
        61,
        62,
        63
    ],
    "average_objectives_list": [
        277.2079207920792,
        247.36,
        227.7,
        210.76,
        214.88,
        206.48,
        204.34,
        196.46,
        183.12,
        188.7,
        182.9,
        179.66,
        171.14,
        177.62,
        170.56,
        175.78,
        177.8,
        178.68,
        171.9,
        173.12,
        162.66
    ],
    "best_objective_list": [
        216.0,
        198.0,
        184.0,
        184.0,
        180.0,
        180.0,
        180.0,
        172.0,
        164.0,
        164.0,
        164.0,
        160.0,
        160.0,
        156.0,
        156.0,
        156.0,
        152.0,
        152.0,
        152.0,
        152.0,
        150.0
    ]
}