{
    "elapsed_time": 43.131367921829224,
    "best_objective": 156.0,
    "neighbors": 1000,
    "best_solution": [
        3,
        1,
        2,
        0,
        4,
        5,
        6,
        7,
        8,
        9,
        13,
        14,
        15,
        16,
        17,
        18,
        19,
        20,
        21,
        22,
        26,
        27,
        29,
        30,
        31,
        58,
        34,
        36,
        37,
        38,
        39,
        10,
        11,
        12,
        23,
        24,
        25,
        28,
        33,
        35,
        40,
        41,
        42,
        43,
        44,
        45,
        46,
        47,
        48,
        49,
        50,
        51,
        52,
        53,
        54,
        55,
        56,
        57,
        32,
        59,
        60,
        61,
        62,
        63
    ],
    "average_objectives_list": [
        277.72549019607845,
        243.6,
        215.0,
        199.0,
        189.2,
        172.52,
        161.96,
        162.16,
        161.92,
        162.0,
        161.56
    ],
    "best_objective_list": [
        222.0,
        214.0,
        182.0,
        176.0,
        162.0,
        162.0,
        158.0,
        158.0,
        158.0,
        158.0,
        156.0
    ]
}