{
    "elapsed_time": 80.4760205745697,
    "best_objective": 172.0,
    "neighbors": 2000,
    "best_solution": [
        0,
        1,
        2,
        4,
        58,
        5,
        6,
        7,
        9,
        10,
        11,
        12,
        13,
        14,
        15,
        16,
        62,
        18,
        41,
        8,
        19,
        20,
        21,
        22,
        3,
        24,
        25,
        35,
        27,
        28,
        29,
        30,
        39,
        32,
        33,
        34,
        26,
        36,
        37,
        38,
        31,
        17,
        23,
        40,
        42,
        43,
        44,
        45,
        46,
        47,
        48,
        49,
        50,
        51,
        52,
        53,
        54,
        55,
        56,
        57,
        59,
        60,
        61,
        63
    ],
    "average_objectives_list": [
        281.03225806451616,
        240.46666666666667,
        210.46666666666667,
        200.66666666666666,
        190.13333333333333,
        189.13333333333333,
        188.0,
        187.8,
        189.33333333333334,
        191.0,
        197.4,
        201.26666666666668,
        192.33333333333334,
        189.66666666666666,
        183.66666666666666,
        192.0,
        185.73333333333332,
        176.26666666666668,
        180.93333333333334,
        183.46666666666667,
        180.8
    ],
    "best_objective_list": [
        244.0,
        206.0,
        190.0,
        190.0,
        188.0,
        188.0,
        188.0,
        180.0,
        180.0,
        180.0,
        180.0,
        180.0,
        180.0,
        172.0,
        172.0,
        172.0,
        172.0,
        172.0,
        172.0,
        172.0,
        172.0
    ]
}