{
    "elapsed_time": 629.3218717575073,
    "best_objective": 128.0,
    "neighbors": 14800,
    "best_solution": [
        61,
        9,
        11,
        45,
        46,
        59,
        37,
        50,
        19,
        60,
        28,
        8,
        30,
        12,
        26,
        39,
        25,
        56,
        57,
        48,
        62,
        20,
        40,
        41,
        3,
        24,
        58,
        0,
        53,
        2,
        4,
        49,
        7,
        10,
        13,
        14,
        15,
        16,
        17,
        18,
        21,
        5,
        33,
        34,
        63,
        32,
        38,
        27,
        35,
        36,
        42,
        43,
        44,
        47,
        51,
        52,
        1,
        22,
        23,
        54,
        55,
        29,
        6,
        31
    ],
    "average_objectives_list": [
        279.921568627451,
        237.84,
        215.6,
        208.56,
        206.36,
        200.08,
        196.36,
        198.04,
        194.36,
        194.88,
        192.96,
        192.2,
        191.32,
        186.68,
        188.28,
        189.92,
        191.68,
        190.68,
        184.72,
        194.92,
        184.28,
        189.4,
        188.36,
        190.64,
        192.24,
        189.24,
        191.32,
        185.24,
        185.44,
        183.32,
        189.04,
        187.52,
        184.2,
        185.84,
        188.52,
        180.8,
        185.8,
        184.48,
        185.2,
        187.4,
        188.08,
        190.96,
        177.48,
        192.16,
        189.2,
        184.84,
        184.16,
        183.52,
        182.76,
        184.56,
        182.52,
        185.64,
        174.8,
        178.44,
        185.16,
        184.48,
        182.72,
        178.28,
        185.08,
        183.48,
        173.24,
        173.32,
        172.24,
        175.32,
        174.08,
        172.72,
        177.72,
        173.48,
        168.12,
        166.32,
        175.12,
        175.84,
        175.76,
        166.24,
        177.08,
        181.32,
        168.32,
        176.32,
        172.8,
        167.4,
        164.52,
        164.64,
        158.68,
        171.6,
        161.2,
        161.04,
        155.88,
        166.96,
        157.56,
        165.64,
        154.72,
        154.48,
        159.2,
        148.92,
        160.12,
        158.12,
        157.88,
        160.68,
        171.04,
        158.56,
        162.56,
        164.52,
        161.92,
        162.96,
        158.08,
        164.76,
        171.28,
        155.4,
        163.88,
        161.36,
        160.84,
        162.52,
        160.36,
        159.4,
        161.2,
        167.4,
        159.88,
        160.6,
        159.16,
        165.0,
        168.68,
        160.52,
        158.44,
        156.4,
        163.64,
        157.84,
        154.08,
        168.84,
        155.88,
        161.76,
        158.84,
        162.6,
        160.08,
        159.48,
        161.32,
        155.84,
        158.76,
        168.16,
        172.0,
        163.08,
        153.44,
        172.28,
        162.88,
        153.0,
        158.6,
        168.08,
        160.4,
        157.12,
        162.28
    ],
    "best_objective_list": [
        230.0,
        208.0,
        200.0,
        198.0,
        180.0,
        180.0,
        180.0,
        180.0,
        180.0,
        180.0,
        180.0,
        174.0,
        174.0,
        174.0,
        174.0,
        174.0,
        174.0,
        174.0,
        174.0,
        174.0,
        174.0,
        174.0,
        174.0,
        174.0,
        174.0,
        174.0,
        168.0,
        168.0,
        168.0,
        168.0,
        168.0,
        168.0,
        168.0,
        168.0,
        168.0,
        168.0,
        168.0,
        168.0,
        168.0,
        168.0,
        168.0,
        168.0,
        168.0,
        168.0,
        168.0,
        164.0,
        164.0,
        164.0,
        164.0,
        164.0,
        164.0,
        164.0,
        164.0,
        164.0,
        164.0,
        164.0,
        164.0,
        160.0,
        160.0,
        160.0,
        160.0,
        156.0,
        156.0,
        156.0,
        154.0,
        154.0,
        154.0,
        154.0,
        154.0,
        154.0,
        154.0,
        154.0,
        154.0,
        150.0,
        150.0,
        150.0,
        150.0,
        142.0,
        142.0,
        142.0,
        142.0,
        142.0,
        142.0,
        140.0,
        140.0,
        140.0,
        140.0,
        140.0,
        140.0,
        140.0,
        136.0,
        136.0,
        136.0,
        136.0,
        136.0,
        136.0,
        136.0,
        134.0,
        132.0,
        130.0,
        130.0,
        130.0,
        130.0,
        130.0,
        130.0,
        130.0,
        130.0,
        130.0,
        130.0,
        130.0,
        130.0,
        130.0,
        130.0,
        130.0,
        130.0,
        130.0,
        130.0,
        130.0,
        130.0,
        130.0,
        130.0,
        130.0,
        130.0,
        130.0,
        130.0,
        130.0,
        130.0,
        130.0,
        130.0,
        130.0,
        130.0,
        130.0,
        130.0,
        130.0,
        128.0,
        128.0,
        128.0,
        128.0,
        128.0,
        128.0,
        128.0,
        128.0,
        128.0,
        128.0,
        128.0,
        128.0,
        128.0,
        128.0,
        128.0
    ]
}