{
    "elapsed_time": 97.16678071022034,
    "best_objective": 166.0,
    "neighbors": 2000,
    "best_solution": [
        0,
        1,
        2,
        3,
        4,
        5,
        39,
        8,
        9,
        10,
        13,
        14,
        18,
        36,
        15,
        16,
        17,
        6,
        20,
        19,
        21,
        22,
        23,
        24,
        25,
        61,
        12,
        26,
        27,
        45,
        29,
        30,
        31,
        32,
        11,
        28,
        33,
        34,
        35,
        37,
        38,
        7,
        40,
        41,
        42,
        43,
        44,
        46,
        47,
        48,
        49,
        50,
        51,
        52,
        53,
        54,
        55,
        56,
        57,
        58,
        59,
        60,
        62,
        63
    ],
    "average_objectives_list": [
        278.1980198019802,
        246.08,
        233.72,
        213.92,
        207.12,
        208.5,
        207.08,
        207.8,
        205.9,
        200.06,
        205.56,
        213.14,
        201.5,
        202.46,
        204.8,
        203.46,
        205.98,
        196.94,
        193.34,
        189.0,
        192.32
    ],
    "best_objective_list": [
        236.0,
        192.0,
        192.0,
        192.0,
        192.0,
        192.0,
        192.0,
        192.0,
        190.0,
        190.0,
        190.0,
        190.0,
        190.0,
        190.0,
        186.0,
        186.0,
        186.0,
        178.0,
        178.0,
        166.0,
        166.0
    ]
}