{
    "elapsed_time": 85.6103343963623,
    "best_objective": 148.0,
    "neighbors": 2000,
    "best_solution": [
        0,
        1,
        2,
        3,
        5,
        6,
        7,
        8,
        9,
        11,
        10,
        12,
        13,
        14,
        16,
        18,
        19,
        20,
        41,
        22,
        23,
        63,
        25,
        26,
        27,
        28,
        15,
        4,
        17,
        24,
        29,
        38,
        31,
        32,
        30,
        33,
        34,
        35,
        36,
        37,
        39,
        40,
        21,
        42,
        43,
        44,
        45,
        46,
        47,
        48,
        49,
        50,
        51,
        52,
        53,
        54,
        55,
        56,
        57,
        58,
        59,
        60,
        61,
        62
    ],
    "average_objectives_list": [
        276.6666666666667,
        239.32,
        215.2,
        208.04,
        199.68,
        189.92,
        173.92,
        169.12,
        168.24,
        167.6,
        170.12,
        168.2,
        164.56,
        161.52,
        163.08,
        162.6,
        162.4,
        159.4,
        153.32,
        155.52,
        157.32
    ],
    "best_objective_list": [
        220.0,
        212.0,
        192.0,
        192.0,
        174.0,
        170.0,
        166.0,
        166.0,
        166.0,
        166.0,
        164.0,
        164.0,
        160.0,
        160.0,
        150.0,
        150.0,
        150.0,
        148.0,
        148.0,
        148.0,
        148.0
    ]
}