{
    "elapsed_time": 634.7340362071991,
    "best_objective": 126.0,
    "neighbors": 14800,
    "best_solution": [
        1,
        3,
        4,
        5,
        6,
        7,
        8,
        9,
        12,
        13,
        21,
        14,
        15,
        16,
        17,
        18,
        2,
        20,
        23,
        19,
        0,
        26,
        30,
        38,
        29,
        32,
        31,
        27,
        61,
        34,
        35,
        47,
        11,
        22,
        24,
        25,
        28,
        36,
        37,
        10,
        33,
        39,
        40,
        41,
        42,
        43,
        44,
        45,
        46,
        48,
        49,
        50,
        51,
        52,
        53,
        54,
        55,
        56,
        57,
        58,
        59,
        60,
        62,
        63
    ],
    "average_objectives_list": [
        277.6470588235294,
        240.0,
        214.88,
        195.52,
        188.0,
        187.92,
        186.88,
        181.36,
        179.72,
        176.56,
        168.44,
        168.08,
        169.56,
        165.68,
        162.72,
        163.6,
        158.8,
        161.72,
        161.96,
        161.16,
        159.6,
        158.24,
        156.48,
        157.24,
        157.36,
        156.4,
        159.52,
        158.28,
        157.64,
        155.4,
        156.92,
        155.92,
        153.36,
        157.36,
        157.96,
        159.8,
        156.28,
        152.92,
        148.0,
        156.0,
        168.68,
        158.68,
        165.6,
        166.36,
        152.96,
        155.8,
        158.44,
        153.0,
        152.32,
        156.4,
        158.88,
        155.92,
        158.32,
        150.96,
        156.0,
        150.16,
        158.84,
        144.76,
        162.88,
        163.16,
        158.2,
        161.32,
        152.24,
        150.88,
        145.44,
        152.76,
        160.08,
        159.08,
        155.28,
        154.24,
        150.96,
        159.2,
        159.2,
        160.88,
        158.24,
        159.32,
        147.88,
        155.0,
        149.2,
        146.72,
        144.88,
        154.52,
        154.04,
        150.4,
        164.16,
        161.72,
        143.6,
        159.36,
        153.92,
        161.76,
        163.6,
        155.44,
        144.4,
        160.96,
        153.72,
        155.6,
        146.24,
        146.04,
        155.92,
        155.8,
        145.36,
        141.64,
        148.56,
        144.8,
        161.2,
        161.2,
        150.16,
        153.28,
        154.32,
        163.52,
        148.24,
        145.4,
        152.0,
        147.4,
        151.12,
        154.48,
        150.96,
        155.6,
        153.56,
        143.52,
        138.2,
        151.08,
        159.08,
        152.56,
        143.04,
        154.32,
        158.24,
        146.96,
        152.16,
        131.76,
        136.84,
        132.32,
        146.16,
        144.16,
        155.68,
        144.0,
        141.52,
        150.16,
        142.88,
        138.84,
        138.28,
        136.64,
        136.2,
        146.52,
        141.56,
        154.96,
        143.76,
        147.52,
        148.28
    ],
    "best_objective_list": [
        242.0,
        188.0,
        188.0,
        188.0,
        188.0,
        184.0,
        180.0,
        180.0,
        168.0,
        168.0,
        168.0,
        164.0,
        160.0,
        160.0,
        158.0,
        158.0,
        154.0,
        154.0,
        154.0,
        154.0,
        154.0,
        154.0,
        154.0,
        154.0,
        154.0,
        154.0,
        150.0,
        150.0,
        150.0,
        150.0,
        150.0,
        150.0,
        148.0,
        148.0,
        148.0,
        148.0,
        148.0,
        148.0,
        146.0,
        146.0,
        146.0,
        146.0,
        146.0,
        146.0,
        146.0,
        146.0,
        146.0,
        146.0,
        146.0,
        146.0,
        146.0,
        146.0,
        146.0,
        146.0,
        142.0,
        142.0,
        142.0,
        138.0,
        138.0,
        138.0,
        138.0,
        138.0,
        138.0,
        138.0,
        138.0,
        138.0,
        138.0,
        138.0,
        138.0,
        138.0,
        138.0,
        138.0,
        138.0,
        138.0,
        138.0,
        138.0,
        138.0,
        138.0,
        138.0,
        138.0,
        138.0,
        138.0,
        138.0,
        138.0,
        138.0,
        138.0,
        138.0,
        138.0,
        138.0,
        138.0,
        138.0,
        138.0,
        138.0,
        138.0,
        138.0,
        138.0,
        138.0,
        130.0,
        130.0,
        130.0,
        130.0,
        130.0,
        130.0,
        130.0,
        130.0,
        130.0,
        130.0,
        130.0,
        130.0,
        130.0,
        130.0,
        130.0,
        130.0,
        130.0,
        130.0,
        130.0,
        130.0,
        130.0,
        130.0,
        130.0,
        130.0,
        130.0,
        130.0,
        130.0,
        130.0,
        130.0,
        130.0,
        126.0,
        126.0,
        126.0,
        126.0,
        126.0,
        126.0,
        126.0,
        126.0,
        126.0,
        126.0,
        126.0,
        126.0,
        126.0,
        126.0,
        126.0,
        126.0,
        126.0,
        126.0,
        126.0,
        126.0,
        126.0,
        126.0
    ]
}