{
    "elapsed_time": 81.72606682777405,
    "best_objective": 160.0,
    "neighbors": 2000,
    "best_solution": [
        0,
        1,
        2,
        3,
        7,
        8,
        9,
        10,
        11,
        12,
        13,
        15,
        16,
        17,
        18,
        20,
        22,
        23,
        24,
        25,
        26,
        27,
        29,
        31,
        32,
        33,
        34,
        35,
        36,
        37,
        51,
        39,
        40,
        41,
        42,
        44,
        45,
        46,
        48,
        19,
        21,
        59,
        43,
        6,
        14,
        49,
        5,
        28,
        30,
        47,
        4,
        50,
        38,
        52,
        53,
        54,
        55,
        56,
        57,
        58,
        60,
        61,
        62,
        63
    ],
    "average_objectives_list": [
        277.2903225806452,
        233.33333333333334,
        203.2,
        191.86666666666667,
        190.53333333333333,
        189.86666666666667,
        188.53333333333333,
        186.66666666666666,
        188.93333333333334,
        186.0,
        186.26666666666668,
        173.46666666666667,
        166.0,
        165.8,
        171.93333333333334,
        160.6,
        160.46666666666667,
        160.0,
        160.0,
        160.0,
        160.13333333333333
    ],
    "best_objective_list": [
        240.0,
        192.0,
        192.0,
        190.0,
        190.0,
        186.0,
        186.0,
        186.0,
        186.0,
        186.0,
        166.0,
        166.0,
        166.0,
        160.0,
        160.0,
        160.0,
        160.0,
        160.0,
        160.0,
        160.0,
        160.0
    ]
}