{
    "elapsed_time": 43.29127359390259,
    "best_objective": 160.0,
    "neighbors": 1000,
    "best_solution": [
        0,
        1,
        3,
        4,
        6,
        7,
        8,
        9,
        10,
        11,
        39,
        12,
        13,
        14,
        15,
        16,
        17,
        38,
        19,
        20,
        21,
        22,
        23,
        24,
        25,
        26,
        27,
        28,
        29,
        30,
        31,
        32,
        33,
        34,
        60,
        55,
        2,
        18,
        35,
        36,
        37,
        5,
        40,
        41,
        42,
        43,
        44,
        45,
        46,
        47,
        48,
        49,
        50,
        51,
        52,
        53,
        54,
        56,
        57,
        58,
        59,
        61,
        62,
        63
    ],
    "average_objectives_list": [
        277.96078431372547,
        246.24,
        221.4,
        196.08,
        182.56,
        179.12,
        174.16,
        171.6,
        183.12,
        174.64,
        174.44
    ],
    "best_objective_list": [
        234.0,
        220.0,
        184.0,
        176.0,
        160.0,
        160.0,
        160.0,
        160.0,
        160.0,
        160.0,
        160.0
    ]
}