{
    "elapsed_time": 627.0880026817322,
    "best_objective": 152.0,
    "neighbors": 14800,
    "best_solution": [
        1,
        2,
        4,
        39,
        5,
        8,
        7,
        9,
        10,
        63,
        11,
        12,
        13,
        14,
        16,
        36,
        17,
        19,
        20,
        44,
        22,
        24,
        26,
        27,
        28,
        29,
        57,
        3,
        25,
        15,
        18,
        23,
        32,
        33,
        34,
        35,
        6,
        37,
        38,
        0,
        40,
        30,
        41,
        42,
        43,
        21,
        45,
        46,
        47,
        48,
        49,
        50,
        51,
        52,
        53,
        54,
        55,
        56,
        58,
        59,
        60,
        61,
        62,
        31
    ],
    "average_objectives_list": [
        283.1764705882353,
        242.36,
        214.28,
        203.92,
        199.68,
        196.96,
        194.44,
        185.12,
        179.6,
        181.6,
        178.52,
        181.72,
        183.12,
        178.72,
        179.64,
        171.0,
        174.28,
        172.76,
        172.68,
        173.96,
        177.16,
        173.16,
        175.36,
        178.12,
        183.32,
        171.8,
        174.84,
        184.68,
        176.36,
        177.72,
        180.16,
        176.6,
        181.92,
        181.04,
        176.36,
        177.0,
        175.6,
        171.96,
        174.36,
        174.04,
        176.64,
        178.2,
        179.12,
        180.72,
        178.52,
        170.32,
        181.48,
        174.24,
        172.0,
        183.36,
        173.44,
        182.96,
        175.4,
        171.36,
        176.12,
        177.12,
        177.92,
        182.44,
        177.2,
        179.48,
        174.24,
        178.92,
        179.8,
        177.44,
        179.72,
        175.44,
        168.16,
        176.24,
        175.08,
        174.08,
        186.16,
        177.24,
        178.56,
        180.8,
        183.24,
        186.64,
        172.0,
        171.68,
        180.64,
        179.52,
        170.96,
        175.96,
        173.2,
        180.12,
        186.0,
        176.64,
        175.96,
        178.48,
        179.84,
        176.84,
        175.84,
        172.96,
        178.8,
        177.64,
        178.8,
        181.88,
        174.32,
        176.6,
        177.92,
        181.04,
        175.8,
        174.52,
        174.76,
        173.76,
        173.48,
        186.48,
        170.96,
        175.24,
        171.72,
        172.92,
        172.56,
        176.84,
        178.6,
        176.12,
        179.36,
        173.52,
        174.12,
        174.56,
        172.56,
        173.56,
        172.12,
        180.44,
        173.4,
        170.84,
        173.36,
        172.16,
        172.6,
        173.16,
        172.28,
        168.2,
        170.56,
        176.56,
        165.8,
        171.44,
        174.8,
        164.88,
        167.16,
        173.28,
        171.68,
        175.92,
        170.6,
        170.64,
        173.68,
        171.36,
        168.0,
        170.4,
        171.88,
        169.08,
        165.96
    ],
    "best_objective_list": [
        234.0,
        210.0,
        200.0,
        198.0,
        194.0,
        182.0,
        174.0,
        174.0,
        174.0,
        174.0,
        174.0,
        170.0,
        168.0,
        168.0,
        168.0,
        168.0,
        168.0,
        164.0,
        164.0,
        164.0,
        164.0,
        164.0,
        164.0,
        164.0,
        164.0,
        160.0,
        160.0,
        160.0,
        160.0,
        160.0,
        160.0,
        160.0,
        160.0,
        160.0,
        160.0,
        160.0,
        160.0,
        160.0,
        160.0,
        160.0,
        160.0,
        160.0,
        160.0,
        160.0,
        160.0,
        160.0,
        160.0,
        160.0,
        160.0,
        160.0,
        160.0,
        160.0,
        160.0,
        160.0,
        160.0,
        160.0,
        160.0,
        160.0,
        160.0,
        160.0,
        160.0,
        160.0,
        160.0,
        160.0,
        160.0,
        160.0,
        160.0,
        160.0,
        160.0,
        160.0,
        160.0,
        160.0,
        160.0,
        160.0,
        160.0,
        160.0,
        160.0,
        160.0,
        160.0,
        160.0,
        160.0,
        160.0,
        160.0,
        160.0,
        160.0,
        160.0,
        160.0,
        160.0,
        160.0,
        160.0,
        160.0,
        160.0,
        160.0,
        160.0,
        160.0,
        160.0,
        160.0,
        160.0,
        160.0,
        160.0,
        160.0,
        160.0,
        156.0,
        156.0,
        156.0,
        156.0,
        156.0,
        156.0,
        156.0,
        156.0,
        156.0,
        156.0,
        156.0,
        156.0,
        156.0,
        156.0,
        156.0,
        156.0,
        156.0,
        152.0,
        152.0,
        152.0,
        152.0,
        152.0,
        152.0,
        152.0,
        152.0,
        152.0,
        152.0,
        152.0,
        152.0,
        152.0,
        152.0,
        152.0,
        152.0,
        152.0,
        152.0,
        152.0,
        152.0,
        152.0,
        152.0,
        152.0,
        152.0,
        152.0,
        152.0,
        152.0,
        152.0,
        152.0,
        152.0
    ]
}