{
    "elapsed_time": 43.27025294303894,
    "best_objective": 170.0,
    "neighbors": 1000,
    "best_solution": [
        0,
        1,
        2,
        28,
        4,
        5,
        6,
        11,
        10,
        9,
        12,
        13,
        14,
        16,
        17,
        18,
        19,
        20,
        21,
        22,
        23,
        24,
        25,
        26,
        27,
        3,
        29,
        30,
        31,
        32,
        33,
        34,
        35,
        36,
        37,
        38,
        39,
        40,
        41,
        43,
        44,
        7,
        8,
        15,
        42,
        45,
        46,
        47,
        48,
        49,
        50,
        51,
        52,
        53,
        54,
        55,
        56,
        57,
        58,
        59,
        60,
        61,
        62,
        63
    ],
    "average_objectives_list": [
        279.921568627451,
        240.68,
        207.08,
        188.24,
        187.08,
        188.76,
        183.32,
        177.2,
        178.96,
        176.72,
        176.04
    ],
    "best_objective_list": [
        238.0,
        192.0,
        186.0,
        184.0,
        184.0,
        176.0,
        170.0,
        170.0,
        170.0,
        170.0,
        170.0
    ]
}