{
    "elapsed_time": 81.81169652938843,
    "best_objective": 154.0,
    "neighbors": 2000,
    "best_solution": [
        0,
        1,
        41,
        3,
        4,
        5,
        6,
        7,
        8,
        9,
        11,
        12,
        13,
        14,
        15,
        16,
        17,
        24,
        25,
        27,
        28,
        29,
        30,
        31,
        32,
        33,
        34,
        35,
        37,
        39,
        40,
        2,
        42,
        50,
        51,
        10,
        38,
        45,
        26,
        36,
        56,
        18,
        19,
        20,
        21,
        22,
        23,
        43,
        44,
        46,
        47,
        48,
        49,
        52,
        53,
        54,
        55,
        57,
        58,
        59,
        60,
        61,
        62,
        63
    ],
    "average_objectives_list": [
        273.4193548387097,
        232.93333333333334,
        205.86666666666667,
        196.33333333333334,
        186.86666666666667,
        180.86666666666667,
        171.53333333333333,
        162.53333333333333,
        157.86666666666667,
        157.93333333333334,
        166.93333333333334,
        167.26666666666668,
        160.86666666666667,
        168.93333333333334,
        164.53333333333333,
        162.06666666666666,
        168.6,
        167.93333333333334,
        172.8,
        168.66666666666666,
        169.66666666666666
    ],
    "best_objective_list": [
        244.0,
        202.0,
        196.0,
        182.0,
        182.0,
        170.0,
        158.0,
        158.0,
        154.0,
        154.0,
        154.0,
        154.0,
        154.0,
        154.0,
        154.0,
        154.0,
        154.0,
        154.0,
        154.0,
        154.0,
        154.0
    ]
}