{
    "elapsed_time": 620.6889071464539,
    "best_objective": 130.0,
    "neighbors": 14800,
    "best_solution": [
        0,
        1,
        2,
        3,
        4,
        5,
        6,
        7,
        8,
        10,
        29,
        14,
        15,
        16,
        17,
        18,
        59,
        20,
        41,
        23,
        24,
        25,
        26,
        19,
        28,
        30,
        47,
        22,
        11,
        35,
        38,
        39,
        40,
        21,
        42,
        9,
        34,
        12,
        31,
        32,
        33,
        13,
        27,
        36,
        37,
        43,
        44,
        45,
        46,
        48,
        49,
        50,
        51,
        52,
        53,
        54,
        55,
        56,
        57,
        58,
        60,
        61,
        62,
        63
    ],
    "average_objectives_list": [
        277.88235294117646,
        237.52,
        220.04,
        209.08,
        198.56,
        192.88,
        190.84,
        182.12,
        172.52,
        169.12,
        165.68,
        163.52,
        161.88,
        161.04,
        162.84,
        158.0,
        157.96,
        163.36,
        156.56,
        160.0,
        155.92,
        156.32,
        155.64,
        161.76,
        154.64,
        154.52,
        155.56,
        154.92,
        158.08,
        154.4,
        154.44,
        161.64,
        156.0,
        157.72,
        155.52,
        153.12,
        163.04,
        152.0,
        153.96,
        153.0,
        151.08,
        150.4,
        165.36,
        164.84,
        152.04,
        158.04,
        150.2,
        152.72,
        154.08,
        152.12,
        157.0,
        152.48,
        157.36,
        149.8,
        152.44,
        154.24,
        152.12,
        157.96,
        152.64,
        155.24,
        150.36,
        152.08,
        146.64,
        148.88,
        148.4,
        143.8,
        152.52,
        154.32,
        150.08,
        145.28,
        151.76,
        152.16,
        148.44,
        155.52,
        152.04,
        152.28,
        141.0,
        147.16,
        157.88,
        146.08,
        144.52,
        160.68,
        156.12,
        153.72,
        151.16,
        143.6,
        147.88,
        151.12,
        144.92,
        160.6,
        141.44,
        152.72,
        148.84,
        146.88,
        153.32,
        148.6,
        149.28,
        153.6,
        159.92,
        149.48,
        142.04,
        157.68,
        154.08,
        155.64,
        150.12,
        157.32,
        147.0,
        139.8,
        149.48,
        146.24,
        157.16,
        144.28,
        152.12,
        156.96,
        150.96,
        142.72,
        151.4,
        150.24,
        151.68,
        151.44,
        156.52,
        148.8,
        139.16,
        140.36,
        154.4,
        147.12,
        146.4,
        153.12,
        146.36,
        144.2,
        140.72,
        141.56,
        144.28,
        154.48,
        146.6,
        139.2,
        147.16,
        153.0,
        162.68,
        157.84,
        139.76,
        138.8,
        152.68,
        150.84,
        156.44,
        150.0,
        140.04,
        145.92,
        145.28
    ],
    "best_objective_list": [
        220.0,
        204.0,
        204.0,
        194.0,
        192.0,
        188.0,
        172.0,
        172.0,
        166.0,
        162.0,
        162.0,
        162.0,
        158.0,
        158.0,
        158.0,
        158.0,
        156.0,
        156.0,
        152.0,
        152.0,
        152.0,
        152.0,
        152.0,
        152.0,
        152.0,
        152.0,
        152.0,
        152.0,
        152.0,
        152.0,
        152.0,
        152.0,
        152.0,
        148.0,
        148.0,
        148.0,
        148.0,
        148.0,
        148.0,
        148.0,
        140.0,
        140.0,
        140.0,
        140.0,
        138.0,
        138.0,
        138.0,
        138.0,
        138.0,
        138.0,
        138.0,
        138.0,
        138.0,
        138.0,
        138.0,
        138.0,
        134.0,
        134.0,
        134.0,
        134.0,
        134.0,
        134.0,
        134.0,
        134.0,
        134.0,
        134.0,
        134.0,
        134.0,
        134.0,
        134.0,
        134.0,
        134.0,
        134.0,
        134.0,
        134.0,
        134.0,
        134.0,
        134.0,
        134.0,
        134.0,
        134.0,
        134.0,
        134.0,
        134.0,
        134.0,
        134.0,
        134.0,
        134.0,
        134.0,
        134.0,
        134.0,
        134.0,
        134.0,
        134.0,
        134.0,
        134.0,
        134.0,
        134.0,
        134.0,
        134.0,
        134.0,
        134.0,
        134.0,
        134.0,
        134.0,
        134.0,
        134.0,
        134.0,
        134.0,
        134.0,
        134.0,
        134.0,
        134.0,
        134.0,
        134.0,
        134.0,
        134.0,
        134.0,
        134.0,
        134.0,
        130.0,
        130.0,
        130.0,
        130.0,
        130.0,
        130.0,
        130.0,
        130.0,
        130.0,
        130.0,
        130.0,
        130.0,
        130.0,
        130.0,
        130.0,
        130.0,
        130.0,
        130.0,
        130.0,
        130.0,
        130.0,
        130.0,
        130.0,
        130.0,
        130.0,
        130.0,
        130.0,
        130.0,
        130.0
    ]
}