{
    "elapsed_time": 85.69324707984924,
    "best_objective": 136.0,
    "neighbors": 2000,
    "best_solution": [
        1,
        2,
        3,
        4,
        7,
        8,
        9,
        10,
        11,
        12,
        13,
        21,
        16,
        17,
        18,
        14,
        22,
        26,
        28,
        29,
        32,
        33,
        34,
        35,
        37,
        38,
        39,
        40,
        41,
        44,
        45,
        51,
        53,
        55,
        25,
        31,
        20,
        6,
        5,
        60,
        0,
        56,
        23,
        15,
        30,
        24,
        36,
        43,
        42,
        27,
        19,
        46,
        47,
        48,
        49,
        50,
        52,
        54,
        57,
        58,
        59,
        61,
        62,
        63
    ],
    "average_objectives_list": [
        276.9019607843137,
        234.36,
        201.84,
        182.92,
        173.4,
        171.52,
        182.32,
        170.52,
        159.0,
        157.76,
        157.52,
        161.32,
        148.76,
        158.92,
        150.0,
        151.52,
        158.8,
        154.48,
        147.48,
        166.04,
        144.92
    ],
    "best_objective_list": [
        220.0,
        180.0,
        170.0,
        170.0,
        164.0,
        160.0,
        160.0,
        154.0,
        154.0,
        138.0,
        138.0,
        138.0,
        138.0,
        138.0,
        138.0,
        138.0,
        136.0,
        136.0,
        136.0,
        136.0,
        136.0
    ]
}