{
    "elapsed_time": 85.88396954536438,
    "best_objective": 168.0,
    "neighbors": 2000,
    "best_solution": [
        9,
        1,
        2,
        3,
        5,
        6,
        7,
        8,
        0,
        10,
        11,
        12,
        14,
        15,
        16,
        17,
        18,
        19,
        22,
        28,
        36,
        43,
        45,
        49,
        13,
        4,
        56,
        20,
        21,
        23,
        24,
        25,
        26,
        27,
        29,
        30,
        31,
        32,
        33,
        34,
        35,
        37,
        38,
        39,
        40,
        41,
        42,
        44,
        46,
        47,
        48,
        50,
        51,
        52,
        53,
        54,
        55,
        57,
        58,
        59,
        60,
        61,
        62,
        63
    ],
    "average_objectives_list": [
        275.0980392156863,
        235.88,
        208.92,
        200.28,
        194.96,
        184.72,
        177.0,
        176.0,
        177.16,
        176.0,
        176.0,
        176.0,
        177.2,
        176.0,
        176.64,
        177.84,
        175.84,
        175.84,
        174.64,
        173.76,
        177.76
    ],
    "best_objective_list": [
        208.0,
        202.0,
        190.0,
        190.0,
        180.0,
        176.0,
        176.0,
        176.0,
        176.0,
        176.0,
        176.0,
        176.0,
        176.0,
        176.0,
        176.0,
        176.0,
        168.0,
        168.0,
        168.0,
        168.0,
        168.0
    ]
}