{
    "elapsed_time": 628.4024136066437,
    "best_objective": 124.0,
    "neighbors": 14800,
    "best_solution": [
        0,
        1,
        3,
        52,
        31,
        5,
        58,
        10,
        12,
        13,
        19,
        14,
        9,
        16,
        18,
        7,
        22,
        24,
        25,
        26,
        27,
        28,
        29,
        4,
        61,
        37,
        35,
        38,
        39,
        43,
        44,
        45,
        46,
        47,
        48,
        6,
        8,
        11,
        15,
        17,
        20,
        21,
        23,
        30,
        32,
        33,
        34,
        36,
        40,
        41,
        42,
        49,
        50,
        51,
        2,
        53,
        54,
        55,
        56,
        57,
        59,
        60,
        62,
        63
    ],
    "average_objectives_list": [
        278.47058823529414,
        239.68,
        213.48,
        200.92,
        184.52,
        176.64,
        175.68,
        172.76,
        169.72,
        164.8,
        165.6,
        166.64,
        167.4,
        165.28,
        166.88,
        161.88,
        161.44,
        166.16,
        166.64,
        164.4,
        160.88,
        160.72,
        164.0,
        158.12,
        159.44,
        156.24,
        156.6,
        157.44,
        157.48,
        152.72,
        155.84,
        152.52,
        157.2,
        153.92,
        152.88,
        160.84,
        156.28,
        146.12,
        149.88,
        147.52,
        147.36,
        149.92,
        148.44,
        147.68,
        140.04,
        150.28,
        148.36,
        153.32,
        150.48,
        153.68,
        146.32,
        154.92,
        153.32,
        156.76,
        148.84,
        147.2,
        147.88,
        145.6,
        153.28,
        152.64,
        147.48,
        155.6,
        155.04,
        147.96,
        149.44,
        150.2,
        151.96,
        146.68,
        152.52,
        146.0,
        143.04,
        146.84,
        149.56,
        150.0,
        147.72,
        145.92,
        151.92,
        157.88,
        144.24,
        140.44,
        145.36,
        143.52,
        150.12,
        154.72,
        147.28,
        144.64,
        145.68,
        151.16,
        146.88,
        154.12,
        151.08,
        151.2,
        151.04,
        150.0,
        138.2,
        144.0,
        148.24,
        153.2,
        152.04,
        148.64,
        158.16,
        144.28,
        163.4,
        151.84,
        150.68,
        153.64,
        158.08,
        146.48,
        147.96,
        150.88,
        151.68,
        151.08,
        159.84,
        159.2,
        153.0,
        144.88,
        154.56,
        147.12,
        145.4,
        151.12,
        153.24,
        151.52,
        147.08,
        158.84,
        148.4,
        153.88,
        152.36,
        147.12,
        157.92,
        153.92,
        152.16,
        151.2,
        147.76,
        152.44,
        149.76,
        154.2,
        149.84,
        152.92,
        150.16,
        148.36,
        140.4,
        151.44,
        152.08,
        154.56,
        144.6,
        146.12,
        152.28,
        152.76,
        153.92
    ],
    "best_objective_list": [
        242.0,
        200.0,
        184.0,
        180.0,
        176.0,
        166.0,
        162.0,
        162.0,
        162.0,
        162.0,
        160.0,
        160.0,
        160.0,
        158.0,
        158.0,
        158.0,
        158.0,
        158.0,
        156.0,
        156.0,
        156.0,
        148.0,
        148.0,
        148.0,
        148.0,
        148.0,
        148.0,
        148.0,
        148.0,
        148.0,
        148.0,
        140.0,
        140.0,
        140.0,
        140.0,
        140.0,
        138.0,
        138.0,
        134.0,
        134.0,
        134.0,
        134.0,
        134.0,
        134.0,
        134.0,
        134.0,
        134.0,
        134.0,
        134.0,
        134.0,
        134.0,
        134.0,
        134.0,
        134.0,
        134.0,
        134.0,
        134.0,
        134.0,
        134.0,
        134.0,
        134.0,
        134.0,
        134.0,
        134.0,
        134.0,
        134.0,
        134.0,
        134.0,
        134.0,
        134.0,
        134.0,
        134.0,
        134.0,
        134.0,
        134.0,
        132.0,
        132.0,
        132.0,
        132.0,
        132.0,
        132.0,
        132.0,
        132.0,
        132.0,
        132.0,
        132.0,
        132.0,
        132.0,
        130.0,
        130.0,
        130.0,
        130.0,
        130.0,
        130.0,
        130.0,
        130.0,
        130.0,
        130.0,
        130.0,
        130.0,
        130.0,
        130.0,
        130.0,
        130.0,
        130.0,
        130.0,
        130.0,
        130.0,
        130.0,
        130.0,
        130.0,
        130.0,
        130.0,
        130.0,
        130.0,
        130.0,
        130.0,
        130.0,
        130.0,
        130.0,
        130.0,
        130.0,
        130.0,
        130.0,
        130.0,
        130.0,
        130.0,
        130.0,
        130.0,
        130.0,
        130.0,
        130.0,
        130.0,
        130.0,
        130.0,
        130.0,
        130.0,
        130.0,
        130.0,
        130.0,
        128.0,
        128.0,
        124.0,
        124.0,
        124.0,
        124.0,
        124.0,
        124.0,
        124.0
    ]
}