{
    "elapsed_time": 96.34997916221619,
    "best_objective": 162.0,
    "neighbors": 2000,
    "best_solution": [
        0,
        1,
        3,
        4,
        5,
        6,
        7,
        9,
        10,
        11,
        13,
        14,
        15,
        16,
        18,
        36,
        21,
        8,
        53,
        28,
        25,
        2,
        19,
        39,
        29,
        27,
        12,
        17,
        20,
        22,
        23,
        24,
        26,
        30,
        31,
        32,
        33,
        42,
        35,
        37,
        38,
        40,
        41,
        34,
        43,
        44,
        45,
        46,
        47,
        48,
        49,
        50,
        51,
        52,
        54,
        55,
        56,
        57,
        58,
        59,
        60,
        61,
        62,
        63
    ],
    "average_objectives_list": [
        276.81188118811883,
        243.58,
        227.8,
        218.94,
        212.04,
        207.04,
        207.24,
        200.92,
        195.8,
        197.48,
        192.6,
        186.92,
        183.42,
        180.04,
        178.94,
        176.24,
        176.8,
        180.44,
        182.62,
        184.44,
        185.2
    ],
    "best_objective_list": [
        218.0,
        204.0,
        204.0,
        196.0,
        184.0,
        184.0,
        184.0,
        178.0,
        178.0,
        170.0,
        166.0,
        164.0,
        164.0,
        164.0,
        162.0,
        162.0,
        162.0,
        162.0,
        162.0,
        162.0,
        162.0
    ]
}