{
    "elapsed_time": 85.14263463020325,
    "best_objective": 162.0,
    "neighbors": 2000,
    "best_solution": [
        0,
        1,
        2,
        3,
        4,
        5,
        6,
        7,
        9,
        10,
        11,
        18,
        13,
        14,
        15,
        16,
        17,
        12,
        19,
        20,
        21,
        22,
        23,
        24,
        25,
        27,
        29,
        30,
        31,
        32,
        33,
        34,
        35,
        36,
        37,
        38,
        39,
        40,
        8,
        26,
        28,
        41,
        42,
        43,
        44,
        45,
        46,
        47,
        48,
        49,
        50,
        51,
        52,
        53,
        54,
        55,
        56,
        57,
        58,
        59,
        60,
        61,
        62,
        63
    ],
    "average_objectives_list": [
        282.5882352941176,
        240.96,
        212.2,
        196.24,
        191.52,
        185.24,
        182.16,
        181.44,
        176.8,
        170.24,
        167.16,
        168.96,
        166.28,
        170.4,
        168.4,
        169.44,
        168.52,
        167.24,
        170.32,
        168.48,
        169.64
    ],
    "best_objective_list": [
        236.0,
        202.0,
        194.0,
        186.0,
        182.0,
        182.0,
        182.0,
        162.0,
        162.0,
        162.0,
        162.0,
        162.0,
        162.0,
        162.0,
        162.0,
        162.0,
        162.0,
        162.0,
        162.0,
        162.0,
        162.0
    ]
}