{
    "elapsed_time": 625.6750068664551,
    "best_objective": 138.0,
    "neighbors": 14800,
    "best_solution": [
        1,
        3,
        39,
        46,
        5,
        6,
        7,
        30,
        9,
        10,
        18,
        12,
        13,
        14,
        16,
        2,
        11,
        19,
        20,
        42,
        22,
        23,
        24,
        25,
        0,
        58,
        28,
        29,
        36,
        37,
        21,
        53,
        4,
        8,
        44,
        31,
        32,
        33,
        34,
        35,
        38,
        26,
        40,
        41,
        43,
        15,
        45,
        59,
        47,
        48,
        17,
        49,
        50,
        51,
        52,
        54,
        55,
        56,
        57,
        27,
        60,
        61,
        62,
        63
    ],
    "average_objectives_list": [
        278.98039215686276,
        241.48,
        217.76,
        207.08,
        204.04,
        207.72,
        204.64,
        204.0,
        201.16,
        189.08,
        179.88,
        177.92,
        177.4,
        173.88,
        175.36,
        172.32,
        168.24,
        162.88,
        166.08,
        164.68,
        160.88,
        158.68,
        158.84,
        156.72,
        154.44,
        158.96,
        162.16,
        159.2,
        159.68,
        162.12,
        154.76,
        151.88,
        154.6,
        152.24,
        154.88,
        156.88,
        161.76,
        158.8,
        154.6,
        157.88,
        153.92,
        156.04,
        157.08,
        157.56,
        161.08,
        167.28,
        158.12,
        155.28,
        156.0,
        159.68,
        149.28,
        155.16,
        154.0,
        159.92,
        155.32,
        157.4,
        154.44,
        162.84,
        168.56,
        157.64,
        160.64,
        158.84,
        162.56,
        161.68,
        159.2,
        153.92,
        157.12,
        154.28,
        159.84,
        151.56,
        157.48,
        161.24,
        157.8,
        162.44,
        160.0,
        162.28,
        162.32,
        158.52,
        156.48,
        158.44,
        167.36,
        158.04,
        156.28,
        156.8,
        159.76,
        167.04,
        162.44,
        162.12,
        165.68,
        156.88,
        159.2,
        162.08,
        156.16,
        157.44,
        160.68,
        157.04,
        164.48,
        158.16,
        164.52,
        163.92,
        158.0,
        159.64,
        153.48,
        152.56,
        158.32,
        159.48,
        164.16,
        158.56,
        158.0,
        161.8,
        156.56,
        163.16,
        158.12,
        160.56,
        164.52,
        158.36,
        163.16,
        160.36,
        159.2,
        161.2,
        163.04,
        170.56,
        158.88,
        152.56,
        161.36,
        155.04,
        157.72,
        163.28,
        155.64,
        156.44,
        159.96,
        156.24,
        160.4,
        161.44,
        156.72,
        157.04,
        163.4,
        161.6,
        163.64,
        156.24,
        161.12,
        158.0,
        159.76,
        159.32,
        159.04,
        158.04,
        156.52,
        162.72,
        153.16
    ],
    "best_objective_list": [
        228.0,
        204.0,
        204.0,
        204.0,
        204.0,
        204.0,
        200.0,
        188.0,
        182.0,
        178.0,
        178.0,
        174.0,
        174.0,
        154.0,
        154.0,
        154.0,
        154.0,
        154.0,
        154.0,
        154.0,
        148.0,
        148.0,
        148.0,
        148.0,
        148.0,
        148.0,
        148.0,
        144.0,
        144.0,
        144.0,
        144.0,
        144.0,
        144.0,
        144.0,
        144.0,
        144.0,
        144.0,
        144.0,
        144.0,
        144.0,
        144.0,
        144.0,
        144.0,
        144.0,
        144.0,
        144.0,
        144.0,
        144.0,
        144.0,
        144.0,
        144.0,
        144.0,
        144.0,
        144.0,
        144.0,
        144.0,
        144.0,
        142.0,
        142.0,
        142.0,
        142.0,
        142.0,
        142.0,
        142.0,
        142.0,
        142.0,
        142.0,
        142.0,
        142.0,
        142.0,
        142.0,
        142.0,
        142.0,
        142.0,
        142.0,
        142.0,
        142.0,
        142.0,
        142.0,
        142.0,
        142.0,
        142.0,
        142.0,
        142.0,
        142.0,
        142.0,
        142.0,
        142.0,
        142.0,
        142.0,
        142.0,
        142.0,
        142.0,
        138.0,
        138.0,
        138.0,
        138.0,
        138.0,
        138.0,
        138.0,
        138.0,
        138.0,
        138.0,
        138.0,
        138.0,
        138.0,
        138.0,
        138.0,
        138.0,
        138.0,
        138.0,
        138.0,
        138.0,
        138.0,
        138.0,
        138.0,
        138.0,
        138.0,
        138.0,
        138.0,
        138.0,
        138.0,
        138.0,
        138.0,
        138.0,
        138.0,
        138.0,
        138.0,
        138.0,
        138.0,
        138.0,
        138.0,
        138.0,
        138.0,
        138.0,
        138.0,
        138.0,
        138.0,
        138.0,
        138.0,
        138.0,
        138.0,
        138.0,
        138.0,
        138.0,
        138.0,
        138.0,
        138.0,
        138.0
    ]
}