{
    "elapsed_time": 627.4726753234863,
    "best_objective": 132.0,
    "neighbors": 14800,
    "best_solution": [
        0,
        1,
        4,
        5,
        19,
        7,
        17,
        10,
        11,
        13,
        6,
        14,
        15,
        16,
        9,
        18,
        20,
        21,
        23,
        25,
        26,
        27,
        30,
        31,
        32,
        33,
        34,
        35,
        38,
        36,
        37,
        8,
        39,
        40,
        50,
        12,
        2,
        29,
        3,
        22,
        51,
        24,
        28,
        41,
        42,
        43,
        44,
        45,
        46,
        47,
        48,
        49,
        52,
        53,
        54,
        55,
        56,
        57,
        58,
        59,
        60,
        61,
        62,
        63
    ],
    "average_objectives_list": [
        273.6470588235294,
        242.04,
        218.92,
        211.64,
        201.88,
        191.2,
        182.92,
        183.84,
        183.96,
        176.2,
        171.28,
        169.76,
        169.0,
        166.24,
        167.56,
        166.28,
        165.04,
        169.52,
        165.72,
        165.36,
        164.32,
        164.24,
        170.36,
        164.0,
        168.08,
        164.28,
        167.56,
        166.48,
        165.12,
        166.96,
        164.96,
        165.24,
        166.04,
        168.44,
        165.04,
        165.08,
        164.8,
        166.4,
        168.4,
        164.88,
        165.88,
        163.16,
        164.24,
        162.64,
        160.24,
        163.04,
        164.84,
        159.64,
        160.4,
        159.4,
        156.88,
        156.8,
        159.2,
        160.24,
        165.88,
        157.84,
        160.76,
        156.88,
        168.76,
        163.64,
        164.24,
        161.68,
        163.16,
        156.28,
        160.12,
        153.96,
        161.52,
        158.28,
        168.6,
        157.12,
        160.16,
        159.44,
        153.0,
        164.44,
        151.88,
        154.32,
        157.8,
        155.16,
        156.72,
        160.96,
        154.32,
        161.96,
        158.92,
        158.96,
        163.12,
        153.36,
        155.64,
        152.12,
        152.36,
        151.52,
        152.2,
        155.6,
        151.84,
        154.4,
        158.56,
        155.12,
        146.44,
        152.28,
        158.88,
        157.0,
        156.92,
        154.28,
        153.64,
        156.12,
        153.68,
        152.28,
        146.48,
        158.76,
        154.52,
        159.12,
        160.44,
        148.8,
        153.04,
        154.08,
        149.92,
        153.28,
        154.92,
        154.8,
        153.12,
        149.28,
        147.0,
        148.68,
        153.96,
        152.96,
        156.84,
        147.96,
        161.84,
        141.16,
        151.08,
        153.52,
        156.56,
        149.36,
        158.56,
        155.12,
        151.36,
        141.8,
        150.32,
        153.76,
        152.84,
        147.8,
        149.48,
        149.8,
        148.88,
        158.56,
        154.76,
        148.52,
        146.16,
        159.08,
        151.32
    ],
    "best_objective_list": [
        226.0,
        214.0,
        208.0,
        198.0,
        180.0,
        180.0,
        180.0,
        172.0,
        168.0,
        160.0,
        160.0,
        160.0,
        160.0,
        160.0,
        160.0,
        160.0,
        160.0,
        160.0,
        160.0,
        160.0,
        160.0,
        160.0,
        160.0,
        160.0,
        160.0,
        160.0,
        160.0,
        160.0,
        160.0,
        160.0,
        160.0,
        160.0,
        160.0,
        160.0,
        160.0,
        160.0,
        160.0,
        160.0,
        160.0,
        160.0,
        156.0,
        152.0,
        152.0,
        152.0,
        152.0,
        152.0,
        152.0,
        152.0,
        152.0,
        152.0,
        152.0,
        152.0,
        152.0,
        150.0,
        150.0,
        150.0,
        150.0,
        150.0,
        150.0,
        150.0,
        150.0,
        150.0,
        150.0,
        150.0,
        150.0,
        140.0,
        140.0,
        140.0,
        140.0,
        140.0,
        140.0,
        140.0,
        140.0,
        140.0,
        140.0,
        140.0,
        140.0,
        140.0,
        140.0,
        140.0,
        136.0,
        136.0,
        136.0,
        132.0,
        132.0,
        132.0,
        132.0,
        132.0,
        132.0,
        132.0,
        132.0,
        132.0,
        132.0,
        132.0,
        132.0,
        132.0,
        132.0,
        132.0,
        132.0,
        132.0,
        132.0,
        132.0,
        132.0,
        132.0,
        132.0,
        132.0,
        132.0,
        132.0,
        132.0,
        132.0,
        132.0,
        132.0,
        132.0,
        132.0,
        132.0,
        132.0,
        132.0,
        132.0,
        132.0,
        132.0,
        132.0,
        132.0,
        132.0,
        132.0,
        132.0,
        132.0,
        132.0,
        132.0,
        132.0,
        132.0,
        132.0,
        132.0,
        132.0,
        132.0,
        132.0,
        132.0,
        132.0,
        132.0,
        132.0,
        132.0,
        132.0,
        132.0,
        132.0,
        132.0,
        132.0,
        132.0,
        132.0,
        132.0,
        132.0
    ]
}