{
    "elapsed_time": 85.14157605171204,
    "best_objective": 152.0,
    "neighbors": 2000,
    "best_solution": [
        0,
        1,
        2,
        3,
        4,
        5,
        6,
        7,
        9,
        10,
        11,
        12,
        13,
        14,
        15,
        16,
        17,
        19,
        20,
        22,
        24,
        27,
        29,
        31,
        32,
        36,
        37,
        42,
        43,
        18,
        21,
        33,
        25,
        26,
        28,
        30,
        23,
        8,
        35,
        38,
        34,
        39,
        40,
        41,
        44,
        45,
        46,
        47,
        48,
        49,
        50,
        51,
        52,
        53,
        54,
        55,
        56,
        57,
        58,
        59,
        60,
        61,
        62,
        63
    ],
    "average_objectives_list": [
        276.4313725490196,
        241.52,
        213.4,
        192.08,
        183.08,
        181.76,
        183.72,
        183.96,
        178.88,
        181.48,
        175.88,
        172.0,
        172.0,
        172.2,
        173.68,
        166.76,
        161.76,
        161.32,
        152.24,
        152.0,
        153.04
    ],
    "best_objective_list": [
        232.0,
        192.0,
        184.0,
        180.0,
        178.0,
        178.0,
        178.0,
        178.0,
        174.0,
        172.0,
        172.0,
        172.0,
        172.0,
        156.0,
        156.0,
        156.0,
        152.0,
        152.0,
        152.0,
        152.0,
        152.0
    ]
}