{
    "elapsed_time": 86.44656229019165,
    "best_objective": 152.0,
    "neighbors": 2000,
    "best_solution": [
        0,
        1,
        2,
        3,
        4,
        5,
        6,
        7,
        8,
        9,
        10,
        13,
        14,
        16,
        17,
        18,
        19,
        22,
        24,
        25,
        27,
        28,
        29,
        30,
        31,
        32,
        33,
        34,
        35,
        47,
        11,
        12,
        15,
        20,
        21,
        23,
        26,
        37,
        38,
        39,
        40,
        41,
        42,
        43,
        44,
        45,
        46,
        36,
        48,
        49,
        50,
        51,
        52,
        53,
        54,
        55,
        56,
        57,
        58,
        59,
        60,
        61,
        62,
        63
    ],
    "average_objectives_list": [
        279.6862745098039,
        236.64,
        202.84,
        185.64,
        178.12,
        178.08,
        177.92,
        177.44,
        168.64,
        162.72,
        160.0,
        160.0,
        159.84,
        158.08,
        161.08,
        155.76,
        157.6,
        154.24,
        156.32,
        155.36,
        159.76
    ],
    "best_objective_list": [
        238.0,
        188.0,
        178.0,
        178.0,
        178.0,
        178.0,
        174.0,
        166.0,
        160.0,
        160.0,
        160.0,
        160.0,
        152.0,
        152.0,
        152.0,
        152.0,
        152.0,
        152.0,
        152.0,
        152.0,
        152.0
    ]
}