{
    "elapsed_time": 85.56647634506226,
    "best_objective": 154.0,
    "neighbors": 2000,
    "best_solution": [
        0,
        1,
        63,
        3,
        4,
        5,
        31,
        7,
        8,
        9,
        47,
        13,
        15,
        14,
        16,
        18,
        19,
        20,
        21,
        22,
        25,
        26,
        27,
        28,
        40,
        6,
        11,
        12,
        17,
        23,
        24,
        29,
        30,
        32,
        33,
        34,
        35,
        36,
        37,
        38,
        39,
        41,
        42,
        43,
        44,
        45,
        46,
        10,
        48,
        49,
        50,
        51,
        52,
        53,
        54,
        55,
        56,
        59,
        58,
        57,
        60,
        61,
        62,
        2
    ],
    "average_objectives_list": [
        279.1764705882353,
        243.8,
        216.48,
        202.12,
        199.84,
        196.36,
        191.52,
        186.6,
        179.8,
        182.04,
        184.28,
        184.68,
        183.0,
        174.52,
        181.76,
        178.4,
        177.8,
        183.24,
        179.56,
        177.72,
        174.08
    ],
    "best_objective_list": [
        236.0,
        208.0,
        196.0,
        194.0,
        192.0,
        182.0,
        178.0,
        178.0,
        172.0,
        172.0,
        160.0,
        160.0,
        160.0,
        160.0,
        160.0,
        154.0,
        154.0,
        154.0,
        154.0,
        154.0,
        154.0
    ]
}