{
    "elapsed_time": 85.90388679504395,
    "best_objective": 144.0,
    "neighbors": 2000,
    "best_solution": [
        0,
        1,
        2,
        3,
        4,
        5,
        6,
        7,
        8,
        9,
        11,
        10,
        13,
        14,
        15,
        16,
        17,
        19,
        39,
        20,
        21,
        22,
        23,
        24,
        26,
        27,
        28,
        29,
        38,
        31,
        55,
        12,
        54,
        18,
        25,
        32,
        33,
        49,
        35,
        36,
        37,
        30,
        40,
        41,
        42,
        43,
        44,
        45,
        46,
        47,
        48,
        34,
        50,
        51,
        52,
        53,
        56,
        57,
        58,
        59,
        60,
        61,
        62,
        63
    ],
    "average_objectives_list": [
        281.6862745098039,
        241.68,
        210.76,
        193.52,
        192.0,
        191.92,
        193.36,
        191.44,
        192.28,
        177.44,
        173.64,
        165.04,
        158.84,
        155.44,
        154.88,
        156.28,
        158.96,
        156.12,
        154.88,
        157.64,
        164.68
    ],
    "best_objective_list": [
        238.0,
        192.0,
        192.0,
        192.0,
        192.0,
        190.0,
        174.0,
        170.0,
        170.0,
        170.0,
        154.0,
        154.0,
        154.0,
        154.0,
        154.0,
        152.0,
        152.0,
        152.0,
        144.0,
        144.0,
        144.0
    ]
}