{
    "elapsed_time": 622.2802045345306,
    "best_objective": 122.0,
    "neighbors": 14800,
    "best_solution": [
        0,
        1,
        2,
        62,
        6,
        8,
        11,
        12,
        19,
        20,
        21,
        22,
        23,
        24,
        25,
        54,
        36,
        45,
        7,
        43,
        4,
        5,
        26,
        38,
        9,
        10,
        13,
        14,
        15,
        16,
        17,
        18,
        27,
        28,
        29,
        30,
        31,
        32,
        33,
        34,
        35,
        37,
        39,
        40,
        41,
        42,
        44,
        46,
        47,
        48,
        49,
        50,
        51,
        52,
        53,
        55,
        3,
        56,
        57,
        58,
        59,
        60,
        61,
        63
    ],
    "average_objectives_list": [
        276.3137254901961,
        233.48,
        198.52,
        178.44,
        167.04,
        173.04,
        165.68,
        157.44,
        152.04,
        155.76,
        148.08,
        149.24,
        157.08,
        148.8,
        148.0,
        151.2,
        148.96,
        150.04,
        159.2,
        145.4,
        145.72,
        142.64,
        145.84,
        142.48,
        142.16,
        147.48,
        145.96,
        150.92,
        143.4,
        144.0,
        142.28,
        142.4,
        142.08,
        142.56,
        142.2,
        147.08,
        142.0,
        142.0,
        142.76,
        139.36,
        132.76,
        131.76,
        141.36,
        134.72,
        131.32,
        154.04,
        132.2,
        133.8,
        130.24,
        142.4,
        130.08,
        132.52,
        130.08,
        131.2,
        136.6,
        130.52,
        135.36,
        132.12,
        130.16,
        138.88,
        133.76,
        131.0,
        130.72,
        130.48,
        135.76,
        132.92,
        133.92,
        143.64,
        132.88,
        132.48,
        135.48,
        131.68,
        131.04,
        134.92,
        129.16,
        128.28,
        136.0,
        144.96,
        131.96,
        131.84,
        134.96,
        132.32,
        135.52,
        133.2,
        139.88,
        135.12,
        132.4,
        126.52,
        133.76,
        137.56,
        129.24,
        145.92,
        137.92,
        132.44,
        127.72,
        134.4,
        132.2,
        134.56,
        132.4,
        132.08,
        125.32,
        124.88,
        137.28,
        137.68,
        129.88,
        127.64,
        130.08,
        126.12,
        128.8,
        138.92,
        128.72,
        129.6,
        131.92,
        129.28,
        135.44,
        137.8,
        134.4,
        131.28,
        139.68,
        132.76,
        128.92,
        130.96,
        129.36,
        136.68,
        128.52,
        128.32,
        126.32,
        133.6,
        126.16,
        131.52,
        135.6,
        129.0,
        139.84,
        143.04,
        128.08,
        132.68,
        127.8,
        129.2,
        131.12,
        127.8,
        130.4,
        136.92,
        137.96,
        130.76,
        130.44,
        132.72,
        135.84,
        138.8,
        128.28
    ],
    "best_objective_list": [
        234.0,
        172.0,
        156.0,
        156.0,
        156.0,
        156.0,
        152.0,
        148.0,
        148.0,
        148.0,
        148.0,
        148.0,
        148.0,
        148.0,
        148.0,
        148.0,
        148.0,
        142.0,
        142.0,
        142.0,
        142.0,
        142.0,
        142.0,
        142.0,
        142.0,
        142.0,
        142.0,
        142.0,
        142.0,
        142.0,
        142.0,
        142.0,
        142.0,
        142.0,
        142.0,
        142.0,
        142.0,
        142.0,
        130.0,
        130.0,
        130.0,
        130.0,
        130.0,
        130.0,
        130.0,
        130.0,
        130.0,
        130.0,
        130.0,
        130.0,
        130.0,
        130.0,
        130.0,
        130.0,
        130.0,
        130.0,
        130.0,
        130.0,
        130.0,
        130.0,
        130.0,
        130.0,
        130.0,
        130.0,
        126.0,
        126.0,
        126.0,
        122.0,
        122.0,
        122.0,
        122.0,
        122.0,
        122.0,
        122.0,
        122.0,
        122.0,
        122.0,
        122.0,
        122.0,
        122.0,
        122.0,
        122.0,
        122.0,
        122.0,
        122.0,
        122.0,
        122.0,
        122.0,
        122.0,
        122.0,
        122.0,
        122.0,
        122.0,
        122.0,
        122.0,
        122.0,
        122.0,
        122.0,
        122.0,
        122.0,
        122.0,
        122.0,
        122.0,
        122.0,
        122.0,
        122.0,
        122.0,
        122.0,
        122.0,
        122.0,
        122.0,
        122.0,
        122.0,
        122.0,
        122.0,
        122.0,
        122.0,
        122.0,
        122.0,
        122.0,
        122.0,
        122.0,
        122.0,
        122.0,
        122.0,
        122.0,
        122.0,
        122.0,
        122.0,
        122.0,
        122.0,
        122.0,
        122.0,
        122.0,
        122.0,
        122.0,
        122.0,
        122.0,
        122.0,
        122.0,
        122.0,
        122.0,
        122.0,
        122.0,
        122.0,
        122.0,
        122.0,
        122.0,
        122.0
    ]
}