{
    "elapsed_time": 43.5439510345459,
    "best_objective": 158.0,
    "neighbors": 1000,
    "best_solution": [
        0,
        1,
        2,
        3,
        4,
        5,
        6,
        7,
        8,
        9,
        10,
        36,
        12,
        13,
        14,
        16,
        20,
        23,
        29,
        33,
        35,
        11,
        42,
        43,
        44,
        45,
        46,
        47,
        48,
        15,
        17,
        18,
        19,
        21,
        22,
        24,
        25,
        26,
        27,
        28,
        30,
        52,
        32,
        34,
        37,
        38,
        39,
        40,
        41,
        49,
        50,
        51,
        31,
        53,
        54,
        55,
        56,
        57,
        58,
        59,
        60,
        61,
        62,
        63
    ],
    "average_objectives_list": [
        279.6470588235294,
        245.68,
        221.24,
        209.8,
        189.16,
        174.4,
        176.8,
        172.2,
        168.92,
        162.32,
        164.0
    ],
    "best_objective_list": [
        248.0,
        212.0,
        206.0,
        174.0,
        174.0,
        172.0,
        172.0,
        162.0,
        162.0,
        162.0,
        158.0
    ]
}