{
    "elapsed_time": 86.15358662605286,
    "best_objective": 170.0,
    "neighbors": 2000,
    "best_solution": [
        0,
        1,
        2,
        3,
        4,
        5,
        6,
        10,
        11,
        13,
        19,
        14,
        15,
        16,
        17,
        18,
        12,
        20,
        21,
        22,
        23,
        24,
        25,
        26,
        27,
        28,
        29,
        30,
        31,
        32,
        33,
        34,
        35,
        36,
        37,
        7,
        8,
        9,
        38,
        39,
        40,
        41,
        42,
        43,
        44,
        45,
        46,
        47,
        48,
        49,
        50,
        51,
        52,
        53,
        54,
        55,
        56,
        57,
        58,
        59,
        60,
        61,
        62,
        63
    ],
    "average_objectives_list": [
        274.54901960784315,
        234.84,
        210.2,
        197.16,
        189.2,
        183.96,
        183.76,
        182.88,
        184.6,
        181.16,
        178.68,
        178.08,
        173.0,
        175.24,
        174.32,
        174.8,
        176.52,
        175.8,
        175.88,
        170.0,
        173.08
    ],
    "best_objective_list": [
        226.0,
        194.0,
        194.0,
        184.0,
        184.0,
        182.0,
        182.0,
        182.0,
        182.0,
        170.0,
        170.0,
        170.0,
        170.0,
        170.0,
        170.0,
        170.0,
        170.0,
        170.0,
        170.0,
        170.0,
        170.0
    ]
}