{
    "elapsed_time": 85.21292757987976,
    "best_objective": 168.0,
    "neighbors": 2000,
    "best_solution": [
        0,
        1,
        2,
        3,
        5,
        7,
        57,
        9,
        10,
        16,
        11,
        12,
        13,
        14,
        15,
        6,
        17,
        60,
        19,
        20,
        42,
        22,
        23,
        25,
        26,
        27,
        32,
        29,
        30,
        31,
        33,
        34,
        35,
        36,
        37,
        4,
        8,
        18,
        21,
        24,
        28,
        38,
        39,
        40,
        41,
        43,
        44,
        45,
        46,
        47,
        48,
        49,
        50,
        51,
        52,
        53,
        54,
        55,
        56,
        58,
        59,
        61,
        62,
        63
    ],
    "average_objectives_list": [
        279.37254901960785,
        239.08,
        213.32,
        201.76,
        200.16,
        200.12,
        193.84,
        191.56,
        194.16,
        193.4,
        189.8,
        188.76,
        191.96,
        194.16,
        188.28,
        186.2,
        177.96,
        185.76,
        180.52,
        180.36,
        184.68
    ],
    "best_objective_list": [
        236.0,
        200.0,
        198.0,
        192.0,
        192.0,
        184.0,
        184.0,
        182.0,
        182.0,
        182.0,
        178.0,
        178.0,
        178.0,
        178.0,
        176.0,
        176.0,
        176.0,
        176.0,
        172.0,
        168.0,
        168.0
    ]
}