{
    "elapsed_time": 625.8589668273926,
    "best_objective": 128.0,
    "neighbors": 14800,
    "best_solution": [
        0,
        1,
        2,
        3,
        4,
        8,
        11,
        15,
        22,
        17,
        21,
        19,
        20,
        7,
        33,
        9,
        40,
        39,
        12,
        41,
        42,
        43,
        44,
        45,
        6,
        5,
        10,
        36,
        13,
        14,
        16,
        18,
        31,
        23,
        24,
        25,
        27,
        28,
        29,
        30,
        32,
        26,
        34,
        35,
        37,
        38,
        46,
        47,
        48,
        49,
        50,
        51,
        52,
        53,
        54,
        55,
        56,
        57,
        58,
        59,
        60,
        61,
        62,
        63
    ],
    "average_objectives_list": [
        278.54901960784315,
        233.24,
        202.44,
        183.6,
        174.16,
        173.84,
        172.68,
        170.44,
        172.64,
        170.36,
        168.32,
        166.28,
        168.56,
        168.08,
        167.48,
        175.96,
        168.28,
        172.4,
        170.28,
        168.2,
        174.56,
        163.92,
        154.32,
        158.6,
        158.32,
        153.08,
        151.28,
        149.28,
        149.16,
        144.88,
        151.36,
        153.28,
        153.52,
        154.52,
        147.68,
        148.04,
        148.48,
        145.8,
        146.2,
        145.88,
        146.68,
        146.36,
        143.6,
        153.72,
        146.28,
        146.2,
        152.08,
        142.68,
        146.4,
        145.6,
        148.76,
        145.64,
        148.24,
        149.8,
        152.68,
        146.48,
        148.52,
        150.0,
        144.8,
        144.72,
        155.0,
        147.8,
        144.36,
        143.52,
        147.64,
        155.4,
        145.88,
        150.08,
        145.32,
        142.32,
        145.32,
        158.88,
        146.08,
        145.4,
        147.68,
        153.36,
        144.44,
        146.68,
        154.04,
        148.2,
        149.08,
        151.76,
        152.04,
        144.92,
        143.84,
        146.96,
        154.48,
        154.8,
        150.84,
        143.92,
        149.92,
        154.6,
        145.2,
        146.96,
        144.28,
        147.92,
        151.8,
        145.48,
        152.0,
        144.92,
        151.4,
        149.28,
        143.96,
        152.04,
        149.2,
        142.96,
        148.84,
        148.28,
        150.72,
        152.88,
        145.28,
        148.72,
        161.68,
        144.12,
        142.6,
        146.32,
        149.0,
        147.08,
        152.36,
        146.52,
        144.04,
        153.16,
        144.04,
        145.44,
        135.4,
        143.44,
        143.4,
        135.12,
        134.16,
        137.52,
        132.6,
        139.48,
        140.56,
        135.28,
        134.92,
        135.6,
        142.88,
        137.28,
        134.6,
        141.32,
        133.96,
        133.04,
        136.68,
        132.6,
        141.48,
        138.2,
        132.48,
        135.6,
        139.48
    ],
    "best_objective_list": [
        228.0,
        188.0,
        174.0,
        174.0,
        170.0,
        168.0,
        166.0,
        166.0,
        166.0,
        166.0,
        166.0,
        166.0,
        166.0,
        166.0,
        166.0,
        166.0,
        164.0,
        164.0,
        164.0,
        164.0,
        148.0,
        148.0,
        148.0,
        148.0,
        148.0,
        144.0,
        144.0,
        144.0,
        144.0,
        144.0,
        144.0,
        144.0,
        144.0,
        142.0,
        142.0,
        142.0,
        142.0,
        142.0,
        142.0,
        142.0,
        142.0,
        142.0,
        142.0,
        142.0,
        142.0,
        142.0,
        142.0,
        142.0,
        142.0,
        140.0,
        140.0,
        140.0,
        140.0,
        140.0,
        140.0,
        140.0,
        140.0,
        138.0,
        138.0,
        138.0,
        138.0,
        138.0,
        138.0,
        138.0,
        138.0,
        138.0,
        138.0,
        138.0,
        138.0,
        138.0,
        138.0,
        138.0,
        138.0,
        138.0,
        138.0,
        138.0,
        138.0,
        138.0,
        138.0,
        138.0,
        138.0,
        138.0,
        138.0,
        138.0,
        138.0,
        138.0,
        138.0,
        138.0,
        138.0,
        138.0,
        138.0,
        138.0,
        138.0,
        138.0,
        138.0,
        138.0,
        138.0,
        138.0,
        138.0,
        138.0,
        138.0,
        138.0,
        138.0,
        138.0,
        138.0,
        138.0,
        138.0,
        138.0,
        138.0,
        138.0,
        138.0,
        138.0,
        138.0,
        138.0,
        138.0,
        138.0,
        138.0,
        134.0,
        134.0,
        134.0,
        134.0,
        134.0,
        132.0,
        132.0,
        132.0,
        128.0,
        128.0,
        128.0,
        128.0,
        128.0,
        128.0,
        128.0,
        128.0,
        128.0,
        128.0,
        128.0,
        128.0,
        128.0,
        128.0,
        128.0,
        128.0,
        128.0,
        128.0,
        128.0,
        128.0,
        128.0,
        128.0,
        128.0,
        128.0
    ]
}