{
    "elapsed_time": 85.88540244102478,
    "best_objective": 166.0,
    "neighbors": 2000,
    "best_solution": [
        3,
        36,
        23,
        24,
        51,
        6,
        19,
        52,
        7,
        14,
        46,
        8,
        33,
        17,
        53,
        12,
        42,
        45,
        20,
        32,
        41,
        34,
        49,
        4,
        10,
        43,
        50,
        57,
        13,
        37,
        61,
        59,
        9,
        31,
        39,
        0,
        48,
        15,
        26,
        44,
        5,
        40,
        27,
        1,
        21,
        55,
        28,
        47,
        25,
        2,
        38,
        62,
        29,
        58,
        35,
        11,
        16,
        18,
        54,
        22,
        56,
        60,
        30,
        63
    ],
    "average_objectives_list": [
        279.84313725490193,
        236.68,
        214.04,
        205.56,
        202.96,
        212.64,
        192.36,
        200.76,
        206.84,
        205.92,
        209.72,
        205.8,
        202.04,
        196.56,
        206.72,
        201.12,
        196.52,
        196.36,
        200.08,
        204.6,
        200.88
    ],
    "best_objective_list": [
        228.0,
        184.0,
        184.0,
        184.0,
        184.0,
        178.0,
        178.0,
        178.0,
        178.0,
        166.0,
        166.0,
        166.0,
        166.0,
        166.0,
        166.0,
        166.0,
        166.0,
        166.0,
        166.0,
        166.0,
        166.0
    ]
}