{
    "elapsed_time": 86.3724217414856,
    "best_objective": 170.0,
    "neighbors": 2000,
    "best_solution": [
        0,
        1,
        2,
        3,
        13,
        5,
        6,
        7,
        8,
        9,
        11,
        12,
        4,
        14,
        15,
        16,
        17,
        18,
        19,
        20,
        21,
        22,
        24,
        25,
        26,
        27,
        28,
        29,
        31,
        32,
        33,
        34,
        35,
        36,
        37,
        41,
        42,
        43,
        44,
        10,
        23,
        30,
        38,
        39,
        40,
        45,
        46,
        47,
        48,
        49,
        50,
        51,
        52,
        53,
        54,
        55,
        56,
        57,
        58,
        59,
        60,
        61,
        62,
        63
    ],
    "average_objectives_list": [
        279.2156862745098,
        243.96,
        217.04,
        203.92,
        201.32,
        198.88,
        185.52,
        174.0,
        174.0,
        173.92,
        173.88,
        173.48,
        174.48,
        173.32,
        181.6,
        172.48,
        172.64,
        172.0,
        172.32,
        172.28,
        172.08
    ],
    "best_objective_list": [
        242.0,
        210.0,
        202.0,
        200.0,
        200.0,
        174.0,
        174.0,
        174.0,
        174.0,
        170.0,
        170.0,
        170.0,
        170.0,
        170.0,
        170.0,
        170.0,
        170.0,
        170.0,
        170.0,
        170.0,
        170.0
    ]
}