{
    "elapsed_time": 43.567806005477905,
    "best_objective": 170.0,
    "neighbors": 1000,
    "best_solution": [
        0,
        1,
        2,
        3,
        4,
        5,
        6,
        7,
        8,
        9,
        10,
        11,
        12,
        13,
        18,
        19,
        20,
        61,
        25,
        26,
        27,
        28,
        29,
        30,
        31,
        35,
        55,
        38,
        47,
        14,
        15,
        16,
        17,
        22,
        23,
        24,
        32,
        33,
        34,
        36,
        37,
        39,
        40,
        41,
        42,
        43,
        44,
        45,
        46,
        48,
        49,
        50,
        51,
        52,
        53,
        54,
        56,
        57,
        58,
        59,
        60,
        21,
        62,
        63
    ],
    "average_objectives_list": [
        283.37254901960785,
        245.56,
        213.16,
        195.88,
        177.96,
        171.96,
        171.96,
        172.4,
        172.28,
        175.68,
        172.0
    ],
    "best_objective_list": [
        246.0,
        204.0,
        186.0,
        172.0,
        172.0,
        170.0,
        170.0,
        170.0,
        170.0,
        170.0,
        170.0
    ]
}