{
    "elapsed_time": 86.29110980033875,
    "best_objective": 174.0,
    "neighbors": 2000,
    "best_solution": [
        0,
        5,
        3,
        4,
        1,
        7,
        8,
        9,
        10,
        18,
        57,
        12,
        13,
        14,
        15,
        17,
        6,
        19,
        20,
        22,
        23,
        24,
        25,
        26,
        2,
        16,
        61,
        39,
        27,
        28,
        29,
        30,
        45,
        32,
        33,
        34,
        35,
        36,
        37,
        38,
        31,
        21,
        40,
        41,
        42,
        43,
        44,
        46,
        47,
        48,
        11,
        49,
        50,
        51,
        52,
        53,
        54,
        55,
        56,
        58,
        59,
        60,
        62,
        63
    ],
    "average_objectives_list": [
        280.62745098039215,
        241.4,
        218.04,
        209.52,
        204.24,
        201.8,
        199.52,
        190.44,
        190.2,
        186.24,
        189.32,
        186.68,
        193.88,
        191.24,
        189.0,
        188.4,
        188.44,
        191.92,
        188.76,
        192.64,
        187.4
    ],
    "best_objective_list": [
        236.0,
        210.0,
        200.0,
        200.0,
        200.0,
        184.0,
        180.0,
        180.0,
        178.0,
        178.0,
        178.0,
        178.0,
        178.0,
        178.0,
        174.0,
        174.0,
        174.0,
        174.0,
        174.0,
        174.0,
        174.0
    ]
}