{
    "elapsed_time": 43.41527247428894,
    "best_objective": 162.0,
    "neighbors": 1000,
    "best_solution": [
        0,
        1,
        2,
        3,
        4,
        5,
        6,
        7,
        8,
        9,
        10,
        12,
        13,
        14,
        16,
        18,
        19,
        20,
        21,
        22,
        23,
        24,
        25,
        28,
        35,
        36,
        50,
        11,
        33,
        47,
        15,
        17,
        26,
        27,
        29,
        30,
        31,
        32,
        34,
        37,
        38,
        39,
        40,
        41,
        42,
        43,
        44,
        45,
        46,
        48,
        49,
        51,
        52,
        53,
        54,
        55,
        56,
        57,
        58,
        59,
        60,
        61,
        62,
        63
    ],
    "average_objectives_list": [
        274.5098039215686,
        237.56,
        206.48,
        190.72,
        186.4,
        186.0,
        187.16,
        182.2,
        175.56,
        171.08,
        164.96
    ],
    "best_objective_list": [
        224.0,
        192.0,
        186.0,
        186.0,
        186.0,
        186.0,
        176.0,
        176.0,
        168.0,
        162.0,
        162.0
    ]
}