{
    "elapsed_time": 43.22774839401245,
    "best_objective": 174.0,
    "neighbors": 1000,
    "best_solution": [
        0,
        1,
        2,
        3,
        4,
        5,
        6,
        7,
        9,
        10,
        12,
        13,
        14,
        16,
        17,
        18,
        20,
        21,
        22,
        40,
        15,
        26,
        30,
        32,
        35,
        38,
        39,
        8,
        11,
        25,
        19,
        24,
        27,
        28,
        29,
        23,
        31,
        33,
        34,
        36,
        37,
        41,
        42,
        43,
        44,
        45,
        46,
        47,
        48,
        49,
        50,
        51,
        52,
        53,
        54,
        55,
        56,
        57,
        58,
        59,
        60,
        61,
        62,
        63
    ],
    "average_objectives_list": [
        279.3333333333333,
        245.48,
        225.96,
        209.88,
        190.88,
        188.68,
        188.32,
        185.32,
        176.56,
        175.12,
        174.0
    ],
    "best_objective_list": [
        208.0,
        206.0,
        190.0,
        190.0,
        182.0,
        182.0,
        174.0,
        174.0,
        174.0,
        174.0,
        174.0
    ]
}