{
    "elapsed_time": 85.99615621566772,
    "best_objective": 160.0,
    "neighbors": 2000,
    "best_solution": [
        0,
        1,
        2,
        3,
        4,
        6,
        7,
        8,
        9,
        10,
        11,
        12,
        13,
        14,
        16,
        15,
        17,
        19,
        20,
        22,
        23,
        24,
        25,
        51,
        27,
        28,
        29,
        30,
        31,
        32,
        33,
        34,
        21,
        37,
        39,
        40,
        41,
        42,
        43,
        44,
        45,
        46,
        47,
        48,
        5,
        57,
        18,
        36,
        26,
        35,
        38,
        49,
        50,
        52,
        53,
        54,
        55,
        56,
        58,
        59,
        60,
        61,
        62,
        63
    ],
    "average_objectives_list": [
        275.6862745098039,
        237.68,
        204.36,
        192.84,
        187.8,
        193.72,
        189.52,
        183.44,
        174.96,
        171.48,
        170.6,
        171.72,
        170.12,
        170.48,
        168.88,
        173.6,
        169.2,
        170.12,
        171.0,
        168.64,
        164.8
    ],
    "best_objective_list": [
        204.0,
        190.0,
        186.0,
        184.0,
        184.0,
        182.0,
        176.0,
        168.0,
        168.0,
        168.0,
        168.0,
        168.0,
        168.0,
        168.0,
        168.0,
        168.0,
        168.0,
        168.0,
        160.0,
        160.0,
        160.0
    ]
}