{
    "elapsed_time": 84.49251079559326,
    "best_objective": 154.0,
    "neighbors": 2000,
    "best_solution": [
        1,
        45,
        2,
        4,
        5,
        7,
        25,
        49,
        9,
        10,
        11,
        12,
        13,
        14,
        15,
        16,
        17,
        18,
        22,
        20,
        21,
        33,
        23,
        24,
        3,
        32,
        19,
        35,
        36,
        39,
        42,
        0,
        6,
        8,
        26,
        27,
        28,
        29,
        30,
        31,
        34,
        37,
        38,
        40,
        41,
        43,
        44,
        46,
        47,
        48,
        50,
        51,
        52,
        53,
        54,
        55,
        56,
        57,
        58,
        59,
        60,
        61,
        62,
        63
    ],
    "average_objectives_list": [
        278.62745098039215,
        248.28,
        221.0,
        205.4,
        196.32,
        189.16,
        189.6,
        185.4,
        183.48,
        183.24,
        177.92,
        175.16,
        178.76,
        173.28,
        179.36,
        175.68,
        176.32,
        179.64,
        177.08,
        181.96,
        176.76
    ],
    "best_objective_list": [
        230.0,
        214.0,
        200.0,
        192.0,
        184.0,
        180.0,
        178.0,
        166.0,
        166.0,
        166.0,
        166.0,
        158.0,
        158.0,
        158.0,
        158.0,
        154.0,
        154.0,
        154.0,
        154.0,
        154.0,
        154.0
    ]
}