{
    "elapsed_time": 81.7802255153656,
    "best_objective": 164.0,
    "neighbors": 2000,
    "best_solution": [
        0,
        1,
        2,
        3,
        4,
        5,
        6,
        7,
        8,
        9,
        11,
        12,
        14,
        16,
        18,
        19,
        21,
        27,
        15,
        22,
        23,
        24,
        25,
        26,
        57,
        28,
        29,
        17,
        13,
        10,
        20,
        30,
        31,
        50,
        33,
        34,
        35,
        36,
        37,
        38,
        39,
        40,
        41,
        32,
        42,
        43,
        44,
        45,
        46,
        47,
        48,
        49,
        51,
        52,
        53,
        54,
        55,
        56,
        58,
        59,
        60,
        61,
        62,
        63
    ],
    "average_objectives_list": [
        277.48387096774195,
        232.2,
        207.46666666666667,
        199.33333333333334,
        190.86666666666667,
        190.8,
        189.93333333333334,
        180.06666666666666,
        173.8,
        172.66666666666666,
        172.0,
        173.13333333333333,
        172.0,
        172.0,
        172.0,
        171.73333333333332,
        170.13333333333333,
        168.2,
        168.0,
        169.26666666666668,
        167.0
    ],
    "best_objective_list": [
        238.0,
        206.0,
        192.0,
        190.0,
        188.0,
        188.0,
        178.0,
        172.0,
        172.0,
        172.0,
        172.0,
        172.0,
        172.0,
        172.0,
        172.0,
        168.0,
        168.0,
        168.0,
        168.0,
        164.0,
        164.0
    ]
}