{
    "elapsed_time": 627.9049336910248,
    "best_objective": 140.0,
    "neighbors": 14800,
    "best_solution": [
        0,
        1,
        2,
        3,
        4,
        5,
        7,
        10,
        8,
        9,
        11,
        12,
        13,
        14,
        21,
        16,
        17,
        25,
        24,
        20,
        28,
        35,
        46,
        6,
        32,
        34,
        42,
        19,
        22,
        23,
        38,
        26,
        27,
        56,
        29,
        30,
        31,
        33,
        18,
        36,
        15,
        37,
        39,
        40,
        41,
        43,
        44,
        45,
        47,
        48,
        49,
        50,
        51,
        52,
        53,
        54,
        55,
        57,
        58,
        59,
        60,
        61,
        62,
        63
    ],
    "average_objectives_list": [
        276.4313725490196,
        237.2,
        202.64,
        185.88,
        182.6,
        176.24,
        176.0,
        178.48,
        178.6,
        176.04,
        179.16,
        172.24,
        178.04,
        176.08,
        170.52,
        185.64,
        170.0,
        170.0,
        169.92,
        171.8,
        179.28,
        168.6,
        166.88,
        175.16,
        180.68,
        168.76,
        168.2,
        169.4,
        173.04,
        163.2,
        167.6,
        162.48,
        159.4,
        161.88,
        155.12,
        159.88,
        151.84,
        154.72,
        159.76,
        158.96,
        162.28,
        161.2,
        160.56,
        155.6,
        164.8,
        162.24,
        158.56,
        152.88,
        154.0,
        155.84,
        155.8,
        159.44,
        153.24,
        157.68,
        158.88,
        158.0,
        150.04,
        151.52,
        150.04,
        156.96,
        157.12,
        151.76,
        152.04,
        159.36,
        153.92,
        154.08,
        158.12,
        154.92,
        152.32,
        154.96,
        150.12,
        151.0,
        151.8,
        155.12,
        152.32,
        148.32,
        153.04,
        148.68,
        149.84,
        147.2,
        153.32,
        150.12,
        151.24,
        152.2,
        153.16,
        153.72,
        156.6,
        152.12,
        151.88,
        153.36,
        153.48,
        151.36,
        154.24,
        153.84,
        152.52,
        159.28,
        151.4,
        148.04,
        152.8,
        152.4,
        150.24,
        148.2,
        153.72,
        154.16,
        149.68,
        153.72,
        152.44,
        152.0,
        147.08,
        153.88,
        155.2,
        147.36,
        150.48,
        149.28,
        151.84,
        150.08,
        155.16,
        151.96,
        151.92,
        155.68,
        149.92,
        152.04,
        153.64,
        149.72,
        152.88,
        146.04,
        150.96,
        152.32,
        154.6,
        151.72,
        150.4,
        149.8,
        151.4,
        150.52,
        153.28,
        151.6,
        155.0,
        149.16,
        154.84,
        148.56,
        148.84,
        150.96,
        151.8,
        145.88,
        158.4,
        151.88,
        155.84,
        148.6,
        153.0
    ],
    "best_objective_list": [
        232.0,
        190.0,
        176.0,
        176.0,
        176.0,
        176.0,
        176.0,
        170.0,
        170.0,
        170.0,
        170.0,
        170.0,
        170.0,
        170.0,
        170.0,
        170.0,
        170.0,
        170.0,
        166.0,
        166.0,
        166.0,
        166.0,
        166.0,
        166.0,
        166.0,
        166.0,
        166.0,
        160.0,
        154.0,
        154.0,
        154.0,
        154.0,
        152.0,
        152.0,
        152.0,
        148.0,
        148.0,
        148.0,
        148.0,
        148.0,
        148.0,
        146.0,
        146.0,
        144.0,
        144.0,
        144.0,
        144.0,
        144.0,
        144.0,
        144.0,
        144.0,
        144.0,
        144.0,
        144.0,
        144.0,
        144.0,
        144.0,
        144.0,
        142.0,
        142.0,
        142.0,
        142.0,
        142.0,
        142.0,
        142.0,
        142.0,
        142.0,
        140.0,
        140.0,
        140.0,
        140.0,
        140.0,
        140.0,
        140.0,
        140.0,
        140.0,
        140.0,
        140.0,
        140.0,
        140.0,
        140.0,
        140.0,
        140.0,
        140.0,
        140.0,
        140.0,
        140.0,
        140.0,
        140.0,
        140.0,
        140.0,
        140.0,
        140.0,
        140.0,
        140.0,
        140.0,
        140.0,
        140.0,
        140.0,
        140.0,
        140.0,
        140.0,
        140.0,
        140.0,
        140.0,
        140.0,
        140.0,
        140.0,
        140.0,
        140.0,
        140.0,
        140.0,
        140.0,
        140.0,
        140.0,
        140.0,
        140.0,
        140.0,
        140.0,
        140.0,
        140.0,
        140.0,
        140.0,
        140.0,
        140.0,
        140.0,
        140.0,
        140.0,
        140.0,
        140.0,
        140.0,
        140.0,
        140.0,
        140.0,
        140.0,
        140.0,
        140.0,
        140.0,
        140.0,
        140.0,
        140.0,
        140.0,
        140.0,
        140.0,
        140.0,
        140.0,
        140.0,
        140.0,
        140.0
    ]
}