{
    "elapsed_time": 171.6258900165558,
    "best_objective": 152.0,
    "neighbors": 4000,
    "best_solution": [
        0,
        19,
        2,
        3,
        7,
        9,
        10,
        11,
        12,
        25,
        35,
        1,
        16,
        18,
        5,
        43,
        20,
        21,
        23,
        24,
        13,
        14,
        27,
        28,
        29,
        4,
        6,
        8,
        15,
        17,
        22,
        30,
        31,
        32,
        33,
        26,
        34,
        36,
        37,
        38,
        39,
        40,
        41,
        42,
        44,
        45,
        46,
        47,
        48,
        49,
        50,
        51,
        52,
        53,
        54,
        55,
        56,
        57,
        58,
        59,
        60,
        61,
        62,
        63
    ],
    "average_objectives_list": [
        279.29411764705884,
        239.56,
        209.96,
        199.84,
        195.92,
        187.16,
        181.28,
        180.8,
        177.64,
        175.84,
        177.24,
        173.84,
        173.92,
        168.32,
        171.96,
        171.28,
        167.32,
        169.32,
        167.2,
        175.08,
        172.88,
        169.24,
        169.48,
        164.32,
        170.52,
        169.68,
        168.6,
        172.84,
        172.56,
        166.0,
        167.84,
        175.8,
        178.36,
        173.44,
        166.84,
        169.92,
        170.68,
        160.36,
        176.44,
        177.48,
        165.6
    ],
    "best_objective_list": [
        236.0,
        206.0,
        198.0,
        188.0,
        180.0,
        178.0,
        174.0,
        174.0,
        172.0,
        172.0,
        172.0,
        168.0,
        168.0,
        162.0,
        162.0,
        162.0,
        158.0,
        158.0,
        158.0,
        158.0,
        158.0,
        156.0,
        156.0,
        156.0,
        156.0,
        156.0,
        156.0,
        156.0,
        152.0,
        152.0,
        152.0,
        152.0,
        152.0,
        152.0,
        152.0,
        152.0,
        152.0,
        152.0,
        152.0,
        152.0,
        152.0
    ]
}