{
    "elapsed_time": 43.22846794128418,
    "best_objective": 164.0,
    "neighbors": 1000,
    "best_solution": [
        0,
        1,
        2,
        3,
        4,
        5,
        6,
        8,
        24,
        10,
        11,
        12,
        44,
        45,
        48,
        49,
        61,
        43,
        59,
        28,
        36,
        9,
        29,
        17,
        7,
        13,
        14,
        15,
        16,
        18,
        19,
        20,
        21,
        22,
        23,
        25,
        60,
        27,
        30,
        31,
        32,
        33,
        34,
        35,
        37,
        38,
        39,
        40,
        41,
        42,
        46,
        47,
        50,
        51,
        52,
        53,
        54,
        55,
        56,
        57,
        58,
        26,
        62,
        63
    ],
    "average_objectives_list": [
        275.6862745098039,
        230.32,
        200.76,
        187.48,
        187.16,
        176.6,
        176.6,
        182.64,
        179.12,
        172.52,
        177.72
    ],
    "best_objective_list": [
        216.0,
        190.0,
        186.0,
        176.0,
        176.0,
        172.0,
        172.0,
        172.0,
        172.0,
        164.0,
        164.0
    ]
}