{
    "elapsed_time": 85.51570224761963,
    "best_objective": 152.0,
    "neighbors": 2000,
    "best_solution": [
        0,
        1,
        2,
        3,
        4,
        5,
        6,
        7,
        8,
        9,
        41,
        14,
        15,
        16,
        17,
        18,
        19,
        20,
        21,
        22,
        23,
        24,
        25,
        52,
        27,
        28,
        29,
        30,
        31,
        32,
        33,
        34,
        35,
        36,
        37,
        10,
        11,
        46,
        12,
        13,
        26,
        38,
        39,
        40,
        42,
        43,
        44,
        45,
        47,
        48,
        49,
        50,
        51,
        53,
        54,
        55,
        56,
        57,
        58,
        59,
        60,
        61,
        62,
        63
    ],
    "average_objectives_list": [
        280.4313725490196,
        243.16,
        212.2,
        191.88,
        175.12,
        171.84,
        171.2,
        172.76,
        167.0,
        171.28,
        172.12,
        167.96,
        172.08,
        166.4,
        170.6,
        178.0,
        177.0,
        176.76,
        165.56,
        173.48,
        177.36
    ],
    "best_objective_list": [
        242.0,
        194.0,
        172.0,
        172.0,
        172.0,
        164.0,
        164.0,
        164.0,
        164.0,
        164.0,
        164.0,
        164.0,
        164.0,
        156.0,
        156.0,
        156.0,
        156.0,
        156.0,
        156.0,
        156.0,
        152.0
    ]
}