{
    "elapsed_time": 629.7275145053864,
    "best_objective": 148.0,
    "neighbors": 14800,
    "best_solution": [
        0,
        1,
        32,
        4,
        19,
        9,
        40,
        43,
        12,
        33,
        50,
        34,
        54,
        60,
        6,
        48,
        28,
        38,
        62,
        41,
        7,
        63,
        42,
        36,
        47,
        26,
        27,
        29,
        2,
        51,
        8,
        61,
        49,
        39,
        52,
        10,
        3,
        5,
        18,
        16,
        24,
        44,
        57,
        11,
        22,
        35,
        56,
        30,
        59,
        58,
        46,
        37,
        21,
        14,
        13,
        45,
        17,
        15,
        20,
        53,
        55,
        25,
        31,
        23
    ],
    "average_objectives_list": [
        276.70588235294116,
        234.48,
        216.64,
        209.0,
        203.32,
        205.6,
        208.04,
        205.32,
        203.24,
        202.56,
        191.16,
        201.56,
        200.8,
        203.44,
        206.04,
        205.44,
        199.4,
        200.84,
        202.6,
        190.68,
        195.12,
        200.0,
        195.32,
        192.16,
        192.72,
        190.04,
        198.16,
        201.08,
        193.96,
        193.64,
        198.8,
        189.28,
        198.36,
        198.56,
        198.72,
        204.84,
        209.2,
        207.6,
        191.84,
        194.36,
        196.16,
        196.84,
        198.36,
        199.8,
        190.84,
        190.0,
        199.52,
        192.52,
        193.28,
        199.12,
        195.68,
        198.92,
        185.8,
        189.52,
        189.52,
        187.96,
        190.04,
        187.92,
        191.2,
        198.92,
        183.52,
        179.64,
        182.64,
        182.16,
        181.64,
        190.08,
        186.12,
        179.84,
        192.4,
        189.72,
        187.68,
        185.16,
        182.64,
        188.16,
        185.92,
        180.64,
        183.96,
        179.68,
        178.88,
        188.4,
        189.28,
        187.24,
        181.28,
        189.08,
        178.6,
        187.8,
        173.28,
        184.84,
        186.76,
        180.28,
        179.72,
        172.0,
        190.52,
        182.4,
        181.88,
        190.36,
        181.6,
        169.64,
        183.48,
        172.84,
        174.12,
        177.48,
        186.48,
        187.28,
        185.32,
        183.92,
        175.84,
        177.6,
        180.2,
        174.44,
        182.04,
        181.8,
        180.32,
        174.96,
        169.0,
        178.76,
        177.16,
        190.28,
        187.96,
        179.52,
        176.64,
        185.52,
        182.24,
        180.8,
        182.16,
        178.28,
        178.72,
        183.24,
        181.72,
        178.96,
        179.96,
        179.16,
        180.8,
        185.84,
        176.92,
        180.2,
        184.68,
        186.0,
        183.6,
        185.56,
        187.28,
        180.48,
        174.52,
        186.44,
        179.52,
        181.56,
        186.08,
        176.32,
        178.32
    ],
    "best_objective_list": [
        182.0,
        182.0,
        178.0,
        178.0,
        172.0,
        172.0,
        172.0,
        172.0,
        172.0,
        172.0,
        172.0,
        172.0,
        172.0,
        172.0,
        172.0,
        172.0,
        172.0,
        172.0,
        168.0,
        168.0,
        168.0,
        168.0,
        168.0,
        168.0,
        168.0,
        168.0,
        168.0,
        168.0,
        168.0,
        168.0,
        168.0,
        168.0,
        168.0,
        168.0,
        168.0,
        168.0,
        168.0,
        168.0,
        168.0,
        168.0,
        168.0,
        166.0,
        166.0,
        166.0,
        166.0,
        166.0,
        166.0,
        162.0,
        162.0,
        162.0,
        162.0,
        162.0,
        162.0,
        162.0,
        158.0,
        158.0,
        158.0,
        156.0,
        156.0,
        156.0,
        156.0,
        156.0,
        154.0,
        154.0,
        154.0,
        154.0,
        154.0,
        154.0,
        154.0,
        154.0,
        154.0,
        154.0,
        154.0,
        154.0,
        154.0,
        154.0,
        154.0,
        154.0,
        154.0,
        154.0,
        154.0,
        154.0,
        154.0,
        154.0,
        154.0,
        154.0,
        154.0,
        152.0,
        152.0,
        152.0,
        152.0,
        152.0,
        152.0,
        152.0,
        152.0,
        152.0,
        152.0,
        152.0,
        152.0,
        152.0,
        152.0,
        152.0,
        152.0,
        152.0,
        152.0,
        152.0,
        150.0,
        150.0,
        150.0,
        150.0,
        150.0,
        150.0,
        150.0,
        150.0,
        150.0,
        150.0,
        150.0,
        150.0,
        150.0,
        150.0,
        150.0,
        150.0,
        150.0,
        150.0,
        150.0,
        150.0,
        150.0,
        150.0,
        150.0,
        150.0,
        150.0,
        150.0,
        150.0,
        150.0,
        150.0,
        150.0,
        150.0,
        150.0,
        150.0,
        150.0,
        148.0,
        148.0,
        148.0,
        148.0,
        148.0,
        148.0,
        148.0,
        148.0,
        148.0
    ]
}