{
    "elapsed_time": 85.74925065040588,
    "best_objective": 142.0,
    "neighbors": 2000,
    "best_solution": [
        0,
        1,
        2,
        3,
        4,
        8,
        11,
        12,
        17,
        49,
        20,
        21,
        22,
        38,
        25,
        26,
        27,
        28,
        29,
        30,
        31,
        32,
        33,
        34,
        35,
        37,
        23,
        39,
        51,
        56,
        57,
        52,
        43,
        36,
        5,
        18,
        7,
        15,
        10,
        13,
        9,
        48,
        6,
        19,
        40,
        41,
        42,
        44,
        45,
        46,
        14,
        47,
        16,
        50,
        53,
        54,
        55,
        24,
        58,
        59,
        60,
        61,
        62,
        63
    ],
    "average_objectives_list": [
        277.84313725490193,
        236.72,
        212.84,
        198.12,
        188.4,
        182.32,
        180.88,
        175.24,
        167.72,
        164.32,
        163.36,
        162.48,
        168.0,
        166.6,
        158.36,
        154.48,
        152.4,
        155.0,
        156.68,
        156.68,
        159.0
    ],
    "best_objective_list": [
        222.0,
        204.0,
        192.0,
        182.0,
        182.0,
        174.0,
        166.0,
        154.0,
        154.0,
        150.0,
        146.0,
        146.0,
        146.0,
        146.0,
        142.0,
        142.0,
        142.0,
        142.0,
        142.0,
        142.0,
        142.0
    ]
}