{
    "elapsed_time": 625.2485735416412,
    "best_objective": 132.0,
    "neighbors": 14800,
    "best_solution": [
        0,
        1,
        58,
        3,
        4,
        5,
        8,
        19,
        12,
        10,
        11,
        9,
        13,
        14,
        15,
        16,
        17,
        6,
        20,
        22,
        23,
        24,
        25,
        42,
        27,
        28,
        29,
        30,
        31,
        32,
        33,
        34,
        35,
        36,
        37,
        38,
        39,
        40,
        41,
        26,
        43,
        45,
        56,
        7,
        21,
        18,
        44,
        46,
        47,
        48,
        49,
        50,
        51,
        52,
        53,
        54,
        55,
        57,
        2,
        59,
        60,
        61,
        62,
        63
    ],
    "average_objectives_list": [
        281.6470588235294,
        239.68,
        213.28,
        194.32,
        182.2,
        177.0,
        172.32,
        171.84,
        171.76,
        171.36,
        170.12,
        162.6,
        156.08,
        151.84,
        153.84,
        153.8,
        154.96,
        153.88,
        151.76,
        150.88,
        151.08,
        147.68,
        150.6,
        153.8,
        153.0,
        149.16,
        152.92,
        153.16,
        154.08,
        150.72,
        157.36,
        148.92,
        153.04,
        150.8,
        147.0,
        151.64,
        147.12,
        151.12,
        144.8,
        144.64,
        148.76,
        149.4,
        152.16,
        145.24,
        145.92,
        148.0,
        149.68,
        156.6,
        150.2,
        151.36,
        145.88,
        151.6,
        141.16,
        145.12,
        149.32,
        147.2,
        143.8,
        147.84,
        145.48,
        147.52,
        149.6,
        153.64,
        144.84,
        148.8,
        148.28,
        143.84,
        145.4,
        143.84,
        146.16,
        148.52,
        144.28,
        147.4,
        145.12,
        147.56,
        146.8,
        150.52,
        143.48,
        147.8,
        148.68,
        146.4,
        145.96,
        145.12,
        146.04,
        143.48,
        148.48,
        143.76,
        152.08,
        142.32,
        146.72,
        149.12,
        143.52,
        148.0,
        151.04,
        149.72,
        145.68,
        149.88,
        147.48,
        152.08,
        148.08,
        151.2,
        146.48,
        153.96,
        153.56,
        147.28,
        146.52,
        149.48,
        145.6,
        154.32,
        153.36,
        148.24,
        151.24,
        144.72,
        142.36,
        147.0,
        157.36,
        145.72,
        152.24,
        144.56,
        150.12,
        150.28,
        141.88,
        145.28,
        147.32,
        151.2,
        146.32,
        151.52,
        147.08,
        151.92,
        145.08,
        149.12,
        146.8,
        145.28,
        148.8,
        150.48,
        149.04,
        146.28,
        150.72,
        152.28,
        152.8,
        152.72,
        152.04,
        146.04,
        141.92,
        147.64,
        146.0,
        152.08,
        148.32,
        148.44,
        146.4
    ],
    "best_objective_list": [
        234.0,
        198.0,
        182.0,
        182.0,
        172.0,
        172.0,
        168.0,
        168.0,
        168.0,
        168.0,
        158.0,
        150.0,
        150.0,
        150.0,
        150.0,
        150.0,
        146.0,
        146.0,
        146.0,
        146.0,
        146.0,
        146.0,
        146.0,
        146.0,
        146.0,
        146.0,
        146.0,
        146.0,
        146.0,
        142.0,
        142.0,
        142.0,
        136.0,
        136.0,
        136.0,
        136.0,
        136.0,
        136.0,
        136.0,
        136.0,
        136.0,
        136.0,
        136.0,
        136.0,
        136.0,
        136.0,
        136.0,
        136.0,
        136.0,
        136.0,
        134.0,
        134.0,
        134.0,
        134.0,
        134.0,
        134.0,
        134.0,
        134.0,
        134.0,
        134.0,
        134.0,
        134.0,
        134.0,
        134.0,
        134.0,
        134.0,
        134.0,
        134.0,
        134.0,
        134.0,
        134.0,
        134.0,
        134.0,
        134.0,
        134.0,
        134.0,
        134.0,
        134.0,
        134.0,
        134.0,
        134.0,
        134.0,
        134.0,
        134.0,
        134.0,
        132.0,
        132.0,
        132.0,
        132.0,
        132.0,
        132.0,
        132.0,
        132.0,
        132.0,
        132.0,
        132.0,
        132.0,
        132.0,
        132.0,
        132.0,
        132.0,
        132.0,
        132.0,
        132.0,
        132.0,
        132.0,
        132.0,
        132.0,
        132.0,
        132.0,
        132.0,
        132.0,
        132.0,
        132.0,
        132.0,
        132.0,
        132.0,
        132.0,
        132.0,
        132.0,
        132.0,
        132.0,
        132.0,
        132.0,
        132.0,
        132.0,
        132.0,
        132.0,
        132.0,
        132.0,
        132.0,
        132.0,
        132.0,
        132.0,
        132.0,
        132.0,
        132.0,
        132.0,
        132.0,
        132.0,
        132.0,
        132.0,
        132.0,
        132.0,
        132.0,
        132.0,
        132.0,
        132.0,
        132.0
    ]
}