{
    "elapsed_time": 85.41644716262817,
    "best_objective": 154.0,
    "neighbors": 2000,
    "best_solution": [
        0,
        1,
        2,
        3,
        4,
        5,
        6,
        7,
        8,
        18,
        11,
        12,
        13,
        14,
        15,
        16,
        17,
        9,
        19,
        22,
        23,
        24,
        25,
        26,
        27,
        28,
        29,
        30,
        31,
        10,
        42,
        21,
        20,
        32,
        33,
        34,
        35,
        36,
        37,
        38,
        39,
        40,
        41,
        54,
        44,
        45,
        46,
        43,
        47,
        48,
        49,
        50,
        51,
        52,
        53,
        55,
        56,
        57,
        58,
        59,
        60,
        61,
        62,
        63
    ],
    "average_objectives_list": [
        279.5686274509804,
        240.04,
        202.92,
        184.64,
        170.96,
        164.96,
        160.16,
        164.48,
        159.12,
        159.36,
        161.12,
        163.08,
        164.64,
        162.52,
        159.36,
        157.84,
        160.24,
        156.96,
        168.52,
        165.8,
        165.0
    ],
    "best_objective_list": [
        238.0,
        192.0,
        190.0,
        158.0,
        158.0,
        158.0,
        154.0,
        154.0,
        154.0,
        154.0,
        154.0,
        154.0,
        154.0,
        154.0,
        154.0,
        154.0,
        154.0,
        154.0,
        154.0,
        154.0,
        154.0
    ]
}