{
    "elapsed_time": 85.91599535942078,
    "best_objective": 142.0,
    "neighbors": 2000,
    "best_solution": [
        0,
        1,
        2,
        3,
        5,
        7,
        6,
        4,
        21,
        9,
        11,
        12,
        13,
        16,
        17,
        18,
        19,
        8,
        31,
        23,
        24,
        33,
        27,
        28,
        29,
        30,
        22,
        26,
        35,
        36,
        37,
        38,
        39,
        40,
        41,
        42,
        43,
        45,
        46,
        47,
        48,
        49,
        50,
        51,
        10,
        14,
        15,
        20,
        32,
        34,
        44,
        63,
        52,
        53,
        54,
        55,
        56,
        25,
        58,
        57,
        59,
        60,
        61,
        62
    ],
    "average_objectives_list": [
        279.2156862745098,
        237.84,
        210.52,
        185.52,
        163.52,
        162.12,
        164.24,
        167.64,
        169.28,
        161.64,
        164.0,
        161.56,
        158.16,
        157.28,
        158.96,
        159.8,
        154.32,
        159.16,
        162.8,
        169.52,
        155.48
    ],
    "best_objective_list": [
        232.0,
        206.0,
        164.0,
        156.0,
        156.0,
        150.0,
        150.0,
        150.0,
        150.0,
        146.0,
        146.0,
        146.0,
        146.0,
        146.0,
        146.0,
        146.0,
        146.0,
        146.0,
        146.0,
        146.0,
        142.0
    ]
}