{
    "elapsed_time": 85.15683078765869,
    "best_objective": 162.0,
    "neighbors": 2000,
    "best_solution": [
        0,
        1,
        2,
        56,
        4,
        5,
        6,
        7,
        9,
        10,
        12,
        13,
        14,
        16,
        17,
        18,
        19,
        20,
        21,
        23,
        26,
        28,
        29,
        30,
        32,
        33,
        34,
        11,
        8,
        36,
        15,
        22,
        24,
        25,
        27,
        31,
        35,
        37,
        38,
        39,
        40,
        41,
        42,
        43,
        44,
        45,
        46,
        47,
        48,
        49,
        50,
        51,
        52,
        53,
        54,
        55,
        3,
        57,
        58,
        59,
        60,
        61,
        62,
        63
    ],
    "average_objectives_list": [
        275.921568627451,
        231.0,
        203.56,
        195.52,
        199.0,
        192.32,
        178.88,
        175.76,
        173.2,
        168.12,
        168.0,
        170.16,
        167.92,
        167.24,
        166.0,
        166.32,
        167.16,
        165.92,
        165.92,
        165.68,
        165.0
    ],
    "best_objective_list": [
        212.0,
        194.0,
        194.0,
        192.0,
        186.0,
        176.0,
        176.0,
        168.0,
        168.0,
        168.0,
        168.0,
        168.0,
        166.0,
        166.0,
        166.0,
        162.0,
        162.0,
        162.0,
        162.0,
        162.0,
        162.0
    ]
}