{
    "elapsed_time": 622.8336534500122,
    "best_objective": 136.0,
    "neighbors": 14800,
    "best_solution": [
        0,
        38,
        5,
        7,
        8,
        40,
        13,
        14,
        27,
        41,
        31,
        22,
        32,
        46,
        48,
        1,
        28,
        49,
        9,
        10,
        35,
        4,
        25,
        12,
        11,
        42,
        15,
        17,
        47,
        24,
        52,
        23,
        21,
        58,
        16,
        18,
        55,
        20,
        43,
        36,
        2,
        26,
        29,
        30,
        6,
        33,
        34,
        37,
        3,
        39,
        44,
        45,
        50,
        51,
        53,
        54,
        19,
        56,
        57,
        59,
        60,
        61,
        62,
        63
    ],
    "average_objectives_list": [
        274.8627450980392,
        234.0,
        209.4,
        204.56,
        205.32,
        199.56,
        190.44,
        193.88,
        198.6,
        186.52,
        190.36,
        186.44,
        186.0,
        190.88,
        192.6,
        194.68,
        194.72,
        194.24,
        187.0,
        186.76,
        184.36,
        186.6,
        189.32,
        188.08,
        185.96,
        191.72,
        185.28,
        190.44,
        194.84,
        175.44,
        177.08,
        183.48,
        185.68,
        186.84,
        179.4,
        176.48,
        181.56,
        184.68,
        191.56,
        185.32,
        183.08,
        187.88,
        188.76,
        179.44,
        189.36,
        176.48,
        183.84,
        172.52,
        178.68,
        178.36,
        179.68,
        177.76,
        176.32,
        174.68,
        190.84,
        182.84,
        180.48,
        184.92,
        183.2,
        176.28,
        190.04,
        181.68,
        179.48,
        177.32,
        174.28,
        191.96,
        176.0,
        180.12,
        181.36,
        174.24,
        183.8,
        168.48,
        185.2,
        184.96,
        186.56,
        176.12,
        174.92,
        175.08,
        173.24,
        179.84,
        181.84,
        179.4,
        164.96,
        179.48,
        180.24,
        170.52,
        187.08,
        184.04,
        179.68,
        188.44,
        169.2,
        175.52,
        186.44,
        176.32,
        179.88,
        185.84,
        175.72,
        175.28,
        187.6,
        177.88,
        184.6,
        177.16,
        173.84,
        174.04,
        175.52,
        177.52,
        180.64,
        180.48,
        176.52,
        173.12,
        173.92,
        172.12,
        166.24,
        169.6,
        175.88,
        165.12,
        172.32,
        162.16,
        167.0,
        174.12,
        175.32,
        173.68,
        172.68,
        165.72,
        176.28,
        178.04,
        168.2,
        177.88,
        171.64,
        167.84,
        174.96,
        180.16,
        174.72,
        168.88,
        164.56,
        173.32,
        177.44,
        178.08,
        171.52,
        183.08,
        165.72,
        168.12,
        165.12,
        174.92,
        169.48,
        175.12,
        174.36,
        166.2,
        164.92
    ],
    "best_objective_list": [
        208.0,
        192.0,
        188.0,
        188.0,
        188.0,
        184.0,
        182.0,
        180.0,
        180.0,
        180.0,
        180.0,
        180.0,
        178.0,
        178.0,
        178.0,
        178.0,
        178.0,
        174.0,
        168.0,
        166.0,
        166.0,
        166.0,
        166.0,
        164.0,
        164.0,
        164.0,
        164.0,
        164.0,
        164.0,
        164.0,
        164.0,
        164.0,
        164.0,
        164.0,
        162.0,
        162.0,
        162.0,
        162.0,
        162.0,
        158.0,
        158.0,
        158.0,
        158.0,
        158.0,
        158.0,
        158.0,
        158.0,
        158.0,
        158.0,
        158.0,
        158.0,
        158.0,
        158.0,
        158.0,
        158.0,
        158.0,
        158.0,
        146.0,
        146.0,
        146.0,
        146.0,
        146.0,
        146.0,
        146.0,
        146.0,
        146.0,
        146.0,
        146.0,
        146.0,
        146.0,
        146.0,
        146.0,
        146.0,
        146.0,
        146.0,
        146.0,
        146.0,
        146.0,
        146.0,
        146.0,
        146.0,
        146.0,
        146.0,
        146.0,
        146.0,
        146.0,
        146.0,
        146.0,
        146.0,
        146.0,
        146.0,
        146.0,
        146.0,
        146.0,
        146.0,
        146.0,
        146.0,
        146.0,
        146.0,
        146.0,
        146.0,
        146.0,
        146.0,
        142.0,
        142.0,
        142.0,
        142.0,
        142.0,
        142.0,
        142.0,
        142.0,
        142.0,
        142.0,
        142.0,
        142.0,
        142.0,
        142.0,
        142.0,
        142.0,
        142.0,
        142.0,
        142.0,
        142.0,
        142.0,
        142.0,
        142.0,
        142.0,
        142.0,
        142.0,
        142.0,
        136.0,
        136.0,
        136.0,
        136.0,
        136.0,
        136.0,
        136.0,
        136.0,
        136.0,
        136.0,
        136.0,
        136.0,
        136.0,
        136.0,
        136.0,
        136.0,
        136.0,
        136.0,
        136.0
    ]
}