{
    "elapsed_time": 621.2707192897797,
    "best_objective": 150.0,
    "neighbors": 14800,
    "best_solution": [
        0,
        1,
        3,
        5,
        6,
        36,
        9,
        10,
        11,
        12,
        13,
        14,
        15,
        16,
        17,
        18,
        19,
        20,
        21,
        23,
        24,
        25,
        30,
        41,
        32,
        8,
        39,
        46,
        33,
        34,
        28,
        37,
        59,
        52,
        40,
        31,
        42,
        43,
        44,
        45,
        29,
        47,
        48,
        49,
        60,
        22,
        27,
        7,
        2,
        35,
        4,
        58,
        26,
        38,
        50,
        51,
        53,
        54,
        55,
        56,
        57,
        61,
        62,
        63
    ],
    "average_objectives_list": [
        278.3529411764706,
        243.28,
        219.8,
        202.72,
        194.0,
        192.52,
        186.64,
        180.32,
        182.28,
        176.08,
        182.16,
        186.72,
        180.64,
        177.64,
        181.08,
        182.6,
        182.0,
        173.72,
        186.28,
        168.56,
        173.6,
        169.64,
        168.32,
        170.6,
        177.08,
        166.08,
        171.0,
        173.0,
        171.64,
        165.28,
        168.08,
        163.36,
        177.24,
        164.8,
        168.0,
        175.04,
        162.96,
        170.52,
        174.92,
        162.88,
        168.92,
        179.04,
        166.96,
        171.84,
        161.32,
        171.12,
        169.16,
        174.48,
        174.08,
        173.08,
        167.88,
        169.96,
        171.0,
        170.12,
        181.8,
        177.16,
        169.08,
        165.56,
        164.64,
        165.92,
        176.8,
        165.24,
        172.32,
        174.28,
        171.04,
        175.8,
        180.64,
        168.52,
        169.8,
        166.84,
        169.36,
        169.24,
        180.88,
        167.76,
        164.52,
        168.96,
        168.44,
        170.44,
        168.56,
        178.04,
        163.72,
        164.44,
        170.76,
        171.0,
        178.64,
        169.16,
        168.16,
        173.44,
        177.0,
        167.48,
        168.12,
        168.0,
        166.88,
        178.84,
        175.6,
        170.44,
        172.24,
        169.96,
        181.92,
        168.84,
        167.88,
        171.28,
        169.64,
        177.4,
        174.44,
        171.4,
        178.6,
        170.4,
        172.6,
        163.64,
        168.64,
        172.04,
        171.08,
        176.08,
        162.76,
        169.76,
        170.28,
        170.76,
        177.08,
        166.24,
        164.64,
        169.44,
        175.0,
        174.88,
        166.96,
        172.84,
        172.12,
        171.96,
        172.08,
        177.4,
        162.16,
        176.04,
        175.36,
        171.96,
        174.04,
        166.96,
        171.68,
        169.36,
        168.56,
        168.64,
        171.36,
        171.88,
        171.16,
        171.88,
        167.52,
        168.4,
        168.56,
        170.6,
        172.72
    ],
    "best_objective_list": [
        234.0,
        218.0,
        196.0,
        188.0,
        188.0,
        184.0,
        172.0,
        172.0,
        172.0,
        172.0,
        172.0,
        168.0,
        168.0,
        164.0,
        164.0,
        164.0,
        162.0,
        162.0,
        162.0,
        162.0,
        160.0,
        160.0,
        160.0,
        160.0,
        158.0,
        154.0,
        154.0,
        154.0,
        154.0,
        154.0,
        154.0,
        154.0,
        154.0,
        154.0,
        154.0,
        154.0,
        154.0,
        154.0,
        154.0,
        154.0,
        154.0,
        154.0,
        154.0,
        154.0,
        154.0,
        154.0,
        154.0,
        152.0,
        152.0,
        152.0,
        152.0,
        152.0,
        152.0,
        152.0,
        152.0,
        152.0,
        152.0,
        152.0,
        152.0,
        152.0,
        152.0,
        152.0,
        152.0,
        152.0,
        152.0,
        152.0,
        152.0,
        152.0,
        152.0,
        152.0,
        152.0,
        152.0,
        152.0,
        152.0,
        152.0,
        152.0,
        152.0,
        152.0,
        152.0,
        152.0,
        152.0,
        152.0,
        152.0,
        152.0,
        152.0,
        152.0,
        152.0,
        152.0,
        152.0,
        152.0,
        152.0,
        152.0,
        152.0,
        152.0,
        152.0,
        152.0,
        152.0,
        152.0,
        152.0,
        152.0,
        152.0,
        150.0,
        150.0,
        150.0,
        150.0,
        150.0,
        150.0,
        150.0,
        150.0,
        150.0,
        150.0,
        150.0,
        150.0,
        150.0,
        150.0,
        150.0,
        150.0,
        150.0,
        150.0,
        150.0,
        150.0,
        150.0,
        150.0,
        150.0,
        150.0,
        150.0,
        150.0,
        150.0,
        150.0,
        150.0,
        150.0,
        150.0,
        150.0,
        150.0,
        150.0,
        150.0,
        150.0,
        150.0,
        150.0,
        150.0,
        150.0,
        150.0,
        150.0,
        150.0,
        150.0,
        150.0,
        150.0,
        150.0,
        150.0
    ]
}