{
    "elapsed_time": 43.08194351196289,
    "best_objective": 156.0,
    "neighbors": 1000,
    "best_solution": [
        0,
        1,
        2,
        3,
        4,
        5,
        6,
        7,
        8,
        9,
        13,
        14,
        43,
        16,
        18,
        10,
        11,
        12,
        17,
        19,
        20,
        15,
        21,
        22,
        23,
        24,
        25,
        26,
        27,
        28,
        29,
        30,
        31,
        32,
        33,
        34,
        35,
        36,
        37,
        61,
        39,
        40,
        41,
        42,
        44,
        45,
        46,
        47,
        48,
        49,
        50,
        51,
        52,
        53,
        54,
        55,
        56,
        57,
        38,
        58,
        59,
        60,
        62,
        63
    ],
    "average_objectives_list": [
        276.54901960784315,
        244.84,
        215.12,
        200.16,
        192.48,
        190.36,
        186.8,
        181.72,
        182.12,
        178.44,
        174.2
    ],
    "best_objective_list": [
        230.0,
        204.0,
        194.0,
        190.0,
        186.0,
        176.0,
        176.0,
        174.0,
        172.0,
        162.0,
        156.0
    ]
}