{
    "elapsed_time": 624.8597314357758,
    "best_objective": 140.0,
    "neighbors": 14800,
    "best_solution": [
        0,
        1,
        41,
        60,
        21,
        5,
        6,
        7,
        12,
        9,
        10,
        8,
        13,
        14,
        16,
        18,
        19,
        20,
        4,
        22,
        24,
        25,
        26,
        27,
        3,
        32,
        33,
        34,
        35,
        36,
        38,
        31,
        11,
        15,
        17,
        23,
        28,
        29,
        30,
        51,
        37,
        2,
        39,
        40,
        42,
        43,
        44,
        45,
        46,
        47,
        48,
        49,
        50,
        52,
        53,
        54,
        55,
        56,
        57,
        58,
        59,
        61,
        62,
        63
    ],
    "average_objectives_list": [
        281.72549019607845,
        240.64,
        210.64,
        194.36,
        182.24,
        181.0,
        178.0,
        177.8,
        174.4,
        168.0,
        167.96,
        167.56,
        165.36,
        163.88,
        161.84,
        164.72,
        163.6,
        162.72,
        162.2,
        164.32,
        161.36,
        165.72,
        163.68,
        161.2,
        162.12,
        162.44,
        160.56,
        160.16,
        163.92,
        165.88,
        163.64,
        163.96,
        161.84,
        160.04,
        159.56,
        161.12,
        162.56,
        157.88,
        155.88,
        157.08,
        156.96,
        155.72,
        162.44,
        161.64,
        160.0,
        161.4,
        156.56,
        157.36,
        153.44,
        161.32,
        155.76,
        151.96,
        155.96,
        154.48,
        157.72,
        158.04,
        155.68,
        160.44,
        158.52,
        160.52,
        160.52,
        157.8,
        157.0,
        162.36,
        161.48,
        159.88,
        162.44,
        158.92,
        157.08,
        160.24,
        156.68,
        153.36,
        158.08,
        155.36,
        157.76,
        159.92,
        162.08,
        160.32,
        159.48,
        156.72,
        162.04,
        160.48,
        160.6,
        159.28,
        162.72,
        155.4,
        155.64,
        151.96,
        161.04,
        161.0,
        162.68,
        157.6,
        151.04,
        157.76,
        159.2,
        158.16,
        153.8,
        161.8,
        172.48,
        160.96,
        160.04,
        157.24,
        159.6,
        158.6,
        160.32,
        161.0,
        160.68,
        159.88,
        158.6,
        155.56,
        162.52,
        156.44,
        164.48,
        154.76,
        168.04,
        159.76,
        161.08,
        156.76,
        157.08,
        168.96,
        166.16,
        159.84,
        155.36,
        159.28,
        155.88,
        154.04,
        157.24,
        158.92,
        165.32,
        163.56,
        163.52,
        155.48,
        159.68,
        160.12,
        159.0,
        160.84,
        158.4,
        161.04,
        156.48,
        153.04,
        152.12,
        153.2,
        160.0,
        158.56,
        153.96,
        161.44,
        152.52,
        156.04,
        164.56
    ],
    "best_objective_list": [
        248.0,
        204.0,
        182.0,
        182.0,
        178.0,
        178.0,
        178.0,
        168.0,
        168.0,
        168.0,
        166.0,
        158.0,
        158.0,
        158.0,
        158.0,
        158.0,
        158.0,
        158.0,
        158.0,
        158.0,
        158.0,
        158.0,
        158.0,
        158.0,
        154.0,
        154.0,
        154.0,
        154.0,
        154.0,
        150.0,
        150.0,
        146.0,
        146.0,
        146.0,
        146.0,
        146.0,
        146.0,
        146.0,
        146.0,
        144.0,
        144.0,
        144.0,
        144.0,
        144.0,
        144.0,
        142.0,
        142.0,
        142.0,
        142.0,
        142.0,
        142.0,
        142.0,
        142.0,
        142.0,
        142.0,
        142.0,
        142.0,
        142.0,
        142.0,
        142.0,
        142.0,
        142.0,
        142.0,
        142.0,
        142.0,
        142.0,
        142.0,
        142.0,
        142.0,
        142.0,
        142.0,
        142.0,
        142.0,
        142.0,
        142.0,
        142.0,
        142.0,
        142.0,
        142.0,
        142.0,
        142.0,
        142.0,
        142.0,
        142.0,
        142.0,
        142.0,
        142.0,
        142.0,
        142.0,
        142.0,
        142.0,
        142.0,
        142.0,
        142.0,
        142.0,
        142.0,
        142.0,
        142.0,
        142.0,
        142.0,
        142.0,
        142.0,
        142.0,
        142.0,
        142.0,
        142.0,
        142.0,
        142.0,
        142.0,
        142.0,
        142.0,
        142.0,
        142.0,
        142.0,
        142.0,
        142.0,
        142.0,
        142.0,
        142.0,
        142.0,
        142.0,
        142.0,
        142.0,
        142.0,
        142.0,
        142.0,
        142.0,
        142.0,
        142.0,
        142.0,
        142.0,
        142.0,
        142.0,
        142.0,
        142.0,
        142.0,
        140.0,
        140.0,
        140.0,
        140.0,
        140.0,
        140.0,
        140.0,
        140.0,
        140.0,
        140.0,
        140.0,
        140.0,
        140.0
    ]
}