{
    "elapsed_time": 96.42223286628723,
    "best_objective": 168.0,
    "neighbors": 2000,
    "best_solution": [
        0,
        3,
        4,
        5,
        6,
        7,
        8,
        9,
        10,
        11,
        13,
        14,
        15,
        16,
        17,
        18,
        55,
        20,
        21,
        22,
        23,
        24,
        25,
        26,
        27,
        28,
        29,
        30,
        41,
        2,
        12,
        35,
        1,
        31,
        32,
        33,
        34,
        47,
        37,
        38,
        39,
        40,
        42,
        43,
        44,
        45,
        46,
        36,
        48,
        49,
        50,
        51,
        52,
        53,
        54,
        19,
        56,
        57,
        58,
        59,
        60,
        61,
        62,
        63
    ],
    "average_objectives_list": [
        276.45544554455444,
        244.1,
        216.36,
        197.08,
        192.7,
        190.62,
        189.08,
        193.76,
        197.38,
        187.14,
        190.2,
        193.74,
        190.4,
        194.42,
        189.4,
        186.74,
        192.9,
        186.82,
        198.42,
        191.52,
        190.56
    ],
    "best_objective_list": [
        218.0,
        176.0,
        176.0,
        172.0,
        172.0,
        172.0,
        168.0,
        168.0,
        168.0,
        168.0,
        168.0,
        168.0,
        168.0,
        168.0,
        168.0,
        168.0,
        168.0,
        168.0,
        168.0,
        168.0,
        168.0
    ]
}