{
    "elapsed_time": 86.10726618766785,
    "best_objective": 152.0,
    "neighbors": 2000,
    "best_solution": [
        0,
        1,
        2,
        3,
        4,
        5,
        6,
        7,
        8,
        9,
        11,
        14,
        15,
        16,
        17,
        18,
        19,
        20,
        21,
        22,
        23,
        24,
        25,
        26,
        27,
        28,
        29,
        30,
        31,
        32,
        33,
        34,
        35,
        36,
        37,
        63,
        39,
        10,
        12,
        13,
        40,
        41,
        42,
        43,
        44,
        45,
        46,
        47,
        48,
        49,
        50,
        51,
        52,
        53,
        54,
        38,
        55,
        56,
        57,
        58,
        59,
        60,
        61,
        62
    ],
    "average_objectives_list": [
        278.03921568627453,
        237.76,
        214.16,
        210.56,
        197.4,
        178.76,
        164.0,
        164.0,
        164.0,
        164.0,
        163.76,
        162.12,
        164.48,
        155.96,
        154.16,
        155.12,
        155.0,
        158.48,
        155.72,
        153.2,
        155.52
    ],
    "best_objective_list": [
        232.0,
        206.0,
        200.0,
        196.0,
        164.0,
        164.0,
        164.0,
        164.0,
        164.0,
        164.0,
        158.0,
        152.0,
        152.0,
        152.0,
        152.0,
        152.0,
        152.0,
        152.0,
        152.0,
        152.0,
        152.0
    ]
}