{
    "elapsed_time": 624.3052530288696,
    "best_objective": 136.0,
    "neighbors": 14800,
    "best_solution": [
        0,
        1,
        3,
        5,
        6,
        7,
        9,
        10,
        21,
        13,
        12,
        14,
        48,
        16,
        18,
        43,
        8,
        11,
        20,
        38,
        2,
        4,
        19,
        22,
        23,
        54,
        25,
        26,
        29,
        28,
        27,
        30,
        24,
        32,
        33,
        34,
        35,
        36,
        37,
        39,
        40,
        41,
        17,
        15,
        31,
        42,
        44,
        45,
        46,
        47,
        49,
        50,
        51,
        52,
        53,
        55,
        56,
        57,
        58,
        59,
        60,
        61,
        62,
        63
    ],
    "average_objectives_list": [
        281.6078431372549,
        244.16,
        207.04,
        196.24,
        193.52,
        181.4,
        173.6,
        169.96,
        170.24,
        168.24,
        163.76,
        162.12,
        162.16,
        163.28,
        162.68,
        162.68,
        164.04,
        165.04,
        163.92,
        162.04,
        162.4,
        157.76,
        159.44,
        160.08,
        154.0,
        154.92,
        155.64,
        157.8,
        156.24,
        153.4,
        154.12,
        155.16,
        153.36,
        163.48,
        154.52,
        151.32,
        159.04,
        154.88,
        164.88,
        159.48,
        149.12,
        149.24,
        154.0,
        161.52,
        154.92,
        157.72,
        152.4,
        151.6,
        151.0,
        151.56,
        156.12,
        155.28,
        154.32,
        155.52,
        160.64,
        154.12,
        167.2,
        156.92,
        155.32,
        158.12,
        152.72,
        150.08,
        152.68,
        162.44,
        151.72,
        153.8,
        152.4,
        151.84,
        150.28,
        155.44,
        147.24,
        151.8,
        151.4,
        148.12,
        151.52,
        147.64,
        147.16,
        150.24,
        143.08,
        147.6,
        145.28,
        153.4,
        146.64,
        149.04,
        161.12,
        150.04,
        143.68,
        147.08,
        146.32,
        154.0,
        145.12,
        145.12,
        144.24,
        143.4,
        153.76,
        142.6,
        143.16,
        151.2,
        155.88,
        148.08,
        154.6,
        142.56,
        145.96,
        156.08,
        147.92,
        141.16,
        145.2,
        143.24,
        152.68,
        148.88,
        147.32,
        146.28,
        143.32,
        146.0,
        151.96,
        148.6,
        145.92,
        147.32,
        153.88,
        150.44,
        145.6,
        149.96,
        148.56,
        152.64,
        152.92,
        145.96,
        154.28,
        143.76,
        147.08,
        151.04,
        157.52,
        146.08,
        149.08,
        145.2,
        144.04,
        147.56,
        152.2,
        148.68,
        157.76,
        152.52,
        147.44,
        142.0,
        154.36,
        146.88,
        145.28,
        154.8,
        150.48,
        146.48,
        154.0
    ],
    "best_objective_list": [
        246.0,
        180.0,
        180.0,
        180.0,
        166.0,
        166.0,
        166.0,
        166.0,
        166.0,
        162.0,
        162.0,
        162.0,
        162.0,
        162.0,
        162.0,
        162.0,
        162.0,
        162.0,
        162.0,
        154.0,
        154.0,
        154.0,
        154.0,
        154.0,
        154.0,
        154.0,
        150.0,
        150.0,
        150.0,
        146.0,
        146.0,
        146.0,
        146.0,
        146.0,
        146.0,
        146.0,
        146.0,
        146.0,
        146.0,
        146.0,
        146.0,
        146.0,
        146.0,
        146.0,
        146.0,
        146.0,
        146.0,
        146.0,
        146.0,
        146.0,
        146.0,
        146.0,
        146.0,
        146.0,
        146.0,
        146.0,
        146.0,
        146.0,
        146.0,
        146.0,
        144.0,
        144.0,
        144.0,
        144.0,
        142.0,
        142.0,
        142.0,
        142.0,
        142.0,
        142.0,
        142.0,
        142.0,
        142.0,
        138.0,
        138.0,
        138.0,
        138.0,
        138.0,
        138.0,
        138.0,
        138.0,
        138.0,
        138.0,
        138.0,
        138.0,
        138.0,
        138.0,
        138.0,
        138.0,
        138.0,
        138.0,
        138.0,
        138.0,
        138.0,
        138.0,
        138.0,
        138.0,
        138.0,
        138.0,
        138.0,
        138.0,
        138.0,
        138.0,
        138.0,
        138.0,
        138.0,
        138.0,
        138.0,
        138.0,
        138.0,
        138.0,
        138.0,
        136.0,
        136.0,
        136.0,
        136.0,
        136.0,
        136.0,
        136.0,
        136.0,
        136.0,
        136.0,
        136.0,
        136.0,
        136.0,
        136.0,
        136.0,
        136.0,
        136.0,
        136.0,
        136.0,
        136.0,
        136.0,
        136.0,
        136.0,
        136.0,
        136.0,
        136.0,
        136.0,
        136.0,
        136.0,
        136.0,
        136.0,
        136.0,
        136.0,
        136.0,
        136.0,
        136.0,
        136.0
    ]
}