{
    "elapsed_time": 82.17988729476929,
    "best_objective": 164.0,
    "neighbors": 2000,
    "best_solution": [
        1,
        19,
        2,
        3,
        4,
        5,
        6,
        8,
        9,
        10,
        11,
        12,
        13,
        14,
        15,
        16,
        0,
        20,
        21,
        22,
        23,
        24,
        25,
        26,
        27,
        28,
        29,
        30,
        31,
        32,
        33,
        34,
        35,
        62,
        37,
        38,
        39,
        40,
        41,
        18,
        17,
        36,
        42,
        43,
        44,
        45,
        46,
        7,
        47,
        48,
        49,
        50,
        51,
        52,
        53,
        54,
        55,
        56,
        57,
        58,
        59,
        60,
        61,
        63
    ],
    "average_objectives_list": [
        275.93548387096774,
        242.26666666666668,
        221.93333333333334,
        211.26666666666668,
        199.6,
        187.66666666666666,
        183.0,
        191.46666666666667,
        187.06666666666666,
        188.06666666666666,
        175.26666666666668,
        169.93333333333334,
        168.0,
        167.93333333333334,
        167.46666666666667,
        170.73333333333332,
        168.46666666666667,
        167.46666666666667,
        166.33333333333334,
        166.2,
        166.13333333333333
    ],
    "best_objective_list": [
        234.0,
        220.0,
        208.0,
        200.0,
        186.0,
        178.0,
        178.0,
        178.0,
        178.0,
        174.0,
        168.0,
        168.0,
        168.0,
        166.0,
        164.0,
        164.0,
        164.0,
        164.0,
        164.0,
        164.0,
        164.0
    ]
}