{
    "elapsed_time": 43.249441623687744,
    "best_objective": 170.0,
    "neighbors": 1000,
    "best_solution": [
        0,
        1,
        2,
        3,
        52,
        11,
        60,
        15,
        16,
        17,
        29,
        30,
        36,
        41,
        45,
        49,
        50,
        51,
        9,
        4,
        5,
        6,
        7,
        8,
        10,
        12,
        13,
        14,
        25,
        43,
        18,
        19,
        20,
        21,
        22,
        23,
        24,
        26,
        27,
        31,
        32,
        33,
        34,
        35,
        37,
        38,
        39,
        40,
        42,
        44,
        46,
        47,
        48,
        53,
        54,
        55,
        56,
        57,
        58,
        59,
        28,
        61,
        62,
        63
    ],
    "average_objectives_list": [
        281.4117647058824,
        240.48,
        221.4,
        206.64,
        199.88,
        192.88,
        189.6,
        190.36,
        186.72,
        185.84,
        191.84
    ],
    "best_objective_list": [
        234.0,
        212.0,
        196.0,
        190.0,
        190.0,
        190.0,
        178.0,
        178.0,
        178.0,
        170.0,
        170.0
    ]
}