{
    "elapsed_time": 85.8139750957489,
    "best_objective": 142.0,
    "neighbors": 2000,
    "best_solution": [
        0,
        1,
        2,
        3,
        4,
        5,
        6,
        7,
        8,
        9,
        11,
        12,
        13,
        14,
        15,
        16,
        17,
        19,
        21,
        26,
        23,
        24,
        46,
        49,
        27,
        28,
        29,
        30,
        62,
        32,
        33,
        34,
        35,
        36,
        37,
        38,
        39,
        18,
        20,
        10,
        40,
        41,
        25,
        22,
        42,
        43,
        44,
        45,
        47,
        48,
        50,
        51,
        52,
        53,
        54,
        55,
        31,
        56,
        57,
        58,
        59,
        60,
        61,
        63
    ],
    "average_objectives_list": [
        278.5098039215686,
        236.08,
        203.24,
        192.96,
        183.6,
        167.12,
        166.6,
        170.44,
        171.64,
        164.12,
        162.48,
        166.28,
        158.88,
        155.52,
        156.92,
        156.2,
        152.32,
        149.2,
        148.4,
        155.16,
        149.32
    ],
    "best_objective_list": [
        240.0,
        194.0,
        194.0,
        166.0,
        166.0,
        166.0,
        162.0,
        162.0,
        160.0,
        160.0,
        154.0,
        154.0,
        154.0,
        154.0,
        150.0,
        146.0,
        146.0,
        146.0,
        142.0,
        142.0,
        142.0
    ]
}