{
    "elapsed_time": 630.5751278400421,
    "best_objective": 134.0,
    "neighbors": 14800,
    "best_solution": [
        0,
        1,
        3,
        5,
        6,
        7,
        8,
        9,
        12,
        13,
        52,
        14,
        15,
        16,
        17,
        18,
        19,
        22,
        35,
        23,
        24,
        25,
        26,
        38,
        27,
        21,
        29,
        2,
        31,
        32,
        33,
        34,
        30,
        36,
        37,
        45,
        39,
        41,
        42,
        43,
        44,
        20,
        4,
        10,
        11,
        28,
        40,
        46,
        47,
        48,
        49,
        50,
        51,
        53,
        54,
        55,
        56,
        57,
        58,
        59,
        60,
        61,
        62,
        63
    ],
    "average_objectives_list": [
        278.3529411764706,
        236.12,
        205.16,
        181.0,
        174.0,
        176.44,
        174.0,
        174.52,
        174.0,
        174.56,
        175.32,
        174.08,
        172.2,
        168.68,
        166.72,
        165.2,
        171.76,
        170.04,
        175.92,
        167.04,
        162.76,
        178.12,
        167.16,
        170.48,
        166.12,
        171.84,
        173.48,
        168.48,
        171.28,
        168.48,
        166.76,
        160.8,
        165.0,
        161.4,
        164.88,
        156.64,
        172.24,
        164.84,
        164.08,
        161.88,
        163.44,
        163.76,
        154.16,
        161.8,
        165.04,
        153.52,
        160.92,
        172.36,
        160.12,
        160.72,
        163.64,
        159.72,
        165.24,
        156.68,
        156.48,
        151.12,
        159.32,
        158.48,
        151.52,
        158.32,
        160.52,
        160.64,
        154.12,
        168.8,
        153.36,
        153.52,
        160.32,
        156.8,
        157.96,
        159.72,
        162.24,
        158.04,
        160.44,
        160.16,
        160.0,
        159.08,
        149.96,
        160.64,
        156.36,
        165.72,
        149.4,
        150.8,
        167.2,
        153.0,
        153.92,
        150.52,
        154.64,
        149.12,
        145.28,
        149.56,
        159.28,
        150.92,
        144.24,
        148.96,
        150.76,
        149.0,
        156.92,
        149.16,
        148.32,
        151.2,
        149.08,
        158.6,
        155.76,
        150.24,
        164.84,
        148.92,
        149.36,
        157.64,
        151.36,
        147.6,
        153.52,
        141.92,
        141.52,
        156.4,
        146.68,
        145.88,
        146.04,
        158.04,
        158.88,
        151.64,
        148.32,
        151.44,
        150.48,
        151.0,
        156.92,
        156.72,
        150.8,
        145.56,
        144.16,
        144.0,
        147.2,
        143.28,
        140.24,
        144.44,
        153.32,
        151.6,
        150.8,
        157.28,
        148.92,
        147.92,
        144.92,
        145.36,
        160.52,
        139.48,
        152.68,
        151.84,
        147.68,
        161.6,
        149.92
    ],
    "best_objective_list": [
        224.0,
        198.0,
        174.0,
        174.0,
        174.0,
        174.0,
        174.0,
        174.0,
        172.0,
        170.0,
        166.0,
        164.0,
        162.0,
        162.0,
        162.0,
        162.0,
        162.0,
        162.0,
        162.0,
        162.0,
        162.0,
        162.0,
        162.0,
        156.0,
        156.0,
        156.0,
        156.0,
        156.0,
        154.0,
        154.0,
        154.0,
        154.0,
        154.0,
        154.0,
        154.0,
        154.0,
        154.0,
        154.0,
        152.0,
        152.0,
        152.0,
        152.0,
        152.0,
        150.0,
        150.0,
        150.0,
        150.0,
        150.0,
        150.0,
        146.0,
        146.0,
        146.0,
        146.0,
        146.0,
        146.0,
        146.0,
        146.0,
        146.0,
        146.0,
        146.0,
        146.0,
        146.0,
        146.0,
        146.0,
        146.0,
        138.0,
        138.0,
        138.0,
        138.0,
        138.0,
        138.0,
        138.0,
        138.0,
        138.0,
        138.0,
        138.0,
        138.0,
        134.0,
        134.0,
        134.0,
        134.0,
        134.0,
        134.0,
        134.0,
        134.0,
        134.0,
        134.0,
        134.0,
        134.0,
        134.0,
        134.0,
        134.0,
        134.0,
        134.0,
        134.0,
        134.0,
        134.0,
        134.0,
        134.0,
        134.0,
        134.0,
        134.0,
        134.0,
        134.0,
        134.0,
        134.0,
        134.0,
        134.0,
        134.0,
        134.0,
        134.0,
        134.0,
        134.0,
        134.0,
        134.0,
        134.0,
        134.0,
        134.0,
        134.0,
        134.0,
        134.0,
        134.0,
        134.0,
        134.0,
        134.0,
        134.0,
        134.0,
        134.0,
        134.0,
        134.0,
        134.0,
        134.0,
        134.0,
        134.0,
        134.0,
        134.0,
        134.0,
        134.0,
        134.0,
        134.0,
        134.0,
        134.0,
        134.0,
        134.0,
        134.0,
        134.0,
        134.0,
        134.0,
        134.0
    ]
}