{
    "elapsed_time": 86.24888968467712,
    "best_objective": 146.0,
    "neighbors": 2000,
    "best_solution": [
        0,
        1,
        2,
        3,
        5,
        18,
        6,
        7,
        8,
        45,
        12,
        13,
        10,
        14,
        9,
        16,
        17,
        4,
        19,
        21,
        23,
        24,
        25,
        26,
        27,
        28,
        29,
        30,
        31,
        15,
        11,
        20,
        63,
        32,
        33,
        34,
        35,
        36,
        37,
        38,
        39,
        40,
        41,
        22,
        42,
        43,
        44,
        46,
        47,
        48,
        49,
        50,
        51,
        52,
        53,
        54,
        55,
        56,
        57,
        58,
        59,
        60,
        61,
        62
    ],
    "average_objectives_list": [
        279.7647058823529,
        240.96,
        216.32,
        206.24,
        197.44,
        194.56,
        193.56,
        190.28,
        187.16,
        181.88,
        177.36,
        180.4,
        187.0,
        181.12,
        177.16,
        168.44,
        171.72,
        170.04,
        169.68,
        157.36,
        161.24
    ],
    "best_objective_list": [
        242.0,
        214.0,
        202.0,
        192.0,
        192.0,
        186.0,
        182.0,
        180.0,
        166.0,
        166.0,
        166.0,
        166.0,
        166.0,
        166.0,
        166.0,
        164.0,
        154.0,
        146.0,
        146.0,
        146.0,
        146.0
    ]
}