{
    "elapsed_time": 628.7513785362244,
    "best_objective": 128.0,
    "neighbors": 14800,
    "best_solution": [
        5,
        10,
        13,
        14,
        45,
        16,
        18,
        20,
        21,
        58,
        61,
        63,
        24,
        25,
        33,
        35,
        36,
        39,
        40,
        41,
        42,
        56,
        17,
        46,
        47,
        48,
        49,
        50,
        55,
        30,
        1,
        37,
        7,
        15,
        9,
        52,
        43,
        51,
        4,
        53,
        34,
        32,
        26,
        38,
        31,
        27,
        54,
        8,
        3,
        2,
        6,
        11,
        12,
        22,
        44,
        23,
        60,
        57,
        19,
        59,
        28,
        29,
        62,
        0
    ],
    "average_objectives_list": [
        276.98039215686276,
        235.56,
        206.72,
        194.92,
        193.84,
        184.08,
        188.2,
        181.24,
        182.44,
        183.0,
        176.44,
        176.92,
        177.8,
        174.52,
        165.96,
        185.6,
        175.0,
        169.16,
        174.2,
        164.68,
        163.6,
        174.88,
        173.48,
        186.44,
        178.56,
        172.12,
        168.08,
        171.88,
        162.44,
        169.32,
        171.16,
        166.52,
        167.76,
        170.04,
        168.08,
        157.64,
        172.24,
        165.96,
        173.84,
        180.92,
        164.36,
        157.0,
        162.88,
        171.48,
        172.56,
        165.4,
        171.32,
        178.72,
        162.8,
        169.0,
        168.84,
        174.64,
        160.6,
        176.76,
        160.88,
        160.2,
        170.92,
        159.2,
        166.52,
        162.56,
        170.36,
        165.92,
        159.4,
        169.24,
        161.4,
        160.6,
        170.68,
        166.4,
        159.96,
        159.6,
        154.28,
        153.12,
        165.56,
        157.88,
        163.48,
        175.6,
        174.48,
        163.44,
        159.2,
        167.4,
        165.72,
        167.0,
        173.48,
        163.2,
        168.04,
        159.04,
        162.8,
        157.84,
        169.2,
        164.84,
        162.56,
        168.08,
        175.28,
        162.4,
        170.68,
        156.28,
        162.6,
        169.52,
        163.8,
        174.48,
        172.08,
        173.44,
        167.12,
        166.8,
        168.0,
        168.92,
        166.88,
        168.84,
        162.96,
        169.4,
        165.76,
        158.28,
        171.36,
        171.64,
        167.88,
        168.84,
        168.24,
        164.84,
        172.12,
        172.64,
        175.44,
        182.36,
        168.36,
        168.64,
        172.2,
        165.56,
        167.56,
        178.08,
        169.64,
        170.2,
        165.6,
        167.28,
        171.92,
        165.52,
        170.32,
        175.68,
        170.48,
        170.36,
        168.4,
        164.08,
        161.48,
        165.88,
        173.48,
        171.24,
        164.8,
        168.2,
        174.32,
        162.36,
        170.16
    ],
    "best_objective_list": [
        230.0,
        190.0,
        184.0,
        176.0,
        176.0,
        172.0,
        168.0,
        158.0,
        152.0,
        152.0,
        152.0,
        152.0,
        152.0,
        152.0,
        152.0,
        152.0,
        148.0,
        148.0,
        148.0,
        148.0,
        140.0,
        140.0,
        140.0,
        140.0,
        140.0,
        140.0,
        140.0,
        140.0,
        140.0,
        140.0,
        140.0,
        140.0,
        140.0,
        140.0,
        140.0,
        140.0,
        140.0,
        140.0,
        140.0,
        140.0,
        140.0,
        140.0,
        140.0,
        140.0,
        140.0,
        140.0,
        140.0,
        140.0,
        140.0,
        138.0,
        138.0,
        136.0,
        136.0,
        132.0,
        132.0,
        132.0,
        132.0,
        132.0,
        132.0,
        132.0,
        132.0,
        132.0,
        130.0,
        130.0,
        130.0,
        130.0,
        130.0,
        130.0,
        130.0,
        130.0,
        130.0,
        130.0,
        130.0,
        130.0,
        130.0,
        130.0,
        130.0,
        130.0,
        130.0,
        130.0,
        130.0,
        130.0,
        130.0,
        130.0,
        130.0,
        130.0,
        130.0,
        128.0,
        128.0,
        128.0,
        128.0,
        128.0,
        128.0,
        128.0,
        128.0,
        128.0,
        128.0,
        128.0,
        128.0,
        128.0,
        128.0,
        128.0,
        128.0,
        128.0,
        128.0,
        128.0,
        128.0,
        128.0,
        128.0,
        128.0,
        128.0,
        128.0,
        128.0,
        128.0,
        128.0,
        128.0,
        128.0,
        128.0,
        128.0,
        128.0,
        128.0,
        128.0,
        128.0,
        128.0,
        128.0,
        128.0,
        128.0,
        128.0,
        128.0,
        128.0,
        128.0,
        128.0,
        128.0,
        128.0,
        128.0,
        128.0,
        128.0,
        128.0,
        128.0,
        128.0,
        128.0,
        128.0,
        128.0,
        128.0,
        128.0,
        128.0,
        128.0,
        128.0,
        128.0
    ]
}