{
    "elapsed_time": 86.08769226074219,
    "best_objective": 176.0,
    "neighbors": 2000,
    "best_solution": [
        1,
        2,
        3,
        4,
        7,
        6,
        0,
        8,
        9,
        10,
        11,
        12,
        13,
        14,
        16,
        5,
        19,
        20,
        21,
        22,
        23,
        24,
        25,
        26,
        27,
        28,
        29,
        30,
        31,
        32,
        34,
        35,
        36,
        37,
        38,
        39,
        40,
        17,
        15,
        55,
        18,
        33,
        41,
        42,
        43,
        44,
        45,
        46,
        47,
        48,
        49,
        50,
        51,
        52,
        53,
        54,
        56,
        57,
        58,
        59,
        60,
        61,
        62,
        63
    ],
    "average_objectives_list": [
        278.7450980392157,
        237.72,
        202.4,
        192.0,
        192.0,
        192.88,
        195.24,
        186.32,
        194.56,
        193.28,
        195.48,
        196.4,
        196.24,
        193.84,
        189.16,
        190.32,
        182.52,
        183.28,
        193.32,
        189.76,
        182.04
    ],
    "best_objective_list": [
        248.0,
        192.0,
        192.0,
        192.0,
        192.0,
        184.0,
        184.0,
        184.0,
        184.0,
        180.0,
        180.0,
        180.0,
        176.0,
        176.0,
        176.0,
        176.0,
        176.0,
        176.0,
        176.0,
        176.0,
        176.0
    ]
}