{
    "elapsed_time": 621.540849685669,
    "best_objective": 148.0,
    "neighbors": 14800,
    "best_solution": [
        0,
        21,
        3,
        5,
        6,
        7,
        8,
        9,
        11,
        10,
        15,
        25,
        12,
        13,
        14,
        16,
        17,
        29,
        19,
        20,
        1,
        22,
        23,
        24,
        2,
        27,
        28,
        18,
        30,
        31,
        35,
        36,
        37,
        4,
        26,
        39,
        33,
        34,
        38,
        32,
        40,
        41,
        42,
        47,
        44,
        45,
        46,
        43,
        48,
        49,
        50,
        51,
        52,
        53,
        54,
        55,
        56,
        57,
        58,
        59,
        60,
        61,
        62,
        63
    ],
    "average_objectives_list": [
        273.2156862745098,
        239.16,
        208.44,
        193.96,
        188.08,
        187.76,
        184.6,
        182.08,
        181.12,
        180.16,
        185.72,
        178.88,
        179.16,
        178.6,
        178.72,
        179.56,
        180.04,
        181.12,
        179.76,
        181.84,
        182.88,
        180.52,
        182.84,
        181.92,
        177.72,
        170.88,
        170.0,
        171.68,
        171.48,
        170.88,
        170.28,
        170.96,
        170.04,
        172.56,
        173.0,
        177.84,
        174.48,
        176.76,
        174.68,
        172.52,
        173.2,
        170.08,
        174.0,
        173.92,
        172.4,
        174.2,
        172.4,
        171.36,
        165.88,
        169.76,
        175.12,
        174.2,
        174.12,
        174.64,
        173.24,
        171.76,
        166.96,
        168.8,
        168.36,
        177.48,
        169.32,
        169.36,
        173.56,
        169.8,
        171.52,
        166.6,
        169.32,
        170.4,
        169.6,
        170.24,
        169.16,
        169.24,
        175.16,
        164.04,
        172.28,
        173.08,
        167.64,
        168.88,
        169.2,
        167.12,
        162.24,
        162.2,
        167.04,
        163.72,
        161.96,
        162.72,
        157.28,
        162.32,
        172.68,
        165.2,
        163.16,
        169.24,
        173.0,
        174.6,
        167.2,
        169.36,
        167.4,
        170.76,
        174.04,
        165.16,
        175.08,
        174.52,
        166.4,
        165.8,
        172.36,
        172.0,
        175.76,
        167.24,
        168.08,
        173.4,
        169.16,
        167.0,
        177.04,
        174.36,
        173.4,
        172.28,
        174.48,
        169.76,
        166.96,
        170.2,
        170.24,
        169.16,
        169.2,
        165.92,
        172.0,
        172.28,
        164.2,
        171.56,
        170.84,
        173.6,
        172.48,
        172.88,
        169.64,
        171.08,
        172.68,
        168.6,
        169.96,
        171.76,
        176.4,
        175.12,
        173.72,
        164.52,
        169.72,
        177.56,
        174.12,
        161.52,
        168.16,
        164.16,
        168.04
    ],
    "best_objective_list": [
        226.0,
        200.0,
        188.0,
        188.0,
        188.0,
        182.0,
        178.0,
        178.0,
        178.0,
        178.0,
        178.0,
        178.0,
        178.0,
        178.0,
        178.0,
        178.0,
        178.0,
        178.0,
        178.0,
        178.0,
        178.0,
        178.0,
        178.0,
        170.0,
        170.0,
        170.0,
        170.0,
        170.0,
        170.0,
        170.0,
        170.0,
        170.0,
        168.0,
        168.0,
        168.0,
        168.0,
        166.0,
        166.0,
        162.0,
        162.0,
        162.0,
        162.0,
        162.0,
        162.0,
        162.0,
        162.0,
        162.0,
        162.0,
        162.0,
        162.0,
        162.0,
        162.0,
        162.0,
        162.0,
        158.0,
        158.0,
        158.0,
        158.0,
        158.0,
        158.0,
        158.0,
        158.0,
        158.0,
        158.0,
        158.0,
        158.0,
        158.0,
        158.0,
        158.0,
        158.0,
        158.0,
        158.0,
        158.0,
        154.0,
        154.0,
        154.0,
        154.0,
        154.0,
        154.0,
        150.0,
        150.0,
        150.0,
        150.0,
        150.0,
        150.0,
        150.0,
        150.0,
        148.0,
        148.0,
        148.0,
        148.0,
        148.0,
        148.0,
        148.0,
        148.0,
        148.0,
        148.0,
        148.0,
        148.0,
        148.0,
        148.0,
        148.0,
        148.0,
        148.0,
        148.0,
        148.0,
        148.0,
        148.0,
        148.0,
        148.0,
        148.0,
        148.0,
        148.0,
        148.0,
        148.0,
        148.0,
        148.0,
        148.0,
        148.0,
        148.0,
        148.0,
        148.0,
        148.0,
        148.0,
        148.0,
        148.0,
        148.0,
        148.0,
        148.0,
        148.0,
        148.0,
        148.0,
        148.0,
        148.0,
        148.0,
        148.0,
        148.0,
        148.0,
        148.0,
        148.0,
        148.0,
        148.0,
        148.0,
        148.0,
        148.0,
        148.0,
        148.0,
        148.0,
        148.0
    ]
}