{
    "elapsed_time": 85.60650563240051,
    "best_objective": 174.0,
    "neighbors": 2000,
    "best_solution": [
        0,
        1,
        5,
        6,
        7,
        8,
        9,
        10,
        11,
        15,
        18,
        20,
        23,
        26,
        28,
        29,
        19,
        42,
        43,
        44,
        46,
        55,
        14,
        36,
        24,
        12,
        45,
        17,
        16,
        60,
        30,
        2,
        3,
        4,
        13,
        31,
        21,
        22,
        25,
        27,
        32,
        33,
        34,
        35,
        37,
        38,
        39,
        40,
        41,
        47,
        48,
        49,
        50,
        51,
        52,
        53,
        54,
        56,
        57,
        58,
        59,
        61,
        62,
        63
    ],
    "average_objectives_list": [
        274.4313725490196,
        241.48,
        218.16,
        216.44,
        206.4,
        204.76,
        205.24,
        204.16,
        185.2,
        185.04,
        186.96,
        188.72,
        187.92,
        184.72,
        179.96,
        180.4,
        177.68,
        176.8,
        177.68,
        183.36,
        178.68
    ],
    "best_objective_list": [
        212.0,
        212.0,
        204.0,
        204.0,
        194.0,
        194.0,
        184.0,
        184.0,
        182.0,
        182.0,
        182.0,
        182.0,
        182.0,
        174.0,
        174.0,
        174.0,
        174.0,
        174.0,
        174.0,
        174.0,
        174.0
    ]
}