{
    "elapsed_time": 85.1846809387207,
    "best_objective": 146.0,
    "neighbors": 2000,
    "best_solution": [
        0,
        1,
        2,
        3,
        4,
        5,
        38,
        7,
        8,
        9,
        13,
        14,
        15,
        16,
        17,
        18,
        19,
        20,
        21,
        22,
        23,
        25,
        26,
        28,
        57,
        32,
        33,
        34,
        35,
        36,
        37,
        10,
        11,
        49,
        12,
        24,
        27,
        29,
        31,
        39,
        40,
        6,
        30,
        41,
        42,
        43,
        44,
        45,
        46,
        47,
        48,
        50,
        51,
        52,
        53,
        54,
        55,
        56,
        58,
        59,
        60,
        61,
        62,
        63
    ],
    "average_objectives_list": [
        277.5686274509804,
        239.48,
        215.56,
        198.4,
        180.36,
        164.24,
        163.88,
        163.56,
        163.44,
        163.0,
        162.24,
        170.12,
        164.36,
        163.04,
        174.36,
        171.6,
        162.6,
        160.44,
        165.08,
        164.84,
        158.32
    ],
    "best_objective_list": [
        234.0,
        206.0,
        194.0,
        164.0,
        164.0,
        164.0,
        162.0,
        162.0,
        162.0,
        158.0,
        158.0,
        158.0,
        154.0,
        154.0,
        154.0,
        154.0,
        146.0,
        146.0,
        146.0,
        146.0,
        146.0
    ]
}