{
    "elapsed_time": 622.9105889797211,
    "best_objective": 132.0,
    "neighbors": 14800,
    "best_solution": [
        0,
        1,
        2,
        3,
        4,
        5,
        6,
        7,
        8,
        10,
        11,
        9,
        13,
        14,
        15,
        16,
        17,
        46,
        19,
        20,
        21,
        25,
        26,
        28,
        29,
        31,
        30,
        27,
        32,
        34,
        38,
        39,
        40,
        41,
        47,
        48,
        63,
        36,
        50,
        35,
        49,
        43,
        60,
        12,
        44,
        45,
        22,
        18,
        23,
        24,
        33,
        37,
        42,
        51,
        52,
        53,
        54,
        55,
        56,
        57,
        58,
        59,
        61,
        62
    ],
    "average_objectives_list": [
        277.37254901960785,
        237.36,
        217.72,
        198.08,
        187.76,
        180.04,
        172.88,
        168.2,
        166.24,
        170.32,
        169.4,
        165.0,
        168.84,
        170.92,
        171.12,
        163.36,
        165.84,
        166.2,
        174.12,
        166.76,
        162.88,
        164.2,
        167.4,
        164.04,
        169.6,
        165.4,
        170.76,
        169.2,
        169.64,
        164.12,
        174.36,
        166.28,
        162.4,
        166.2,
        170.16,
        168.52,
        173.88,
        167.72,
        172.44,
        166.36,
        162.2,
        168.84,
        163.96,
        177.04,
        165.36,
        169.92,
        165.68,
        160.4,
        163.36,
        158.68,
        160.36,
        159.44,
        164.88,
        159.12,
        163.24,
        165.24,
        159.32,
        165.56,
        160.24,
        159.84,
        160.84,
        161.24,
        160.72,
        162.52,
        164.68,
        160.64,
        164.44,
        162.2,
        162.88,
        167.04,
        165.4,
        163.36,
        162.64,
        162.6,
        163.76,
        160.2,
        164.56,
        162.32,
        162.12,
        166.08,
        160.76,
        161.24,
        163.84,
        164.76,
        159.76,
        165.72,
        158.6,
        160.28,
        168.08,
        164.92,
        164.88,
        162.64,
        162.56,
        159.88,
        157.16,
        161.12,
        165.36,
        166.04,
        160.88,
        164.96,
        156.96,
        168.04,
        157.64,
        167.6,
        162.96,
        162.6,
        160.0,
        161.96,
        163.84,
        163.88,
        163.36,
        158.48,
        161.52,
        164.48,
        165.52,
        166.64,
        164.6,
        167.56,
        164.4,
        160.56,
        164.96,
        164.6,
        161.0,
        158.68,
        160.6,
        158.72,
        163.4,
        154.12,
        157.08,
        147.24,
        155.76,
        147.6,
        142.72,
        151.48,
        145.2,
        150.76,
        146.0,
        143.48,
        143.28,
        147.4,
        152.64,
        148.84,
        148.64,
        146.6,
        143.12,
        148.44,
        149.12,
        151.84,
        143.72
    ],
    "best_objective_list": [
        220.0,
        208.0,
        184.0,
        180.0,
        176.0,
        166.0,
        166.0,
        164.0,
        164.0,
        164.0,
        162.0,
        158.0,
        158.0,
        158.0,
        158.0,
        158.0,
        158.0,
        158.0,
        158.0,
        158.0,
        158.0,
        158.0,
        158.0,
        158.0,
        158.0,
        158.0,
        158.0,
        158.0,
        158.0,
        158.0,
        158.0,
        158.0,
        158.0,
        158.0,
        158.0,
        158.0,
        154.0,
        154.0,
        154.0,
        154.0,
        154.0,
        154.0,
        154.0,
        154.0,
        152.0,
        152.0,
        152.0,
        152.0,
        152.0,
        152.0,
        152.0,
        152.0,
        152.0,
        152.0,
        152.0,
        152.0,
        152.0,
        152.0,
        152.0,
        152.0,
        152.0,
        152.0,
        152.0,
        152.0,
        152.0,
        152.0,
        152.0,
        152.0,
        152.0,
        152.0,
        152.0,
        152.0,
        152.0,
        152.0,
        152.0,
        152.0,
        152.0,
        152.0,
        152.0,
        152.0,
        152.0,
        152.0,
        152.0,
        152.0,
        152.0,
        152.0,
        152.0,
        152.0,
        152.0,
        152.0,
        152.0,
        152.0,
        152.0,
        152.0,
        152.0,
        152.0,
        152.0,
        152.0,
        152.0,
        152.0,
        152.0,
        152.0,
        152.0,
        152.0,
        152.0,
        152.0,
        152.0,
        152.0,
        152.0,
        152.0,
        152.0,
        152.0,
        152.0,
        152.0,
        152.0,
        152.0,
        152.0,
        152.0,
        152.0,
        152.0,
        152.0,
        152.0,
        144.0,
        144.0,
        144.0,
        144.0,
        144.0,
        136.0,
        132.0,
        132.0,
        132.0,
        132.0,
        132.0,
        132.0,
        132.0,
        132.0,
        132.0,
        132.0,
        132.0,
        132.0,
        132.0,
        132.0,
        132.0,
        132.0,
        132.0,
        132.0,
        132.0,
        132.0,
        132.0
    ]
}