{
    "elapsed_time": 85.68944716453552,
    "best_objective": 168.0,
    "neighbors": 2000,
    "best_solution": [
        1,
        2,
        0,
        27,
        5,
        6,
        7,
        8,
        9,
        10,
        11,
        12,
        13,
        14,
        16,
        17,
        18,
        19,
        20,
        41,
        15,
        50,
        38,
        42,
        4,
        3,
        21,
        22,
        23,
        24,
        25,
        26,
        28,
        29,
        30,
        31,
        32,
        33,
        34,
        35,
        36,
        37,
        39,
        40,
        43,
        44,
        45,
        46,
        47,
        48,
        49,
        51,
        52,
        53,
        54,
        55,
        56,
        57,
        58,
        59,
        60,
        61,
        62,
        63
    ],
    "average_objectives_list": [
        278.7450980392157,
        236.0,
        206.2,
        184.0,
        184.68,
        184.64,
        185.12,
        183.52,
        181.28,
        186.32,
        191.44,
        184.24,
        193.88,
        192.6,
        195.28,
        185.52,
        187.32,
        183.44,
        186.08,
        184.16,
        192.76
    ],
    "best_objective_list": [
        238.0,
        184.0,
        184.0,
        184.0,
        184.0,
        184.0,
        176.0,
        176.0,
        176.0,
        176.0,
        176.0,
        176.0,
        174.0,
        172.0,
        172.0,
        172.0,
        172.0,
        168.0,
        168.0,
        168.0,
        168.0
    ]
}