{
    "elapsed_time": 97.35554265975952,
    "best_objective": 156.0,
    "neighbors": 2000,
    "best_solution": [
        0,
        1,
        2,
        3,
        4,
        5,
        6,
        7,
        9,
        10,
        35,
        13,
        14,
        16,
        17,
        18,
        19,
        20,
        21,
        22,
        23,
        24,
        28,
        33,
        8,
        62,
        39,
        40,
        41,
        43,
        44,
        45,
        46,
        57,
        11,
        12,
        15,
        25,
        29,
        27,
        32,
        26,
        30,
        31,
        34,
        36,
        37,
        38,
        42,
        47,
        48,
        49,
        50,
        51,
        52,
        53,
        54,
        55,
        56,
        58,
        59,
        60,
        61,
        63
    ],
    "average_objectives_list": [
        278.03960396039605,
        246.56,
        226.34,
        210.82,
        193.64,
        191.42,
        188.36,
        191.66,
        191.0,
        182.0,
        182.14,
        186.54,
        189.06,
        178.74,
        181.32,
        181.52,
        176.18,
        186.34,
        173.04,
        174.16,
        175.8
    ],
    "best_objective_list": [
        204.0,
        192.0,
        184.0,
        182.0,
        180.0,
        180.0,
        174.0,
        174.0,
        174.0,
        174.0,
        174.0,
        174.0,
        168.0,
        168.0,
        160.0,
        160.0,
        160.0,
        156.0,
        156.0,
        156.0,
        156.0
    ]
}