{
    "elapsed_time": 84.87256288528442,
    "best_objective": 130.0,
    "neighbors": 2000,
    "best_solution": [
        0,
        1,
        2,
        3,
        21,
        5,
        6,
        7,
        8,
        9,
        11,
        12,
        13,
        14,
        15,
        16,
        17,
        19,
        4,
        22,
        23,
        24,
        25,
        26,
        27,
        28,
        29,
        30,
        31,
        32,
        34,
        38,
        39,
        49,
        50,
        48,
        20,
        10,
        35,
        36,
        37,
        18,
        40,
        41,
        42,
        43,
        44,
        45,
        33,
        46,
        47,
        51,
        52,
        53,
        54,
        55,
        56,
        57,
        58,
        59,
        60,
        61,
        62,
        63
    ],
    "average_objectives_list": [
        278.15686274509807,
        242.72,
        217.16,
        205.12,
        184.64,
        179.84,
        177.4,
        175.0,
        169.32,
        166.92,
        158.04,
        139.84,
        145.88,
        160.0,
        144.24,
        150.36,
        149.4,
        153.32,
        142.84,
        141.6,
        152.28
    ],
    "best_objective_list": [
        234.0,
        210.0,
        200.0,
        180.0,
        176.0,
        172.0,
        172.0,
        154.0,
        148.0,
        134.0,
        134.0,
        134.0,
        134.0,
        134.0,
        134.0,
        134.0,
        130.0,
        130.0,
        130.0,
        130.0,
        130.0
    ]
}