{
    "elapsed_time": 43.32749319076538,
    "best_objective": 174.0,
    "neighbors": 1000,
    "best_solution": [
        1,
        2,
        3,
        4,
        5,
        6,
        15,
        8,
        9,
        10,
        19,
        12,
        13,
        14,
        7,
        16,
        17,
        18,
        11,
        20,
        21,
        22,
        38,
        40,
        57,
        0,
        30,
        42,
        23,
        24,
        25,
        26,
        27,
        28,
        29,
        31,
        32,
        33,
        34,
        35,
        36,
        37,
        39,
        41,
        43,
        44,
        45,
        46,
        47,
        48,
        49,
        50,
        51,
        52,
        53,
        54,
        55,
        56,
        58,
        59,
        60,
        61,
        62,
        63
    ],
    "average_objectives_list": [
        280.54901960784315,
        241.48,
        204.04,
        190.44,
        188.68,
        184.76,
        183.04,
        181.56,
        185.76,
        182.6,
        179.0
    ],
    "best_objective_list": [
        234.0,
        190.0,
        190.0,
        178.0,
        178.0,
        178.0,
        178.0,
        174.0,
        174.0,
        174.0,
        174.0
    ]
}