{
    "elapsed_time": 96.87938570976257,
    "best_objective": 146.0,
    "neighbors": 2000,
    "best_solution": [
        0,
        1,
        2,
        3,
        4,
        5,
        6,
        7,
        8,
        9,
        11,
        12,
        13,
        14,
        15,
        16,
        17,
        19,
        21,
        22,
        23,
        24,
        25,
        26,
        27,
        28,
        29,
        30,
        10,
        18,
        20,
        31,
        32,
        33,
        34,
        35,
        44,
        36,
        37,
        55,
        39,
        40,
        41,
        42,
        43,
        45,
        46,
        47,
        48,
        49,
        50,
        51,
        52,
        53,
        54,
        38,
        56,
        57,
        58,
        59,
        60,
        61,
        62,
        63
    ],
    "average_objectives_list": [
        280.63366336633663,
        249.98,
        223.12,
        202.66,
        193.8,
        204.84,
        194.14,
        203.34,
        200.8,
        189.62,
        188.42,
        193.34,
        185.96,
        185.98,
        174.92,
        183.54,
        168.8,
        167.64,
        172.5,
        169.4,
        187.96
    ],
    "best_objective_list": [
        238.0,
        188.0,
        188.0,
        186.0,
        186.0,
        186.0,
        186.0,
        176.0,
        168.0,
        168.0,
        162.0,
        162.0,
        152.0,
        152.0,
        146.0,
        146.0,
        146.0,
        146.0,
        146.0,
        146.0,
        146.0
    ]
}