{
    "elapsed_time": 627.4385352134705,
    "best_objective": 136.0,
    "neighbors": 14800,
    "best_solution": [
        1,
        2,
        3,
        4,
        5,
        6,
        7,
        8,
        9,
        11,
        12,
        15,
        13,
        14,
        16,
        18,
        39,
        20,
        23,
        28,
        36,
        29,
        59,
        0,
        25,
        22,
        17,
        31,
        10,
        45,
        44,
        27,
        30,
        26,
        32,
        38,
        37,
        35,
        34,
        33,
        19,
        40,
        41,
        42,
        43,
        21,
        24,
        46,
        47,
        48,
        49,
        50,
        51,
        52,
        53,
        54,
        55,
        56,
        57,
        58,
        60,
        61,
        62,
        63
    ],
    "average_objectives_list": [
        278.03921568627453,
        243.92,
        217.28,
        206.52,
        189.72,
        182.56,
        177.68,
        174.0,
        173.8,
        168.16,
        169.96,
        168.8,
        168.48,
        165.12,
        168.48,
        172.24,
        167.4,
        163.12,
        159.8,
        158.92,
        167.0,
        166.64,
        163.0,
        162.16,
        159.88,
        167.92,
        157.8,
        160.56,
        159.92,
        157.96,
        162.52,
        154.76,
        156.68,
        163.32,
        157.76,
        152.56,
        153.44,
        154.36,
        157.76,
        157.24,
        153.96,
        157.96,
        159.44,
        146.88,
        149.12,
        156.0,
        148.4,
        147.56,
        151.84,
        156.96,
        151.04,
        145.96,
        150.28,
        152.44,
        145.16,
        149.88,
        153.52,
        147.28,
        149.12,
        152.72,
        149.28,
        152.28,
        152.44,
        154.32,
        151.36,
        150.64,
        156.96,
        152.84,
        152.44,
        154.16,
        151.48,
        153.0,
        151.52,
        151.64,
        157.6,
        151.68,
        149.6,
        151.56,
        152.2,
        147.28,
        146.2,
        153.92,
        152.92,
        152.28,
        144.16,
        153.28,
        160.8,
        147.88,
        155.56,
        152.84,
        154.0,
        155.52,
        151.76,
        156.92,
        156.08,
        153.24,
        159.08,
        161.48,
        149.8,
        153.36,
        153.16,
        154.6,
        154.2,
        151.56,
        150.4,
        152.2,
        154.36,
        146.08,
        152.56,
        155.8,
        152.92,
        153.68,
        150.72,
        151.36,
        156.72,
        149.92,
        153.92,
        147.12,
        155.08,
        148.84,
        153.04,
        152.36,
        154.92,
        151.0,
        148.16,
        150.64,
        151.12,
        153.76,
        147.72,
        151.88,
        151.4,
        150.04,
        151.64,
        153.48,
        149.88,
        148.28,
        151.0,
        148.6,
        149.48,
        159.2,
        153.76,
        149.2,
        150.4,
        147.08,
        153.04,
        142.84,
        147.28,
        148.84,
        153.08
    ],
    "best_objective_list": [
        220.0,
        212.0,
        192.0,
        184.0,
        180.0,
        170.0,
        170.0,
        166.0,
        166.0,
        166.0,
        166.0,
        166.0,
        154.0,
        154.0,
        154.0,
        154.0,
        154.0,
        154.0,
        154.0,
        154.0,
        154.0,
        154.0,
        154.0,
        152.0,
        152.0,
        152.0,
        152.0,
        146.0,
        146.0,
        146.0,
        146.0,
        146.0,
        144.0,
        144.0,
        144.0,
        144.0,
        144.0,
        144.0,
        144.0,
        144.0,
        140.0,
        140.0,
        140.0,
        140.0,
        140.0,
        140.0,
        140.0,
        140.0,
        140.0,
        140.0,
        140.0,
        140.0,
        140.0,
        140.0,
        140.0,
        140.0,
        140.0,
        140.0,
        140.0,
        140.0,
        140.0,
        140.0,
        140.0,
        140.0,
        140.0,
        140.0,
        140.0,
        140.0,
        140.0,
        140.0,
        140.0,
        140.0,
        140.0,
        140.0,
        140.0,
        140.0,
        140.0,
        140.0,
        140.0,
        140.0,
        140.0,
        140.0,
        140.0,
        140.0,
        140.0,
        140.0,
        140.0,
        140.0,
        140.0,
        140.0,
        140.0,
        140.0,
        140.0,
        140.0,
        140.0,
        140.0,
        140.0,
        140.0,
        140.0,
        140.0,
        140.0,
        140.0,
        140.0,
        140.0,
        140.0,
        140.0,
        140.0,
        140.0,
        140.0,
        140.0,
        140.0,
        140.0,
        140.0,
        140.0,
        140.0,
        140.0,
        140.0,
        140.0,
        140.0,
        140.0,
        140.0,
        140.0,
        140.0,
        140.0,
        140.0,
        140.0,
        140.0,
        140.0,
        140.0,
        140.0,
        140.0,
        140.0,
        140.0,
        140.0,
        140.0,
        140.0,
        140.0,
        140.0,
        140.0,
        140.0,
        140.0,
        140.0,
        140.0,
        136.0,
        136.0,
        136.0,
        136.0,
        136.0,
        136.0
    ]
}