{
    "elapsed_time": 43.19173550605774,
    "best_objective": 156.0,
    "neighbors": 1000,
    "best_solution": [
        0,
        1,
        2,
        3,
        4,
        5,
        6,
        7,
        9,
        10,
        11,
        14,
        15,
        16,
        17,
        18,
        20,
        19,
        8,
        22,
        23,
        26,
        27,
        28,
        30,
        31,
        32,
        34,
        37,
        38,
        39,
        40,
        41,
        21,
        12,
        13,
        24,
        25,
        29,
        33,
        35,
        36,
        42,
        43,
        44,
        45,
        46,
        47,
        48,
        49,
        50,
        51,
        52,
        53,
        54,
        55,
        56,
        57,
        58,
        59,
        60,
        61,
        62,
        63
    ],
    "average_objectives_list": [
        281.6470588235294,
        243.88,
        217.04,
        206.08,
        189.2,
        167.56,
        163.76,
        162.0,
        162.2,
        161.16,
        163.12
    ],
    "best_objective_list": [
        234.0,
        210.0,
        200.0,
        170.0,
        162.0,
        162.0,
        162.0,
        162.0,
        160.0,
        156.0,
        156.0
    ]
}