{
    "elapsed_time": 81.36046600341797,
    "best_objective": 160.0,
    "neighbors": 2000,
    "best_solution": [
        0,
        1,
        3,
        4,
        5,
        6,
        7,
        8,
        9,
        11,
        12,
        13,
        14,
        15,
        16,
        18,
        19,
        20,
        21,
        22,
        23,
        24,
        25,
        26,
        27,
        28,
        29,
        30,
        31,
        33,
        46,
        53,
        41,
        55,
        2,
        54,
        36,
        17,
        34,
        35,
        37,
        39,
        40,
        42,
        43,
        44,
        45,
        10,
        47,
        48,
        49,
        50,
        51,
        52,
        32,
        38,
        56,
        57,
        58,
        59,
        60,
        61,
        62,
        63
    ],
    "average_objectives_list": [
        278.51612903225805,
        226.26666666666668,
        183.13333333333333,
        176.0,
        176.0,
        176.0,
        176.0,
        175.66666666666666,
        173.4,
        172.0,
        169.86666666666667,
        168.8,
        168.6,
        171.2,
        168.86666666666667,
        168.2,
        175.4,
        170.13333333333333,
        163.2,
        161.2,
        162.6
    ],
    "best_objective_list": [
        234.0,
        176.0,
        176.0,
        176.0,
        176.0,
        176.0,
        176.0,
        168.0,
        168.0,
        168.0,
        168.0,
        168.0,
        162.0,
        162.0,
        162.0,
        162.0,
        160.0,
        160.0,
        160.0,
        160.0,
        160.0
    ]
}