{
    "elapsed_time": 85.4406669139862,
    "best_objective": 148.0,
    "neighbors": 2000,
    "best_solution": [
        0,
        1,
        2,
        3,
        21,
        5,
        6,
        7,
        8,
        9,
        11,
        12,
        13,
        14,
        15,
        16,
        17,
        19,
        20,
        4,
        22,
        23,
        24,
        25,
        26,
        27,
        28,
        29,
        38,
        32,
        33,
        34,
        35,
        37,
        40,
        41,
        10,
        18,
        43,
        36,
        30,
        31,
        39,
        42,
        44,
        45,
        46,
        47,
        48,
        49,
        50,
        51,
        52,
        53,
        54,
        55,
        56,
        57,
        58,
        59,
        60,
        61,
        62,
        63
    ],
    "average_objectives_list": [
        281.0980392156863,
        243.2,
        207.52,
        192.12,
        176.96,
        164.48,
        162.24,
        162.4,
        160.16,
        157.72,
        156.24,
        155.24,
        159.44,
        162.12,
        164.88,
        157.84,
        159.0,
        154.64,
        156.84,
        158.88,
        153.84
    ],
    "best_objective_list": [
        234.0,
        192.0,
        192.0,
        166.0,
        162.0,
        162.0,
        158.0,
        158.0,
        156.0,
        156.0,
        148.0,
        148.0,
        148.0,
        148.0,
        148.0,
        148.0,
        148.0,
        148.0,
        148.0,
        148.0,
        148.0
    ]
}