{
    "elapsed_time": 81.63285994529724,
    "best_objective": 166.0,
    "neighbors": 2000,
    "best_solution": [
        0,
        1,
        3,
        4,
        5,
        6,
        7,
        8,
        9,
        10,
        13,
        14,
        16,
        17,
        18,
        20,
        21,
        40,
        63,
        2,
        11,
        12,
        15,
        19,
        22,
        23,
        38,
        25,
        26,
        39,
        28,
        29,
        30,
        31,
        24,
        27,
        32,
        33,
        34,
        35,
        36,
        37,
        41,
        42,
        43,
        44,
        45,
        46,
        47,
        48,
        49,
        50,
        51,
        52,
        53,
        54,
        55,
        56,
        57,
        58,
        59,
        60,
        61,
        62
    ],
    "average_objectives_list": [
        279.93548387096774,
        232.86666666666667,
        204.6,
        191.0,
        189.4,
        183.8,
        182.0,
        182.0,
        181.86666666666667,
        180.6,
        180.0,
        180.0,
        179.86666666666667,
        179.6,
        178.8,
        176.06666666666666,
        175.26666666666668,
        175.53333333333333,
        171.66666666666666,
        167.93333333333334,
        167.06666666666666
    ],
    "best_objective_list": [
        238.0,
        194.0,
        190.0,
        188.0,
        182.0,
        182.0,
        182.0,
        182.0,
        180.0,
        180.0,
        180.0,
        180.0,
        176.0,
        176.0,
        174.0,
        174.0,
        174.0,
        168.0,
        168.0,
        166.0,
        166.0
    ]
}