{
    "elapsed_time": 626.752516746521,
    "best_objective": 134.0,
    "neighbors": 14800,
    "best_solution": [
        0,
        1,
        2,
        3,
        4,
        5,
        6,
        7,
        8,
        9,
        21,
        13,
        43,
        16,
        36,
        18,
        33,
        20,
        41,
        19,
        24,
        30,
        25,
        26,
        27,
        28,
        29,
        23,
        31,
        47,
        11,
        12,
        15,
        17,
        32,
        22,
        37,
        35,
        34,
        38,
        39,
        14,
        40,
        42,
        44,
        45,
        46,
        10,
        48,
        49,
        50,
        51,
        52,
        53,
        54,
        55,
        56,
        57,
        58,
        59,
        60,
        61,
        62,
        63
    ],
    "average_objectives_list": [
        277.6078431372549,
        243.2,
        202.8,
        171.76,
        168.0,
        167.96,
        167.48,
        169.92,
        167.6,
        176.16,
        172.88,
        171.04,
        166.4,
        173.44,
        167.96,
        175.68,
        172.08,
        170.88,
        167.48,
        169.24,
        164.88,
        168.16,
        170.08,
        161.64,
        158.84,
        159.96,
        160.52,
        164.88,
        163.84,
        158.56,
        169.44,
        163.44,
        166.08,
        166.12,
        161.0,
        164.4,
        165.16,
        168.16,
        166.16,
        160.92,
        164.76,
        164.0,
        160.36,
        162.76,
        154.36,
        160.28,
        155.8,
        169.2,
        163.8,
        154.96,
        161.0,
        158.12,
        157.88,
        163.4,
        159.16,
        162.56,
        158.8,
        154.92,
        155.2,
        159.92,
        154.28,
        170.4,
        151.72,
        161.6,
        160.12,
        161.88,
        161.84,
        163.64,
        159.84,
        159.04,
        168.4,
        153.84,
        158.64,
        158.76,
        143.52,
        152.12,
        166.36,
        156.92,
        151.2,
        167.6,
        163.04,
        165.28,
        163.84,
        162.16,
        158.68,
        155.76,
        162.96,
        158.12,
        150.92,
        165.2,
        154.64,
        155.32,
        161.48,
        153.76,
        155.16,
        156.84,
        151.04,
        156.88,
        161.2,
        156.24,
        158.32,
        165.08,
        166.2,
        151.84,
        148.8,
        150.12,
        153.88,
        149.76,
        156.4,
        170.92,
        158.4,
        150.28,
        158.52,
        155.52,
        150.88,
        159.12,
        152.0,
        154.8,
        152.64,
        153.36,
        151.12,
        156.44,
        156.36,
        164.04,
        150.68,
        151.84,
        153.32,
        158.44,
        155.36,
        152.08,
        151.4,
        150.64,
        153.56,
        151.12,
        148.96,
        146.2,
        146.56,
        160.64,
        152.0,
        151.08,
        155.04,
        156.16,
        158.24,
        145.88,
        151.2,
        155.36,
        154.24,
        155.24,
        149.6
    ],
    "best_objective_list": [
        238.0,
        176.0,
        168.0,
        168.0,
        168.0,
        166.0,
        166.0,
        164.0,
        164.0,
        164.0,
        164.0,
        164.0,
        160.0,
        160.0,
        160.0,
        160.0,
        160.0,
        160.0,
        160.0,
        160.0,
        156.0,
        156.0,
        156.0,
        156.0,
        154.0,
        154.0,
        154.0,
        154.0,
        154.0,
        154.0,
        154.0,
        154.0,
        154.0,
        150.0,
        150.0,
        148.0,
        148.0,
        148.0,
        148.0,
        148.0,
        144.0,
        144.0,
        144.0,
        144.0,
        144.0,
        144.0,
        140.0,
        140.0,
        140.0,
        140.0,
        140.0,
        140.0,
        140.0,
        140.0,
        140.0,
        140.0,
        140.0,
        140.0,
        140.0,
        140.0,
        140.0,
        140.0,
        140.0,
        140.0,
        140.0,
        140.0,
        140.0,
        140.0,
        140.0,
        140.0,
        140.0,
        140.0,
        138.0,
        138.0,
        138.0,
        138.0,
        138.0,
        138.0,
        138.0,
        138.0,
        138.0,
        138.0,
        138.0,
        138.0,
        138.0,
        138.0,
        138.0,
        138.0,
        138.0,
        138.0,
        138.0,
        138.0,
        138.0,
        138.0,
        138.0,
        138.0,
        138.0,
        138.0,
        138.0,
        138.0,
        138.0,
        138.0,
        138.0,
        138.0,
        138.0,
        134.0,
        134.0,
        134.0,
        134.0,
        134.0,
        134.0,
        134.0,
        134.0,
        134.0,
        134.0,
        134.0,
        134.0,
        134.0,
        134.0,
        134.0,
        134.0,
        134.0,
        134.0,
        134.0,
        134.0,
        134.0,
        134.0,
        134.0,
        134.0,
        134.0,
        134.0,
        134.0,
        134.0,
        134.0,
        134.0,
        134.0,
        134.0,
        134.0,
        134.0,
        134.0,
        134.0,
        134.0,
        134.0,
        134.0,
        134.0,
        134.0,
        134.0,
        134.0,
        134.0
    ]
}