{
    "elapsed_time": 624.529134273529,
    "best_objective": 140.0,
    "neighbors": 14800,
    "best_solution": [
        0,
        2,
        7,
        5,
        6,
        4,
        9,
        10,
        12,
        22,
        13,
        14,
        15,
        16,
        36,
        18,
        19,
        20,
        21,
        29,
        37,
        25,
        30,
        31,
        32,
        33,
        34,
        35,
        26,
        38,
        39,
        40,
        41,
        42,
        44,
        45,
        46,
        52,
        53,
        54,
        24,
        47,
        23,
        17,
        11,
        8,
        1,
        43,
        3,
        60,
        51,
        27,
        48,
        49,
        50,
        55,
        56,
        57,
        58,
        59,
        28,
        61,
        62,
        63
    ],
    "average_objectives_list": [
        277.1764705882353,
        237.64,
        203.64,
        200.44,
        191.92,
        193.16,
        192.48,
        192.96,
        178.64,
        178.72,
        181.8,
        186.12,
        181.76,
        184.2,
        172.52,
        175.68,
        176.4,
        168.72,
        176.72,
        177.16,
        160.96,
        172.8,
        173.96,
        164.68,
        160.84,
        168.36,
        165.12,
        170.96,
        172.2,
        169.48,
        166.32,
        170.28,
        165.44,
        166.04,
        172.72,
        170.88,
        171.16,
        171.24,
        174.32,
        177.64,
        165.32,
        172.12,
        169.56,
        163.08,
        178.16,
        165.28,
        166.64,
        170.6,
        165.84,
        169.52,
        171.96,
        160.96,
        167.2,
        161.2,
        175.84,
        168.04,
        164.56,
        166.0,
        164.64,
        170.92,
        164.16,
        164.56,
        170.2,
        171.0,
        174.76,
        165.0,
        170.08,
        156.16,
        164.6,
        171.44,
        165.8,
        165.52,
        157.68,
        153.52,
        177.44,
        164.72,
        168.96,
        165.36,
        159.28,
        170.56,
        165.0,
        167.0,
        161.76,
        171.96,
        163.76,
        168.8,
        165.16,
        167.32,
        165.6,
        157.56,
        170.64,
        171.12,
        162.52,
        162.52,
        173.96,
        161.48,
        163.04,
        169.36,
        164.48,
        157.68,
        171.16,
        167.4,
        165.04,
        169.56,
        170.64,
        161.48,
        161.48,
        167.36,
        183.92,
        164.2,
        167.6,
        162.12,
        157.52,
        167.92,
        173.8,
        158.8,
        165.96,
        167.28,
        170.92,
        171.2,
        165.04,
        168.12,
        172.6,
        164.96,
        167.32,
        168.84,
        169.44,
        155.12,
        161.96,
        161.76,
        164.8,
        169.8,
        171.6,
        165.0,
        163.0,
        161.08,
        180.24,
        169.88,
        150.48,
        168.0,
        167.36,
        164.28,
        155.04,
        165.84,
        158.72,
        164.76,
        169.04,
        172.6,
        168.88
    ],
    "best_objective_list": [
        222.0,
        190.0,
        190.0,
        190.0,
        174.0,
        174.0,
        174.0,
        172.0,
        168.0,
        168.0,
        164.0,
        164.0,
        160.0,
        160.0,
        156.0,
        156.0,
        152.0,
        148.0,
        148.0,
        148.0,
        148.0,
        148.0,
        148.0,
        148.0,
        148.0,
        148.0,
        148.0,
        148.0,
        148.0,
        148.0,
        148.0,
        148.0,
        148.0,
        148.0,
        148.0,
        148.0,
        148.0,
        148.0,
        148.0,
        148.0,
        144.0,
        144.0,
        144.0,
        144.0,
        144.0,
        144.0,
        144.0,
        144.0,
        144.0,
        144.0,
        144.0,
        144.0,
        144.0,
        144.0,
        144.0,
        144.0,
        144.0,
        144.0,
        144.0,
        144.0,
        144.0,
        144.0,
        144.0,
        144.0,
        144.0,
        144.0,
        144.0,
        144.0,
        144.0,
        144.0,
        144.0,
        144.0,
        144.0,
        144.0,
        144.0,
        144.0,
        144.0,
        144.0,
        144.0,
        144.0,
        144.0,
        144.0,
        144.0,
        144.0,
        144.0,
        144.0,
        144.0,
        144.0,
        144.0,
        144.0,
        144.0,
        144.0,
        144.0,
        144.0,
        144.0,
        144.0,
        140.0,
        140.0,
        140.0,
        140.0,
        140.0,
        140.0,
        140.0,
        140.0,
        140.0,
        140.0,
        140.0,
        140.0,
        140.0,
        140.0,
        140.0,
        140.0,
        140.0,
        140.0,
        140.0,
        140.0,
        140.0,
        140.0,
        140.0,
        140.0,
        140.0,
        140.0,
        140.0,
        140.0,
        140.0,
        140.0,
        140.0,
        140.0,
        140.0,
        140.0,
        140.0,
        140.0,
        140.0,
        140.0,
        140.0,
        140.0,
        140.0,
        140.0,
        140.0,
        140.0,
        140.0,
        140.0,
        140.0,
        140.0,
        140.0,
        140.0,
        140.0,
        140.0,
        140.0
    ]
}