{
    "elapsed_time": 85.70129799842834,
    "best_objective": 170.0,
    "neighbors": 2000,
    "best_solution": [
        0,
        1,
        22,
        3,
        4,
        5,
        6,
        7,
        8,
        9,
        12,
        14,
        15,
        16,
        17,
        18,
        19,
        20,
        23,
        24,
        25,
        27,
        28,
        29,
        30,
        31,
        41,
        10,
        11,
        13,
        21,
        2,
        26,
        32,
        33,
        34,
        35,
        36,
        37,
        38,
        39,
        40,
        42,
        43,
        44,
        45,
        46,
        47,
        48,
        49,
        50,
        51,
        52,
        53,
        54,
        55,
        56,
        57,
        58,
        59,
        60,
        61,
        62,
        63
    ],
    "average_objectives_list": [
        272.98039215686276,
        239.24,
        216.48,
        204.68,
        193.2,
        186.0,
        186.0,
        185.92,
        184.52,
        178.36,
        172.96,
        172.52,
        182.64,
        184.2,
        183.4,
        189.88,
        181.68,
        180.68,
        180.12,
        188.28,
        184.68
    ],
    "best_objective_list": [
        236.0,
        210.0,
        192.0,
        186.0,
        186.0,
        186.0,
        186.0,
        182.0,
        172.0,
        172.0,
        170.0,
        170.0,
        170.0,
        170.0,
        170.0,
        170.0,
        170.0,
        170.0,
        170.0,
        170.0,
        170.0
    ]
}