{
    "elapsed_time": 629.6167058944702,
    "best_objective": 138.0,
    "neighbors": 14800,
    "best_solution": [
        3,
        1,
        2,
        0,
        4,
        5,
        6,
        7,
        8,
        9,
        11,
        13,
        36,
        14,
        15,
        18,
        19,
        20,
        21,
        29,
        24,
        44,
        26,
        27,
        28,
        30,
        32,
        34,
        49,
        37,
        38,
        39,
        40,
        41,
        51,
        33,
        23,
        31,
        17,
        12,
        35,
        10,
        22,
        16,
        42,
        43,
        25,
        45,
        46,
        47,
        48,
        50,
        52,
        53,
        54,
        55,
        56,
        57,
        58,
        59,
        60,
        61,
        62,
        63
    ],
    "average_objectives_list": [
        279.2156862745098,
        245.04,
        208.56,
        192.16,
        187.92,
        186.2,
        189.76,
        184.24,
        181.2,
        174.72,
        170.68,
        169.0,
        166.96,
        166.12,
        165.84,
        163.12,
        158.08,
        165.24,
        173.6,
        166.08,
        172.44,
        169.92,
        175.24,
        163.84,
        174.4,
        166.68,
        161.48,
        158.56,
        160.48,
        170.08,
        154.92,
        152.8,
        169.04,
        151.8,
        160.4,
        157.2,
        165.8,
        152.92,
        149.64,
        154.88,
        161.88,
        165.52,
        163.56,
        169.32,
        152.56,
        165.12,
        154.56,
        147.96,
        151.64,
        160.56,
        154.16,
        151.52,
        158.0,
        156.08,
        160.52,
        162.52,
        157.28,
        168.12,
        149.4,
        160.92,
        152.16,
        157.72,
        152.12,
        154.8,
        150.6,
        154.64,
        157.4,
        153.12,
        157.8,
        161.48,
        158.4,
        158.36,
        163.8,
        150.68,
        158.04,
        148.0,
        153.08,
        150.88,
        167.8,
        160.0,
        160.6,
        146.6,
        151.04,
        159.04,
        156.48,
        145.92,
        168.2,
        150.84,
        149.28,
        151.2,
        156.44,
        151.2,
        158.44,
        151.64,
        162.68,
        155.68,
        159.72,
        161.68,
        159.0,
        156.28,
        163.04,
        160.0,
        148.76,
        153.04,
        150.4,
        149.44,
        161.64,
        154.04,
        161.16,
        154.76,
        154.12,
        148.36,
        157.12,
        158.96,
        153.04,
        154.64,
        149.16,
        152.96,
        164.0,
        155.76,
        153.44,
        148.84,
        155.56,
        163.48,
        157.44,
        163.48,
        149.92,
        157.24,
        164.2,
        161.04,
        146.08,
        155.76,
        155.16,
        151.24,
        145.68,
        164.4,
        154.72,
        158.04,
        155.12,
        160.04,
        151.0,
        157.8,
        155.72,
        170.0,
        152.84,
        158.8,
        151.16,
        165.88,
        157.28
    ],
    "best_objective_list": [
        248.0,
        192.0,
        192.0,
        186.0,
        182.0,
        182.0,
        182.0,
        174.0,
        170.0,
        166.0,
        166.0,
        166.0,
        158.0,
        158.0,
        158.0,
        158.0,
        154.0,
        154.0,
        154.0,
        154.0,
        154.0,
        154.0,
        154.0,
        154.0,
        154.0,
        142.0,
        142.0,
        142.0,
        142.0,
        142.0,
        142.0,
        142.0,
        142.0,
        142.0,
        142.0,
        142.0,
        138.0,
        138.0,
        138.0,
        138.0,
        138.0,
        138.0,
        138.0,
        138.0,
        138.0,
        138.0,
        138.0,
        138.0,
        138.0,
        138.0,
        138.0,
        138.0,
        138.0,
        138.0,
        138.0,
        138.0,
        138.0,
        138.0,
        138.0,
        138.0,
        138.0,
        138.0,
        138.0,
        138.0,
        138.0,
        138.0,
        138.0,
        138.0,
        138.0,
        138.0,
        138.0,
        138.0,
        138.0,
        138.0,
        138.0,
        138.0,
        138.0,
        138.0,
        138.0,
        138.0,
        138.0,
        138.0,
        138.0,
        138.0,
        138.0,
        138.0,
        138.0,
        138.0,
        138.0,
        138.0,
        138.0,
        138.0,
        138.0,
        138.0,
        138.0,
        138.0,
        138.0,
        138.0,
        138.0,
        138.0,
        138.0,
        138.0,
        138.0,
        138.0,
        138.0,
        138.0,
        138.0,
        138.0,
        138.0,
        138.0,
        138.0,
        138.0,
        138.0,
        138.0,
        138.0,
        138.0,
        138.0,
        138.0,
        138.0,
        138.0,
        138.0,
        138.0,
        138.0,
        138.0,
        138.0,
        138.0,
        138.0,
        138.0,
        138.0,
        138.0,
        138.0,
        138.0,
        138.0,
        138.0,
        138.0,
        138.0,
        138.0,
        138.0,
        138.0,
        138.0,
        138.0,
        138.0,
        138.0,
        138.0,
        138.0,
        138.0,
        138.0,
        138.0,
        138.0
    ]
}