{
    "elapsed_time": 96.80859518051147,
    "best_objective": 138.0,
    "neighbors": 2000,
    "best_solution": [
        0,
        1,
        2,
        3,
        4,
        5,
        6,
        7,
        8,
        9,
        11,
        12,
        13,
        14,
        15,
        16,
        17,
        19,
        22,
        35,
        23,
        24,
        25,
        26,
        27,
        28,
        29,
        30,
        31,
        36,
        37,
        38,
        39,
        40,
        41,
        42,
        43,
        10,
        47,
        56,
        21,
        32,
        33,
        34,
        44,
        45,
        46,
        18,
        48,
        49,
        50,
        51,
        20,
        52,
        53,
        54,
        55,
        57,
        58,
        59,
        60,
        61,
        62,
        63
    ],
    "average_objectives_list": [
        279.2475247524753,
        251.32,
        234.36,
        219.66,
        214.4,
        195.96,
        181.08,
        183.04,
        190.18,
        179.2,
        182.02,
        171.86,
        177.66,
        164.66,
        167.56,
        167.12,
        166.28,
        163.22,
        164.38,
        163.68,
        157.76
    ],
    "best_objective_list": [
        230.0,
        214.0,
        206.0,
        192.0,
        174.0,
        174.0,
        166.0,
        166.0,
        166.0,
        158.0,
        154.0,
        154.0,
        154.0,
        154.0,
        154.0,
        150.0,
        150.0,
        138.0,
        138.0,
        138.0,
        138.0
    ]
}