{
    "elapsed_time": 81.99925708770752,
    "best_objective": 154.0,
    "neighbors": 2000,
    "best_solution": [
        0,
        1,
        2,
        3,
        4,
        5,
        6,
        7,
        9,
        10,
        12,
        13,
        14,
        16,
        40,
        18,
        19,
        20,
        21,
        22,
        23,
        24,
        25,
        26,
        27,
        28,
        29,
        30,
        31,
        36,
        37,
        38,
        8,
        11,
        15,
        17,
        32,
        33,
        34,
        35,
        39,
        41,
        42,
        43,
        44,
        45,
        46,
        47,
        48,
        49,
        50,
        51,
        52,
        53,
        54,
        55,
        56,
        57,
        58,
        59,
        60,
        61,
        62,
        63
    ],
    "average_objectives_list": [
        284.7741935483871,
        239.86666666666667,
        203.4,
        187.26666666666668,
        183.06666666666666,
        173.13333333333333,
        168.86666666666667,
        166.86666666666667,
        166.73333333333332,
        165.8,
        163.33333333333334,
        160.0,
        160.2,
        159.86666666666667,
        158.46666666666667,
        158.0,
        158.0,
        157.86666666666667,
        156.26666666666668,
        154.4,
        154.6
    ],
    "best_objective_list": [
        258.0,
        200.0,
        184.0,
        184.0,
        170.0,
        166.0,
        166.0,
        166.0,
        166.0,
        160.0,
        160.0,
        160.0,
        160.0,
        158.0,
        158.0,
        158.0,
        158.0,
        156.0,
        154.0,
        154.0,
        154.0
    ]
}