{
    "elapsed_time": 86.46423196792603,
    "best_objective": 166.0,
    "neighbors": 2000,
    "best_solution": [
        0,
        1,
        2,
        3,
        4,
        5,
        9,
        7,
        8,
        6,
        11,
        12,
        13,
        14,
        16,
        18,
        19,
        20,
        21,
        22,
        23,
        24,
        60,
        26,
        27,
        28,
        29,
        30,
        10,
        15,
        17,
        25,
        31,
        32,
        33,
        34,
        35,
        36,
        37,
        38,
        39,
        40,
        41,
        42,
        43,
        44,
        45,
        46,
        47,
        48,
        49,
        50,
        51,
        52,
        53,
        54,
        55,
        56,
        57,
        58,
        59,
        61,
        62,
        63
    ],
    "average_objectives_list": [
        274.4313725490196,
        234.2,
        207.32,
        192.16,
        188.32,
        184.8,
        184.0,
        183.44,
        179.56,
        177.32,
        174.48,
        174.88,
        174.0,
        174.0,
        174.0,
        173.84,
        172.56,
        171.92,
        167.88,
        167.92,
        168.44
    ],
    "best_objective_list": [
        216.0,
        206.0,
        188.0,
        188.0,
        184.0,
        184.0,
        184.0,
        178.0,
        174.0,
        174.0,
        174.0,
        174.0,
        174.0,
        174.0,
        174.0,
        166.0,
        166.0,
        166.0,
        166.0,
        166.0,
        166.0
    ]
}