{
    "elapsed_time": 81.02834892272949,
    "best_objective": 136.0,
    "neighbors": 2000,
    "best_solution": [
        0,
        1,
        2,
        3,
        35,
        11,
        12,
        15,
        19,
        20,
        21,
        23,
        24,
        28,
        62,
        41,
        43,
        44,
        45,
        4,
        5,
        6,
        58,
        8,
        9,
        10,
        13,
        14,
        16,
        17,
        18,
        39,
        42,
        22,
        57,
        25,
        26,
        27,
        29,
        31,
        32,
        33,
        34,
        37,
        38,
        40,
        46,
        47,
        48,
        49,
        50,
        51,
        52,
        53,
        54,
        55,
        36,
        56,
        7,
        59,
        60,
        61,
        30,
        63
    ],
    "average_objectives_list": [
        278.7096774193548,
        236.93333333333334,
        205.8,
        186.66666666666666,
        180.8,
        177.93333333333334,
        171.86666666666667,
        171.53333333333333,
        161.8,
        158.0,
        158.0,
        156.26666666666668,
        149.4,
        148.66666666666666,
        155.93333333333334,
        152.86666666666667,
        147.26666666666668,
        149.46666666666667,
        144.8,
        151.73333333333332,
        155.26666666666668
    ],
    "best_objective_list": [
        248.0,
        208.0,
        184.0,
        172.0,
        172.0,
        172.0,
        168.0,
        158.0,
        158.0,
        158.0,
        154.0,
        142.0,
        142.0,
        140.0,
        140.0,
        136.0,
        136.0,
        136.0,
        136.0,
        136.0,
        136.0
    ]
}