{
    "elapsed_time": 43.849448919296265,
    "best_objective": 170.0,
    "neighbors": 1000,
    "best_solution": [
        1,
        3,
        36,
        5,
        7,
        9,
        10,
        56,
        12,
        45,
        8,
        49,
        18,
        19,
        20,
        50,
        37,
        48,
        0,
        44,
        43,
        13,
        14,
        16,
        21,
        17,
        34,
        4,
        2,
        46,
        42,
        52,
        57,
        38,
        6,
        11,
        15,
        22,
        23,
        24,
        25,
        26,
        27,
        28,
        29,
        30,
        31,
        32,
        33,
        35,
        39,
        40,
        47,
        51,
        53,
        54,
        55,
        41,
        58,
        59,
        60,
        61,
        62,
        63
    ],
    "average_objectives_list": [
        273.96078431372547,
        234.44,
        202.72,
        201.28,
        203.56,
        199.48,
        197.12,
        196.0,
        188.28,
        178.24,
        182.44
    ],
    "best_objective_list": [
        220.0,
        194.0,
        190.0,
        190.0,
        190.0,
        190.0,
        184.0,
        176.0,
        170.0,
        170.0,
        170.0
    ]
}