{
    "elapsed_time": 96.2369933128357,
    "best_objective": 152.0,
    "neighbors": 2000,
    "best_solution": [
        0,
        1,
        3,
        4,
        5,
        7,
        9,
        10,
        11,
        18,
        23,
        12,
        13,
        14,
        15,
        16,
        17,
        49,
        19,
        20,
        21,
        31,
        40,
        8,
        38,
        6,
        47,
        22,
        24,
        25,
        26,
        27,
        28,
        29,
        30,
        32,
        33,
        34,
        35,
        36,
        37,
        39,
        41,
        2,
        42,
        43,
        44,
        45,
        46,
        48,
        50,
        51,
        52,
        53,
        54,
        55,
        56,
        57,
        58,
        59,
        60,
        61,
        62,
        63
    ],
    "average_objectives_list": [
        278.990099009901,
        250.48,
        224.04,
        214.22,
        198.94,
        212.12,
        204.58,
        199.5,
        199.82,
        201.28,
        192.78,
        191.46,
        191.04,
        184.68,
        185.64,
        183.7,
        181.36,
        186.08,
        181.68,
        173.2,
        181.1
    ],
    "best_objective_list": [
        220.0,
        196.0,
        194.0,
        194.0,
        192.0,
        192.0,
        180.0,
        172.0,
        172.0,
        172.0,
        164.0,
        162.0,
        152.0,
        152.0,
        152.0,
        152.0,
        152.0,
        152.0,
        152.0,
        152.0,
        152.0
    ]
}