{
    "elapsed_time": 86.71891379356384,
    "best_objective": 164.0,
    "neighbors": 2000,
    "best_solution": [
        0,
        2,
        3,
        4,
        5,
        6,
        11,
        8,
        9,
        10,
        7,
        12,
        13,
        14,
        16,
        17,
        18,
        19,
        20,
        21,
        22,
        23,
        24,
        25,
        26,
        27,
        28,
        29,
        45,
        36,
        1,
        30,
        15,
        31,
        32,
        33,
        34,
        35,
        37,
        62,
        39,
        40,
        41,
        42,
        43,
        44,
        46,
        47,
        48,
        49,
        50,
        51,
        52,
        53,
        54,
        55,
        38,
        56,
        57,
        58,
        59,
        60,
        61,
        63
    ],
    "average_objectives_list": [
        281.3333333333333,
        242.56,
        214.72,
        199.76,
        192.8,
        180.12,
        176.12,
        174.64,
        175.16,
        175.36,
        176.92,
        176.4,
        174.36,
        174.16,
        171.96,
        176.2,
        179.84,
        172.76,
        174.68,
        172.16,
        171.4
    ],
    "best_objective_list": [
        236.0,
        210.0,
        198.0,
        180.0,
        178.0,
        168.0,
        168.0,
        168.0,
        168.0,
        168.0,
        168.0,
        164.0,
        164.0,
        164.0,
        164.0,
        164.0,
        164.0,
        164.0,
        164.0,
        164.0,
        164.0
    ]
}