{
    "elapsed_time": 81.56112384796143,
    "best_objective": 164.0,
    "neighbors": 2000,
    "best_solution": [
        0,
        1,
        3,
        5,
        6,
        7,
        9,
        10,
        11,
        12,
        13,
        14,
        15,
        16,
        17,
        18,
        19,
        20,
        21,
        54,
        23,
        24,
        25,
        26,
        27,
        28,
        30,
        4,
        29,
        35,
        53,
        2,
        31,
        32,
        33,
        8,
        34,
        36,
        37,
        38,
        39,
        58,
        40,
        41,
        42,
        43,
        44,
        45,
        46,
        22,
        47,
        48,
        49,
        50,
        51,
        52,
        55,
        56,
        57,
        59,
        60,
        61,
        62,
        63
    ],
    "average_objectives_list": [
        282.7096774193548,
        240.13333333333333,
        205.53333333333333,
        196.46666666666667,
        189.73333333333332,
        186.0,
        186.0,
        185.86666666666667,
        184.46666666666667,
        183.93333333333334,
        182.66666666666666,
        177.0,
        171.93333333333334,
        166.33333333333334,
        165.2,
        164.0,
        167.0,
        164.0,
        165.33333333333334,
        164.0,
        164.0
    ],
    "best_objective_list": [
        234.0,
        200.0,
        194.0,
        186.0,
        186.0,
        186.0,
        186.0,
        184.0,
        184.0,
        182.0,
        176.0,
        170.0,
        164.0,
        164.0,
        164.0,
        164.0,
        164.0,
        164.0,
        164.0,
        164.0,
        164.0
    ]
}