{
    "elapsed_time": 85.48563146591187,
    "best_objective": 162.0,
    "neighbors": 2000,
    "best_solution": [
        0,
        2,
        3,
        5,
        31,
        8,
        9,
        10,
        11,
        12,
        13,
        14,
        50,
        17,
        18,
        19,
        20,
        21,
        22,
        25,
        27,
        29,
        30,
        6,
        32,
        33,
        34,
        36,
        37,
        39,
        16,
        7,
        1,
        28,
        4,
        43,
        24,
        23,
        38,
        26,
        35,
        15,
        48,
        40,
        41,
        42,
        44,
        45,
        46,
        47,
        49,
        51,
        52,
        53,
        54,
        55,
        56,
        57,
        58,
        59,
        60,
        61,
        62,
        63
    ],
    "average_objectives_list": [
        278.27450980392155,
        243.24,
        211.32,
        190.72,
        172.72,
        172.68,
        172.28,
        172.24,
        171.84,
        176.48,
        169.6,
        167.96,
        168.96,
        168.48,
        170.68,
        166.76,
        169.56,
        171.64,
        168.16,
        168.52,
        170.12
    ],
    "best_objective_list": [
        250.0,
        196.0,
        172.0,
        172.0,
        172.0,
        172.0,
        172.0,
        172.0,
        164.0,
        164.0,
        164.0,
        164.0,
        164.0,
        164.0,
        164.0,
        164.0,
        164.0,
        164.0,
        164.0,
        162.0,
        162.0
    ]
}