{
    "elapsed_time": 97.21386408805847,
    "best_objective": 156.0,
    "neighbors": 2000,
    "best_solution": [
        0,
        1,
        2,
        3,
        36,
        9,
        13,
        14,
        17,
        49,
        22,
        23,
        27,
        28,
        29,
        32,
        33,
        37,
        38,
        39,
        40,
        41,
        42,
        46,
        48,
        54,
        58,
        61,
        31,
        47,
        30,
        34,
        8,
        4,
        57,
        15,
        5,
        45,
        59,
        10,
        51,
        7,
        11,
        12,
        16,
        18,
        20,
        21,
        24,
        25,
        26,
        35,
        6,
        43,
        44,
        19,
        50,
        52,
        53,
        55,
        56,
        60,
        62,
        63
    ],
    "average_objectives_list": [
        276.7722772277228,
        244.98,
        228.96,
        215.66,
        209.98,
        214.46,
        207.66,
        211.6,
        209.68,
        199.46,
        198.72,
        193.66,
        194.6,
        194.86,
        195.4,
        199.5,
        186.7,
        192.62,
        185.2,
        195.78,
        191.68
    ],
    "best_objective_list": [
        218.0,
        200.0,
        192.0,
        174.0,
        174.0,
        168.0,
        168.0,
        166.0,
        166.0,
        166.0,
        158.0,
        158.0,
        158.0,
        158.0,
        158.0,
        158.0,
        158.0,
        158.0,
        158.0,
        156.0,
        156.0
    ]
}