{
    "elapsed_time": 620.0522058010101,
    "best_objective": 130.0,
    "neighbors": 14800,
    "best_solution": [
        0,
        1,
        33,
        57,
        4,
        5,
        6,
        7,
        8,
        9,
        40,
        34,
        13,
        14,
        16,
        18,
        17,
        50,
        22,
        24,
        2,
        27,
        28,
        29,
        30,
        52,
        26,
        11,
        35,
        36,
        38,
        39,
        41,
        42,
        15,
        20,
        37,
        44,
        25,
        55,
        12,
        19,
        23,
        32,
        10,
        43,
        21,
        45,
        46,
        47,
        48,
        49,
        51,
        31,
        53,
        54,
        56,
        3,
        58,
        59,
        60,
        61,
        62,
        63
    ],
    "average_objectives_list": [
        276.8627450980392,
        236.92,
        212.88,
        198.36,
        181.72,
        172.72,
        171.08,
        163.88,
        159.68,
        162.16,
        154.28,
        147.6,
        148.16,
        152.32,
        151.92,
        154.4,
        145.2,
        149.72,
        149.32,
        150.76,
        156.92,
        152.52,
        148.8,
        146.56,
        148.52,
        152.36,
        148.36,
        148.8,
        146.8,
        153.0,
        149.72,
        147.96,
        148.12,
        154.36,
        156.72,
        148.16,
        149.08,
        154.12,
        151.8,
        153.32,
        159.2,
        149.12,
        148.56,
        145.0,
        148.92,
        152.2,
        148.44,
        153.8,
        157.8,
        152.0,
        144.76,
        145.36,
        150.0,
        149.6,
        150.0,
        144.8,
        152.44,
        152.32,
        159.52,
        147.96,
        155.16,
        155.2,
        150.92,
        152.64,
        153.0,
        153.92,
        158.6,
        151.6,
        146.76,
        145.88,
        149.84,
        151.28,
        155.6,
        156.44,
        152.88,
        161.4,
        154.84,
        152.36,
        154.08,
        147.72,
        149.04,
        147.36,
        154.64,
        153.68,
        151.6,
        151.2,
        156.2,
        149.8,
        158.4,
        142.56,
        149.0,
        152.16,
        152.24,
        154.4,
        146.52,
        152.76,
        150.68,
        143.16,
        153.64,
        151.44,
        156.64,
        160.8,
        153.56,
        148.44,
        157.76,
        155.2,
        157.2,
        155.0,
        153.76,
        145.76,
        161.48,
        158.8,
        147.24,
        145.88,
        157.24,
        166.52,
        146.48,
        152.64,
        155.68,
        158.8,
        159.96,
        154.84,
        161.04,
        156.24,
        159.12,
        158.44,
        149.44,
        153.72,
        156.84,
        142.84,
        157.0,
        159.48,
        160.24,
        164.24,
        158.64,
        147.12,
        151.12,
        154.12,
        156.4,
        158.08,
        161.96,
        156.88,
        150.4,
        147.6,
        152.12,
        156.04,
        156.2,
        160.88,
        154.84
    ],
    "best_objective_list": [
        232.0,
        208.0,
        172.0,
        172.0,
        172.0,
        160.0,
        152.0,
        152.0,
        144.0,
        144.0,
        144.0,
        144.0,
        144.0,
        144.0,
        144.0,
        144.0,
        144.0,
        144.0,
        144.0,
        144.0,
        144.0,
        144.0,
        144.0,
        144.0,
        144.0,
        144.0,
        144.0,
        144.0,
        144.0,
        144.0,
        144.0,
        144.0,
        142.0,
        142.0,
        142.0,
        142.0,
        142.0,
        142.0,
        142.0,
        142.0,
        140.0,
        140.0,
        140.0,
        138.0,
        138.0,
        138.0,
        138.0,
        138.0,
        138.0,
        138.0,
        138.0,
        138.0,
        138.0,
        138.0,
        138.0,
        138.0,
        138.0,
        138.0,
        138.0,
        138.0,
        136.0,
        136.0,
        136.0,
        136.0,
        136.0,
        136.0,
        136.0,
        136.0,
        136.0,
        136.0,
        136.0,
        136.0,
        136.0,
        136.0,
        136.0,
        136.0,
        136.0,
        136.0,
        136.0,
        136.0,
        136.0,
        136.0,
        136.0,
        136.0,
        136.0,
        136.0,
        136.0,
        136.0,
        136.0,
        136.0,
        136.0,
        136.0,
        136.0,
        136.0,
        136.0,
        136.0,
        136.0,
        134.0,
        134.0,
        130.0,
        130.0,
        130.0,
        130.0,
        130.0,
        130.0,
        130.0,
        130.0,
        130.0,
        130.0,
        130.0,
        130.0,
        130.0,
        130.0,
        130.0,
        130.0,
        130.0,
        130.0,
        130.0,
        130.0,
        130.0,
        130.0,
        130.0,
        130.0,
        130.0,
        130.0,
        130.0,
        130.0,
        130.0,
        130.0,
        130.0,
        130.0,
        130.0,
        130.0,
        130.0,
        130.0,
        130.0,
        130.0,
        130.0,
        130.0,
        130.0,
        130.0,
        130.0,
        130.0,
        130.0,
        130.0,
        130.0,
        130.0,
        130.0,
        130.0
    ]
}