{
    "elapsed_time": 85.31694340705872,
    "best_objective": 152.0,
    "neighbors": 2000,
    "best_solution": [
        0,
        1,
        2,
        41,
        4,
        5,
        6,
        8,
        9,
        10,
        11,
        12,
        13,
        14,
        15,
        16,
        17,
        18,
        19,
        20,
        21,
        22,
        23,
        25,
        39,
        40,
        3,
        42,
        43,
        7,
        24,
        26,
        27,
        28,
        29,
        30,
        31,
        32,
        33,
        34,
        35,
        36,
        37,
        61,
        44,
        45,
        46,
        47,
        48,
        49,
        50,
        51,
        52,
        53,
        54,
        55,
        56,
        57,
        58,
        59,
        60,
        38,
        62,
        63
    ],
    "average_objectives_list": [
        276.5882352941176,
        242.36,
        219.48,
        198.8,
        180.48,
        170.88,
        166.0,
        161.64,
        161.2,
        160.48,
        164.12,
        170.08,
        171.36,
        160.16,
        165.24,
        176.12,
        170.08,
        177.48,
        170.72,
        176.24,
        175.6
    ],
    "best_objective_list": [
        234.0,
        218.0,
        184.0,
        174.0,
        166.0,
        162.0,
        156.0,
        156.0,
        152.0,
        152.0,
        152.0,
        152.0,
        152.0,
        152.0,
        152.0,
        152.0,
        152.0,
        152.0,
        152.0,
        152.0,
        152.0
    ]
}