{
    "elapsed_time": 85.1287100315094,
    "best_objective": 154.0,
    "neighbors": 2000,
    "best_solution": [
        0,
        1,
        2,
        3,
        4,
        5,
        6,
        7,
        8,
        9,
        13,
        14,
        15,
        16,
        17,
        18,
        19,
        20,
        21,
        22,
        23,
        24,
        25,
        28,
        31,
        30,
        27,
        36,
        32,
        34,
        35,
        10,
        11,
        12,
        29,
        33,
        26,
        37,
        38,
        39,
        40,
        41,
        42,
        43,
        44,
        45,
        46,
        47,
        48,
        49,
        50,
        51,
        52,
        53,
        54,
        55,
        56,
        57,
        58,
        59,
        60,
        61,
        62,
        63
    ],
    "average_objectives_list": [
        282.8235294117647,
        247.76,
        225.04,
        205.68,
        194.0,
        194.0,
        194.0,
        194.0,
        193.84,
        191.84,
        180.48,
        165.12,
        162.88,
        161.84,
        160.44,
        159.96,
        159.68,
        158.4,
        157.68,
        154.88,
        160.08
    ],
    "best_objective_list": [
        244.0,
        216.0,
        194.0,
        194.0,
        194.0,
        194.0,
        194.0,
        194.0,
        186.0,
        166.0,
        164.0,
        162.0,
        162.0,
        160.0,
        160.0,
        158.0,
        158.0,
        158.0,
        154.0,
        154.0,
        154.0
    ]
}