{
    "elapsed_time": 43.47756218910217,
    "best_objective": 160.0,
    "neighbors": 1000,
    "best_solution": [
        2,
        3,
        5,
        7,
        9,
        10,
        13,
        14,
        17,
        19,
        20,
        21,
        23,
        26,
        45,
        32,
        33,
        34,
        36,
        37,
        40,
        41,
        43,
        46,
        47,
        49,
        0,
        1,
        4,
        6,
        8,
        11,
        12,
        15,
        16,
        18,
        22,
        24,
        25,
        27,
        28,
        29,
        30,
        31,
        35,
        38,
        39,
        42,
        44,
        48,
        50,
        51,
        52,
        53,
        54,
        55,
        56,
        57,
        58,
        59,
        60,
        61,
        62,
        63
    ],
    "average_objectives_list": [
        278.62745098039215,
        240.16,
        220.32,
        216.56,
        197.96,
        186.64,
        186.04,
        180.96,
        169.44,
        168.48,
        169.96
    ],
    "best_objective_list": [
        232.0,
        190.0,
        188.0,
        188.0,
        184.0,
        184.0,
        168.0,
        160.0,
        160.0,
        160.0,
        160.0
    ]
}