{
    "elapsed_time": 84.08077788352966,
    "best_objective": 166.0,
    "neighbors": 2000,
    "best_solution": [
        0,
        1,
        2,
        3,
        4,
        5,
        6,
        7,
        8,
        9,
        11,
        12,
        13,
        14,
        15,
        16,
        17,
        19,
        33,
        22,
        23,
        24,
        25,
        26,
        27,
        28,
        29,
        30,
        31,
        32,
        21,
        34,
        20,
        35,
        37,
        38,
        39,
        10,
        18,
        36,
        40,
        41,
        42,
        43,
        44,
        45,
        46,
        47,
        48,
        49,
        50,
        51,
        52,
        53,
        54,
        55,
        56,
        57,
        58,
        59,
        60,
        61,
        62,
        63
    ],
    "average_objectives_list": [
        282.7450980392157,
        246.56,
        217.48,
        205.44,
        199.2,
        192.92,
        188.32,
        184.2,
        172.96,
        171.96,
        176.88,
        176.36,
        173.12,
        174.16,
        178.64,
        170.2,
        170.0,
        171.48,
        168.96,
        171.76,
        168.24
    ],
    "best_objective_list": [
        234.0,
        210.0,
        202.0,
        198.0,
        190.0,
        188.0,
        176.0,
        172.0,
        172.0,
        170.0,
        170.0,
        170.0,
        170.0,
        170.0,
        170.0,
        170.0,
        170.0,
        166.0,
        166.0,
        166.0,
        166.0
    ]
}