{
    "elapsed_time": 85.722736120224,
    "best_objective": 170.0,
    "neighbors": 2000,
    "best_solution": [
        0,
        1,
        2,
        36,
        4,
        5,
        6,
        7,
        8,
        9,
        10,
        16,
        12,
        14,
        18,
        21,
        23,
        24,
        25,
        26,
        27,
        28,
        29,
        34,
        35,
        19,
        37,
        38,
        39,
        13,
        15,
        11,
        17,
        3,
        20,
        22,
        30,
        31,
        32,
        33,
        40,
        41,
        42,
        43,
        44,
        45,
        46,
        47,
        48,
        49,
        50,
        51,
        52,
        53,
        54,
        55,
        56,
        57,
        58,
        59,
        60,
        61,
        62,
        63
    ],
    "average_objectives_list": [
        282.19607843137254,
        243.08,
        212.84,
        194.08,
        183.2,
        176.64,
        179.2,
        180.84,
        182.6,
        182.28,
        179.48,
        177.08,
        181.88,
        176.56,
        177.76,
        177.96,
        185.12,
        177.52,
        176.8,
        177.96,
        180.24
    ],
    "best_objective_list": [
        236.0,
        198.0,
        190.0,
        176.0,
        176.0,
        172.0,
        172.0,
        172.0,
        172.0,
        172.0,
        172.0,
        172.0,
        172.0,
        172.0,
        172.0,
        172.0,
        172.0,
        170.0,
        170.0,
        170.0,
        170.0
    ]
}