{
    "elapsed_time": 43.45904541015625,
    "best_objective": 152.0,
    "neighbors": 1000,
    "best_solution": [
        0,
        1,
        2,
        4,
        5,
        6,
        7,
        8,
        9,
        10,
        11,
        12,
        13,
        14,
        16,
        17,
        24,
        20,
        21,
        23,
        18,
        25,
        27,
        28,
        29,
        30,
        31,
        32,
        36,
        45,
        33,
        34,
        22,
        37,
        3,
        15,
        19,
        26,
        35,
        38,
        39,
        40,
        41,
        42,
        43,
        44,
        46,
        47,
        48,
        49,
        50,
        51,
        52,
        53,
        54,
        55,
        56,
        57,
        58,
        59,
        60,
        61,
        62,
        63
    ],
    "average_objectives_list": [
        279.4901960784314,
        245.52,
        220.44,
        205.96,
        194.88,
        189.16,
        186.8,
        177.28,
        172.88,
        173.24,
        164.08
    ],
    "best_objective_list": [
        238.0,
        210.0,
        194.0,
        188.0,
        188.0,
        180.0,
        174.0,
        172.0,
        164.0,
        164.0,
        152.0
    ]
}