{
    "elapsed_time": 631.9009652137756,
    "best_objective": 130.0,
    "neighbors": 14800,
    "best_solution": [
        0,
        43,
        2,
        3,
        5,
        18,
        6,
        7,
        8,
        9,
        44,
        11,
        13,
        14,
        15,
        16,
        17,
        19,
        20,
        22,
        23,
        24,
        25,
        55,
        27,
        28,
        29,
        30,
        31,
        10,
        4,
        12,
        21,
        32,
        33,
        34,
        35,
        36,
        37,
        38,
        39,
        40,
        41,
        42,
        1,
        45,
        46,
        47,
        48,
        49,
        50,
        51,
        52,
        53,
        54,
        26,
        56,
        57,
        58,
        59,
        60,
        61,
        62,
        63
    ],
    "average_objectives_list": [
        276.6666666666667,
        237.16,
        207.56,
        194.08,
        180.84,
        178.28,
        180.24,
        170.52,
        170.92,
        165.12,
        154.12,
        154.4,
        152.32,
        153.24,
        167.64,
        164.84,
        164.0,
        167.32,
        162.08,
        158.92,
        161.52,
        153.56,
        159.04,
        160.32,
        166.84,
        164.16,
        161.4,
        163.92,
        165.32,
        158.56,
        161.16,
        162.92,
        156.24,
        160.32,
        156.48,
        163.88,
        155.72,
        159.12,
        155.08,
        163.2,
        157.6,
        159.6,
        155.0,
        158.6,
        167.84,
        158.56,
        160.88,
        157.56,
        166.96,
        161.24,
        157.92,
        158.96,
        155.76,
        152.48,
        162.88,
        159.84,
        160.64,
        158.24,
        157.92,
        157.76,
        164.32,
        158.76,
        154.04,
        160.4,
        163.16,
        160.72,
        156.76,
        155.68,
        160.16,
        159.36,
        166.96,
        160.12,
        163.24,
        160.88,
        162.52,
        162.76,
        160.84,
        153.0,
        158.28,
        167.52,
        159.16,
        158.0,
        166.92,
        163.12,
        163.96,
        165.8,
        161.36,
        157.76,
        158.92,
        158.32,
        165.56,
        152.4,
        160.64,
        156.4,
        167.88,
        167.32,
        161.84,
        160.28,
        157.72,
        166.12,
        163.88,
        164.44,
        163.68,
        156.84,
        159.44,
        158.76,
        158.4,
        172.12,
        161.12,
        168.76,
        151.44,
        168.4,
        157.76,
        169.48,
        159.52,
        160.88,
        164.16,
        160.48,
        166.32,
        161.56,
        159.76,
        156.44,
        169.84,
        156.0,
        158.68,
        151.24,
        163.44,
        159.04,
        171.4,
        163.64,
        163.56,
        158.96,
        172.0,
        168.4,
        165.16,
        165.2,
        169.72,
        152.8,
        152.64,
        162.12,
        157.12,
        166.88,
        163.72,
        161.0,
        161.52,
        158.88,
        163.44,
        160.28,
        161.0
    ],
    "best_objective_list": [
        230.0,
        204.0,
        180.0,
        168.0,
        168.0,
        160.0,
        160.0,
        160.0,
        146.0,
        146.0,
        146.0,
        142.0,
        142.0,
        142.0,
        142.0,
        142.0,
        142.0,
        142.0,
        142.0,
        142.0,
        142.0,
        142.0,
        142.0,
        142.0,
        142.0,
        142.0,
        142.0,
        142.0,
        142.0,
        140.0,
        138.0,
        138.0,
        138.0,
        138.0,
        138.0,
        138.0,
        138.0,
        138.0,
        134.0,
        134.0,
        134.0,
        134.0,
        134.0,
        134.0,
        134.0,
        134.0,
        134.0,
        134.0,
        134.0,
        134.0,
        134.0,
        134.0,
        134.0,
        134.0,
        134.0,
        134.0,
        134.0,
        134.0,
        134.0,
        134.0,
        134.0,
        134.0,
        134.0,
        134.0,
        134.0,
        134.0,
        134.0,
        132.0,
        132.0,
        132.0,
        132.0,
        132.0,
        132.0,
        132.0,
        132.0,
        132.0,
        132.0,
        132.0,
        132.0,
        132.0,
        132.0,
        132.0,
        132.0,
        132.0,
        132.0,
        132.0,
        132.0,
        132.0,
        132.0,
        132.0,
        132.0,
        132.0,
        132.0,
        132.0,
        132.0,
        130.0,
        130.0,
        130.0,
        130.0,
        130.0,
        130.0,
        130.0,
        130.0,
        130.0,
        130.0,
        130.0,
        130.0,
        130.0,
        130.0,
        130.0,
        130.0,
        130.0,
        130.0,
        130.0,
        130.0,
        130.0,
        130.0,
        130.0,
        130.0,
        130.0,
        130.0,
        130.0,
        130.0,
        130.0,
        130.0,
        130.0,
        130.0,
        130.0,
        130.0,
        130.0,
        130.0,
        130.0,
        130.0,
        130.0,
        130.0,
        130.0,
        130.0,
        130.0,
        130.0,
        130.0,
        130.0,
        130.0,
        130.0,
        130.0,
        130.0,
        130.0,
        130.0,
        130.0,
        130.0
    ]
}