{
    "elapsed_time": 81.94252467155457,
    "best_objective": 158.0,
    "neighbors": 2000,
    "best_solution": [
        0,
        1,
        2,
        3,
        5,
        6,
        8,
        27,
        9,
        10,
        36,
        12,
        13,
        14,
        15,
        16,
        17,
        19,
        22,
        24,
        7,
        29,
        30,
        33,
        43,
        51,
        53,
        63,
        45,
        18,
        4,
        20,
        21,
        23,
        25,
        26,
        28,
        31,
        32,
        34,
        35,
        11,
        37,
        38,
        39,
        40,
        41,
        42,
        44,
        46,
        47,
        48,
        49,
        50,
        52,
        54,
        55,
        56,
        57,
        58,
        59,
        60,
        61,
        62
    ],
    "average_objectives_list": [
        280.1290322580645,
        229.8,
        205.33333333333334,
        187.2,
        180.66666666666666,
        175.33333333333334,
        173.86666666666667,
        172.53333333333333,
        168.93333333333334,
        168.93333333333334,
        168.66666666666666,
        166.53333333333333,
        166.93333333333334,
        166.93333333333334,
        166.8,
        170.13333333333333,
        166.26666666666668,
        167.86666666666667,
        168.13333333333333,
        166.0,
        165.73333333333332
    ],
    "best_objective_list": [
        244.0,
        186.0,
        184.0,
        180.0,
        174.0,
        174.0,
        170.0,
        166.0,
        166.0,
        166.0,
        166.0,
        166.0,
        166.0,
        166.0,
        166.0,
        166.0,
        166.0,
        166.0,
        166.0,
        166.0,
        158.0
    ]
}