{
    "elapsed_time": 634.7203757762909,
    "best_objective": 132.0,
    "neighbors": 14800,
    "best_solution": [
        0,
        1,
        3,
        5,
        6,
        7,
        9,
        10,
        12,
        13,
        37,
        14,
        15,
        16,
        17,
        18,
        54,
        20,
        28,
        22,
        23,
        24,
        38,
        26,
        31,
        42,
        8,
        11,
        27,
        21,
        29,
        2,
        30,
        32,
        4,
        25,
        33,
        43,
        35,
        36,
        39,
        34,
        40,
        41,
        44,
        47,
        46,
        45,
        48,
        49,
        50,
        51,
        52,
        53,
        19,
        55,
        56,
        57,
        58,
        59,
        60,
        61,
        62,
        63
    ],
    "average_objectives_list": [
        281.29411764705884,
        243.88,
        216.12,
        206.36,
        200.72,
        193.64,
        189.28,
        187.76,
        182.16,
        180.84,
        185.6,
        184.96,
        187.72,
        178.84,
        166.96,
        163.76,
        171.2,
        174.6,
        168.6,
        171.44,
        168.76,
        162.48,
        165.56,
        172.92,
        163.88,
        161.08,
        159.44,
        163.72,
        165.08,
        165.56,
        160.48,
        171.24,
        167.08,
        165.4,
        164.68,
        161.68,
        162.32,
        156.6,
        157.88,
        165.68,
        164.84,
        166.72,
        161.44,
        160.72,
        162.64,
        159.48,
        151.88,
        158.72,
        158.44,
        158.76,
        151.36,
        151.36,
        150.48,
        149.0,
        150.32,
        153.12,
        159.16,
        144.04,
        152.48,
        150.92,
        154.56,
        150.32,
        155.6,
        155.0,
        148.64,
        147.8,
        146.84,
        154.8,
        153.24,
        152.96,
        155.44,
        149.0,
        145.0,
        149.96,
        155.04,
        147.32,
        156.44,
        152.24,
        152.52,
        144.08,
        146.36,
        156.76,
        152.16,
        150.2,
        148.24,
        153.56,
        145.24,
        154.92,
        153.36,
        154.96,
        139.88,
        145.88,
        149.4,
        136.88,
        152.88,
        171.16,
        155.68,
        146.76,
        152.0,
        148.36,
        146.56,
        145.92,
        150.28,
        149.28,
        151.2,
        149.48,
        152.84,
        153.56,
        153.92,
        157.24,
        152.04,
        153.36,
        153.52,
        153.08,
        154.76,
        150.32,
        150.6,
        150.4,
        155.52,
        152.8,
        148.04,
        155.68,
        147.32,
        153.76,
        148.04,
        154.0,
        151.88,
        151.32,
        155.68,
        150.52,
        151.08,
        147.52,
        149.12,
        141.44,
        150.96,
        155.84,
        148.52,
        154.12,
        148.0,
        155.88,
        152.0,
        145.2,
        148.28,
        152.32,
        145.24,
        146.2,
        150.08,
        150.96,
        147.56
    ],
    "best_objective_list": [
        222.0,
        212.0,
        200.0,
        194.0,
        188.0,
        180.0,
        178.0,
        178.0,
        178.0,
        176.0,
        176.0,
        170.0,
        170.0,
        158.0,
        158.0,
        158.0,
        158.0,
        158.0,
        154.0,
        154.0,
        154.0,
        154.0,
        154.0,
        154.0,
        154.0,
        154.0,
        154.0,
        154.0,
        154.0,
        154.0,
        154.0,
        154.0,
        154.0,
        154.0,
        154.0,
        154.0,
        154.0,
        152.0,
        152.0,
        152.0,
        152.0,
        152.0,
        148.0,
        146.0,
        146.0,
        142.0,
        142.0,
        142.0,
        142.0,
        142.0,
        138.0,
        138.0,
        138.0,
        138.0,
        138.0,
        138.0,
        138.0,
        138.0,
        138.0,
        138.0,
        138.0,
        138.0,
        138.0,
        138.0,
        138.0,
        138.0,
        138.0,
        138.0,
        134.0,
        134.0,
        134.0,
        134.0,
        134.0,
        134.0,
        134.0,
        134.0,
        134.0,
        134.0,
        134.0,
        132.0,
        132.0,
        132.0,
        132.0,
        132.0,
        132.0,
        132.0,
        132.0,
        132.0,
        132.0,
        132.0,
        132.0,
        132.0,
        132.0,
        132.0,
        132.0,
        132.0,
        132.0,
        132.0,
        132.0,
        132.0,
        132.0,
        132.0,
        132.0,
        132.0,
        132.0,
        132.0,
        132.0,
        132.0,
        132.0,
        132.0,
        132.0,
        132.0,
        132.0,
        132.0,
        132.0,
        132.0,
        132.0,
        132.0,
        132.0,
        132.0,
        132.0,
        132.0,
        132.0,
        132.0,
        132.0,
        132.0,
        132.0,
        132.0,
        132.0,
        132.0,
        132.0,
        132.0,
        132.0,
        132.0,
        132.0,
        132.0,
        132.0,
        132.0,
        132.0,
        132.0,
        132.0,
        132.0,
        132.0,
        132.0,
        132.0,
        132.0,
        132.0,
        132.0,
        132.0
    ]
}