{
    "elapsed_time": 624.9200627803802,
    "best_objective": 132.0,
    "neighbors": 14800,
    "best_solution": [
        19,
        1,
        3,
        4,
        5,
        7,
        9,
        10,
        12,
        13,
        21,
        14,
        36,
        16,
        17,
        18,
        0,
        20,
        2,
        22,
        23,
        24,
        25,
        6,
        27,
        41,
        29,
        30,
        31,
        32,
        33,
        34,
        35,
        57,
        37,
        58,
        39,
        8,
        11,
        15,
        26,
        38,
        40,
        28,
        42,
        43,
        44,
        45,
        46,
        47,
        48,
        49,
        50,
        51,
        52,
        53,
        54,
        55,
        56,
        59,
        60,
        61,
        62,
        63
    ],
    "average_objectives_list": [
        281.96078431372547,
        243.44,
        216.84,
        198.96,
        188.12,
        184.12,
        183.96,
        183.96,
        183.44,
        176.36,
        171.84,
        170.76,
        170.64,
        168.0,
        175.2,
        173.04,
        171.32,
        165.12,
        170.28,
        168.68,
        167.6,
        167.12,
        165.16,
        167.32,
        164.04,
        167.36,
        165.28,
        168.6,
        162.72,
        163.76,
        161.76,
        161.52,
        156.4,
        152.8,
        153.4,
        156.8,
        153.32,
        153.8,
        155.8,
        152.04,
        148.36,
        151.04,
        154.64,
        153.08,
        153.12,
        159.28,
        160.88,
        155.48,
        155.4,
        158.32,
        150.16,
        150.64,
        159.88,
        150.08,
        150.76,
        155.92,
        153.08,
        152.64,
        153.56,
        157.24,
        152.4,
        157.56,
        148.36,
        152.92,
        149.08,
        150.72,
        145.68,
        144.72,
        151.6,
        153.72,
        148.92,
        144.36,
        150.0,
        150.8,
        146.6,
        147.68,
        146.84,
        144.48,
        146.44,
        142.52,
        149.32,
        148.76,
        151.56,
        148.48,
        149.64,
        152.2,
        147.2,
        149.4,
        151.72,
        149.12,
        144.92,
        152.32,
        149.68,
        147.4,
        147.84,
        150.88,
        150.64,
        150.92,
        149.08,
        150.52,
        143.56,
        147.68,
        146.48,
        150.56,
        156.72,
        148.32,
        148.28,
        150.12,
        146.84,
        148.84,
        142.76,
        145.04,
        146.76,
        149.56,
        150.2,
        150.4,
        154.64,
        145.44,
        144.72,
        145.2,
        149.6,
        152.4,
        147.4,
        148.76,
        150.36,
        140.2,
        148.32,
        145.36,
        147.72,
        150.12,
        149.68,
        153.08,
        146.44,
        151.32,
        147.24,
        150.0,
        146.52,
        146.08,
        146.56,
        151.64,
        149.56,
        142.92,
        149.12,
        148.4,
        146.6,
        148.84,
        144.88,
        143.84,
        143.44
    ],
    "best_objective_list": [
        244.0,
        210.0,
        188.0,
        184.0,
        184.0,
        182.0,
        182.0,
        182.0,
        172.0,
        172.0,
        168.0,
        168.0,
        164.0,
        164.0,
        164.0,
        164.0,
        164.0,
        156.0,
        156.0,
        156.0,
        156.0,
        156.0,
        156.0,
        156.0,
        156.0,
        156.0,
        150.0,
        150.0,
        150.0,
        148.0,
        148.0,
        146.0,
        146.0,
        146.0,
        146.0,
        146.0,
        146.0,
        146.0,
        146.0,
        146.0,
        146.0,
        146.0,
        146.0,
        146.0,
        146.0,
        146.0,
        146.0,
        146.0,
        146.0,
        146.0,
        146.0,
        146.0,
        146.0,
        146.0,
        146.0,
        146.0,
        146.0,
        146.0,
        146.0,
        142.0,
        142.0,
        140.0,
        138.0,
        138.0,
        138.0,
        138.0,
        132.0,
        132.0,
        132.0,
        132.0,
        132.0,
        132.0,
        132.0,
        132.0,
        132.0,
        132.0,
        132.0,
        132.0,
        132.0,
        132.0,
        132.0,
        132.0,
        132.0,
        132.0,
        132.0,
        132.0,
        132.0,
        132.0,
        132.0,
        132.0,
        132.0,
        132.0,
        132.0,
        132.0,
        132.0,
        132.0,
        132.0,
        132.0,
        132.0,
        132.0,
        132.0,
        132.0,
        132.0,
        132.0,
        132.0,
        132.0,
        132.0,
        132.0,
        132.0,
        132.0,
        132.0,
        132.0,
        132.0,
        132.0,
        132.0,
        132.0,
        132.0,
        132.0,
        132.0,
        132.0,
        132.0,
        132.0,
        132.0,
        132.0,
        132.0,
        132.0,
        132.0,
        132.0,
        132.0,
        132.0,
        132.0,
        132.0,
        132.0,
        132.0,
        132.0,
        132.0,
        132.0,
        132.0,
        132.0,
        132.0,
        132.0,
        132.0,
        132.0,
        132.0,
        132.0,
        132.0,
        132.0,
        132.0,
        132.0
    ]
}