{
    "elapsed_time": 43.28082990646362,
    "best_objective": 158.0,
    "neighbors": 1000,
    "best_solution": [
        5,
        6,
        7,
        9,
        10,
        11,
        13,
        14,
        17,
        19,
        20,
        22,
        23,
        51,
        0,
        1,
        39,
        3,
        4,
        26,
        36,
        37,
        16,
        50,
        12,
        55,
        62,
        52,
        46,
        8,
        57,
        60,
        40,
        15,
        25,
        2,
        61,
        21,
        18,
        44,
        35,
        56,
        24,
        27,
        28,
        29,
        30,
        31,
        32,
        33,
        34,
        38,
        41,
        42,
        43,
        45,
        47,
        48,
        49,
        53,
        54,
        58,
        59,
        63
    ],
    "average_objectives_list": [
        278.94117647058823,
        240.12,
        216.68,
        191.84,
        194.48,
        175.12,
        172.2,
        180.76,
        179.32,
        179.76,
        189.52
    ],
    "best_objective_list": [
        230.0,
        168.0,
        168.0,
        160.0,
        160.0,
        160.0,
        160.0,
        158.0,
        158.0,
        158.0,
        158.0
    ]
}