{
    "elapsed_time": 622.7445363998413,
    "best_objective": 136.0,
    "neighbors": 14800,
    "best_solution": [
        0,
        1,
        3,
        23,
        5,
        7,
        9,
        10,
        11,
        12,
        55,
        34,
        13,
        14,
        16,
        17,
        19,
        4,
        49,
        22,
        36,
        26,
        46,
        28,
        29,
        30,
        2,
        32,
        35,
        24,
        37,
        38,
        39,
        40,
        41,
        42,
        43,
        44,
        45,
        58,
        47,
        6,
        8,
        15,
        18,
        20,
        21,
        25,
        27,
        31,
        33,
        48,
        50,
        51,
        52,
        53,
        54,
        56,
        57,
        59,
        60,
        61,
        62,
        63
    ],
    "average_objectives_list": [
        281.4901960784314,
        239.08,
        215.76,
        199.56,
        193.6,
        193.88,
        192.52,
        195.92,
        191.44,
        187.96,
        187.4,
        183.16,
        176.76,
        171.52,
        171.08,
        175.6,
        167.56,
        169.84,
        171.4,
        175.72,
        175.52,
        168.72,
        173.08,
        170.72,
        174.24,
        178.96,
        169.32,
        170.28,
        173.12,
        169.28,
        174.52,
        169.0,
        170.8,
        172.64,
        163.64,
        165.8,
        172.64,
        163.44,
        161.52,
        172.12,
        168.4,
        165.4,
        173.0,
        170.68,
        169.84,
        167.92,
        166.76,
        176.6,
        158.36,
        171.2,
        168.36,
        165.68,
        169.68,
        165.12,
        165.88,
        164.28,
        162.28,
        172.36,
        159.72,
        173.64,
        167.12,
        168.56,
        159.68,
        167.76,
        160.08,
        166.96,
        177.4,
        167.2,
        171.4,
        165.28,
        172.44,
        174.32,
        162.72,
        162.56,
        160.52,
        160.08,
        170.88,
        170.4,
        159.6,
        158.0,
        166.2,
        165.76,
        166.8,
        161.16,
        164.44,
        174.88,
        165.12,
        166.08,
        170.24,
        162.16,
        161.12,
        173.92,
        163.64,
        172.52,
        177.08,
        153.36,
        157.68,
        162.12,
        156.68,
        158.32,
        174.96,
        174.76,
        151.12,
        165.48,
        159.56,
        176.24,
        158.64,
        167.32,
        162.0,
        156.28,
        163.92,
        164.84,
        164.24,
        160.2,
        168.04,
        165.16,
        160.92,
        168.28,
        164.0,
        164.0,
        169.24,
        161.0,
        160.68,
        166.68,
        166.72,
        163.96,
        161.08,
        164.08,
        166.92,
        160.76,
        162.08,
        163.56,
        156.36,
        164.44,
        160.28,
        155.52,
        172.04,
        163.4,
        162.24,
        171.32,
        170.88,
        164.96,
        155.44,
        164.84,
        171.6,
        163.68,
        166.92,
        170.76,
        168.72
    ],
    "best_objective_list": [
        236.0,
        210.0,
        194.0,
        190.0,
        190.0,
        188.0,
        188.0,
        184.0,
        180.0,
        180.0,
        158.0,
        158.0,
        158.0,
        158.0,
        158.0,
        158.0,
        158.0,
        158.0,
        156.0,
        156.0,
        156.0,
        156.0,
        156.0,
        156.0,
        156.0,
        156.0,
        156.0,
        156.0,
        156.0,
        146.0,
        146.0,
        146.0,
        146.0,
        146.0,
        146.0,
        146.0,
        146.0,
        142.0,
        142.0,
        142.0,
        142.0,
        142.0,
        142.0,
        140.0,
        140.0,
        140.0,
        140.0,
        140.0,
        140.0,
        140.0,
        140.0,
        140.0,
        140.0,
        140.0,
        140.0,
        140.0,
        140.0,
        140.0,
        140.0,
        140.0,
        140.0,
        140.0,
        140.0,
        138.0,
        138.0,
        138.0,
        138.0,
        138.0,
        138.0,
        138.0,
        138.0,
        138.0,
        138.0,
        138.0,
        138.0,
        136.0,
        136.0,
        136.0,
        136.0,
        136.0,
        136.0,
        136.0,
        136.0,
        136.0,
        136.0,
        136.0,
        136.0,
        136.0,
        136.0,
        136.0,
        136.0,
        136.0,
        136.0,
        136.0,
        136.0,
        136.0,
        136.0,
        136.0,
        136.0,
        136.0,
        136.0,
        136.0,
        136.0,
        136.0,
        136.0,
        136.0,
        136.0,
        136.0,
        136.0,
        136.0,
        136.0,
        136.0,
        136.0,
        136.0,
        136.0,
        136.0,
        136.0,
        136.0,
        136.0,
        136.0,
        136.0,
        136.0,
        136.0,
        136.0,
        136.0,
        136.0,
        136.0,
        136.0,
        136.0,
        136.0,
        136.0,
        136.0,
        136.0,
        136.0,
        136.0,
        136.0,
        136.0,
        136.0,
        136.0,
        136.0,
        136.0,
        136.0,
        136.0,
        136.0,
        136.0,
        136.0,
        136.0,
        136.0,
        136.0
    ]
}