{
    "elapsed_time": 81.58470463752747,
    "best_objective": 158.0,
    "neighbors": 2000,
    "best_solution": [
        0,
        1,
        2,
        3,
        4,
        5,
        6,
        7,
        8,
        9,
        11,
        12,
        13,
        14,
        15,
        16,
        17,
        18,
        19,
        20,
        21,
        22,
        24,
        26,
        27,
        28,
        29,
        30,
        31,
        32,
        33,
        34,
        35,
        36,
        37,
        53,
        54,
        10,
        23,
        55,
        25,
        39,
        40,
        41,
        42,
        43,
        44,
        45,
        46,
        47,
        48,
        49,
        50,
        51,
        52,
        38,
        56,
        57,
        58,
        59,
        60,
        61,
        62,
        63
    ],
    "average_objectives_list": [
        276.5806451612903,
        235.2,
        182.4,
        169.46666666666667,
        175.6,
        169.46666666666667,
        167.46666666666667,
        170.26666666666668,
        170.2,
        168.4,
        166.13333333333333,
        165.2,
        161.8,
        162.66666666666666,
        158.0,
        158.0,
        158.0,
        159.2,
        161.0,
        158.93333333333334,
        159.4
    ],
    "best_objective_list": [
        242.0,
        170.0,
        166.0,
        166.0,
        166.0,
        166.0,
        162.0,
        162.0,
        162.0,
        162.0,
        158.0,
        158.0,
        158.0,
        158.0,
        158.0,
        158.0,
        158.0,
        158.0,
        158.0,
        158.0,
        158.0
    ]
}