{
    "elapsed_time": 634.2209498882294,
    "best_objective": 136.0,
    "neighbors": 14800,
    "best_solution": [
        0,
        1,
        2,
        4,
        5,
        7,
        8,
        9,
        10,
        18,
        24,
        36,
        13,
        14,
        43,
        16,
        29,
        3,
        19,
        20,
        23,
        6,
        25,
        26,
        27,
        28,
        12,
        15,
        21,
        22,
        17,
        30,
        31,
        32,
        33,
        34,
        35,
        11,
        37,
        55,
        39,
        40,
        41,
        42,
        44,
        45,
        46,
        47,
        48,
        49,
        50,
        51,
        52,
        53,
        54,
        38,
        56,
        57,
        58,
        59,
        60,
        61,
        62,
        63
    ],
    "average_objectives_list": [
        276.5882352941176,
        240.72,
        212.6,
        200.0,
        196.32,
        191.56,
        189.32,
        185.68,
        187.0,
        179.76,
        175.4,
        167.76,
        164.8,
        167.28,
        166.48,
        170.68,
        170.12,
        162.64,
        152.64,
        156.4,
        152.44,
        155.96,
        157.0,
        154.04,
        160.0,
        158.52,
        156.0,
        155.12,
        155.28,
        162.44,
        161.16,
        159.84,
        153.44,
        161.84,
        151.08,
        163.12,
        155.44,
        162.0,
        152.76,
        155.68,
        148.56,
        163.92,
        157.2,
        155.52,
        151.44,
        157.04,
        151.0,
        158.6,
        155.28,
        159.04,
        157.48,
        159.4,
        162.04,
        156.32,
        169.84,
        154.28,
        157.56,
        152.36,
        164.36,
        154.84,
        153.36,
        173.16,
        153.0,
        153.56,
        151.12,
        155.0,
        158.2,
        158.4,
        162.76,
        163.84,
        155.68,
        156.76,
        158.88,
        159.76,
        157.88,
        155.72,
        159.16,
        154.28,
        155.32,
        153.44,
        151.76,
        149.84,
        157.88,
        153.32,
        155.16,
        162.24,
        161.28,
        149.92,
        150.24,
        157.32,
        149.44,
        154.0,
        151.92,
        156.64,
        150.96,
        158.12,
        153.12,
        155.32,
        162.8,
        157.8,
        151.64,
        157.8,
        154.68,
        152.16,
        157.96,
        157.0,
        154.44,
        161.24,
        158.44,
        153.4,
        156.28,
        166.16,
        162.44,
        149.88,
        147.52,
        157.68,
        159.28,
        151.76,
        149.92,
        159.24,
        152.76,
        152.96,
        155.76,
        144.16,
        148.04,
        153.12,
        154.52,
        144.84,
        149.96,
        149.08,
        148.0,
        144.24,
        159.44,
        148.32,
        159.48,
        150.84,
        147.0,
        145.4,
        155.96,
        159.76,
        148.36,
        156.0,
        153.12,
        150.76,
        145.96,
        151.04,
        152.44,
        146.64,
        146.04
    ],
    "best_objective_list": [
        242.0,
        200.0,
        200.0,
        192.0,
        180.0,
        180.0,
        180.0,
        168.0,
        168.0,
        164.0,
        156.0,
        156.0,
        156.0,
        156.0,
        156.0,
        156.0,
        150.0,
        150.0,
        150.0,
        150.0,
        150.0,
        150.0,
        150.0,
        144.0,
        144.0,
        144.0,
        144.0,
        144.0,
        144.0,
        144.0,
        144.0,
        144.0,
        144.0,
        144.0,
        144.0,
        144.0,
        144.0,
        144.0,
        144.0,
        144.0,
        144.0,
        144.0,
        144.0,
        144.0,
        144.0,
        144.0,
        144.0,
        144.0,
        144.0,
        144.0,
        144.0,
        144.0,
        144.0,
        144.0,
        144.0,
        144.0,
        144.0,
        144.0,
        144.0,
        144.0,
        144.0,
        144.0,
        144.0,
        144.0,
        144.0,
        144.0,
        144.0,
        144.0,
        144.0,
        144.0,
        144.0,
        144.0,
        144.0,
        140.0,
        140.0,
        140.0,
        140.0,
        140.0,
        140.0,
        140.0,
        140.0,
        140.0,
        140.0,
        140.0,
        140.0,
        140.0,
        140.0,
        140.0,
        140.0,
        140.0,
        140.0,
        140.0,
        140.0,
        140.0,
        140.0,
        140.0,
        140.0,
        140.0,
        140.0,
        140.0,
        140.0,
        140.0,
        140.0,
        140.0,
        140.0,
        140.0,
        140.0,
        140.0,
        140.0,
        140.0,
        140.0,
        140.0,
        140.0,
        140.0,
        140.0,
        140.0,
        140.0,
        140.0,
        136.0,
        136.0,
        136.0,
        136.0,
        136.0,
        136.0,
        136.0,
        136.0,
        136.0,
        136.0,
        136.0,
        136.0,
        136.0,
        136.0,
        136.0,
        136.0,
        136.0,
        136.0,
        136.0,
        136.0,
        136.0,
        136.0,
        136.0,
        136.0,
        136.0,
        136.0,
        136.0,
        136.0,
        136.0,
        136.0,
        136.0
    ]
}