{
    "elapsed_time": 86.12004804611206,
    "best_objective": 158.0,
    "neighbors": 2000,
    "best_solution": [
        0,
        1,
        2,
        41,
        7,
        8,
        9,
        10,
        11,
        12,
        13,
        15,
        16,
        17,
        18,
        19,
        20,
        23,
        24,
        25,
        27,
        28,
        29,
        30,
        31,
        40,
        59,
        6,
        3,
        4,
        14,
        21,
        22,
        26,
        32,
        33,
        34,
        35,
        5,
        36,
        37,
        38,
        39,
        42,
        43,
        44,
        45,
        46,
        47,
        48,
        49,
        50,
        51,
        52,
        53,
        54,
        55,
        56,
        57,
        58,
        60,
        61,
        62,
        63
    ],
    "average_objectives_list": [
        277.0980392156863,
        237.16,
        201.36,
        181.36,
        183.76,
        174.08,
        171.92,
        171.2,
        176.44,
        172.6,
        180.76,
        173.72,
        171.6,
        178.2,
        169.16,
        176.88,
        169.88,
        165.92,
        158.0,
        158.84,
        162.76
    ],
    "best_objective_list": [
        230.0,
        180.0,
        180.0,
        178.0,
        172.0,
        172.0,
        168.0,
        160.0,
        160.0,
        160.0,
        160.0,
        160.0,
        158.0,
        158.0,
        158.0,
        158.0,
        158.0,
        158.0,
        158.0,
        158.0,
        158.0
    ]
}