{
    "elapsed_time": 84.75569033622742,
    "best_objective": 142.0,
    "neighbors": 2000,
    "best_solution": [
        0,
        13,
        2,
        3,
        41,
        5,
        6,
        7,
        8,
        10,
        11,
        12,
        1,
        14,
        15,
        16,
        17,
        20,
        21,
        22,
        23,
        24,
        54,
        49,
        27,
        28,
        29,
        30,
        31,
        32,
        33,
        34,
        35,
        37,
        38,
        9,
        40,
        18,
        19,
        25,
        53,
        36,
        39,
        4,
        42,
        43,
        44,
        45,
        46,
        47,
        48,
        50,
        51,
        52,
        26,
        55,
        56,
        57,
        58,
        59,
        60,
        61,
        62,
        63
    ],
    "average_objectives_list": [
        281.6862745098039,
        241.56,
        219.32,
        198.0,
        188.72,
        180.52,
        172.2,
        167.04,
        156.84,
        153.48,
        167.48,
        168.88,
        155.2,
        157.08,
        152.88,
        161.6,
        163.32,
        156.48,
        156.28,
        156.6,
        166.36
    ],
    "best_objective_list": [
        230.0,
        198.0,
        194.0,
        188.0,
        174.0,
        166.0,
        154.0,
        154.0,
        148.0,
        146.0,
        146.0,
        146.0,
        146.0,
        146.0,
        146.0,
        146.0,
        146.0,
        146.0,
        146.0,
        142.0,
        142.0
    ]
}