{
    "elapsed_time": 85.43476867675781,
    "best_objective": 142.0,
    "neighbors": 2000,
    "best_solution": [
        0,
        1,
        2,
        3,
        5,
        12,
        15,
        19,
        20,
        21,
        22,
        28,
        32,
        33,
        34,
        35,
        36,
        45,
        46,
        50,
        43,
        18,
        7,
        8,
        9,
        10,
        11,
        4,
        13,
        14,
        16,
        17,
        23,
        62,
        25,
        26,
        27,
        24,
        29,
        30,
        31,
        6,
        37,
        38,
        39,
        40,
        41,
        42,
        44,
        47,
        48,
        49,
        51,
        52,
        53,
        54,
        55,
        56,
        57,
        58,
        59,
        60,
        61,
        63
    ],
    "average_objectives_list": [
        279.2156862745098,
        236.92,
        213.6,
        205.12,
        199.2,
        192.48,
        193.04,
        181.28,
        176.16,
        168.32,
        168.76,
        162.36,
        155.64,
        156.8,
        159.4,
        159.8,
        158.32,
        153.12,
        151.4,
        149.64,
        150.12
    ],
    "best_objective_list": [
        220.0,
        204.0,
        200.0,
        196.0,
        182.0,
        182.0,
        174.0,
        170.0,
        158.0,
        158.0,
        152.0,
        148.0,
        148.0,
        146.0,
        146.0,
        146.0,
        144.0,
        144.0,
        144.0,
        142.0,
        142.0
    ]
}