{
    "elapsed_time": 629.7348980903625,
    "best_objective": 136.0,
    "neighbors": 14800,
    "best_solution": [
        2,
        3,
        4,
        12,
        5,
        18,
        6,
        42,
        8,
        9,
        33,
        0,
        13,
        14,
        15,
        17,
        1,
        19,
        22,
        11,
        40,
        16,
        21,
        61,
        10,
        7,
        20,
        23,
        45,
        36,
        24,
        25,
        26,
        27,
        38,
        29,
        30,
        31,
        32,
        34,
        35,
        37,
        28,
        39,
        41,
        43,
        44,
        46,
        47,
        48,
        49,
        50,
        51,
        52,
        53,
        54,
        55,
        56,
        57,
        58,
        59,
        60,
        62,
        63
    ],
    "average_objectives_list": [
        279.0980392156863,
        241.2,
        210.4,
        185.88,
        179.12,
        182.72,
        173.24,
        175.92,
        180.16,
        177.92,
        172.64,
        177.92,
        165.08,
        166.64,
        176.92,
        165.84,
        164.6,
        164.68,
        162.84,
        173.84,
        164.64,
        175.76,
        171.68,
        164.6,
        165.8,
        166.36,
        163.24,
        167.88,
        162.2,
        170.28,
        169.04,
        162.84,
        166.0,
        163.52,
        167.04,
        167.48,
        168.96,
        156.72,
        163.32,
        160.2,
        161.44,
        169.48,
        169.0,
        157.48,
        160.08,
        170.92,
        163.24,
        154.28,
        162.76,
        151.8,
        162.24,
        162.08,
        163.52,
        158.44,
        160.04,
        163.84,
        167.44,
        164.8,
        162.76,
        171.6,
        168.84,
        157.76,
        165.16,
        161.52,
        161.32,
        164.4,
        163.88,
        154.84,
        164.72,
        170.0,
        163.88,
        166.36,
        165.76,
        153.68,
        164.12,
        159.68,
        156.28,
        164.2,
        158.64,
        168.96,
        159.16,
        163.16,
        154.72,
        166.32,
        159.24,
        164.68,
        166.04,
        168.32,
        163.76,
        167.88,
        161.76,
        159.4,
        159.4,
        162.44,
        165.44,
        162.0,
        159.64,
        168.64,
        166.28,
        172.24,
        161.96,
        167.12,
        162.24,
        162.52,
        162.48,
        157.24,
        160.6,
        159.4,
        159.56,
        155.52,
        161.24,
        158.44,
        168.68,
        155.52,
        154.64,
        164.0,
        158.92,
        161.4,
        163.8,
        159.48,
        161.8,
        160.6,
        166.48,
        159.92,
        155.24,
        155.12,
        159.0,
        147.6,
        160.44,
        154.24,
        159.4,
        159.92,
        168.8,
        165.56,
        153.64,
        158.8,
        157.88,
        153.16,
        150.6,
        151.36,
        163.96,
        150.48,
        154.8,
        164.08,
        165.16,
        153.84,
        167.8,
        160.64,
        158.2
    ],
    "best_objective_list": [
        214.0,
        168.0,
        168.0,
        168.0,
        168.0,
        168.0,
        166.0,
        166.0,
        166.0,
        154.0,
        154.0,
        154.0,
        154.0,
        154.0,
        154.0,
        152.0,
        152.0,
        148.0,
        148.0,
        148.0,
        148.0,
        148.0,
        148.0,
        148.0,
        148.0,
        148.0,
        148.0,
        148.0,
        148.0,
        148.0,
        148.0,
        148.0,
        148.0,
        148.0,
        148.0,
        148.0,
        148.0,
        148.0,
        148.0,
        148.0,
        148.0,
        144.0,
        144.0,
        144.0,
        144.0,
        144.0,
        144.0,
        144.0,
        144.0,
        144.0,
        144.0,
        144.0,
        144.0,
        144.0,
        144.0,
        144.0,
        144.0,
        144.0,
        144.0,
        144.0,
        144.0,
        144.0,
        144.0,
        144.0,
        144.0,
        144.0,
        144.0,
        144.0,
        144.0,
        144.0,
        144.0,
        144.0,
        144.0,
        144.0,
        144.0,
        144.0,
        142.0,
        142.0,
        142.0,
        142.0,
        142.0,
        142.0,
        142.0,
        142.0,
        142.0,
        142.0,
        142.0,
        142.0,
        142.0,
        142.0,
        142.0,
        142.0,
        142.0,
        142.0,
        142.0,
        142.0,
        142.0,
        142.0,
        142.0,
        142.0,
        142.0,
        136.0,
        136.0,
        136.0,
        136.0,
        136.0,
        136.0,
        136.0,
        136.0,
        136.0,
        136.0,
        136.0,
        136.0,
        136.0,
        136.0,
        136.0,
        136.0,
        136.0,
        136.0,
        136.0,
        136.0,
        136.0,
        136.0,
        136.0,
        136.0,
        136.0,
        136.0,
        136.0,
        136.0,
        136.0,
        136.0,
        136.0,
        136.0,
        136.0,
        136.0,
        136.0,
        136.0,
        136.0,
        136.0,
        136.0,
        136.0,
        136.0,
        136.0,
        136.0,
        136.0,
        136.0,
        136.0,
        136.0,
        136.0
    ]
}