{
    "elapsed_time": 621.2328798770905,
    "best_objective": 138.0,
    "neighbors": 14800,
    "best_solution": [
        0,
        1,
        3,
        34,
        5,
        6,
        7,
        8,
        9,
        10,
        11,
        12,
        13,
        14,
        16,
        17,
        31,
        23,
        27,
        32,
        42,
        49,
        39,
        2,
        26,
        24,
        19,
        20,
        38,
        21,
        25,
        29,
        28,
        30,
        22,
        4,
        18,
        33,
        15,
        35,
        36,
        37,
        40,
        41,
        43,
        44,
        45,
        46,
        47,
        48,
        50,
        51,
        52,
        53,
        54,
        55,
        56,
        57,
        58,
        59,
        60,
        61,
        62,
        63
    ],
    "average_objectives_list": [
        275.6470588235294,
        242.12,
        219.2,
        205.96,
        196.4,
        189.0,
        181.36,
        182.76,
        179.56,
        176.72,
        176.0,
        176.0,
        178.4,
        176.0,
        175.96,
        175.36,
        172.36,
        172.0,
        172.0,
        171.92,
        175.0,
        169.24,
        167.88,
        168.52,
        164.4,
        168.8,
        167.72,
        165.68,
        164.6,
        165.36,
        157.0,
        160.2,
        159.0,
        167.0,
        159.52,
        153.52,
        148.88,
        146.0,
        146.8,
        146.2,
        147.84,
        148.64,
        152.48,
        150.4,
        142.72,
        148.36,
        148.28,
        143.72,
        142.0,
        142.24,
        150.76,
        155.72,
        150.16,
        147.0,
        153.84,
        154.12,
        153.24,
        163.8,
        148.68,
        148.76,
        153.68,
        152.88,
        157.12,
        144.6,
        148.56,
        152.32,
        147.72,
        151.2,
        149.36,
        151.52,
        146.64,
        151.4,
        152.76,
        151.72,
        149.96,
        150.8,
        149.92,
        144.12,
        155.92,
        152.76,
        155.68,
        155.36,
        148.16,
        151.4,
        159.4,
        153.4,
        147.56,
        154.36,
        154.08,
        151.16,
        148.68,
        143.8,
        148.12,
        148.92,
        149.36,
        155.2,
        158.0,
        149.88,
        151.48,
        149.24,
        157.08,
        150.24,
        154.64,
        156.68,
        148.56,
        153.04,
        158.84,
        153.64,
        158.68,
        156.2,
        151.44,
        153.76,
        146.0,
        152.48,
        152.48,
        148.32,
        157.88,
        156.4,
        155.92,
        151.72,
        148.8,
        148.08,
        150.36,
        151.28,
        149.44,
        155.28,
        157.32,
        162.12,
        159.8,
        149.52,
        145.52,
        152.96,
        151.88,
        148.68,
        153.84,
        150.76,
        159.48,
        159.92,
        149.08,
        154.4,
        151.76,
        149.2,
        156.4,
        159.6,
        154.16,
        152.68,
        148.8,
        151.64,
        151.08
    ],
    "best_objective_list": [
        226.0,
        206.0,
        206.0,
        186.0,
        182.0,
        178.0,
        176.0,
        176.0,
        176.0,
        176.0,
        176.0,
        176.0,
        176.0,
        176.0,
        172.0,
        172.0,
        172.0,
        172.0,
        172.0,
        168.0,
        168.0,
        168.0,
        162.0,
        162.0,
        156.0,
        156.0,
        156.0,
        156.0,
        156.0,
        152.0,
        152.0,
        152.0,
        152.0,
        152.0,
        146.0,
        146.0,
        146.0,
        146.0,
        142.0,
        142.0,
        142.0,
        142.0,
        142.0,
        142.0,
        142.0,
        142.0,
        142.0,
        142.0,
        142.0,
        140.0,
        140.0,
        140.0,
        140.0,
        140.0,
        140.0,
        140.0,
        140.0,
        140.0,
        140.0,
        140.0,
        140.0,
        140.0,
        140.0,
        140.0,
        140.0,
        138.0,
        138.0,
        138.0,
        138.0,
        138.0,
        138.0,
        138.0,
        138.0,
        138.0,
        138.0,
        138.0,
        138.0,
        138.0,
        138.0,
        138.0,
        138.0,
        138.0,
        138.0,
        138.0,
        138.0,
        138.0,
        138.0,
        138.0,
        138.0,
        138.0,
        138.0,
        138.0,
        138.0,
        138.0,
        138.0,
        138.0,
        138.0,
        138.0,
        138.0,
        138.0,
        138.0,
        138.0,
        138.0,
        138.0,
        138.0,
        138.0,
        138.0,
        138.0,
        138.0,
        138.0,
        138.0,
        138.0,
        138.0,
        138.0,
        138.0,
        138.0,
        138.0,
        138.0,
        138.0,
        138.0,
        138.0,
        138.0,
        138.0,
        138.0,
        138.0,
        138.0,
        138.0,
        138.0,
        138.0,
        138.0,
        138.0,
        138.0,
        138.0,
        138.0,
        138.0,
        138.0,
        138.0,
        138.0,
        138.0,
        138.0,
        138.0,
        138.0,
        138.0,
        138.0,
        138.0,
        138.0,
        138.0,
        138.0,
        138.0
    ]
}