{
    "elapsed_time": 85.43307399749756,
    "best_objective": 150.0,
    "neighbors": 2000,
    "best_solution": [
        0,
        4,
        3,
        1,
        5,
        6,
        7,
        8,
        10,
        17,
        11,
        38,
        14,
        16,
        9,
        18,
        19,
        20,
        2,
        12,
        13,
        31,
        21,
        22,
        23,
        24,
        25,
        26,
        27,
        28,
        29,
        30,
        15,
        32,
        48,
        34,
        35,
        44,
        37,
        33,
        39,
        40,
        49,
        42,
        43,
        36,
        45,
        41,
        46,
        47,
        50,
        51,
        52,
        53,
        54,
        55,
        56,
        57,
        58,
        59,
        60,
        61,
        62,
        63
    ],
    "average_objectives_list": [
        279.96078431372547,
        241.44,
        213.96,
        200.76,
        187.12,
        179.68,
        182.04,
        180.84,
        178.44,
        172.48,
        170.16,
        177.6,
        169.04,
        176.56,
        178.32,
        175.84,
        165.96,
        166.56,
        165.0,
        171.0,
        175.96
    ],
    "best_objective_list": [
        244.0,
        204.0,
        192.0,
        174.0,
        166.0,
        166.0,
        162.0,
        162.0,
        162.0,
        162.0,
        162.0,
        162.0,
        162.0,
        162.0,
        158.0,
        150.0,
        150.0,
        150.0,
        150.0,
        150.0,
        150.0
    ]
}