{
    "elapsed_time": 43.348024129867554,
    "best_objective": 162.0,
    "neighbors": 1000,
    "best_solution": [
        0,
        1,
        3,
        4,
        5,
        17,
        9,
        10,
        11,
        12,
        13,
        14,
        15,
        16,
        7,
        18,
        19,
        20,
        21,
        22,
        23,
        24,
        25,
        27,
        28,
        63,
        30,
        31,
        32,
        33,
        34,
        2,
        6,
        8,
        26,
        35,
        36,
        37,
        38,
        29,
        39,
        40,
        41,
        42,
        43,
        44,
        45,
        46,
        47,
        48,
        49,
        50,
        51,
        52,
        53,
        54,
        55,
        56,
        57,
        58,
        59,
        60,
        61,
        62
    ],
    "average_objectives_list": [
        274.27450980392155,
        231.24,
        196.6,
        183.64,
        182.44,
        179.92,
        174.32,
        173.84,
        173.0,
        169.44,
        169.56
    ],
    "best_objective_list": [
        222.0,
        190.0,
        182.0,
        178.0,
        174.0,
        174.0,
        162.0,
        162.0,
        162.0,
        162.0,
        162.0
    ]
}