{
    "elapsed_time": 81.16340661048889,
    "best_objective": 150.0,
    "neighbors": 2000,
    "best_solution": [
        0,
        1,
        2,
        3,
        4,
        5,
        6,
        7,
        55,
        9,
        42,
        12,
        13,
        14,
        15,
        16,
        17,
        46,
        19,
        20,
        21,
        22,
        24,
        25,
        27,
        28,
        29,
        30,
        31,
        32,
        33,
        34,
        35,
        36,
        37,
        8,
        10,
        18,
        23,
        11,
        26,
        38,
        39,
        40,
        41,
        43,
        44,
        45,
        47,
        48,
        49,
        50,
        51,
        52,
        53,
        54,
        56,
        57,
        58,
        59,
        60,
        61,
        62,
        63
    ],
    "average_objectives_list": [
        280.64516129032256,
        232.93333333333334,
        209.66666666666666,
        203.6,
        199.2,
        186.2,
        182.0,
        181.46666666666667,
        175.73333333333332,
        172.93333333333334,
        170.13333333333333,
        170.06666666666666,
        170.13333333333333,
        169.53333333333333,
        167.93333333333334,
        154.66666666666666,
        150.2,
        159.0,
        152.33333333333334,
        158.4,
        162.06666666666666
    ],
    "best_objective_list": [
        240.0,
        208.0,
        202.0,
        200.0,
        182.0,
        182.0,
        182.0,
        174.0,
        170.0,
        170.0,
        170.0,
        170.0,
        166.0,
        150.0,
        150.0,
        150.0,
        150.0,
        150.0,
        150.0,
        150.0,
        150.0
    ]
}