{
    "elapsed_time": 86.57881712913513,
    "best_objective": 158.0,
    "neighbors": 2000,
    "best_solution": [
        0,
        1,
        2,
        4,
        3,
        5,
        6,
        7,
        9,
        43,
        11,
        12,
        13,
        16,
        17,
        18,
        19,
        20,
        29,
        22,
        23,
        24,
        25,
        26,
        27,
        28,
        21,
        8,
        10,
        14,
        15,
        30,
        31,
        32,
        33,
        34,
        35,
        36,
        37,
        38,
        39,
        40,
        41,
        42,
        44,
        45,
        46,
        47,
        48,
        49,
        50,
        51,
        52,
        53,
        54,
        55,
        56,
        57,
        58,
        59,
        60,
        61,
        62,
        63
    ],
    "average_objectives_list": [
        280.19607843137254,
        240.44,
        210.12,
        195.56,
        189.68,
        189.12,
        188.32,
        187.6,
        184.36,
        173.76,
        178.56,
        185.04,
        174.96,
        167.04,
        166.0,
        176.68,
        181.32,
        175.0,
        166.2,
        163.28,
        163.6
    ],
    "best_objective_list": [
        238.0,
        206.0,
        190.0,
        188.0,
        188.0,
        188.0,
        188.0,
        168.0,
        168.0,
        168.0,
        162.0,
        162.0,
        162.0,
        162.0,
        162.0,
        162.0,
        162.0,
        162.0,
        158.0,
        158.0,
        158.0
    ]
}