{
    "elapsed_time": 633.2007756233215,
    "best_objective": 142.0,
    "neighbors": 14800,
    "best_solution": [
        1,
        2,
        3,
        30,
        9,
        5,
        6,
        7,
        19,
        4,
        12,
        17,
        13,
        14,
        44,
        45,
        11,
        47,
        26,
        38,
        27,
        15,
        31,
        18,
        8,
        20,
        21,
        22,
        23,
        24,
        25,
        28,
        29,
        0,
        34,
        32,
        33,
        10,
        35,
        36,
        56,
        39,
        40,
        41,
        42,
        43,
        37,
        16,
        46,
        48,
        49,
        50,
        51,
        52,
        53,
        54,
        55,
        57,
        58,
        59,
        60,
        61,
        62,
        63
    ],
    "average_objectives_list": [
        280.19607843137254,
        239.36,
        214.2,
        197.32,
        186.64,
        176.24,
        172.56,
        171.96,
        170.64,
        170.0,
        171.04,
        170.16,
        168.44,
        170.92,
        168.04,
        165.12,
        161.92,
        167.32,
        164.28,
        172.0,
        163.24,
        162.28,
        167.72,
        163.0,
        163.56,
        166.6,
        164.6,
        169.32,
        167.44,
        165.6,
        166.68,
        165.28,
        164.84,
        173.08,
        163.04,
        166.4,
        165.56,
        169.32,
        162.68,
        170.92,
        168.4,
        163.72,
        170.76,
        164.92,
        174.52,
        167.72,
        168.28,
        178.48,
        175.92,
        166.0,
        165.44,
        168.08,
        169.84,
        170.84,
        176.56,
        169.64,
        171.36,
        166.64,
        164.52,
        180.56,
        174.28,
        166.08,
        171.28,
        170.88,
        165.92,
        182.0,
        173.6,
        170.88,
        171.36,
        166.56,
        171.24,
        170.28,
        167.96,
        171.68,
        170.76,
        173.56,
        164.56,
        166.6,
        177.16,
        167.84,
        164.36,
        173.0,
        172.08,
        165.6,
        165.36,
        166.04,
        166.56,
        169.04,
        171.8,
        166.56,
        162.0,
        162.16,
        157.44,
        162.6,
        173.56,
        161.16,
        163.72,
        164.12,
        159.92,
        167.48,
        171.8,
        165.96,
        167.4,
        158.56,
        171.72,
        167.56,
        170.0,
        169.44,
        163.36,
        159.44,
        167.96,
        165.2,
        161.28,
        161.76,
        165.2,
        158.88,
        168.4,
        167.4,
        173.72,
        167.24,
        166.28,
        174.4,
        176.32,
        169.4,
        158.4,
        172.96,
        172.72,
        159.72,
        167.48,
        173.16,
        163.92,
        171.32,
        164.96,
        171.92,
        161.48,
        153.36,
        168.4,
        167.88,
        169.0,
        164.96,
        167.96,
        170.96,
        168.68,
        172.84,
        172.28,
        163.48,
        172.64,
        158.64,
        160.48
    ],
    "best_objective_list": [
        230.0,
        204.0,
        188.0,
        182.0,
        174.0,
        170.0,
        170.0,
        170.0,
        170.0,
        170.0,
        170.0,
        160.0,
        160.0,
        158.0,
        158.0,
        158.0,
        158.0,
        158.0,
        158.0,
        158.0,
        154.0,
        154.0,
        150.0,
        150.0,
        150.0,
        150.0,
        150.0,
        150.0,
        150.0,
        150.0,
        150.0,
        150.0,
        150.0,
        150.0,
        150.0,
        150.0,
        150.0,
        150.0,
        150.0,
        150.0,
        150.0,
        150.0,
        146.0,
        146.0,
        146.0,
        146.0,
        146.0,
        146.0,
        146.0,
        146.0,
        146.0,
        146.0,
        146.0,
        146.0,
        146.0,
        146.0,
        146.0,
        146.0,
        146.0,
        146.0,
        146.0,
        146.0,
        146.0,
        146.0,
        146.0,
        146.0,
        146.0,
        146.0,
        146.0,
        146.0,
        146.0,
        146.0,
        146.0,
        146.0,
        146.0,
        146.0,
        146.0,
        146.0,
        146.0,
        144.0,
        144.0,
        144.0,
        144.0,
        144.0,
        144.0,
        144.0,
        144.0,
        144.0,
        144.0,
        144.0,
        144.0,
        144.0,
        144.0,
        144.0,
        144.0,
        144.0,
        144.0,
        144.0,
        144.0,
        144.0,
        144.0,
        144.0,
        144.0,
        144.0,
        144.0,
        144.0,
        144.0,
        144.0,
        144.0,
        144.0,
        144.0,
        144.0,
        144.0,
        144.0,
        144.0,
        144.0,
        144.0,
        144.0,
        144.0,
        144.0,
        144.0,
        144.0,
        144.0,
        144.0,
        144.0,
        144.0,
        144.0,
        144.0,
        144.0,
        144.0,
        144.0,
        144.0,
        144.0,
        144.0,
        144.0,
        144.0,
        144.0,
        144.0,
        144.0,
        142.0,
        142.0,
        142.0,
        142.0,
        142.0,
        142.0,
        142.0,
        142.0,
        142.0,
        142.0
    ]
}