{
    "elapsed_time": 43.75772428512573,
    "best_objective": 158.0,
    "neighbors": 1000,
    "best_solution": [
        2,
        3,
        4,
        6,
        7,
        10,
        13,
        14,
        19,
        24,
        27,
        28,
        9,
        39,
        43,
        45,
        49,
        50,
        37,
        59,
        11,
        52,
        36,
        15,
        47,
        31,
        35,
        40,
        5,
        25,
        23,
        0,
        1,
        17,
        8,
        12,
        16,
        18,
        20,
        21,
        22,
        26,
        29,
        30,
        32,
        33,
        34,
        38,
        41,
        42,
        44,
        46,
        48,
        51,
        53,
        54,
        55,
        56,
        57,
        58,
        60,
        61,
        62,
        63
    ],
    "average_objectives_list": [
        279.2549019607843,
        233.76,
        211.8,
        205.84,
        200.68,
        188.2,
        183.08,
        192.0,
        173.48,
        181.96,
        175.36
    ],
    "best_objective_list": [
        236.0,
        186.0,
        182.0,
        182.0,
        170.0,
        166.0,
        166.0,
        160.0,
        160.0,
        160.0,
        158.0
    ]
}