{
    "elapsed_time": 85.94811296463013,
    "best_objective": 144.0,
    "neighbors": 2000,
    "best_solution": [
        0,
        1,
        3,
        5,
        6,
        7,
        9,
        10,
        11,
        12,
        13,
        14,
        15,
        16,
        36,
        18,
        25,
        20,
        21,
        22,
        23,
        24,
        19,
        26,
        27,
        28,
        29,
        30,
        2,
        4,
        8,
        17,
        31,
        32,
        33,
        34,
        35,
        37,
        61,
        39,
        40,
        41,
        42,
        43,
        44,
        45,
        46,
        47,
        48,
        49,
        50,
        51,
        52,
        53,
        54,
        38,
        55,
        56,
        57,
        58,
        59,
        60,
        62,
        63
    ],
    "average_objectives_list": [
        277.1764705882353,
        239.48,
        204.76,
        188.92,
        183.04,
        169.04,
        169.08,
        169.76,
        162.96,
        172.6,
        160.52,
        154.6,
        161.36,
        154.76,
        153.76,
        156.28,
        152.32,
        154.8,
        157.04,
        158.16,
        152.4
    ],
    "best_objective_list": [
        244.0,
        198.0,
        166.0,
        164.0,
        164.0,
        152.0,
        152.0,
        152.0,
        152.0,
        152.0,
        144.0,
        144.0,
        144.0,
        144.0,
        144.0,
        144.0,
        144.0,
        144.0,
        144.0,
        144.0,
        144.0
    ]
}