{
    "elapsed_time": 86.19481921195984,
    "best_objective": 154.0,
    "neighbors": 2000,
    "best_solution": [
        0,
        1,
        2,
        4,
        5,
        9,
        6,
        7,
        25,
        10,
        35,
        12,
        13,
        14,
        15,
        16,
        21,
        23,
        26,
        28,
        3,
        36,
        38,
        39,
        40,
        22,
        42,
        43,
        44,
        18,
        19,
        20,
        8,
        17,
        41,
        24,
        27,
        11,
        29,
        30,
        31,
        32,
        33,
        34,
        37,
        45,
        46,
        47,
        48,
        49,
        50,
        51,
        52,
        53,
        54,
        55,
        56,
        57,
        58,
        59,
        60,
        61,
        62,
        63
    ],
    "average_objectives_list": [
        277.3333333333333,
        239.56,
        221.28,
        213.24,
        207.6,
        203.48,
        206.08,
        204.84,
        202.16,
        198.52,
        185.36,
        169.2,
        169.8,
        172.04,
        173.04,
        175.92,
        166.12,
        165.76,
        175.6,
        170.8,
        164.48
    ],
    "best_objective_list": [
        230.0,
        210.0,
        210.0,
        192.0,
        192.0,
        192.0,
        192.0,
        188.0,
        186.0,
        168.0,
        168.0,
        160.0,
        160.0,
        160.0,
        158.0,
        158.0,
        154.0,
        154.0,
        154.0,
        154.0,
        154.0
    ]
}