{
    "elapsed_time": 157.6478452682495,
    "best_objective": 105720.0,
    "neighbors": 14800,
    "best_solution": [
        0,
        1,
        2,
        27,
        6,
        15,
        16,
        9,
        10,
        11,
        12,
        13,
        7,
        8,
        17,
        26,
        19,
        4,
        5,
        14,
        20,
        21,
        22,
        3,
        23,
        24,
        25,
        30,
        28,
        18,
        29,
        31
    ],
    "average_objectives_list": [
        137100.39215686274,
        127557.6,
        120629.8,
        117706.8,
        117175.6,
        116690.0,
        116250.0,
        116250.0,
        116168.0,
        115716.0,
        114894.0,
        113842.4,
        113771.2,
        114271.2,
        114090.0,
        113922.0,
        114260.8,
        113336.2,
        113122.0,
        113484.0,
        113103.6,
        111608.2,
        111330.0,
        111423.2,
        110638.0,
        113551.8,
        112020.2,
        111529.8,
        110728.2,
        111539.4,
        111438.8,
        111415.4,
        112143.0,
        112287.0,
        112452.0,
        112165.8,
        111639.8,
        111909.0,
        112029.0,
        111175.2,
        110703.8,
        112595.2,
        111640.8,
        110312.0,
        111485.8,
        111244.6,
        112735.6,
        112335.6,
        111398.6,
        111933.2,
        111969.0,
        110896.2,
        109688.6,
        108919.4,
        109691.4,
        110215.2,
        110288.2,
        109589.0,
        107967.8,
        109537.6,
        109454.0,
        108859.4,
        111768.4,
        108914.2,
        110436.6,
        110776.6,
        109017.4,
        109679.8,
        108352.6,
        111288.8,
        109409.8,
        110162.2,
        110116.4,
        109517.0,
        110509.8,
        109048.8,
        110043.6,
        109834.0,
        109176.2,
        108658.4,
        110269.8,
        110564.4,
        109036.8,
        110892.0,
        109361.6,
        109584.8,
        109391.0,
        110370.4,
        110703.0,
        108391.4,
        110576.0,
        110595.6,
        110560.6,
        110085.2,
        108425.4,
        108595.2,
        109974.0,
        109027.2,
        109303.8,
        109401.4,
        109511.4,
        108937.0,
        109985.8,
        109040.0,
        109973.4,
        109521.2,
        108419.4,
        111311.2,
        109762.4,
        109429.8,
        108036.6,
        110810.6,
        110265.0,
        109745.2,
        110369.0,
        110516.4,
        109697.8,
        110128.2,
        109254.2,
        109547.0,
        109588.0,
        110614.4,
        109739.6,
        108185.4,
        111080.2,
        109576.8,
        108120.4,
        109553.8,
        110697.8,
        108395.6,
        110191.6,
        109067.2,
        108295.8,
        109734.4,
        109152.2,
        110720.6,
        110484.4,
        109136.2,
        110910.2,
        108647.0,
        108772.8,
        109193.4,
        108691.6,
        110775.0,
        109051.8,
        109448.0,
        110772.8,
        108597.4,
        108836.2
    ],
    "best_objective_list": [
        128520.0,
        118610.0,
        117210.0,
        116740.0,
        116250.0,
        116250.0,
        116250.0,
        116250.0,
        113050.0,
        113050.0,
        113050.0,
        113050.0,
        113050.0,
        113050.0,
        113050.0,
        113050.0,
        113050.0,
        113050.0,
        111350.0,
        111350.0,
        110080.0,
        109580.0,
        108960.0,
        108960.0,
        108960.0,
        108960.0,
        108960.0,
        108960.0,
        108960.0,
        108960.0,
        108820.0,
        108220.0,
        108220.0,
        108220.0,
        108220.0,
        108220.0,
        108220.0,
        108220.0,
        108220.0,
        108220.0,
        108220.0,
        108220.0,
        108220.0,
        108220.0,
        108220.0,
        108220.0,
        108220.0,
        108220.0,
        108220.0,
        106970.0,
        106970.0,
        106970.0,
        106770.0,
        105720.0,
        105720.0,
        105720.0,
        105720.0,
        105720.0,
        105720.0,
        105720.0,
        105720.0,
        105720.0,
        105720.0,
        105720.0,
        105720.0,
        105720.0,
        105720.0,
        105720.0,
        105720.0,
        105720.0,
        105720.0,
        105720.0,
        105720.0,
        105720.0,
        105720.0,
        105720.0,
        105720.0,
        105720.0,
        105720.0,
        105720.0,
        105720.0,
        105720.0,
        105720.0,
        105720.0,
        105720.0,
        105720.0,
        105720.0,
        105720.0,
        105720.0,
        105720.0,
        105720.0,
        105720.0,
        105720.0,
        105720.0,
        105720.0,
        105720.0,
        105720.0,
        105720.0,
        105720.0,
        105720.0,
        105720.0,
        105720.0,
        105720.0,
        105720.0,
        105720.0,
        105720.0,
        105720.0,
        105720.0,
        105720.0,
        105720.0,
        105720.0,
        105720.0,
        105720.0,
        105720.0,
        105720.0,
        105720.0,
        105720.0,
        105720.0,
        105720.0,
        105720.0,
        105720.0,
        105720.0,
        105720.0,
        105720.0,
        105720.0,
        105720.0,
        105720.0,
        105720.0,
        105720.0,
        105720.0,
        105720.0,
        105720.0,
        105720.0,
        105720.0,
        105720.0,
        105720.0,
        105720.0,
        105720.0,
        105720.0,
        105720.0,
        105720.0,
        105720.0,
        105720.0,
        105720.0,
        105720.0,
        105720.0,
        105720.0,
        105720.0,
        105720.0
    ]
}