{
    "elapsed_time": 161.76518893241882,
    "best_objective": 102890.0,
    "neighbors": 14800,
    "best_solution": [
        1,
        3,
        4,
        7,
        0,
        5,
        6,
        19,
        8,
        16,
        10,
        11,
        12,
        15,
        9,
        31,
        23,
        14,
        21,
        26,
        25,
        2,
        20,
        28,
        13,
        24,
        17,
        22,
        29,
        27,
        30,
        18
    ],
    "average_objectives_list": [
        137040.78431372548,
        126015.6,
        121312.8,
        118451.6,
        116244.6,
        114689.2,
        113888.2,
        114215.6,
        113248.0,
        114097.0,
        113256.6,
        113265.8,
        113561.2,
        112790.6,
        113151.0,
        113047.6,
        112744.2,
        112144.0,
        112255.2,
        112878.2,
        112986.0,
        111300.8,
        111969.2,
        111720.2,
        112762.6,
        111192.6,
        110159.0,
        110461.0,
        110471.6,
        109953.2,
        110377.4,
        111696.4,
        110923.6,
        110692.0,
        111279.4,
        109819.4,
        109286.0,
        110252.8,
        109346.2,
        108413.0,
        108725.2,
        108949.0,
        108888.8,
        108580.0,
        109214.8,
        107940.0,
        108250.0,
        109999.6,
        108238.6,
        108544.6,
        108072.4,
        109595.4,
        108727.2,
        108433.6,
        109054.6,
        109311.4,
        106530.4,
        109214.0,
        108642.4,
        109794.6,
        108428.8,
        109088.4,
        107532.0,
        108155.6,
        109258.8,
        108399.8,
        109212.6,
        107738.0,
        109039.2,
        109115.4,
        109665.4,
        110059.2,
        108327.4,
        107881.2,
        108916.6,
        109792.4,
        109385.8,
        108993.2,
        109086.4,
        108292.6,
        106104.2,
        107848.4,
        108985.8,
        107376.0,
        107485.0,
        110027.4,
        108828.6,
        108370.0,
        110080.6,
        108003.0,
        109779.2,
        108387.6,
        108089.6,
        109041.6,
        106778.8,
        107930.2,
        108251.4,
        108149.0,
        109117.4,
        108608.2,
        108733.0,
        109083.8,
        108137.4,
        108536.8,
        108477.6,
        107752.8,
        106591.4,
        108869.6,
        108096.2,
        108729.0,
        107971.2,
        107773.8,
        107598.0,
        108006.6,
        108466.4,
        107017.6,
        109415.4,
        108770.6,
        108219.0,
        107707.2,
        107070.8,
        108622.2,
        110065.0,
        108763.6,
        107522.2,
        108680.2,
        107861.4,
        108320.4,
        108167.6,
        108719.8,
        109274.2,
        107129.2,
        109096.4,
        108877.6,
        109377.4,
        107533.4,
        107825.6,
        109000.0,
        107943.0,
        108036.0,
        105864.6,
        107658.2,
        109275.0,
        107671.4,
        107347.6,
        109020.0,
        108967.8,
        108283.6,
        108771.2
    ],
    "best_objective_list": [
        121180.0,
        119160.0,
        116860.0,
        114940.0,
        113200.0,
        113200.0,
        113200.0,
        113200.0,
        113200.0,
        112500.0,
        112500.0,
        112200.0,
        112200.0,
        111600.0,
        110650.0,
        110650.0,
        109250.0,
        109250.0,
        108550.0,
        108550.0,
        108550.0,
        106450.0,
        106450.0,
        106450.0,
        106450.0,
        106450.0,
        106450.0,
        106450.0,
        106450.0,
        106450.0,
        106450.0,
        106450.0,
        106450.0,
        106450.0,
        106450.0,
        104550.0,
        104550.0,
        104550.0,
        104550.0,
        104550.0,
        104550.0,
        104550.0,
        104550.0,
        104550.0,
        104550.0,
        104550.0,
        104550.0,
        104550.0,
        104550.0,
        104550.0,
        104550.0,
        104550.0,
        103750.0,
        103750.0,
        103750.0,
        103750.0,
        103750.0,
        103750.0,
        103750.0,
        103750.0,
        103750.0,
        103750.0,
        103750.0,
        103750.0,
        103750.0,
        103750.0,
        103750.0,
        103750.0,
        103750.0,
        103750.0,
        103750.0,
        103750.0,
        103750.0,
        103750.0,
        103750.0,
        103750.0,
        103750.0,
        103750.0,
        103750.0,
        103750.0,
        103750.0,
        103750.0,
        103750.0,
        103750.0,
        103750.0,
        103750.0,
        103290.0,
        103290.0,
        103290.0,
        103290.0,
        103290.0,
        103290.0,
        103290.0,
        103290.0,
        103290.0,
        103290.0,
        103290.0,
        103290.0,
        103290.0,
        103290.0,
        103290.0,
        103290.0,
        103290.0,
        103290.0,
        102890.0,
        102890.0,
        102890.0,
        102890.0,
        102890.0,
        102890.0,
        102890.0,
        102890.0,
        102890.0,
        102890.0,
        102890.0,
        102890.0,
        102890.0,
        102890.0,
        102890.0,
        102890.0,
        102890.0,
        102890.0,
        102890.0,
        102890.0,
        102890.0,
        102890.0,
        102890.0,
        102890.0,
        102890.0,
        102890.0,
        102890.0,
        102890.0,
        102890.0,
        102890.0,
        102890.0,
        102890.0,
        102890.0,
        102890.0,
        102890.0,
        102890.0,
        102890.0,
        102890.0,
        102890.0,
        102890.0,
        102890.0,
        102890.0,
        102890.0,
        102890.0,
        102890.0
    ]
}