{
    "elapsed_time": 159.70604133605957,
    "best_objective": 103040.0,
    "neighbors": 14800,
    "best_solution": [
        1,
        4,
        16,
        5,
        7,
        6,
        15,
        21,
        8,
        0,
        3,
        2,
        30,
        19,
        20,
        14,
        31,
        23,
        10,
        11,
        9,
        12,
        13,
        17,
        22,
        24,
        25,
        26,
        27,
        28,
        29,
        18
    ],
    "average_objectives_list": [
        137211.3725490196,
        127419.2,
        121923.0,
        118401.0,
        117281.2,
        116687.2,
        116177.2,
        115904.4,
        114882.8,
        114352.8,
        113658.0,
        114613.6,
        113291.2,
        112999.6,
        112624.6,
        111471.2,
        111196.6,
        111576.4,
        112037.4,
        110796.6,
        111434.0,
        111428.4,
        109589.0,
        107746.2,
        107302.0,
        107849.4,
        108161.2,
        106900.0,
        106507.4,
        106918.8,
        108422.6,
        106756.0,
        107554.0,
        108212.0,
        106287.2,
        108346.8,
        107143.8,
        107011.8,
        106535.6,
        107575.8,
        107896.0,
        107985.2,
        108275.6,
        108376.2,
        107828.4,
        108838.0,
        106994.6,
        107168.0,
        108195.2,
        106101.6,
        106811.0,
        105896.6,
        107485.0,
        106208.0,
        106573.2,
        105929.6,
        107232.2,
        105793.8,
        107347.6,
        109167.2,
        106015.6,
        107153.4,
        106084.4,
        107738.0,
        106041.4,
        107206.2,
        106529.2,
        105118.0,
        105271.0,
        106462.0,
        106668.2,
        105702.8,
        105710.2,
        106670.0,
        106519.6,
        105166.0,
        105290.2,
        106387.0,
        106640.8,
        106974.6,
        106699.2,
        105506.6,
        106946.4,
        106447.0,
        106524.8,
        105693.6,
        106942.6,
        107533.6,
        107263.4,
        106183.0,
        107964.2,
        106372.8,
        107560.2,
        106603.4,
        106975.4,
        108668.2,
        106085.6,
        108833.0,
        106596.0,
        107069.8,
        107187.2,
        109221.2,
        107388.2,
        108175.8,
        107088.2,
        107808.8,
        108304.4,
        106542.0,
        107205.6,
        106407.4,
        106775.2,
        107239.2,
        106661.6,
        107192.4,
        106361.0,
        107120.4,
        107428.8,
        107372.4,
        108858.8,
        108244.2,
        108801.4,
        108209.2,
        108772.4,
        107848.0,
        107203.8,
        109078.8,
        107440.6,
        109120.8,
        106395.2,
        107633.2,
        107065.2,
        108695.6,
        107137.8,
        107726.8,
        107975.0,
        106851.0,
        107681.4,
        107960.4,
        109284.2,
        106437.0,
        108516.4,
        106605.4,
        107481.4,
        108258.4,
        106808.4,
        107519.8,
        109027.8,
        108410.2,
        106268.2
    ],
    "best_objective_list": [
        126930.0,
        121670.0,
        117400.0,
        117400.0,
        115600.0,
        114800.0,
        114800.0,
        112300.0,
        112300.0,
        112300.0,
        112100.0,
        111800.0,
        111400.0,
        110400.0,
        110100.0,
        109900.0,
        109500.0,
        109500.0,
        108500.0,
        108470.0,
        108300.0,
        106600.0,
        106600.0,
        106600.0,
        106600.0,
        105800.0,
        105800.0,
        105800.0,
        105800.0,
        105800.0,
        105800.0,
        105800.0,
        105800.0,
        105800.0,
        105800.0,
        105800.0,
        104700.0,
        104700.0,
        104700.0,
        104700.0,
        104700.0,
        104100.0,
        104100.0,
        103300.0,
        103300.0,
        103300.0,
        103300.0,
        103300.0,
        103300.0,
        103300.0,
        103300.0,
        103300.0,
        103300.0,
        103300.0,
        103300.0,
        103300.0,
        103300.0,
        103300.0,
        103300.0,
        103300.0,
        103300.0,
        103300.0,
        103300.0,
        103300.0,
        103300.0,
        103300.0,
        103300.0,
        103300.0,
        103300.0,
        103300.0,
        103300.0,
        103300.0,
        103300.0,
        103300.0,
        103300.0,
        103300.0,
        103300.0,
        103300.0,
        103300.0,
        103300.0,
        103300.0,
        103300.0,
        103300.0,
        103300.0,
        103300.0,
        103300.0,
        103300.0,
        103300.0,
        103300.0,
        103300.0,
        103300.0,
        103040.0,
        103040.0,
        103040.0,
        103040.0,
        103040.0,
        103040.0,
        103040.0,
        103040.0,
        103040.0,
        103040.0,
        103040.0,
        103040.0,
        103040.0,
        103040.0,
        103040.0,
        103040.0,
        103040.0,
        103040.0,
        103040.0,
        103040.0,
        103040.0,
        103040.0,
        103040.0,
        103040.0,
        103040.0,
        103040.0,
        103040.0,
        103040.0,
        103040.0,
        103040.0,
        103040.0,
        103040.0,
        103040.0,
        103040.0,
        103040.0,
        103040.0,
        103040.0,
        103040.0,
        103040.0,
        103040.0,
        103040.0,
        103040.0,
        103040.0,
        103040.0,
        103040.0,
        103040.0,
        103040.0,
        103040.0,
        103040.0,
        103040.0,
        103040.0,
        103040.0,
        103040.0,
        103040.0,
        103040.0,
        103040.0,
        103040.0,
        103040.0
    ]
}