{
    "elapsed_time": 160.4126307964325,
    "best_objective": 104360.0,
    "neighbors": 14800,
    "best_solution": [
        2,
        3,
        4,
        5,
        0,
        1,
        6,
        7,
        8,
        10,
        16,
        15,
        21,
        12,
        19,
        11,
        14,
        23,
        29,
        30,
        24,
        25,
        9,
        22,
        13,
        17,
        18,
        20,
        26,
        27,
        28,
        31
    ],
    "average_objectives_list": [
        138747.45098039217,
        128492.6,
        122781.6,
        120194.4,
        117543.2,
        115159.6,
        114498.0,
        113872.0,
        113417.4,
        113047.0,
        112988.0,
        112788.0,
        111893.6,
        112776.2,
        111630.8,
        112336.8,
        111972.6,
        112855.6,
        113651.6,
        112444.4,
        112837.0,
        111734.0,
        110753.0,
        110699.8,
        111045.8,
        110646.4,
        110116.4,
        110782.0,
        111519.0,
        111575.2,
        111130.0,
        111379.4,
        111181.8,
        110101.8,
        111424.4,
        110424.0,
        110308.0,
        110941.2,
        111359.8,
        110113.6,
        109697.0,
        110233.0,
        110057.0,
        109836.2,
        109723.6,
        108794.0,
        108789.0,
        108169.6,
        109104.8,
        108425.0,
        108049.8,
        108941.8,
        109754.4,
        108466.0,
        108516.8,
        108170.0,
        108753.0,
        108458.2,
        108761.2,
        108454.4,
        108618.2,
        107583.6,
        108032.6,
        108064.4,
        107854.6,
        107538.6,
        107485.6,
        108623.6,
        107318.0,
        108996.0,
        108506.6,
        107661.8,
        108239.2,
        107254.0,
        107011.0,
        107526.0,
        107166.4,
        107700.2,
        107526.4,
        106669.8,
        106655.4,
        108122.6,
        108324.0,
        107412.2,
        106810.0,
        107212.0,
        107505.2,
        109439.2,
        107157.6,
        106376.0,
        106068.0,
        107136.2,
        106370.0,
        108461.0,
        106242.0,
        106379.2,
        107204.4,
        108466.6,
        107459.4,
        106536.2,
        108400.2,
        108089.2,
        106454.0,
        106341.6,
        107394.0,
        107528.0,
        107170.4,
        108470.8,
        107941.8,
        108440.0,
        107488.0,
        106655.0,
        108800.4,
        107521.6,
        108065.2,
        107485.6,
        106693.2,
        107365.2,
        107820.8,
        106981.2,
        107974.0,
        107162.6,
        106983.8,
        105926.0,
        106078.0,
        107049.2,
        106690.8,
        107747.6,
        105819.4,
        107666.4,
        107418.0,
        106746.8,
        107634.6,
        107152.0,
        107202.8,
        107289.0,
        107312.0,
        107110.0,
        107590.4,
        106668.0,
        106846.8,
        107358.2,
        106429.2,
        108679.0,
        108076.4,
        107280.4,
        107244.6,
        106995.2,
        108048.6
    ],
    "best_objective_list": [
        131640.0,
        122460.0,
        119460.0,
        115830.0,
        114030.0,
        114030.0,
        113630.0,
        112730.0,
        112330.0,
        112330.0,
        110730.0,
        110730.0,
        110210.0,
        110210.0,
        110210.0,
        110210.0,
        109910.0,
        109810.0,
        109810.0,
        109110.0,
        109110.0,
        109010.0,
        109010.0,
        109010.0,
        109010.0,
        109010.0,
        109010.0,
        109010.0,
        109010.0,
        109010.0,
        109010.0,
        109010.0,
        109010.0,
        109010.0,
        109010.0,
        109010.0,
        109010.0,
        108310.0,
        108310.0,
        108110.0,
        107910.0,
        107910.0,
        107910.0,
        106710.0,
        106710.0,
        106710.0,
        106710.0,
        106710.0,
        106710.0,
        106710.0,
        106700.0,
        106700.0,
        106700.0,
        106700.0,
        106700.0,
        106300.0,
        106300.0,
        106300.0,
        106300.0,
        106000.0,
        106000.0,
        106000.0,
        106000.0,
        106000.0,
        106000.0,
        106000.0,
        106000.0,
        106000.0,
        105000.0,
        105000.0,
        105000.0,
        105000.0,
        105000.0,
        105000.0,
        105000.0,
        105000.0,
        105000.0,
        105000.0,
        105000.0,
        105000.0,
        105000.0,
        105000.0,
        105000.0,
        105000.0,
        105000.0,
        105000.0,
        105000.0,
        105000.0,
        105000.0,
        105000.0,
        105000.0,
        105000.0,
        105000.0,
        105000.0,
        105000.0,
        105000.0,
        105000.0,
        105000.0,
        105000.0,
        105000.0,
        105000.0,
        105000.0,
        105000.0,
        105000.0,
        105000.0,
        105000.0,
        105000.0,
        105000.0,
        105000.0,
        105000.0,
        105000.0,
        105000.0,
        105000.0,
        105000.0,
        105000.0,
        105000.0,
        105000.0,
        105000.0,
        105000.0,
        105000.0,
        105000.0,
        105000.0,
        105000.0,
        105000.0,
        105000.0,
        105000.0,
        105000.0,
        105000.0,
        105000.0,
        105000.0,
        105000.0,
        105000.0,
        105000.0,
        105000.0,
        105000.0,
        104600.0,
        104600.0,
        104600.0,
        104600.0,
        104600.0,
        104600.0,
        104600.0,
        104600.0,
        104600.0,
        104600.0,
        104600.0,
        104360.0,
        104360.0,
        104360.0
    ]
}