{
    "elapsed_time": 159.03881001472473,
    "best_objective": 104130.0,
    "neighbors": 14800,
    "best_solution": [
        1,
        2,
        4,
        21,
        3,
        0,
        6,
        7,
        15,
        16,
        8,
        19,
        10,
        11,
        12,
        13,
        14,
        5,
        18,
        31,
        9,
        20,
        22,
        30,
        24,
        25,
        17,
        26,
        23,
        27,
        28,
        29
    ],
    "average_objectives_list": [
        137555.6862745098,
        126932.2,
        119781.4,
        117342.8,
        116993.2,
        116072.8,
        115086.0,
        115148.2,
        114290.4,
        114045.8,
        113734.0,
        112692.0,
        113181.0,
        112359.0,
        112236.0,
        112399.0,
        113539.2,
        111659.6,
        110581.6,
        110285.0,
        110825.2,
        111237.6,
        110987.4,
        110995.8,
        110122.8,
        110716.8,
        110530.6,
        110491.4,
        110030.4,
        111545.6,
        109581.4,
        109146.2,
        109954.6,
        108858.0,
        110209.2,
        109155.8,
        109184.4,
        109197.8,
        110592.8,
        110502.4,
        110148.6,
        108841.6,
        109150.0,
        109047.6,
        110178.6,
        109097.0,
        108573.2,
        110392.8,
        109433.6,
        109251.6,
        109767.4,
        109100.6,
        109160.4,
        110671.0,
        109876.2,
        109664.6,
        110018.2,
        109484.6,
        109657.2,
        110968.0,
        109612.8,
        108309.4,
        109145.6,
        110344.2,
        108754.8,
        109406.0,
        109261.2,
        109740.6,
        108374.4,
        110239.8,
        108608.8,
        109939.8,
        111563.6,
        109173.0,
        109236.8,
        109942.0,
        109477.2,
        109375.2,
        109412.8,
        109670.4,
        108741.8,
        109330.0,
        111469.4,
        111740.2,
        110578.2,
        109962.2,
        109723.0,
        109949.6,
        109853.2,
        110216.4,
        109743.6,
        110724.8,
        110309.6,
        109646.8,
        108707.0,
        110056.0,
        108937.4,
        109735.2,
        108413.6,
        110538.0,
        110716.6,
        110609.6,
        110569.6,
        109169.6,
        109581.2,
        109267.2,
        110263.4,
        109956.0,
        109634.8,
        109693.2,
        109731.6,
        110592.0,
        110171.0,
        109732.8,
        109035.8,
        108716.0,
        111052.0,
        109272.0,
        109883.8,
        111229.4,
        109158.2,
        109065.8,
        110484.2,
        108869.0,
        108565.2,
        109912.8,
        108608.8,
        108457.4,
        108647.2,
        107302.4,
        108312.2,
        108785.4,
        107895.8,
        108869.4,
        108614.2,
        108010.8,
        108318.0,
        107024.8,
        107991.4,
        107154.0,
        108723.2,
        108618.6,
        108662.6,
        107833.6,
        108494.0,
        108976.0,
        107867.6,
        108083.2,
        107982.4
    ],
    "best_objective_list": [
        124630.0,
        117520.0,
        117020.0,
        115980.0,
        114760.0,
        114460.0,
        114460.0,
        113200.0,
        112400.0,
        110580.0,
        110580.0,
        110380.0,
        110380.0,
        110380.0,
        110380.0,
        108980.0,
        108980.0,
        108380.0,
        107880.0,
        107880.0,
        107880.0,
        107880.0,
        107880.0,
        107880.0,
        107880.0,
        107880.0,
        107880.0,
        107480.0,
        105880.0,
        105880.0,
        105880.0,
        105680.0,
        105680.0,
        105680.0,
        105680.0,
        105680.0,
        105680.0,
        105680.0,
        105680.0,
        105680.0,
        105680.0,
        105680.0,
        105680.0,
        105680.0,
        105680.0,
        105680.0,
        105680.0,
        105680.0,
        105680.0,
        105680.0,
        105680.0,
        105680.0,
        105680.0,
        105680.0,
        105680.0,
        105680.0,
        105680.0,
        105680.0,
        105680.0,
        105680.0,
        105680.0,
        105680.0,
        105680.0,
        105680.0,
        105680.0,
        105280.0,
        105280.0,
        105280.0,
        105280.0,
        105280.0,
        105280.0,
        105280.0,
        105280.0,
        105280.0,
        105280.0,
        105280.0,
        105280.0,
        105280.0,
        105280.0,
        105280.0,
        105280.0,
        105280.0,
        105280.0,
        105280.0,
        105280.0,
        105280.0,
        105280.0,
        105280.0,
        105280.0,
        105280.0,
        105280.0,
        105280.0,
        105280.0,
        105280.0,
        105280.0,
        105280.0,
        105280.0,
        105280.0,
        105280.0,
        105280.0,
        105280.0,
        105280.0,
        105280.0,
        105280.0,
        105280.0,
        105280.0,
        105280.0,
        105280.0,
        105280.0,
        105280.0,
        105280.0,
        105280.0,
        105280.0,
        105280.0,
        105280.0,
        105280.0,
        105280.0,
        105280.0,
        105280.0,
        105280.0,
        105280.0,
        105280.0,
        105280.0,
        104330.0,
        104330.0,
        104330.0,
        104330.0,
        104330.0,
        104330.0,
        104330.0,
        104330.0,
        104330.0,
        104330.0,
        104330.0,
        104330.0,
        104330.0,
        104330.0,
        104330.0,
        104130.0,
        104130.0,
        104130.0,
        104130.0,
        104130.0,
        104130.0,
        104130.0,
        104130.0,
        104130.0,
        104130.0,
        104130.0
    ]
}