{
    "elapsed_time": 160.70714926719666,
    "best_objective": 103750.0,
    "neighbors": 14800,
    "best_solution": [
        7,
        1,
        5,
        14,
        16,
        4,
        15,
        3,
        2,
        19,
        0,
        24,
        26,
        17,
        25,
        23,
        8,
        6,
        27,
        9,
        10,
        11,
        12,
        13,
        18,
        20,
        21,
        22,
        31,
        28,
        29,
        30
    ],
    "average_objectives_list": [
        136131.3725490196,
        125184.6,
        119537.4,
        117802.0,
        115839.0,
        114959.4,
        112196.0,
        111077.4,
        111004.0,
        111378.0,
        111064.4,
        110109.4,
        109724.6,
        107717.0,
        107596.4,
        108633.4,
        108385.8,
        107537.0,
        108797.4,
        107448.6,
        107576.8,
        108538.0,
        109200.0,
        108513.0,
        107400.8,
        107193.4,
        107509.0,
        108302.0,
        108566.8,
        108249.0,
        109325.8,
        107294.0,
        107913.8,
        108640.0,
        108292.8,
        108160.8,
        108055.4,
        107571.2,
        107088.0,
        108472.4,
        108880.8,
        107113.6,
        108100.8,
        106872.4,
        107296.4,
        107375.2,
        107455.8,
        106916.4,
        108326.8,
        107024.2,
        108453.8,
        107605.6,
        110183.4,
        106736.2,
        107331.4,
        107951.8,
        107072.0,
        108025.4,
        108547.8,
        107310.8,
        106713.8,
        107931.0,
        107937.4,
        108759.8,
        109051.6,
        107654.0,
        106305.0,
        107465.4,
        107500.6,
        107312.2,
        107311.2,
        107318.0,
        108299.8,
        106046.0,
        107925.6,
        107610.2,
        107757.2,
        107344.2,
        106787.4,
        107597.6,
        108746.6,
        107584.2,
        107993.6,
        106362.4,
        108083.6,
        107949.2,
        107600.0,
        107014.4,
        108411.8,
        108193.4,
        108080.0,
        107624.8,
        107542.6,
        107376.2,
        106311.0,
        107459.6,
        106453.6,
        107317.8,
        108995.8,
        107955.8,
        108539.4,
        107937.0,
        107515.6,
        109169.0,
        108396.2,
        107436.8,
        107777.8,
        107999.2,
        107299.4,
        108598.6,
        108446.4,
        106842.0,
        108330.2,
        106931.0,
        107911.6,
        108212.6,
        106815.4,
        108150.4,
        108239.0,
        106975.8,
        106854.6,
        107963.6,
        107604.2,
        107295.0,
        107411.2,
        106806.0,
        106973.8,
        107861.4,
        106469.6,
        108752.4,
        106760.4,
        107432.0,
        107153.8,
        107189.2,
        106497.0,
        106910.8,
        108670.6,
        106545.2,
        106771.2,
        107360.6,
        108970.2,
        107872.2,
        106544.6,
        107580.8,
        107734.0,
        106286.2,
        107522.6,
        106573.4,
        107704.2
    ],
    "best_objective_list": [
        125260.0,
        118670.0,
        115870.0,
        115460.0,
        111790.0,
        111070.0,
        111070.0,
        110770.0,
        110770.0,
        109670.0,
        109670.0,
        106070.0,
        106070.0,
        106070.0,
        106070.0,
        106070.0,
        105770.0,
        105770.0,
        105770.0,
        105770.0,
        105770.0,
        105770.0,
        105770.0,
        105770.0,
        105770.0,
        105770.0,
        105770.0,
        105770.0,
        105770.0,
        105770.0,
        105770.0,
        105770.0,
        105770.0,
        105770.0,
        105770.0,
        105770.0,
        105770.0,
        105770.0,
        105770.0,
        105770.0,
        105770.0,
        105770.0,
        105770.0,
        105770.0,
        105770.0,
        105370.0,
        105370.0,
        105250.0,
        105250.0,
        105250.0,
        104950.0,
        104950.0,
        104950.0,
        104950.0,
        104950.0,
        104950.0,
        104950.0,
        104950.0,
        104950.0,
        104950.0,
        104950.0,
        104950.0,
        104950.0,
        104950.0,
        104950.0,
        104950.0,
        104950.0,
        104950.0,
        104950.0,
        104950.0,
        104950.0,
        104950.0,
        104950.0,
        104950.0,
        104950.0,
        104950.0,
        104950.0,
        104950.0,
        104950.0,
        104950.0,
        104950.0,
        104950.0,
        104950.0,
        104950.0,
        104950.0,
        104950.0,
        104950.0,
        104950.0,
        104950.0,
        104950.0,
        104950.0,
        104950.0,
        104950.0,
        104950.0,
        104950.0,
        104850.0,
        104850.0,
        104850.0,
        104850.0,
        104750.0,
        104750.0,
        104750.0,
        104750.0,
        104750.0,
        104750.0,
        104750.0,
        104750.0,
        104750.0,
        104750.0,
        104750.0,
        104750.0,
        104750.0,
        104750.0,
        104750.0,
        104750.0,
        103750.0,
        103750.0,
        103750.0,
        103750.0,
        103750.0,
        103750.0,
        103750.0,
        103750.0,
        103750.0,
        103750.0,
        103750.0,
        103750.0,
        103750.0,
        103750.0,
        103750.0,
        103750.0,
        103750.0,
        103750.0,
        103750.0,
        103750.0,
        103750.0,
        103750.0,
        103750.0,
        103750.0,
        103750.0,
        103750.0,
        103750.0,
        103750.0,
        103750.0,
        103750.0,
        103750.0,
        103750.0,
        103750.0,
        103750.0
    ]
}