{
    "elapsed_time": 158.36328077316284,
    "best_objective": 99500.0,
    "neighbors": 14800,
    "best_solution": [
        1,
        2,
        4,
        16,
        3,
        5,
        15,
        7,
        19,
        6,
        0,
        8,
        20,
        10,
        11,
        12,
        29,
        25,
        17,
        9,
        14,
        18,
        21,
        26,
        23,
        24,
        13,
        27,
        28,
        22,
        30,
        31
    ],
    "average_objectives_list": [
        137511.3725490196,
        127650.4,
        119781.0,
        113781.4,
        110981.2,
        110613.0,
        109576.6,
        109018.4,
        108591.8,
        107967.6,
        107285.0,
        106852.0,
        106315.4,
        106230.6,
        106371.4,
        106091.0,
        105656.4,
        105666.0,
        105387.0,
        105553.2,
        106061.4,
        105241.8,
        104806.8,
        105080.4,
        105088.4,
        105384.4,
        104932.6,
        106106.8,
        105567.2,
        105425.4,
        105862.8,
        104934.8,
        105634.6,
        105895.6,
        105747.0,
        105600.8,
        106983.8,
        105646.6,
        105056.0,
        104546.0,
        105439.8,
        103714.0,
        104764.0,
        104749.4,
        105350.0,
        105461.8,
        104722.6,
        103964.0,
        103372.0,
        104300.0,
        104660.2,
        104184.8,
        105184.2,
        105548.2,
        107394.0,
        105214.0,
        104972.0,
        106662.4,
        104137.8,
        105386.0,
        105764.8,
        104321.0,
        105481.8,
        105407.4,
        105209.4,
        105141.4,
        105381.4,
        105813.0,
        104023.0,
        104276.0,
        105094.4,
        104754.0,
        104922.2,
        104526.0,
        103848.6,
        103637.0,
        105044.0,
        103928.6,
        103484.0,
        105384.4,
        104143.6,
        104621.6,
        103566.0,
        105403.4,
        105501.6,
        103316.0,
        102788.2,
        103202.2,
        105527.4,
        104096.2,
        103986.2,
        105318.8,
        103985.4,
        104869.6,
        103959.8,
        104301.0,
        105872.8,
        104331.8,
        106558.0,
        105709.4,
        103518.8,
        102348.8,
        103869.6,
        105567.4,
        104881.0,
        104719.6,
        104299.6,
        104017.4,
        103571.8,
        103999.4,
        103365.0,
        105439.6,
        105656.4,
        102652.4,
        104237.2,
        102797.2,
        104416.6,
        105615.2,
        103196.0,
        103867.2,
        104205.6,
        104016.0,
        106438.0,
        104106.0,
        104413.6,
        103453.8,
        104186.6,
        105121.8,
        105700.4,
        103556.8,
        103009.4,
        104827.0,
        105719.6,
        106915.6,
        104824.6,
        104222.8,
        104820.6,
        105665.0,
        103062.4,
        103883.8,
        103621.2,
        103718.4,
        104043.6,
        106036.8,
        105418.0,
        102292.6,
        104983.0,
        105125.8,
        103582.4
    ],
    "best_objective_list": [
        124660.0,
        114130.0,
        110900.0,
        110900.0,
        109300.0,
        109070.0,
        106670.0,
        106670.0,
        105570.0,
        105570.0,
        105570.0,
        105070.0,
        104170.0,
        103270.0,
        103270.0,
        103270.0,
        103270.0,
        103270.0,
        103270.0,
        103270.0,
        103270.0,
        103270.0,
        103270.0,
        103270.0,
        103270.0,
        103270.0,
        103270.0,
        103270.0,
        103270.0,
        102300.0,
        102300.0,
        102300.0,
        102300.0,
        102300.0,
        102300.0,
        102300.0,
        102300.0,
        102300.0,
        102300.0,
        102300.0,
        102300.0,
        102300.0,
        102300.0,
        102300.0,
        102300.0,
        102300.0,
        102300.0,
        102300.0,
        102300.0,
        102300.0,
        102300.0,
        102300.0,
        102300.0,
        102300.0,
        102300.0,
        102300.0,
        102300.0,
        102300.0,
        102300.0,
        102300.0,
        102300.0,
        102300.0,
        102300.0,
        102300.0,
        102300.0,
        102300.0,
        102300.0,
        102300.0,
        102300.0,
        102300.0,
        102300.0,
        102300.0,
        102300.0,
        101100.0,
        101100.0,
        101100.0,
        101100.0,
        101100.0,
        101100.0,
        100900.0,
        100900.0,
        100900.0,
        100900.0,
        100900.0,
        100900.0,
        100900.0,
        100300.0,
        100300.0,
        100300.0,
        100300.0,
        100300.0,
        100300.0,
        100300.0,
        100300.0,
        100300.0,
        100300.0,
        100300.0,
        100300.0,
        100300.0,
        100300.0,
        100300.0,
        100300.0,
        99500.0,
        99500.0,
        99500.0,
        99500.0,
        99500.0,
        99500.0,
        99500.0,
        99500.0,
        99500.0,
        99500.0,
        99500.0,
        99500.0,
        99500.0,
        99500.0,
        99500.0,
        99500.0,
        99500.0,
        99500.0,
        99500.0,
        99500.0,
        99500.0,
        99500.0,
        99500.0,
        99500.0,
        99500.0,
        99500.0,
        99500.0,
        99500.0,
        99500.0,
        99500.0,
        99500.0,
        99500.0,
        99500.0,
        99500.0,
        99500.0,
        99500.0,
        99500.0,
        99500.0,
        99500.0,
        99500.0,
        99500.0,
        99500.0,
        99500.0,
        99500.0,
        99500.0,
        99500.0,
        99500.0
    ]
}