{
    "elapsed_time": 160.2787365913391,
    "best_objective": 105510.0,
    "neighbors": 14800,
    "best_solution": [
        1,
        2,
        11,
        21,
        4,
        6,
        15,
        8,
        10,
        0,
        12,
        7,
        19,
        16,
        17,
        26,
        22,
        20,
        9,
        30,
        23,
        3,
        5,
        14,
        24,
        25,
        13,
        27,
        28,
        29,
        18,
        31
    ],
    "average_objectives_list": [
        136828.03921568627,
        127480.4,
        121878.6,
        122007.6,
        120312.4,
        117329.0,
        116734.2,
        116639.0,
        116340.8,
        115505.8,
        114835.0,
        114988.8,
        115893.8,
        115114.0,
        114922.4,
        115380.8,
        114542.2,
        114540.6,
        114326.8,
        114042.2,
        113581.2,
        113528.8,
        113533.8,
        114006.6,
        113323.2,
        113277.0,
        113379.0,
        112856.8,
        113509.4,
        113779.4,
        113351.4,
        112896.8,
        113436.8,
        112590.2,
        113239.6,
        113117.0,
        112646.2,
        113185.2,
        112581.6,
        113746.2,
        112102.6,
        112055.0,
        112891.6,
        112341.6,
        112252.0,
        112734.2,
        112189.6,
        111456.4,
        111500.0,
        110519.8,
        110873.0,
        110767.2,
        111625.2,
        110444.2,
        110694.4,
        110275.2,
        110631.2,
        111315.2,
        110985.6,
        110783.8,
        111199.4,
        109880.6,
        110795.8,
        110150.8,
        110616.4,
        111326.2,
        110667.0,
        111056.2,
        112276.0,
        112645.2,
        111688.4,
        112256.6,
        112075.2,
        111544.0,
        112467.8,
        112642.6,
        112415.4,
        111682.8,
        111984.6,
        111217.8,
        111942.6,
        110870.8,
        110369.8,
        110854.0,
        110785.4,
        109729.2,
        110195.6,
        111750.4,
        112408.0,
        111381.8,
        111752.6,
        110937.8,
        111744.0,
        110097.4,
        110784.8,
        111897.2,
        111427.6,
        110470.4,
        110548.2,
        112085.2,
        111615.6,
        110458.0,
        109567.0,
        111395.4,
        111158.0,
        111704.2,
        110192.6,
        110986.6,
        111416.4,
        111739.6,
        111512.0,
        111519.4,
        111105.4,
        110663.6,
        111385.2,
        110899.2,
        109576.8,
        111896.6,
        110201.4,
        111467.0,
        112043.6,
        110143.8,
        110349.4,
        111532.0,
        111163.4,
        111842.6,
        110759.0,
        112081.8,
        111547.6,
        112117.0,
        110704.6,
        111140.6,
        109155.6,
        109775.4,
        110911.8,
        109522.2,
        111885.4,
        110242.8,
        110124.2,
        111447.4,
        110841.6,
        110486.6,
        111136.2,
        111261.0,
        111219.0,
        112208.2,
        110696.0,
        109231.2,
        110789.0
    ],
    "best_objective_list": [
        122520.0,
        120960.0,
        117090.0,
        117090.0,
        116470.0,
        114870.0,
        114870.0,
        114870.0,
        114760.0,
        114570.0,
        114160.0,
        114160.0,
        114160.0,
        114160.0,
        114160.0,
        114160.0,
        114160.0,
        112960.0,
        112860.0,
        112610.0,
        112610.0,
        112310.0,
        112110.0,
        112110.0,
        112110.0,
        112110.0,
        112110.0,
        112110.0,
        112110.0,
        111910.0,
        111910.0,
        111910.0,
        111910.0,
        111910.0,
        111910.0,
        111910.0,
        111910.0,
        111910.0,
        111310.0,
        111310.0,
        109710.0,
        109710.0,
        109710.0,
        109710.0,
        107910.0,
        107910.0,
        107910.0,
        107510.0,
        107510.0,
        107510.0,
        107510.0,
        107510.0,
        107510.0,
        107510.0,
        107510.0,
        107510.0,
        107510.0,
        107510.0,
        107510.0,
        107510.0,
        107510.0,
        107510.0,
        107510.0,
        106710.0,
        106710.0,
        106710.0,
        106710.0,
        106710.0,
        106710.0,
        106710.0,
        106710.0,
        106710.0,
        106710.0,
        106710.0,
        105510.0,
        105510.0,
        105510.0,
        105510.0,
        105510.0,
        105510.0,
        105510.0,
        105510.0,
        105510.0,
        105510.0,
        105510.0,
        105510.0,
        105510.0,
        105510.0,
        105510.0,
        105510.0,
        105510.0,
        105510.0,
        105510.0,
        105510.0,
        105510.0,
        105510.0,
        105510.0,
        105510.0,
        105510.0,
        105510.0,
        105510.0,
        105510.0,
        105510.0,
        105510.0,
        105510.0,
        105510.0,
        105510.0,
        105510.0,
        105510.0,
        105510.0,
        105510.0,
        105510.0,
        105510.0,
        105510.0,
        105510.0,
        105510.0,
        105510.0,
        105510.0,
        105510.0,
        105510.0,
        105510.0,
        105510.0,
        105510.0,
        105510.0,
        105510.0,
        105510.0,
        105510.0,
        105510.0,
        105510.0,
        105510.0,
        105510.0,
        105510.0,
        105510.0,
        105510.0,
        105510.0,
        105510.0,
        105510.0,
        105510.0,
        105510.0,
        105510.0,
        105510.0,
        105510.0,
        105510.0,
        105510.0,
        105510.0,
        105510.0,
        105510.0,
        105510.0,
        105510.0
    ]
}