{
    "elapsed_time": 159.18184423446655,
    "best_objective": 100260.0,
    "neighbors": 14800,
    "best_solution": [
        1,
        2,
        3,
        4,
        15,
        5,
        16,
        11,
        10,
        0,
        19,
        21,
        12,
        6,
        7,
        8,
        18,
        14,
        28,
        23,
        24,
        25,
        22,
        17,
        9,
        13,
        20,
        26,
        27,
        29,
        30,
        31
    ],
    "average_objectives_list": [
        136470.58823529413,
        126470.6,
        119582.4,
        115599.0,
        113886.0,
        113634.2,
        113126.4,
        112430.0,
        112818.4,
        113395.2,
        111749.0,
        111240.6,
        111554.6,
        111777.0,
        110601.4,
        111493.0,
        111325.8,
        111014.8,
        110116.6,
        109313.0,
        110089.0,
        109053.8,
        110413.4,
        109525.0,
        109952.4,
        108044.4,
        109405.6,
        108790.2,
        108324.0,
        107927.6,
        108219.0,
        108537.0,
        109309.8,
        107271.8,
        108747.4,
        107566.0,
        108736.6,
        107751.0,
        108328.6,
        109071.2,
        109974.4,
        108971.2,
        108690.8,
        107991.0,
        107554.0,
        107991.6,
        109235.4,
        107292.0,
        107416.0,
        109500.6,
        109714.4,
        106795.4,
        106767.2,
        106343.4,
        106481.8,
        105469.4,
        109161.0,
        106947.4,
        107268.6,
        105923.4,
        107560.6,
        105545.8,
        106942.4,
        105362.6,
        105524.8,
        106649.6,
        106110.8,
        106071.8,
        107150.2,
        106552.4,
        107751.0,
        109101.6,
        105690.4,
        105895.4,
        107672.4,
        108858.6,
        108235.0,
        106363.2,
        106224.0,
        104834.0,
        105869.2,
        106004.8,
        104914.2,
        104302.0,
        105305.0,
        107014.6,
        104902.4,
        105502.0,
        104922.6,
        106442.6,
        107026.0,
        104893.8,
        105332.0,
        107205.6,
        106713.4,
        106031.2,
        106335.4,
        106561.6,
        106193.2,
        107429.4,
        105037.0,
        104279.4,
        105648.6,
        106238.0,
        104539.2,
        105645.0,
        106052.6,
        105838.4,
        104778.8,
        106245.2,
        106514.6,
        106536.6,
        106362.2,
        106224.2,
        106466.6,
        107973.8,
        105016.4,
        105168.4,
        107183.8,
        106104.4,
        103369.4,
        103736.8,
        102277.0,
        108284.0,
        104319.8,
        104202.0,
        105704.8,
        103996.8,
        105991.0,
        102028.0,
        104389.6,
        102083.8,
        103020.8,
        103762.8,
        102730.4,
        105057.0,
        102786.8,
        101874.0,
        105622.6,
        103330.8,
        101911.8,
        102982.8,
        103400.6,
        104212.6,
        104147.6,
        104913.4,
        104997.8,
        103857.8,
        102470.4
    ],
    "best_objective_list": [
        127250.0,
        117740.0,
        114000.0,
        113700.0,
        113700.0,
        112500.0,
        112300.0,
        111400.0,
        111100.0,
        109800.0,
        109800.0,
        109800.0,
        109400.0,
        109000.0,
        109000.0,
        108830.0,
        108030.0,
        107730.0,
        107630.0,
        107630.0,
        107630.0,
        107530.0,
        107530.0,
        107330.0,
        106930.0,
        106930.0,
        106930.0,
        106930.0,
        106930.0,
        106930.0,
        106930.0,
        106930.0,
        106930.0,
        106930.0,
        106930.0,
        106930.0,
        106930.0,
        106930.0,
        106930.0,
        106930.0,
        106930.0,
        106930.0,
        106930.0,
        106930.0,
        106930.0,
        106930.0,
        106930.0,
        106730.0,
        106730.0,
        106060.0,
        104460.0,
        104160.0,
        104160.0,
        103760.0,
        103760.0,
        103560.0,
        103560.0,
        103560.0,
        103560.0,
        103560.0,
        102960.0,
        102960.0,
        102960.0,
        102860.0,
        102860.0,
        102860.0,
        102860.0,
        102860.0,
        102860.0,
        102860.0,
        102860.0,
        102860.0,
        102460.0,
        102460.0,
        102460.0,
        102460.0,
        102460.0,
        102460.0,
        102460.0,
        102460.0,
        102460.0,
        102460.0,
        102460.0,
        102460.0,
        102460.0,
        102460.0,
        102460.0,
        102460.0,
        102460.0,
        102460.0,
        102460.0,
        102460.0,
        102460.0,
        102460.0,
        102460.0,
        102460.0,
        102460.0,
        102460.0,
        102460.0,
        102460.0,
        102460.0,
        102460.0,
        102460.0,
        102460.0,
        102460.0,
        102460.0,
        102460.0,
        102460.0,
        102460.0,
        102460.0,
        102460.0,
        102460.0,
        102460.0,
        101960.0,
        101960.0,
        101960.0,
        101660.0,
        101660.0,
        101660.0,
        101660.0,
        101660.0,
        101660.0,
        101660.0,
        101660.0,
        101660.0,
        101660.0,
        101360.0,
        100360.0,
        100360.0,
        100360.0,
        100360.0,
        100360.0,
        100360.0,
        100360.0,
        100360.0,
        100360.0,
        100360.0,
        100260.0,
        100260.0,
        100260.0,
        100260.0,
        100260.0,
        100260.0,
        100260.0,
        100260.0,
        100260.0,
        100260.0,
        100260.0,
        100260.0
    ]
}