{
    "elapsed_time": 159.80925726890564,
    "best_objective": 105010.0,
    "neighbors": 14800,
    "best_solution": [
        1,
        25,
        4,
        6,
        5,
        2,
        0,
        8,
        3,
        10,
        11,
        21,
        14,
        15,
        16,
        7,
        29,
        17,
        13,
        9,
        19,
        20,
        12,
        30,
        23,
        24,
        26,
        27,
        18,
        28,
        22,
        31
    ],
    "average_objectives_list": [
        136411.3725490196,
        127071.6,
        120827.8,
        117842.8,
        116302.8,
        114958.6,
        114563.2,
        115095.4,
        114518.8,
        114254.4,
        114153.4,
        113886.6,
        114478.6,
        114847.0,
        113015.6,
        112504.0,
        112149.6,
        112851.6,
        113514.0,
        112191.2,
        112497.4,
        112649.0,
        113434.6,
        112919.8,
        112689.4,
        112881.2,
        112506.6,
        112143.6,
        112553.2,
        111749.4,
        111347.2,
        112137.8,
        110932.8,
        110692.0,
        110170.8,
        110854.0,
        110847.0,
        110931.0,
        110844.8,
        110781.4,
        111301.0,
        111053.6,
        111128.2,
        109206.2,
        110687.4,
        110700.6,
        111105.0,
        110292.4,
        110397.0,
        110734.4,
        110830.2,
        110489.0,
        111718.0,
        111459.4,
        110726.6,
        110861.6,
        110685.8,
        111800.8,
        110254.0,
        110751.6,
        110370.6,
        110209.0,
        111393.8,
        109228.2,
        111705.2,
        111038.2,
        110111.4,
        110176.8,
        111254.0,
        111989.8,
        109604.0,
        113035.0,
        109660.0,
        111132.4,
        110456.6,
        110211.0,
        109504.0,
        111474.2,
        110968.2,
        111554.2,
        110050.8,
        110944.0,
        110810.6,
        111537.8,
        110464.4,
        111402.6,
        111616.8,
        110370.2,
        109159.6,
        109301.6,
        110514.2,
        111207.4,
        109549.6,
        109723.4,
        111902.4,
        110264.0,
        111487.2,
        111836.6,
        111113.2,
        111178.6,
        111006.0,
        112042.6,
        111141.4,
        110342.8,
        111632.0,
        110369.8,
        110874.8,
        110823.8,
        111612.2,
        111851.8,
        110508.4,
        110722.4,
        111594.6,
        111456.4,
        109966.4,
        111269.4,
        111397.2,
        109393.4,
        112290.0,
        110035.8,
        110758.4,
        111346.6,
        110966.6,
        112322.0,
        111705.6,
        109312.4,
        110667.0,
        111654.4,
        110432.2,
        111527.2,
        111090.2,
        110146.6,
        110973.2,
        109206.6,
        110625.4,
        109976.4,
        111839.0,
        110035.4,
        110097.2,
        111560.4,
        110099.2,
        109561.8,
        111394.4,
        109659.2,
        110258.0,
        110484.2,
        111300.8,
        111480.6,
        112015.8
    ],
    "best_objective_list": [
        128720.0,
        118350.0,
        116080.0,
        115180.0,
        112790.0,
        112790.0,
        112790.0,
        112790.0,
        112790.0,
        112790.0,
        112790.0,
        112780.0,
        112580.0,
        111400.0,
        110580.0,
        110580.0,
        110580.0,
        110580.0,
        110580.0,
        110580.0,
        110580.0,
        109780.0,
        109780.0,
        109780.0,
        109780.0,
        109780.0,
        109780.0,
        109780.0,
        109780.0,
        109480.0,
        108080.0,
        108080.0,
        107380.0,
        107110.0,
        107110.0,
        107110.0,
        107110.0,
        107110.0,
        107110.0,
        106210.0,
        106210.0,
        106210.0,
        106210.0,
        106210.0,
        106210.0,
        106210.0,
        106210.0,
        106210.0,
        106210.0,
        106210.0,
        106210.0,
        106210.0,
        106210.0,
        106210.0,
        106210.0,
        106210.0,
        106210.0,
        106210.0,
        106210.0,
        106210.0,
        106210.0,
        106210.0,
        106210.0,
        106210.0,
        106210.0,
        106210.0,
        106210.0,
        106210.0,
        106210.0,
        106210.0,
        106210.0,
        106210.0,
        106210.0,
        106210.0,
        106210.0,
        106210.0,
        106210.0,
        106210.0,
        106210.0,
        106210.0,
        106210.0,
        106210.0,
        106210.0,
        106210.0,
        106210.0,
        106210.0,
        106210.0,
        106210.0,
        106210.0,
        106210.0,
        106210.0,
        106210.0,
        106210.0,
        105610.0,
        105610.0,
        105610.0,
        105610.0,
        105610.0,
        105310.0,
        105310.0,
        105310.0,
        105310.0,
        105310.0,
        105310.0,
        105310.0,
        105310.0,
        105310.0,
        105310.0,
        105310.0,
        105310.0,
        105310.0,
        105310.0,
        105310.0,
        105310.0,
        105310.0,
        105310.0,
        105310.0,
        105310.0,
        105310.0,
        105310.0,
        105310.0,
        105310.0,
        105310.0,
        105310.0,
        105310.0,
        105310.0,
        105310.0,
        105310.0,
        105310.0,
        105310.0,
        105310.0,
        105310.0,
        105310.0,
        105310.0,
        105310.0,
        105310.0,
        105310.0,
        105310.0,
        105310.0,
        105310.0,
        105310.0,
        105310.0,
        105310.0,
        105310.0,
        105310.0,
        105010.0,
        105010.0,
        105010.0,
        105010.0
    ]
}