{
    "elapsed_time": 157.40252995491028,
    "best_objective": 105420.0,
    "neighbors": 14800,
    "best_solution": [
        0,
        2,
        19,
        8,
        1,
        10,
        6,
        12,
        5,
        16,
        25,
        15,
        3,
        4,
        7,
        14,
        26,
        30,
        13,
        17,
        18,
        11,
        20,
        27,
        23,
        22,
        28,
        9,
        24,
        21,
        29,
        31
    ],
    "average_objectives_list": [
        137848.6274509804,
        126771.6,
        121818.0,
        119360.8,
        117847.2,
        117140.6,
        116971.4,
        117164.8,
        116688.4,
        115902.6,
        116448.6,
        114907.8,
        116002.4,
        114214.8,
        113512.8,
        113854.2,
        113638.0,
        112479.2,
        112010.8,
        112522.0,
        111908.8,
        111827.6,
        111515.8,
        110934.6,
        111525.8,
        112669.8,
        111267.6,
        111565.6,
        110108.8,
        111604.0,
        112361.4,
        110987.8,
        110715.8,
        111255.8,
        111895.6,
        111556.2,
        111408.0,
        111418.4,
        110950.0,
        111276.6,
        110644.0,
        110037.0,
        110311.4,
        111089.6,
        111589.2,
        110930.8,
        110397.2,
        110193.4,
        109601.4,
        110924.8,
        110839.8,
        112012.8,
        110525.6,
        110238.6,
        109243.0,
        111661.6,
        110571.8,
        110318.2,
        110728.4,
        110233.4,
        110400.6,
        110139.0,
        110481.2,
        109272.0,
        110770.8,
        109657.4,
        109716.4,
        108761.4,
        110144.4,
        109349.8,
        109582.6,
        109157.8,
        110090.0,
        110492.4,
        108961.0,
        110119.0,
        110294.6,
        108952.8,
        110007.6,
        109887.4,
        110972.6,
        109110.4,
        110373.4,
        109828.0,
        110043.6,
        109581.8,
        111130.2,
        110837.0,
        110724.6,
        109461.6,
        109860.8,
        111470.8,
        108564.0,
        110642.8,
        111833.4,
        111425.2,
        110847.2,
        109698.2,
        111226.8,
        110707.0,
        110498.0,
        111479.6,
        109546.2,
        110173.0,
        110115.8,
        110226.2,
        110424.8,
        110426.0,
        111787.2,
        111820.2,
        111640.6,
        110893.2,
        109032.0,
        111450.4,
        111545.4,
        110590.2,
        110197.4,
        109479.6,
        111348.6,
        108905.0,
        110812.6,
        110060.4,
        109920.4,
        110173.2,
        112327.6,
        109868.8,
        110297.6,
        108788.4,
        110083.4,
        110043.0,
        111801.8,
        110390.0,
        111550.6,
        110583.0,
        111171.6,
        110997.2,
        111862.8,
        109838.8,
        111910.2,
        110082.2,
        108574.4,
        111769.4,
        110165.0,
        112437.0,
        110120.2,
        111271.2,
        110318.0,
        108582.8,
        109682.8
    ],
    "best_objective_list": [
        119690.0,
        117760.0,
        116820.0,
        116820.0,
        115440.0,
        114520.0,
        113640.0,
        113640.0,
        113640.0,
        112490.0,
        112290.0,
        112140.0,
        112140.0,
        111910.0,
        111710.0,
        110110.0,
        110110.0,
        110110.0,
        110110.0,
        110110.0,
        108510.0,
        108510.0,
        108410.0,
        108410.0,
        108410.0,
        108410.0,
        108310.0,
        108210.0,
        108010.0,
        108010.0,
        108010.0,
        108010.0,
        108010.0,
        107610.0,
        107610.0,
        107610.0,
        107610.0,
        107610.0,
        107420.0,
        107420.0,
        107420.0,
        107420.0,
        106320.0,
        106320.0,
        106320.0,
        106320.0,
        106320.0,
        106320.0,
        106320.0,
        106320.0,
        106320.0,
        106320.0,
        105820.0,
        105820.0,
        105820.0,
        105820.0,
        105820.0,
        105820.0,
        105820.0,
        105820.0,
        105820.0,
        105820.0,
        105820.0,
        105820.0,
        105820.0,
        105820.0,
        105820.0,
        105820.0,
        105820.0,
        105820.0,
        105820.0,
        105820.0,
        105820.0,
        105820.0,
        105820.0,
        105820.0,
        105820.0,
        105820.0,
        105820.0,
        105820.0,
        105820.0,
        105820.0,
        105820.0,
        105820.0,
        105820.0,
        105820.0,
        105820.0,
        105820.0,
        105820.0,
        105820.0,
        105720.0,
        105720.0,
        105720.0,
        105720.0,
        105720.0,
        105720.0,
        105720.0,
        105720.0,
        105720.0,
        105720.0,
        105720.0,
        105720.0,
        105720.0,
        105720.0,
        105720.0,
        105720.0,
        105720.0,
        105720.0,
        105720.0,
        105720.0,
        105720.0,
        105720.0,
        105720.0,
        105720.0,
        105720.0,
        105720.0,
        105720.0,
        105720.0,
        105720.0,
        105720.0,
        105720.0,
        105420.0,
        105420.0,
        105420.0,
        105420.0,
        105420.0,
        105420.0,
        105420.0,
        105420.0,
        105420.0,
        105420.0,
        105420.0,
        105420.0,
        105420.0,
        105420.0,
        105420.0,
        105420.0,
        105420.0,
        105420.0,
        105420.0,
        105420.0,
        105420.0,
        105420.0,
        105420.0,
        105420.0,
        105420.0,
        105420.0,
        105420.0,
        105420.0
    ]
}