{
    "elapsed_time": 160.39881110191345,
    "best_objective": 101770.0,
    "neighbors": 14800,
    "best_solution": [
        1,
        2,
        4,
        5,
        7,
        6,
        15,
        16,
        19,
        0,
        10,
        21,
        30,
        8,
        11,
        12,
        9,
        27,
        14,
        17,
        22,
        20,
        3,
        13,
        18,
        28,
        25,
        26,
        23,
        24,
        29,
        31
    ],
    "average_objectives_list": [
        137110.39215686274,
        127699.8,
        122064.8,
        118863.0,
        116977.6,
        115168.4,
        115138.8,
        113823.0,
        114332.2,
        113825.6,
        113985.0,
        113726.0,
        113570.4,
        114300.6,
        113864.4,
        114002.6,
        113666.6,
        113554.8,
        113885.2,
        113093.6,
        113308.8,
        113786.2,
        113789.8,
        109849.0,
        108417.2,
        107862.0,
        106540.0,
        107516.8,
        106376.0,
        106982.0,
        107371.8,
        106124.6,
        108374.2,
        106652.6,
        105672.0,
        107084.2,
        106512.8,
        106166.2,
        105364.0,
        106218.8,
        106145.0,
        107297.2,
        105779.6,
        106530.6,
        106811.4,
        106876.2,
        105689.0,
        106335.4,
        105169.2,
        106187.2,
        105315.8,
        107151.0,
        106387.6,
        104973.8,
        107070.8,
        105932.2,
        106936.0,
        105785.6,
        106249.8,
        105647.0,
        105725.6,
        104416.0,
        105672.2,
        105728.8,
        104242.4,
        105873.4,
        105812.6,
        107487.0,
        106712.6,
        104348.6,
        106045.8,
        105719.0,
        105596.2,
        106352.6,
        104874.0,
        105146.0,
        106717.0,
        105339.8,
        106639.0,
        105412.4,
        105681.8,
        106472.2,
        105470.0,
        105950.0,
        109046.0,
        106352.6,
        105038.2,
        103787.2,
        105058.6,
        106197.4,
        106025.0,
        104996.0,
        105046.8,
        106740.2,
        104260.2,
        106185.2,
        105961.8,
        105590.8,
        105832.4,
        104279.8,
        107573.8,
        105405.6,
        105514.4,
        105074.6,
        106501.4,
        104789.2,
        104544.6,
        107001.6,
        106975.2,
        105699.0,
        106406.4,
        106648.6,
        105268.0,
        106210.2,
        105522.2,
        106665.4,
        107111.0,
        106465.0,
        105374.2,
        107145.8,
        106089.6,
        104152.4,
        106590.0,
        106202.8,
        106983.8,
        108028.8,
        106963.8,
        102929.6,
        105190.8,
        104823.4,
        107567.8,
        106748.2,
        105199.8,
        104792.8,
        104721.6,
        106387.2,
        104154.6,
        105848.4,
        105720.8,
        106479.4,
        104848.4,
        105260.8,
        105883.6,
        107061.0,
        104003.2,
        105290.6,
        104973.4,
        105592.4,
        105226.8
    ],
    "best_objective_list": [
        127410.0,
        120520.0,
        117740.0,
        116510.0,
        113810.0,
        113710.0,
        113710.0,
        113710.0,
        113710.0,
        112910.0,
        112410.0,
        111490.0,
        111490.0,
        111490.0,
        111490.0,
        111490.0,
        111490.0,
        111490.0,
        111490.0,
        111290.0,
        110890.0,
        109610.0,
        107910.0,
        107910.0,
        105310.0,
        105310.0,
        104910.0,
        104910.0,
        104910.0,
        104910.0,
        104910.0,
        104610.0,
        104610.0,
        104610.0,
        104610.0,
        104310.0,
        104310.0,
        104310.0,
        104310.0,
        104190.0,
        104190.0,
        104190.0,
        104190.0,
        103790.0,
        103790.0,
        103790.0,
        103790.0,
        103790.0,
        103390.0,
        103170.0,
        103070.0,
        103070.0,
        103070.0,
        102870.0,
        102870.0,
        102870.0,
        102870.0,
        102870.0,
        102870.0,
        102770.0,
        102770.0,
        102770.0,
        102770.0,
        102770.0,
        102770.0,
        102770.0,
        102770.0,
        102770.0,
        102770.0,
        102270.0,
        102270.0,
        102270.0,
        102270.0,
        102270.0,
        102270.0,
        102270.0,
        102270.0,
        102270.0,
        102270.0,
        102270.0,
        102170.0,
        102170.0,
        102170.0,
        102170.0,
        102170.0,
        102170.0,
        102170.0,
        102170.0,
        102170.0,
        102170.0,
        102170.0,
        102170.0,
        102170.0,
        101870.0,
        101870.0,
        101870.0,
        101870.0,
        101870.0,
        101870.0,
        101870.0,
        101870.0,
        101870.0,
        101870.0,
        101870.0,
        101870.0,
        101870.0,
        101870.0,
        101870.0,
        101870.0,
        101870.0,
        101870.0,
        101870.0,
        101870.0,
        101870.0,
        101870.0,
        101870.0,
        101870.0,
        101870.0,
        101870.0,
        101870.0,
        101870.0,
        101870.0,
        101870.0,
        101870.0,
        101870.0,
        101870.0,
        101870.0,
        101870.0,
        101870.0,
        101870.0,
        101870.0,
        101870.0,
        101870.0,
        101870.0,
        101870.0,
        101870.0,
        101870.0,
        101870.0,
        101870.0,
        101870.0,
        101770.0,
        101770.0,
        101770.0,
        101770.0,
        101770.0,
        101770.0,
        101770.0,
        101770.0,
        101770.0
    ]
}