{
    "elapsed_time": 158.84452843666077,
    "best_objective": 104220.0,
    "neighbors": 14800,
    "best_solution": [
        1,
        3,
        4,
        21,
        10,
        0,
        15,
        7,
        16,
        5,
        6,
        8,
        9,
        11,
        12,
        30,
        14,
        25,
        28,
        18,
        20,
        2,
        19,
        23,
        26,
        17,
        22,
        24,
        27,
        29,
        13,
        31
    ],
    "average_objectives_list": [
        138261.568627451,
        127979.0,
        120707.4,
        118551.8,
        117018.4,
        116237.8,
        114235.6,
        111697.2,
        111264.6,
        111434.6,
        109577.4,
        110390.4,
        111099.4,
        109648.6,
        109608.4,
        110600.8,
        109093.8,
        109187.0,
        109221.6,
        111256.8,
        110571.0,
        109975.4,
        110133.0,
        111676.0,
        110777.8,
        110141.4,
        109503.8,
        109734.2,
        109882.6,
        111464.2,
        110450.8,
        108905.8,
        109507.8,
        110494.0,
        110398.2,
        109279.8,
        110907.2,
        109448.8,
        109503.6,
        110927.8,
        109852.4,
        109721.4,
        109480.8,
        109547.4,
        108029.2,
        108691.4,
        109646.0,
        110148.4,
        109906.6,
        110499.8,
        109957.8,
        108768.2,
        110125.8,
        109222.8,
        109822.4,
        109433.6,
        109656.8,
        110567.0,
        110828.6,
        110814.4,
        110460.6,
        108666.6,
        109985.2,
        109151.8,
        109936.6,
        111095.8,
        109948.2,
        108818.4,
        110346.0,
        110755.2,
        111292.4,
        109563.6,
        109698.8,
        110382.6,
        108540.2,
        108173.2,
        109204.4,
        108938.8,
        109467.8,
        108975.0,
        108459.2,
        107357.0,
        109005.0,
        107029.0,
        108279.2,
        110547.2,
        107181.4,
        107478.4,
        107969.0,
        109357.4,
        108460.6,
        108300.6,
        110046.2,
        109091.6,
        108783.0,
        110368.8,
        108487.8,
        108147.8,
        110073.2,
        108448.2,
        108568.4,
        108325.8,
        107525.0,
        108943.4,
        107641.4,
        108201.4,
        107439.6,
        108868.8,
        108619.2,
        109648.0,
        108476.6,
        106718.6,
        109486.8,
        108085.4,
        107363.0,
        108931.4,
        109757.6,
        108099.0,
        109360.2,
        108486.6,
        109851.6,
        108705.4,
        107391.8,
        107802.0,
        108385.8,
        108307.4,
        108282.6,
        106005.6,
        109706.2,
        109675.8,
        108234.2,
        108807.8,
        108244.2,
        107944.8,
        108155.0,
        108573.8,
        107458.4,
        108686.6,
        108037.4,
        107652.6,
        107505.4,
        108515.4,
        107082.8,
        109168.6,
        109215.2,
        108831.0,
        109889.4,
        107646.6,
        108253.4
    ],
    "best_objective_list": [
        130790.0,
        117060.0,
        117060.0,
        117060.0,
        113560.0,
        111360.0,
        109160.0,
        109160.0,
        109160.0,
        107040.0,
        107040.0,
        107040.0,
        107040.0,
        107040.0,
        107040.0,
        107040.0,
        107040.0,
        107040.0,
        107040.0,
        107040.0,
        107040.0,
        107040.0,
        107040.0,
        107040.0,
        107040.0,
        107040.0,
        107040.0,
        107040.0,
        107040.0,
        107040.0,
        106720.0,
        106720.0,
        106720.0,
        106720.0,
        106720.0,
        106520.0,
        106520.0,
        106520.0,
        106520.0,
        106520.0,
        106520.0,
        106520.0,
        106520.0,
        106520.0,
        106520.0,
        106520.0,
        106520.0,
        106520.0,
        106520.0,
        106520.0,
        106520.0,
        106520.0,
        106520.0,
        106520.0,
        106520.0,
        106520.0,
        106520.0,
        106520.0,
        106520.0,
        106520.0,
        106520.0,
        106520.0,
        106520.0,
        106520.0,
        106520.0,
        106520.0,
        106520.0,
        105720.0,
        105720.0,
        105720.0,
        105720.0,
        105720.0,
        105720.0,
        105720.0,
        105720.0,
        105720.0,
        105720.0,
        104620.0,
        104620.0,
        104620.0,
        104620.0,
        104620.0,
        104620.0,
        104620.0,
        104620.0,
        104620.0,
        104620.0,
        104620.0,
        104620.0,
        104620.0,
        104620.0,
        104620.0,
        104220.0,
        104220.0,
        104220.0,
        104220.0,
        104220.0,
        104220.0,
        104220.0,
        104220.0,
        104220.0,
        104220.0,
        104220.0,
        104220.0,
        104220.0,
        104220.0,
        104220.0,
        104220.0,
        104220.0,
        104220.0,
        104220.0,
        104220.0,
        104220.0,
        104220.0,
        104220.0,
        104220.0,
        104220.0,
        104220.0,
        104220.0,
        104220.0,
        104220.0,
        104220.0,
        104220.0,
        104220.0,
        104220.0,
        104220.0,
        104220.0,
        104220.0,
        104220.0,
        104220.0,
        104220.0,
        104220.0,
        104220.0,
        104220.0,
        104220.0,
        104220.0,
        104220.0,
        104220.0,
        104220.0,
        104220.0,
        104220.0,
        104220.0,
        104220.0,
        104220.0,
        104220.0,
        104220.0,
        104220.0,
        104220.0,
        104220.0
    ]
}