{
    "elapsed_time": 156.4766390323639,
    "best_objective": 106170.0,
    "neighbors": 14800,
    "best_solution": [
        1,
        3,
        5,
        21,
        8,
        6,
        7,
        0,
        31,
        16,
        10,
        15,
        12,
        9,
        11,
        13,
        23,
        14,
        4,
        26,
        19,
        20,
        2,
        18,
        28,
        24,
        25,
        17,
        27,
        22,
        29,
        30
    ],
    "average_objectives_list": [
        138299.60784313726,
        128886.2,
        122310.8,
        120024.4,
        119517.6,
        118931.4,
        117259.0,
        115802.8,
        115369.0,
        115076.0,
        116030.2,
        114926.8,
        114717.4,
        114421.4,
        114383.2,
        115184.8,
        114597.8,
        114464.0,
        113255.8,
        114992.4,
        114195.4,
        113635.0,
        113059.2,
        112460.8,
        112651.6,
        113136.8,
        112611.6,
        112999.8,
        111783.4,
        112000.2,
        111763.2,
        113023.4,
        112614.8,
        111908.0,
        113065.4,
        111761.4,
        112266.8,
        111920.6,
        112404.4,
        113550.6,
        111802.8,
        111339.6,
        111412.6,
        111028.6,
        111959.8,
        112485.2,
        111837.0,
        111513.4,
        111276.8,
        111605.0,
        111372.6,
        111310.6,
        111082.8,
        111956.8,
        111932.6,
        111628.2,
        111350.2,
        111746.2,
        110785.4,
        112267.2,
        112251.8,
        112651.0,
        111749.8,
        111390.0,
        111168.0,
        111343.6,
        111683.0,
        111313.0,
        112261.0,
        110235.4,
        111245.4,
        109852.8,
        110363.0,
        111055.2,
        110205.8,
        112042.0,
        110459.8,
        111516.4,
        109968.8,
        110294.0,
        110061.0,
        110653.6,
        111600.0,
        111271.0,
        111793.0,
        112472.4,
        110955.2,
        109411.6,
        109791.0,
        110636.6,
        109677.4,
        109699.0,
        111921.2,
        111399.0,
        111498.8,
        112615.6,
        111065.0,
        110332.4,
        110221.8,
        110953.8,
        111146.6,
        110174.0,
        111126.0,
        112251.0,
        111856.4,
        111104.6,
        110530.4,
        109805.4,
        108359.2,
        110743.4,
        111084.8,
        111678.8,
        110669.6,
        111093.8,
        111219.0,
        108670.2,
        111148.4,
        111137.4,
        109474.0,
        110710.0,
        110816.2,
        111362.8,
        110303.0,
        110331.0,
        110577.0,
        110495.2,
        111999.8,
        111121.6,
        110830.6,
        111011.8,
        110883.4,
        110580.4,
        111491.8,
        110965.8,
        110213.8,
        109606.4,
        111843.2,
        110613.4,
        111395.4,
        110607.6,
        110632.8,
        111132.6,
        111745.0,
        109235.2,
        110467.8,
        110449.8,
        111028.4,
        109412.2,
        112059.4
    ],
    "best_objective_list": [
        128820.0,
        121590.0,
        119210.0,
        117610.0,
        117610.0,
        115190.0,
        115190.0,
        115190.0,
        114590.0,
        114590.0,
        114290.0,
        113290.0,
        113290.0,
        113090.0,
        113090.0,
        112290.0,
        111990.0,
        111990.0,
        110890.0,
        110890.0,
        110890.0,
        109890.0,
        109890.0,
        109890.0,
        109890.0,
        109890.0,
        109890.0,
        109890.0,
        109890.0,
        109890.0,
        109890.0,
        109890.0,
        108770.0,
        108770.0,
        108770.0,
        108770.0,
        107970.0,
        107970.0,
        107970.0,
        107970.0,
        107970.0,
        107970.0,
        107970.0,
        107970.0,
        107970.0,
        107970.0,
        107970.0,
        107970.0,
        107970.0,
        107970.0,
        107970.0,
        107970.0,
        107970.0,
        107970.0,
        107970.0,
        107970.0,
        107970.0,
        107970.0,
        107970.0,
        107970.0,
        107970.0,
        107970.0,
        107970.0,
        107970.0,
        107770.0,
        106370.0,
        106370.0,
        106370.0,
        106370.0,
        106370.0,
        106370.0,
        106370.0,
        106370.0,
        106370.0,
        106370.0,
        106370.0,
        106370.0,
        106370.0,
        106370.0,
        106370.0,
        106370.0,
        106370.0,
        106370.0,
        106370.0,
        106170.0,
        106170.0,
        106170.0,
        106170.0,
        106170.0,
        106170.0,
        106170.0,
        106170.0,
        106170.0,
        106170.0,
        106170.0,
        106170.0,
        106170.0,
        106170.0,
        106170.0,
        106170.0,
        106170.0,
        106170.0,
        106170.0,
        106170.0,
        106170.0,
        106170.0,
        106170.0,
        106170.0,
        106170.0,
        106170.0,
        106170.0,
        106170.0,
        106170.0,
        106170.0,
        106170.0,
        106170.0,
        106170.0,
        106170.0,
        106170.0,
        106170.0,
        106170.0,
        106170.0,
        106170.0,
        106170.0,
        106170.0,
        106170.0,
        106170.0,
        106170.0,
        106170.0,
        106170.0,
        106170.0,
        106170.0,
        106170.0,
        106170.0,
        106170.0,
        106170.0,
        106170.0,
        106170.0,
        106170.0,
        106170.0,
        106170.0,
        106170.0,
        106170.0,
        106170.0,
        106170.0,
        106170.0,
        106170.0,
        106170.0,
        106170.0
    ]
}