{
    "elapsed_time": 160.38475060462952,
    "best_objective": 103270.0,
    "neighbors": 14800,
    "best_solution": [
        7,
        3,
        4,
        26,
        6,
        1,
        0,
        16,
        8,
        10,
        11,
        15,
        13,
        12,
        21,
        17,
        9,
        5,
        14,
        30,
        19,
        20,
        2,
        23,
        18,
        22,
        25,
        24,
        27,
        28,
        29,
        31
    ],
    "average_objectives_list": [
        136897.64705882352,
        124841.2,
        119987.0,
        118200.0,
        117298.8,
        116299.4,
        115689.6,
        115360.8,
        115034.4,
        114936.2,
        114195.0,
        115105.4,
        113205.8,
        113232.0,
        112866.0,
        111885.2,
        112584.0,
        113180.4,
        111352.0,
        112787.0,
        112019.6,
        112674.4,
        112282.8,
        112076.0,
        113699.4,
        112039.2,
        112766.4,
        111988.0,
        112079.0,
        111236.0,
        112266.0,
        112765.6,
        112694.4,
        112002.0,
        112420.2,
        112583.2,
        112396.2,
        112553.2,
        112163.6,
        112119.4,
        109438.8,
        109850.6,
        110956.6,
        108134.6,
        109636.8,
        109395.2,
        107856.8,
        109004.8,
        108612.6,
        108793.4,
        109865.4,
        109133.0,
        108784.0,
        108091.0,
        108062.6,
        108551.0,
        108133.4,
        108083.2,
        108465.6,
        108647.4,
        108926.2,
        107880.8,
        109799.8,
        108027.0,
        109141.8,
        108354.4,
        108202.2,
        109929.2,
        108791.8,
        109056.8,
        109322.2,
        108538.2,
        108780.0,
        108281.6,
        108201.4,
        109647.8,
        109044.4,
        108155.4,
        109055.4,
        109672.0,
        109967.6,
        109263.8,
        109525.2,
        108645.0,
        109216.0,
        108527.4,
        108654.4,
        109098.2,
        110344.0,
        109545.4,
        108231.8,
        109134.8,
        108762.0,
        109822.6,
        110292.8,
        109004.2,
        108972.2,
        109068.0,
        108381.2,
        109590.0,
        110894.0,
        110335.6,
        110189.6,
        108575.2,
        108335.0,
        108003.8,
        109130.4,
        108946.6,
        109383.0,
        109541.0,
        108724.6,
        108857.4,
        110221.0,
        110178.6,
        108272.2,
        109708.6,
        108274.4,
        108284.0,
        109354.2,
        109453.2,
        110015.2,
        109528.4,
        109896.2,
        110380.6,
        108591.8,
        110776.6,
        109681.4,
        108144.6,
        109044.0,
        108138.8,
        108558.8,
        110089.0,
        107761.2,
        109341.2,
        108437.0,
        107830.2,
        108930.0,
        109056.2,
        108601.6,
        109492.2,
        107574.2,
        107511.2,
        108996.8,
        108727.8,
        108406.4,
        109903.0,
        110188.8,
        109155.2,
        109194.0
    ],
    "best_objective_list": [
        122640.0,
        118260.0,
        118170.0,
        115260.0,
        114860.0,
        114660.0,
        114660.0,
        112600.0,
        112600.0,
        111400.0,
        111400.0,
        111400.0,
        111400.0,
        110480.0,
        110480.0,
        110480.0,
        110480.0,
        110480.0,
        110480.0,
        110480.0,
        110480.0,
        110480.0,
        110480.0,
        110480.0,
        110480.0,
        110480.0,
        110480.0,
        110480.0,
        110480.0,
        110480.0,
        110480.0,
        110480.0,
        110480.0,
        110480.0,
        110480.0,
        110480.0,
        109680.0,
        109680.0,
        108380.0,
        106780.0,
        106780.0,
        106780.0,
        106780.0,
        106480.0,
        106480.0,
        106480.0,
        106480.0,
        105080.0,
        105080.0,
        105080.0,
        105080.0,
        105080.0,
        105080.0,
        105080.0,
        105080.0,
        104880.0,
        104880.0,
        104880.0,
        104880.0,
        104880.0,
        104880.0,
        104880.0,
        104880.0,
        104880.0,
        104880.0,
        104880.0,
        104880.0,
        104880.0,
        104880.0,
        104880.0,
        104880.0,
        104880.0,
        104770.0,
        104770.0,
        104770.0,
        104770.0,
        104770.0,
        104770.0,
        104770.0,
        104770.0,
        104770.0,
        104770.0,
        104770.0,
        104770.0,
        104770.0,
        104770.0,
        104770.0,
        104770.0,
        104770.0,
        104770.0,
        104770.0,
        104770.0,
        104770.0,
        104770.0,
        104770.0,
        104770.0,
        104770.0,
        104770.0,
        104770.0,
        104770.0,
        104470.0,
        104470.0,
        104470.0,
        104470.0,
        104470.0,
        104470.0,
        104470.0,
        104470.0,
        104470.0,
        104470.0,
        104470.0,
        104470.0,
        104470.0,
        104470.0,
        104470.0,
        104470.0,
        104470.0,
        104470.0,
        104470.0,
        104470.0,
        104470.0,
        104470.0,
        104470.0,
        104470.0,
        104470.0,
        104470.0,
        104470.0,
        104470.0,
        104470.0,
        104470.0,
        104470.0,
        104470.0,
        104470.0,
        104470.0,
        104470.0,
        104470.0,
        104470.0,
        104470.0,
        104470.0,
        104470.0,
        104470.0,
        104470.0,
        104470.0,
        104470.0,
        104470.0,
        104470.0,
        104470.0,
        103270.0,
        103270.0
    ]
}