{
    "elapsed_time": 157.49201440811157,
    "best_objective": 98560.0,
    "neighbors": 14800,
    "best_solution": [
        11,
        2,
        3,
        21,
        4,
        0,
        15,
        16,
        20,
        10,
        1,
        12,
        19,
        6,
        7,
        8,
        9,
        27,
        14,
        26,
        22,
        23,
        5,
        13,
        18,
        24,
        25,
        17,
        28,
        29,
        30,
        31
    ],
    "average_objectives_list": [
        136384.50980392157,
        127603.4,
        121193.8,
        118584.2,
        117232.0,
        117193.0,
        116491.2,
        116506.8,
        115791.8,
        115955.0,
        114838.0,
        111643.2,
        110613.0,
        110520.4,
        110163.0,
        110161.8,
        110867.2,
        110015.2,
        108931.4,
        108372.6,
        106755.4,
        106163.4,
        105998.6,
        105496.0,
        106402.6,
        107089.0,
        106388.2,
        105274.6,
        104983.2,
        105059.2,
        105512.4,
        106263.8,
        106197.2,
        105656.2,
        105296.4,
        104039.6,
        105484.6,
        107013.4,
        105653.2,
        105428.2,
        105547.4,
        106341.8,
        106763.4,
        105691.6,
        106813.6,
        105075.2,
        105575.6,
        106462.4,
        106052.0,
        104122.6,
        105054.0,
        105533.6,
        106334.2,
        105751.4,
        106752.4,
        105655.0,
        106694.2,
        105982.6,
        106300.8,
        103953.4,
        105250.4,
        105765.4,
        103437.2,
        105257.8,
        105349.2,
        105159.8,
        106268.6,
        105630.0,
        104928.6,
        105449.8,
        104477.6,
        105154.6,
        105275.0,
        105655.4,
        105544.0,
        105786.8,
        105558.4,
        106372.0,
        106609.4,
        104153.2,
        106069.2,
        104844.4,
        104043.4,
        104291.8,
        106716.6,
        104522.6,
        103631.0,
        104635.2,
        105882.6,
        106306.2,
        106204.6,
        102584.0,
        105573.8,
        104755.6,
        105204.0,
        103918.8,
        106179.6,
        106140.4,
        104262.6,
        104790.0,
        104689.6,
        105613.0,
        104485.0,
        105047.0,
        104399.2,
        104334.2,
        104365.2,
        104041.2,
        104200.0,
        104667.4,
        104965.0,
        103763.0,
        105119.0,
        105821.4,
        102188.2,
        104005.0,
        103142.4,
        102995.2,
        103525.4,
        102917.2,
        103339.0,
        104001.8,
        102815.2,
        103620.8,
        105900.2,
        103486.6,
        102260.4,
        107003.8,
        103171.2,
        105593.8,
        103372.2,
        103408.2,
        104682.4,
        102322.4,
        103946.2,
        102333.6,
        103253.2,
        103948.4,
        104512.6,
        103085.4,
        104327.4,
        104029.2,
        103442.4,
        102836.0,
        102398.8,
        104379.0,
        103402.4,
        102863.4,
        103131.8
    ],
    "best_objective_list": [
        129100.0,
        117660.0,
        117660.0,
        116360.0,
        115440.0,
        115440.0,
        115440.0,
        114740.0,
        111870.0,
        111050.0,
        109410.0,
        109410.0,
        109410.0,
        109410.0,
        109410.0,
        107810.0,
        107810.0,
        106610.0,
        106610.0,
        105010.0,
        105010.0,
        105010.0,
        103410.0,
        103410.0,
        103410.0,
        103410.0,
        103410.0,
        103410.0,
        103410.0,
        103210.0,
        103210.0,
        103210.0,
        103210.0,
        103210.0,
        102730.0,
        102730.0,
        102730.0,
        102730.0,
        102730.0,
        102730.0,
        102730.0,
        102730.0,
        102730.0,
        102730.0,
        102730.0,
        102230.0,
        102230.0,
        101630.0,
        101630.0,
        101630.0,
        101630.0,
        101630.0,
        101630.0,
        101630.0,
        101630.0,
        101630.0,
        101630.0,
        101630.0,
        101630.0,
        101630.0,
        101630.0,
        101630.0,
        101630.0,
        101630.0,
        101630.0,
        101630.0,
        101630.0,
        101630.0,
        101630.0,
        101630.0,
        101630.0,
        101630.0,
        101630.0,
        101630.0,
        101630.0,
        101630.0,
        101630.0,
        101630.0,
        101630.0,
        101630.0,
        101630.0,
        101630.0,
        101630.0,
        101630.0,
        101630.0,
        101630.0,
        101630.0,
        101630.0,
        101630.0,
        101630.0,
        101630.0,
        101630.0,
        101630.0,
        101630.0,
        101530.0,
        101230.0,
        101230.0,
        101230.0,
        101230.0,
        101230.0,
        101230.0,
        101230.0,
        101230.0,
        101230.0,
        101230.0,
        101230.0,
        101230.0,
        101230.0,
        101230.0,
        101230.0,
        101230.0,
        99960.0,
        99960.0,
        99960.0,
        99560.0,
        99560.0,
        99560.0,
        99560.0,
        99560.0,
        99560.0,
        99560.0,
        99560.0,
        99560.0,
        99560.0,
        99560.0,
        99560.0,
        99560.0,
        99560.0,
        99560.0,
        99560.0,
        99560.0,
        99560.0,
        99560.0,
        99560.0,
        98960.0,
        98560.0,
        98560.0,
        98560.0,
        98560.0,
        98560.0,
        98560.0,
        98560.0,
        98560.0,
        98560.0,
        98560.0,
        98560.0,
        98560.0,
        98560.0,
        98560.0
    ]
}