{
    "elapsed_time": 158.85984873771667,
    "best_objective": 102460.0,
    "neighbors": 14800,
    "best_solution": [
        2,
        3,
        4,
        5,
        6,
        1,
        15,
        16,
        8,
        0,
        21,
        7,
        12,
        19,
        10,
        11,
        13,
        14,
        23,
        30,
        20,
        25,
        9,
        17,
        18,
        22,
        24,
        26,
        27,
        28,
        29,
        31
    ],
    "average_objectives_list": [
        137750.19607843139,
        127214.4,
        121144.4,
        119246.6,
        117839.6,
        117658.0,
        117580.0,
        117584.4,
        117229.4,
        116224.6,
        115616.4,
        113967.6,
        113304.0,
        113980.0,
        115070.2,
        113979.4,
        112854.2,
        112902.2,
        112463.6,
        112332.0,
        112331.6,
        112699.2,
        113038.4,
        113115.2,
        111893.0,
        111735.6,
        110525.0,
        109682.0,
        109696.4,
        110256.8,
        109564.4,
        110458.0,
        110522.8,
        110290.2,
        109421.8,
        110573.8,
        109234.8,
        109820.4,
        109192.0,
        109634.6,
        111360.4,
        110142.2,
        109693.6,
        109514.2,
        110085.0,
        109754.2,
        109782.2,
        110009.2,
        109078.0,
        108706.2,
        108172.0,
        109485.8,
        108020.0,
        110204.2,
        108399.2,
        108996.0,
        108748.8,
        109289.0,
        110549.4,
        109530.4,
        109524.2,
        108721.2,
        108911.2,
        108653.4,
        108183.0,
        108299.4,
        107014.6,
        108439.0,
        107897.2,
        108291.8,
        108120.8,
        106804.2,
        109823.4,
        107433.0,
        109303.2,
        108620.4,
        107307.6,
        106285.0,
        108052.8,
        107109.2,
        108252.0,
        107161.2,
        109519.8,
        107685.8,
        105756.0,
        107861.6,
        107883.4,
        106690.6,
        108020.6,
        106817.6,
        106563.8,
        107045.6,
        106949.4,
        105826.4,
        106765.6,
        107391.6,
        108684.6,
        106246.6,
        107342.6,
        106944.2,
        107158.6,
        107693.4,
        108516.6,
        106788.8,
        107595.8,
        106891.8,
        107811.4,
        107121.0,
        106577.6,
        108475.2,
        107453.4,
        105992.4,
        107182.2,
        106238.8,
        107126.8,
        108081.8,
        105767.6,
        108180.8,
        107607.4,
        107866.8,
        105945.4,
        107950.6,
        106805.2,
        107425.2,
        107949.6,
        105749.2,
        107532.2,
        106782.4,
        105524.0,
        107350.8,
        107115.4,
        106338.6,
        106073.6,
        105994.8,
        107554.4,
        106578.4,
        107969.2,
        107238.8,
        107023.4,
        107235.2,
        107306.2,
        105376.8,
        106675.2,
        106624.6,
        108531.6,
        105339.0,
        107779.8,
        106105.0,
        106302.0
    ],
    "best_objective_list": [
        127980.0,
        120060.0,
        117660.0,
        117660.0,
        117660.0,
        117560.0,
        116360.0,
        116060.0,
        115360.0,
        113460.0,
        113060.0,
        111860.0,
        111860.0,
        111860.0,
        111860.0,
        111690.0,
        110990.0,
        110990.0,
        110590.0,
        110590.0,
        110590.0,
        110590.0,
        110590.0,
        110590.0,
        109150.0,
        109150.0,
        109150.0,
        109150.0,
        109150.0,
        109150.0,
        108690.0,
        108390.0,
        108390.0,
        107520.0,
        107520.0,
        107520.0,
        107520.0,
        107520.0,
        107520.0,
        107520.0,
        107520.0,
        107520.0,
        106720.0,
        106720.0,
        106720.0,
        106320.0,
        105690.0,
        105690.0,
        105690.0,
        105690.0,
        105690.0,
        105690.0,
        105690.0,
        105690.0,
        105690.0,
        105690.0,
        105690.0,
        105690.0,
        105690.0,
        105690.0,
        105690.0,
        104890.0,
        104890.0,
        104890.0,
        104890.0,
        104890.0,
        104690.0,
        104690.0,
        104690.0,
        104690.0,
        104690.0,
        104690.0,
        104690.0,
        104690.0,
        104690.0,
        104690.0,
        104690.0,
        104690.0,
        104690.0,
        104690.0,
        104690.0,
        104690.0,
        104690.0,
        104690.0,
        104690.0,
        104690.0,
        103790.0,
        103790.0,
        103790.0,
        103590.0,
        103590.0,
        103590.0,
        103590.0,
        103590.0,
        103590.0,
        103590.0,
        103590.0,
        103590.0,
        103590.0,
        103590.0,
        103590.0,
        103590.0,
        103590.0,
        103590.0,
        103590.0,
        103590.0,
        103590.0,
        103590.0,
        103590.0,
        103590.0,
        103590.0,
        103590.0,
        103590.0,
        103590.0,
        103590.0,
        103590.0,
        103590.0,
        103590.0,
        103590.0,
        103590.0,
        103590.0,
        103590.0,
        103590.0,
        103590.0,
        103590.0,
        103590.0,
        103590.0,
        103590.0,
        103590.0,
        103590.0,
        103590.0,
        103590.0,
        103590.0,
        103590.0,
        103090.0,
        103090.0,
        103090.0,
        103090.0,
        103090.0,
        103090.0,
        103090.0,
        103090.0,
        103090.0,
        103090.0,
        103090.0,
        103090.0,
        103090.0,
        102460.0,
        102460.0
    ]
}