{
    "elapsed_time": 157.17823243141174,
    "best_objective": 102300.0,
    "neighbors": 14800,
    "best_solution": [
        2,
        1,
        3,
        14,
        4,
        5,
        6,
        7,
        10,
        0,
        15,
        16,
        11,
        19,
        8,
        12,
        13,
        25,
        29,
        31,
        20,
        21,
        22,
        9,
        24,
        17,
        26,
        27,
        18,
        23,
        28,
        30
    ],
    "average_objectives_list": [
        135970.58823529413,
        126985.0,
        121430.2,
        119306.0,
        118744.2,
        118356.0,
        118192.0,
        117695.2,
        115905.4,
        113098.2,
        112934.0,
        112825.2,
        112636.8,
        112018.8,
        112350.0,
        111760.0,
        111178.0,
        110647.8,
        110226.4,
        109474.0,
        109525.6,
        110728.8,
        109484.6,
        110037.6,
        111472.0,
        109772.0,
        109882.0,
        109773.2,
        110326.6,
        109886.0,
        109060.8,
        109113.8,
        109728.6,
        109150.0,
        109258.0,
        108034.0,
        108644.0,
        109453.0,
        108354.0,
        107480.4,
        108442.2,
        109024.0,
        107431.8,
        108152.8,
        108772.0,
        108702.8,
        109529.6,
        107856.6,
        108531.0,
        108440.6,
        108432.0,
        108134.6,
        108001.4,
        106907.2,
        108546.4,
        108135.4,
        108134.4,
        107442.0,
        107846.0,
        108708.6,
        107882.0,
        108004.0,
        106632.0,
        106580.4,
        107439.6,
        106783.0,
        105785.0,
        107082.8,
        106802.0,
        106774.2,
        106454.0,
        105807.6,
        106900.8,
        106948.2,
        107792.8,
        107460.0,
        107558.0,
        105750.0,
        106664.0,
        106108.0,
        107136.4,
        107369.8,
        107446.4,
        106828.2,
        106044.0,
        106308.4,
        108311.6,
        105580.6,
        105204.0,
        106662.0,
        106684.4,
        105344.0,
        107862.4,
        105382.6,
        105673.0,
        106183.6,
        106133.4,
        105873.8,
        105746.0,
        106085.8,
        105639.4,
        105096.0,
        106271.0,
        105725.4,
        105876.0,
        107000.2,
        105815.4,
        105355.0,
        107164.8,
        105722.4,
        107643.2,
        105658.0,
        107336.4,
        106520.8,
        106802.2,
        105674.0,
        106739.4,
        105722.0,
        106802.2,
        105985.2,
        105377.4,
        106123.8,
        106200.0,
        105484.2,
        105582.8,
        105684.8,
        106613.4,
        105714.8,
        107818.0,
        106375.8,
        105742.2,
        105757.0,
        106598.8,
        106087.6,
        106741.0,
        106792.2,
        107082.0,
        105544.0,
        106478.2,
        107304.6,
        104811.2,
        105563.0,
        105935.4,
        106901.8,
        106540.2,
        106144.0,
        106373.6,
        105505.8,
        106024.0
    ],
    "best_objective_list": [
        126380.0,
        119290.0,
        118670.0,
        118430.0,
        116630.0,
        116630.0,
        116630.0,
        113000.0,
        113000.0,
        112800.0,
        111800.0,
        111800.0,
        111700.0,
        111200.0,
        109800.0,
        109000.0,
        109000.0,
        109000.0,
        109000.0,
        108400.0,
        108200.0,
        108200.0,
        107800.0,
        107600.0,
        107600.0,
        106700.0,
        106700.0,
        106700.0,
        106700.0,
        106700.0,
        106700.0,
        106700.0,
        106700.0,
        105100.0,
        105100.0,
        105100.0,
        104900.0,
        104900.0,
        104900.0,
        104900.0,
        104900.0,
        104900.0,
        104900.0,
        104900.0,
        104900.0,
        104900.0,
        104900.0,
        104900.0,
        104900.0,
        104900.0,
        104900.0,
        104900.0,
        104900.0,
        104900.0,
        104900.0,
        104900.0,
        104900.0,
        103300.0,
        103300.0,
        103300.0,
        103300.0,
        103300.0,
        103300.0,
        103300.0,
        103300.0,
        103300.0,
        103300.0,
        103300.0,
        103300.0,
        103300.0,
        103300.0,
        103300.0,
        103300.0,
        103300.0,
        103300.0,
        103300.0,
        103300.0,
        103300.0,
        102900.0,
        102900.0,
        102900.0,
        102900.0,
        102900.0,
        102900.0,
        102900.0,
        102300.0,
        102300.0,
        102300.0,
        102300.0,
        102300.0,
        102300.0,
        102300.0,
        102300.0,
        102300.0,
        102300.0,
        102300.0,
        102300.0,
        102300.0,
        102300.0,
        102300.0,
        102300.0,
        102300.0,
        102300.0,
        102300.0,
        102300.0,
        102300.0,
        102300.0,
        102300.0,
        102300.0,
        102300.0,
        102300.0,
        102300.0,
        102300.0,
        102300.0,
        102300.0,
        102300.0,
        102300.0,
        102300.0,
        102300.0,
        102300.0,
        102300.0,
        102300.0,
        102300.0,
        102300.0,
        102300.0,
        102300.0,
        102300.0,
        102300.0,
        102300.0,
        102300.0,
        102300.0,
        102300.0,
        102300.0,
        102300.0,
        102300.0,
        102300.0,
        102300.0,
        102300.0,
        102300.0,
        102300.0,
        102300.0,
        102300.0,
        102300.0,
        102300.0,
        102300.0,
        102300.0,
        102300.0,
        102300.0,
        102300.0
    ]
}