{
    "elapsed_time": 160.02018117904663,
    "best_objective": 100860.0,
    "neighbors": 14800,
    "best_solution": [
        2,
        3,
        5,
        11,
        4,
        6,
        0,
        21,
        1,
        15,
        16,
        8,
        7,
        10,
        19,
        12,
        24,
        14,
        17,
        30,
        23,
        25,
        9,
        13,
        20,
        22,
        26,
        27,
        28,
        29,
        18,
        31
    ],
    "average_objectives_list": [
        136670.58823529413,
        126269.8,
        120053.8,
        117028.4,
        115210.0,
        115155.6,
        114308.6,
        113505.0,
        112703.0,
        112476.4,
        111440.0,
        111656.0,
        111674.0,
        111288.0,
        111541.6,
        110992.4,
        110626.4,
        111405.4,
        111250.0,
        110739.4,
        111012.0,
        111500.4,
        110316.4,
        111183.0,
        110375.0,
        110516.6,
        110564.2,
        109872.2,
        109773.8,
        108826.6,
        110006.0,
        109139.8,
        109526.4,
        109434.8,
        109131.4,
        109020.0,
        109764.4,
        107444.0,
        109388.8,
        108156.6,
        108151.8,
        107870.6,
        108708.8,
        107254.8,
        108190.0,
        106865.8,
        107571.2,
        108338.0,
        107520.4,
        106099.2,
        106300.0,
        106739.8,
        105723.6,
        107134.6,
        106604.8,
        104930.0,
        106014.2,
        104154.0,
        104552.6,
        106656.2,
        104733.2,
        104471.2,
        106962.8,
        107007.4,
        104307.4,
        104498.6,
        104736.2,
        104810.0,
        105044.4,
        105017.8,
        103936.2,
        105633.6,
        105735.0,
        104197.2,
        105098.0,
        104936.4,
        104402.0,
        105564.0,
        104213.6,
        105170.0,
        105039.0,
        104520.0,
        103958.8,
        104867.6,
        105144.4,
        103917.2,
        103720.0,
        102793.6,
        103378.0,
        104324.2,
        105027.8,
        105102.4,
        104521.4,
        103234.6,
        103748.0,
        105264.8,
        103902.0,
        105210.6,
        104160.4,
        104513.8,
        104840.4,
        104919.0,
        103963.4,
        105161.6,
        105250.6,
        104692.2,
        105193.0,
        105128.4,
        104806.8,
        104565.6,
        103289.2,
        104791.0,
        104714.8,
        105343.2,
        105588.8,
        105209.6,
        103998.0,
        105429.6,
        103949.6,
        105514.6,
        104616.8,
        105796.0,
        105550.0,
        106070.4,
        104820.6,
        105678.2,
        104520.2,
        104173.0,
        105045.8,
        105036.4,
        105193.4,
        105589.2,
        104991.6,
        104920.0,
        104475.0,
        105074.8,
        103964.8,
        106041.2,
        105026.0,
        104600.4,
        106400.8,
        104170.6,
        105462.0,
        105073.6,
        103572.4,
        103850.0,
        104626.0,
        104927.8,
        105891.2
    ],
    "best_objective_list": [
        125270.0,
        119410.0,
        115230.0,
        115230.0,
        114630.0,
        113330.0,
        111730.0,
        111030.0,
        109430.0,
        109430.0,
        109130.0,
        109130.0,
        109130.0,
        109030.0,
        108630.0,
        108630.0,
        108630.0,
        108630.0,
        108630.0,
        108630.0,
        108630.0,
        108630.0,
        108130.0,
        108130.0,
        108130.0,
        108130.0,
        106730.0,
        106730.0,
        106730.0,
        106730.0,
        106730.0,
        106730.0,
        106730.0,
        106130.0,
        106130.0,
        105730.0,
        105730.0,
        104930.0,
        104930.0,
        104930.0,
        104930.0,
        104930.0,
        104930.0,
        104930.0,
        104930.0,
        104930.0,
        104930.0,
        104930.0,
        103960.0,
        103960.0,
        103960.0,
        103960.0,
        102560.0,
        102560.0,
        102560.0,
        102560.0,
        102560.0,
        102560.0,
        102560.0,
        102560.0,
        102560.0,
        102560.0,
        102460.0,
        102460.0,
        102460.0,
        102460.0,
        102460.0,
        102460.0,
        102460.0,
        102460.0,
        102460.0,
        102460.0,
        102460.0,
        102060.0,
        102060.0,
        102060.0,
        102060.0,
        102060.0,
        101660.0,
        101660.0,
        101660.0,
        101660.0,
        101660.0,
        101660.0,
        101660.0,
        101660.0,
        101660.0,
        101660.0,
        101660.0,
        101660.0,
        101660.0,
        101660.0,
        101660.0,
        101660.0,
        101660.0,
        101660.0,
        101660.0,
        101660.0,
        101660.0,
        101660.0,
        101660.0,
        101660.0,
        101660.0,
        101660.0,
        101660.0,
        101660.0,
        101660.0,
        101660.0,
        101660.0,
        101660.0,
        101660.0,
        101660.0,
        101660.0,
        101660.0,
        101660.0,
        101660.0,
        101660.0,
        101660.0,
        101660.0,
        101660.0,
        100860.0,
        100860.0,
        100860.0,
        100860.0,
        100860.0,
        100860.0,
        100860.0,
        100860.0,
        100860.0,
        100860.0,
        100860.0,
        100860.0,
        100860.0,
        100860.0,
        100860.0,
        100860.0,
        100860.0,
        100860.0,
        100860.0,
        100860.0,
        100860.0,
        100860.0,
        100860.0,
        100860.0,
        100860.0,
        100860.0,
        100860.0,
        100860.0,
        100860.0
    ]
}