{
    "elapsed_time": 159.37766122817993,
    "best_objective": 101260.0,
    "neighbors": 14800,
    "best_solution": [
        0,
        1,
        2,
        21,
        5,
        4,
        15,
        7,
        8,
        16,
        10,
        11,
        12,
        6,
        19,
        20,
        13,
        14,
        17,
        18,
        29,
        25,
        3,
        24,
        23,
        30,
        22,
        26,
        27,
        9,
        28,
        31
    ],
    "average_objectives_list": [
        136726.66666666666,
        124951.6,
        120731.4,
        118850.2,
        118381.8,
        117771.4,
        117010.0,
        115583.0,
        114526.2,
        111496.0,
        111561.6,
        110686.0,
        109982.0,
        110678.4,
        109690.0,
        110056.0,
        110495.2,
        109511.2,
        109248.6,
        109342.6,
        109471.0,
        109880.8,
        107835.0,
        108826.8,
        109769.8,
        108015.2,
        108839.0,
        109285.6,
        109883.4,
        108242.6,
        109335.4,
        107464.8,
        108195.0,
        106893.2,
        107045.4,
        108911.0,
        110402.0,
        109401.8,
        108738.4,
        109579.4,
        108785.4,
        109569.2,
        109418.6,
        108163.0,
        109484.6,
        107839.0,
        108427.8,
        109112.4,
        107838.6,
        108623.0,
        107199.8,
        108086.4,
        107001.2,
        107316.0,
        107132.8,
        107589.8,
        109387.6,
        107272.8,
        107995.2,
        107713.4,
        107541.8,
        107028.2,
        107985.8,
        107170.2,
        106855.6,
        107458.0,
        106521.4,
        106685.0,
        107002.4,
        108600.6,
        107166.0,
        107095.8,
        107042.4,
        105867.6,
        107726.8,
        105193.8,
        107527.4,
        105599.2,
        106251.2,
        104979.8,
        108629.6,
        108181.2,
        106885.8,
        108040.6,
        106645.4,
        107698.2,
        105456.4,
        107672.4,
        108402.2,
        106416.0,
        106716.4,
        108045.0,
        108302.6,
        108678.4,
        108863.6,
        106737.8,
        107571.4,
        108095.0,
        105709.0,
        105629.2,
        106190.8,
        107944.8,
        107017.2,
        107190.4,
        108058.6,
        106681.8,
        106903.8,
        106611.8,
        107703.0,
        105648.4,
        107651.6,
        107263.4,
        105427.0,
        106496.8,
        105463.0,
        107072.0,
        107132.8,
        107707.0,
        105967.2,
        105956.2,
        105283.0,
        106918.6,
        106836.8,
        107920.8,
        109193.0,
        106585.6,
        104899.4,
        108133.8,
        107806.2,
        108447.6,
        107505.2,
        106664.0,
        106337.8,
        107832.2,
        107645.0,
        108270.4,
        108963.8,
        106335.0,
        107253.2,
        106769.2,
        107010.0,
        106465.0,
        105819.4,
        106829.0,
        107766.8,
        106964.4,
        107055.8,
        107467.0,
        107540.8
    ],
    "best_objective_list": [
        124540.0,
        119400.0,
        118600.0,
        116850.0,
        116360.0,
        116290.0,
        115540.0,
        110910.0,
        110910.0,
        110410.0,
        109810.0,
        109510.0,
        109510.0,
        108710.0,
        106110.0,
        106110.0,
        106110.0,
        106110.0,
        106110.0,
        106110.0,
        106110.0,
        106110.0,
        106110.0,
        105810.0,
        105610.0,
        105610.0,
        105610.0,
        105610.0,
        105610.0,
        105610.0,
        105310.0,
        105310.0,
        104910.0,
        104910.0,
        104910.0,
        104910.0,
        104910.0,
        104910.0,
        104910.0,
        104910.0,
        104910.0,
        104910.0,
        104910.0,
        104910.0,
        104110.0,
        104110.0,
        104110.0,
        104110.0,
        104110.0,
        104110.0,
        104110.0,
        104110.0,
        104110.0,
        104110.0,
        104110.0,
        104110.0,
        104110.0,
        104110.0,
        103410.0,
        103410.0,
        103410.0,
        103410.0,
        103410.0,
        103410.0,
        103410.0,
        103410.0,
        103310.0,
        103310.0,
        103310.0,
        103310.0,
        103310.0,
        103310.0,
        103110.0,
        103110.0,
        103110.0,
        103110.0,
        103110.0,
        103110.0,
        103110.0,
        103110.0,
        103110.0,
        103110.0,
        103110.0,
        103110.0,
        103110.0,
        103110.0,
        103110.0,
        103110.0,
        103110.0,
        103110.0,
        103110.0,
        103110.0,
        103110.0,
        103110.0,
        103110.0,
        103110.0,
        103110.0,
        103110.0,
        103110.0,
        101770.0,
        101770.0,
        101770.0,
        101770.0,
        101770.0,
        101770.0,
        101770.0,
        101770.0,
        101770.0,
        101770.0,
        101770.0,
        101770.0,
        101770.0,
        101770.0,
        101770.0,
        101770.0,
        101770.0,
        101770.0,
        101770.0,
        101770.0,
        101770.0,
        101770.0,
        101770.0,
        101770.0,
        101770.0,
        101770.0,
        101660.0,
        101660.0,
        101660.0,
        101660.0,
        101660.0,
        101660.0,
        101660.0,
        101660.0,
        101660.0,
        101660.0,
        101660.0,
        101660.0,
        101660.0,
        101660.0,
        101660.0,
        101660.0,
        101660.0,
        101660.0,
        101660.0,
        101660.0,
        101660.0,
        101260.0,
        101260.0,
        101260.0
    ]
}