{
    "elapsed_time": 159.71472597122192,
    "best_objective": 99460.0,
    "neighbors": 14800,
    "best_solution": [
        7,
        2,
        5,
        11,
        1,
        15,
        16,
        21,
        19,
        0,
        4,
        8,
        20,
        6,
        10,
        12,
        30,
        25,
        17,
        13,
        9,
        3,
        24,
        14,
        22,
        23,
        26,
        27,
        28,
        29,
        18,
        31
    ],
    "average_objectives_list": [
        136742.54901960783,
        126892.6,
        120496.0,
        117762.8,
        115785.8,
        115584.0,
        115402.0,
        114675.6,
        114100.0,
        114380.0,
        114102.2,
        114072.0,
        113384.8,
        112895.2,
        112497.6,
        111119.2,
        110896.0,
        111089.2,
        111940.2,
        112124.8,
        111343.0,
        111628.8,
        110979.2,
        110823.2,
        111730.8,
        111379.4,
        109579.8,
        109404.4,
        108469.4,
        108217.2,
        107450.2,
        108458.6,
        108372.2,
        105760.0,
        107777.4,
        106121.2,
        106710.2,
        105822.0,
        106382.2,
        106564.4,
        105882.4,
        106757.8,
        107353.6,
        106366.0,
        104759.6,
        105266.0,
        106691.6,
        104952.6,
        106543.2,
        104808.4,
        104968.4,
        104118.8,
        103788.6,
        104163.0,
        104849.6,
        104578.0,
        103911.0,
        105349.0,
        103848.0,
        104452.2,
        104880.8,
        103129.6,
        104957.6,
        103510.4,
        102674.4,
        103842.6,
        104831.6,
        105788.4,
        105054.2,
        102507.2,
        103267.2,
        103493.4,
        103289.8,
        103070.4,
        103854.4,
        103172.4,
        103547.4,
        102765.4,
        105515.2,
        102937.8,
        102759.6,
        104088.2,
        103428.0,
        103537.6,
        103648.6,
        103717.2,
        103934.0,
        104148.0,
        103476.0,
        103049.0,
        104250.8,
        103579.6,
        104161.0,
        104308.2,
        102031.4,
        104035.8,
        104404.6,
        104987.6,
        103485.6,
        102911.8,
        104152.8,
        103111.8,
        103305.6,
        103583.8,
        105539.8,
        104827.0,
        104982.0,
        104059.4,
        103601.4,
        105508.6,
        103075.8,
        107684.4,
        105476.4,
        105222.4,
        104005.4,
        102478.4,
        104616.0,
        105754.8,
        104920.8,
        103578.0,
        104876.0,
        105583.0,
        103208.6,
        101792.6,
        103082.2,
        103494.8,
        104432.6,
        104515.4,
        105668.8,
        102507.8,
        105661.6,
        103800.4,
        103656.8,
        102559.2,
        104777.4,
        104638.6,
        104877.6,
        103826.6,
        104884.0,
        104853.8,
        104324.6,
        104774.2,
        105043.4,
        104550.2,
        103193.0,
        105200.6,
        102488.2,
        104721.2,
        103008.8
    ],
    "best_objective_list": [
        124740.0,
        118790.0,
        115600.0,
        115600.0,
        115500.0,
        115000.0,
        113500.0,
        113500.0,
        113500.0,
        113500.0,
        113500.0,
        112300.0,
        111700.0,
        110060.0,
        110060.0,
        110060.0,
        110060.0,
        110060.0,
        110060.0,
        110060.0,
        110060.0,
        110060.0,
        110060.0,
        107860.0,
        107860.0,
        107860.0,
        107560.0,
        106160.0,
        106160.0,
        104560.0,
        104560.0,
        104560.0,
        104560.0,
        104560.0,
        104060.0,
        104060.0,
        104060.0,
        103860.0,
        103860.0,
        103860.0,
        103160.0,
        103160.0,
        103160.0,
        103160.0,
        103160.0,
        102760.0,
        102760.0,
        101460.0,
        101460.0,
        101460.0,
        101460.0,
        101460.0,
        101460.0,
        101460.0,
        101460.0,
        101460.0,
        99760.0,
        99760.0,
        99760.0,
        99760.0,
        99760.0,
        99760.0,
        99560.0,
        99560.0,
        99560.0,
        99560.0,
        99560.0,
        99560.0,
        99560.0,
        99560.0,
        99560.0,
        99560.0,
        99560.0,
        99560.0,
        99560.0,
        99560.0,
        99560.0,
        99560.0,
        99560.0,
        99560.0,
        99560.0,
        99560.0,
        99560.0,
        99560.0,
        99560.0,
        99560.0,
        99560.0,
        99560.0,
        99560.0,
        99560.0,
        99560.0,
        99560.0,
        99560.0,
        99560.0,
        99560.0,
        99560.0,
        99560.0,
        99560.0,
        99560.0,
        99560.0,
        99560.0,
        99560.0,
        99460.0,
        99460.0,
        99460.0,
        99460.0,
        99460.0,
        99460.0,
        99460.0,
        99460.0,
        99460.0,
        99460.0,
        99460.0,
        99460.0,
        99460.0,
        99460.0,
        99460.0,
        99460.0,
        99460.0,
        99460.0,
        99460.0,
        99460.0,
        99460.0,
        99460.0,
        99460.0,
        99460.0,
        99460.0,
        99460.0,
        99460.0,
        99460.0,
        99460.0,
        99460.0,
        99460.0,
        99460.0,
        99460.0,
        99460.0,
        99460.0,
        99460.0,
        99460.0,
        99460.0,
        99460.0,
        99460.0,
        99460.0,
        99460.0,
        99460.0,
        99460.0,
        99460.0,
        99460.0,
        99460.0
    ]
}