{
    "elapsed_time": 158.7679464817047,
    "best_objective": 99980.0,
    "neighbors": 14800,
    "best_solution": [
        3,
        5,
        15,
        16,
        21,
        0,
        1,
        7,
        10,
        11,
        6,
        4,
        18,
        19,
        8,
        9,
        24,
        25,
        14,
        17,
        29,
        2,
        13,
        26,
        23,
        20,
        12,
        27,
        28,
        22,
        30,
        31
    ],
    "average_objectives_list": [
        137549.21568627452,
        126286.0,
        120300.2,
        118135.8,
        116046.6,
        113706.0,
        112964.6,
        112832.6,
        111750.6,
        111121.4,
        111388.0,
        110976.0,
        111524.0,
        111644.0,
        111128.0,
        111563.2,
        110828.0,
        111580.0,
        111378.2,
        110759.6,
        109914.8,
        109296.6,
        109102.8,
        109277.6,
        108830.0,
        108176.0,
        108745.4,
        108442.4,
        107924.0,
        109985.4,
        108166.0,
        108562.2,
        108279.4,
        108424.8,
        107791.4,
        107965.2,
        109575.8,
        107837.8,
        107579.0,
        108514.8,
        107446.2,
        108724.6,
        107348.6,
        107923.4,
        106929.6,
        107355.4,
        107920.8,
        107894.8,
        108182.0,
        107722.6,
        108508.0,
        107842.8,
        105922.0,
        106600.6,
        107688.4,
        106514.0,
        107918.0,
        106621.6,
        107904.2,
        105961.8,
        107188.6,
        105867.8,
        106061.4,
        105415.4,
        105812.8,
        107808.2,
        107009.6,
        107215.4,
        106108.2,
        105834.6,
        106584.2,
        105943.0,
        107756.8,
        106419.8,
        106622.8,
        105933.8,
        106267.8,
        104832.4,
        107289.8,
        108414.4,
        107078.4,
        106834.0,
        108573.6,
        105736.0,
        106846.2,
        106040.2,
        106289.8,
        106089.0,
        107305.4,
        106752.0,
        107051.2,
        107124.2,
        105843.2,
        106996.6,
        106076.8,
        105715.8,
        105524.6,
        105171.6,
        108051.0,
        107062.4,
        105373.6,
        105146.0,
        106357.2,
        106502.4,
        105933.0,
        107469.8,
        105318.8,
        106668.8,
        106592.2,
        106268.0,
        106533.2,
        105890.8,
        105396.0,
        106807.4,
        106961.2,
        105682.4,
        106141.0,
        106086.0,
        106746.6,
        105977.8,
        105378.6,
        105361.6,
        105581.6,
        106400.4,
        107939.8,
        106946.6,
        106297.0,
        106793.6,
        105567.8,
        105329.2,
        107702.4,
        105697.0,
        104700.2,
        105352.6,
        104142.8,
        104089.4,
        104604.6,
        104080.4,
        105802.4,
        104743.0,
        105467.0,
        103701.2,
        105523.6,
        103894.8,
        104424.2,
        104870.2,
        104596.4,
        104614.8,
        104069.2
    ],
    "best_objective_list": [
        127810.0,
        118450.0,
        118050.0,
        113740.0,
        113740.0,
        111940.0,
        110740.0,
        110740.0,
        110740.0,
        110740.0,
        110740.0,
        110740.0,
        110740.0,
        110740.0,
        110740.0,
        110740.0,
        110740.0,
        109940.0,
        109940.0,
        108540.0,
        108540.0,
        108540.0,
        107620.0,
        107620.0,
        107620.0,
        107620.0,
        107620.0,
        107620.0,
        107620.0,
        107620.0,
        107620.0,
        107620.0,
        106620.0,
        106620.0,
        106020.0,
        106020.0,
        106020.0,
        105680.0,
        105280.0,
        105280.0,
        105280.0,
        105280.0,
        105280.0,
        105280.0,
        105280.0,
        105280.0,
        105280.0,
        105280.0,
        105280.0,
        103980.0,
        103980.0,
        103980.0,
        103980.0,
        103980.0,
        103980.0,
        103980.0,
        103480.0,
        103480.0,
        103480.0,
        103480.0,
        103180.0,
        103180.0,
        103080.0,
        103080.0,
        103080.0,
        103080.0,
        102680.0,
        102680.0,
        102680.0,
        102680.0,
        102680.0,
        102680.0,
        102680.0,
        102680.0,
        102680.0,
        102680.0,
        102680.0,
        102680.0,
        102680.0,
        102680.0,
        102680.0,
        102680.0,
        102680.0,
        102680.0,
        102680.0,
        102680.0,
        102680.0,
        102680.0,
        102680.0,
        102680.0,
        102680.0,
        102680.0,
        102680.0,
        102680.0,
        102680.0,
        102680.0,
        102680.0,
        102680.0,
        102680.0,
        102680.0,
        102680.0,
        102680.0,
        102680.0,
        102680.0,
        102680.0,
        102680.0,
        102480.0,
        102180.0,
        102180.0,
        102180.0,
        102180.0,
        102180.0,
        102180.0,
        102180.0,
        102180.0,
        102180.0,
        102180.0,
        102180.0,
        102180.0,
        102180.0,
        102180.0,
        102180.0,
        102180.0,
        102180.0,
        102180.0,
        102180.0,
        102080.0,
        101880.0,
        101880.0,
        100780.0,
        100780.0,
        100780.0,
        100780.0,
        99980.0,
        99980.0,
        99980.0,
        99980.0,
        99980.0,
        99980.0,
        99980.0,
        99980.0,
        99980.0,
        99980.0,
        99980.0,
        99980.0,
        99980.0,
        99980.0,
        99980.0,
        99980.0
    ]
}