{
    "elapsed_time": 159.89435005187988,
    "best_objective": 103330.0,
    "neighbors": 14800,
    "best_solution": [
        14,
        6,
        7,
        19,
        4,
        5,
        3,
        2,
        0,
        10,
        11,
        12,
        30,
        15,
        16,
        8,
        18,
        1,
        20,
        28,
        9,
        23,
        21,
        22,
        27,
        24,
        25,
        13,
        26,
        17,
        29,
        31
    ],
    "average_objectives_list": [
        136901.96078431373,
        126413.4,
        119675.4,
        117437.6,
        116115.2,
        115238.6,
        114352.4,
        114048.2,
        113875.6,
        113073.8,
        112365.4,
        112431.0,
        111198.6,
        112059.0,
        110781.0,
        109511.4,
        110794.2,
        110794.0,
        110130.6,
        110027.0,
        110193.4,
        110599.8,
        109719.2,
        111167.2,
        110790.2,
        110934.2,
        110204.8,
        112085.2,
        112047.0,
        111768.4,
        111372.6,
        112628.2,
        112958.2,
        113246.0,
        112218.8,
        113415.2,
        110181.2,
        113164.2,
        111219.2,
        113955.0,
        113226.0,
        112026.2,
        113007.0,
        113239.0,
        112577.2,
        112764.2,
        113343.6,
        113855.8,
        111495.0,
        112206.8,
        111188.8,
        112329.6,
        113135.2,
        113032.8,
        112878.4,
        111423.8,
        110900.4,
        112198.0,
        112745.6,
        113491.6,
        112821.0,
        110684.4,
        111670.4,
        112327.2,
        111621.8,
        113674.0,
        112470.2,
        111622.8,
        113334.0,
        112485.2,
        111969.8,
        111897.8,
        111228.4,
        113015.6,
        111496.6,
        111895.6,
        112037.2,
        112702.6,
        111277.0,
        112512.0,
        110597.8,
        111378.2,
        112642.4,
        111865.4,
        112457.0,
        110454.2,
        112397.0,
        111100.8,
        110076.2,
        110661.6,
        111310.2,
        113125.8,
        112999.8,
        111754.8,
        111528.8,
        111348.2,
        109892.4,
        110539.8,
        111785.8,
        112678.2,
        111162.4,
        112983.8,
        111421.0,
        110639.4,
        112217.6,
        111628.4,
        111852.8,
        110824.8,
        111691.6,
        110472.2,
        110335.2,
        110951.8,
        111397.8,
        110152.0,
        111606.8,
        112100.4,
        111743.6,
        111615.6,
        111100.0,
        111217.2,
        111365.2,
        111789.6,
        109989.6,
        111905.6,
        111061.0,
        111266.4,
        111452.6,
        111488.4,
        111286.2,
        110157.0,
        110730.4,
        111483.0,
        109821.8,
        109109.8,
        111101.6,
        111336.0,
        110195.0,
        110109.4,
        109546.2,
        109500.4,
        109372.4,
        110078.0,
        110720.4,
        109418.6,
        110818.6,
        109802.4,
        111247.6,
        108963.6,
        108397.6
    ],
    "best_objective_list": [
        124380.0,
        118360.0,
        117160.0,
        115060.0,
        114260.0,
        114260.0,
        112780.0,
        111180.0,
        110780.0,
        110780.0,
        110250.0,
        110250.0,
        108650.0,
        108650.0,
        108650.0,
        108650.0,
        108240.0,
        108240.0,
        108240.0,
        108240.0,
        108240.0,
        108240.0,
        108240.0,
        108240.0,
        108240.0,
        107730.0,
        107650.0,
        107650.0,
        107650.0,
        107650.0,
        107650.0,
        107650.0,
        107650.0,
        107650.0,
        107650.0,
        107650.0,
        107650.0,
        107650.0,
        107650.0,
        107650.0,
        107650.0,
        107650.0,
        107650.0,
        107650.0,
        107650.0,
        107650.0,
        107650.0,
        107650.0,
        107650.0,
        107650.0,
        107650.0,
        107650.0,
        107650.0,
        107650.0,
        107650.0,
        107650.0,
        107650.0,
        107650.0,
        107650.0,
        107650.0,
        107650.0,
        107650.0,
        107650.0,
        107650.0,
        107650.0,
        107650.0,
        107650.0,
        107650.0,
        107650.0,
        107650.0,
        107650.0,
        107650.0,
        107650.0,
        107650.0,
        107650.0,
        107650.0,
        107650.0,
        107650.0,
        107650.0,
        107650.0,
        105850.0,
        105850.0,
        105850.0,
        105850.0,
        105850.0,
        105850.0,
        105850.0,
        105850.0,
        105850.0,
        105850.0,
        105850.0,
        105850.0,
        105850.0,
        105850.0,
        105850.0,
        105850.0,
        105850.0,
        105850.0,
        105850.0,
        105850.0,
        105850.0,
        105850.0,
        105850.0,
        105850.0,
        105850.0,
        105850.0,
        105850.0,
        105850.0,
        105850.0,
        105850.0,
        105850.0,
        105850.0,
        105850.0,
        105850.0,
        105850.0,
        105850.0,
        105850.0,
        104850.0,
        104850.0,
        104850.0,
        104850.0,
        104850.0,
        104850.0,
        104850.0,
        104850.0,
        104850.0,
        104250.0,
        104250.0,
        104250.0,
        104250.0,
        104250.0,
        104250.0,
        104250.0,
        104250.0,
        104250.0,
        104250.0,
        103330.0,
        103330.0,
        103330.0,
        103330.0,
        103330.0,
        103330.0,
        103330.0,
        103330.0,
        103330.0,
        103330.0,
        103330.0,
        103330.0,
        103330.0
    ]
}