{
    "elapsed_time": 156.9974148273468,
    "best_objective": 103430.0,
    "neighbors": 14800,
    "best_solution": [
        2,
        3,
        4,
        1,
        5,
        6,
        0,
        16,
        10,
        21,
        15,
        7,
        20,
        11,
        12,
        22,
        31,
        14,
        25,
        30,
        18,
        19,
        8,
        17,
        9,
        23,
        24,
        26,
        27,
        28,
        13,
        29
    ],
    "average_objectives_list": [
        136729.01960784313,
        125825.6,
        119951.0,
        118596.8,
        117992.2,
        117398.8,
        115396.8,
        116175.4,
        115916.0,
        115558.0,
        115354.6,
        115744.6,
        113349.8,
        112139.8,
        111570.2,
        110878.4,
        110804.8,
        110570.0,
        110527.6,
        110584.0,
        110788.0,
        110442.0,
        111086.2,
        111310.8,
        111298.0,
        110230.0,
        110982.8,
        110720.6,
        110353.4,
        111241.8,
        110934.4,
        109481.2,
        111007.6,
        109661.2,
        109665.8,
        108980.2,
        109415.2,
        109127.8,
        108083.4,
        108523.0,
        111219.8,
        110198.0,
        110799.4,
        109268.2,
        109966.2,
        110487.6,
        110990.6,
        110686.4,
        109131.6,
        111032.0,
        110273.0,
        110885.0,
        111220.4,
        109778.6,
        109269.8,
        110317.6,
        109379.8,
        108070.6,
        108759.0,
        109779.8,
        111177.0,
        108830.0,
        110681.2,
        110833.2,
        109647.6,
        110481.6,
        111023.2,
        109420.6,
        110112.6,
        110798.2,
        110071.2,
        110210.8,
        110564.2,
        110306.8,
        110533.0,
        110395.8,
        108830.6,
        109982.4,
        110451.4,
        108688.4,
        110028.4,
        109074.6,
        108989.4,
        110083.8,
        109663.4,
        109273.6,
        109295.4,
        109717.4,
        106751.2,
        108939.4,
        108594.6,
        109040.4,
        108522.6,
        109383.4,
        110188.0,
        108615.6,
        107856.6,
        110534.0,
        109316.0,
        109208.2,
        109001.2,
        107561.6,
        108456.8,
        109063.8,
        109764.4,
        109860.4,
        109499.2,
        108624.8,
        110414.6,
        108837.4,
        108162.2,
        107248.6,
        106867.4,
        106144.2,
        107535.4,
        107749.6,
        106326.0,
        108094.2,
        110080.6,
        107785.2,
        106262.0,
        107696.8,
        107426.4,
        107340.2,
        108614.0,
        109785.0,
        107093.2,
        105856.8,
        107335.2,
        109002.8,
        108111.4,
        108000.4,
        105861.4,
        108363.4,
        108938.0,
        108637.8,
        107396.4,
        106751.8,
        109012.4,
        108528.0,
        107863.8,
        107274.4,
        108338.4,
        106856.0,
        107463.2,
        106212.4,
        109263.0,
        108135.4,
        108493.8
    ],
    "best_objective_list": [
        127340.0,
        118770.0,
        117770.0,
        117770.0,
        114650.0,
        114650.0,
        114330.0,
        114330.0,
        114330.0,
        114330.0,
        111360.0,
        111360.0,
        109960.0,
        109960.0,
        109960.0,
        109360.0,
        109360.0,
        109360.0,
        109360.0,
        109360.0,
        109160.0,
        109160.0,
        109160.0,
        109160.0,
        109160.0,
        109160.0,
        109160.0,
        109160.0,
        109160.0,
        109160.0,
        109160.0,
        107760.0,
        107760.0,
        107760.0,
        107760.0,
        107060.0,
        107060.0,
        107060.0,
        106860.0,
        106860.0,
        106860.0,
        106860.0,
        106860.0,
        106860.0,
        106860.0,
        106860.0,
        106860.0,
        106860.0,
        106860.0,
        106860.0,
        106860.0,
        106860.0,
        106860.0,
        106860.0,
        106860.0,
        106860.0,
        106860.0,
        106860.0,
        106860.0,
        106860.0,
        106860.0,
        106860.0,
        106860.0,
        106860.0,
        106860.0,
        106860.0,
        106860.0,
        106860.0,
        106860.0,
        106860.0,
        106860.0,
        106860.0,
        106860.0,
        106860.0,
        106860.0,
        106860.0,
        106860.0,
        106860.0,
        106860.0,
        106860.0,
        106860.0,
        106860.0,
        105820.0,
        105820.0,
        105820.0,
        105820.0,
        105820.0,
        105820.0,
        105820.0,
        105820.0,
        105820.0,
        105820.0,
        105820.0,
        105820.0,
        105820.0,
        105820.0,
        105820.0,
        105820.0,
        105820.0,
        105820.0,
        105820.0,
        105820.0,
        105820.0,
        105320.0,
        105320.0,
        105320.0,
        105320.0,
        105320.0,
        105320.0,
        105320.0,
        104520.0,
        104520.0,
        104520.0,
        103520.0,
        103520.0,
        103520.0,
        103520.0,
        103520.0,
        103520.0,
        103520.0,
        103520.0,
        103520.0,
        103520.0,
        103520.0,
        103520.0,
        103520.0,
        103520.0,
        103520.0,
        103520.0,
        103520.0,
        103520.0,
        103520.0,
        103520.0,
        103520.0,
        103520.0,
        103520.0,
        103520.0,
        103520.0,
        103520.0,
        103520.0,
        103520.0,
        103520.0,
        103520.0,
        103520.0,
        103430.0,
        103430.0,
        103430.0,
        103430.0,
        103430.0
    ]
}