{
    "elapsed_time": 158.37435483932495,
    "best_objective": 102020.0,
    "neighbors": 14800,
    "best_solution": [
        1,
        3,
        6,
        7,
        10,
        16,
        0,
        21,
        25,
        15,
        4,
        11,
        5,
        2,
        14,
        19,
        13,
        20,
        30,
        9,
        26,
        17,
        8,
        12,
        23,
        24,
        22,
        27,
        18,
        28,
        29,
        31
    ],
    "average_objectives_list": [
        137083.92156862744,
        127237.0,
        122031.4,
        119024.4,
        117150.4,
        114433.0,
        113871.6,
        113791.4,
        114447.0,
        114362.8,
        114256.6,
        113245.2,
        113113.4,
        112774.0,
        112737.2,
        113127.6,
        113181.8,
        112264.6,
        112537.8,
        112293.4,
        112703.2,
        111448.6,
        111548.0,
        111540.6,
        111795.0,
        111722.6,
        111388.2,
        111860.4,
        111297.4,
        111893.0,
        111472.2,
        111826.8,
        112087.6,
        112837.2,
        113350.6,
        112404.8,
        112207.4,
        112384.2,
        111694.4,
        111940.4,
        111748.8,
        111289.6,
        112825.6,
        112709.6,
        110668.4,
        111059.0,
        109456.0,
        111506.4,
        110174.2,
        109538.6,
        111225.8,
        110267.8,
        109740.4,
        111547.6,
        112381.2,
        110146.4,
        111242.2,
        109448.6,
        107156.0,
        110419.2,
        109123.6,
        110649.8,
        108084.6,
        107370.6,
        108039.2,
        109525.2,
        110040.2,
        108213.4,
        108514.8,
        109673.4,
        109099.6,
        108454.0,
        107361.6,
        107970.6,
        106993.6,
        106633.6,
        107035.6,
        108043.8,
        107185.4,
        109515.2,
        109628.8,
        107746.8,
        107730.0,
        108626.4,
        109721.6,
        107803.8,
        106965.6,
        107390.0,
        108049.6,
        108678.6,
        107277.6,
        107318.8,
        108214.4,
        109501.2,
        106519.6,
        109024.4,
        108704.8,
        107453.8,
        108073.6,
        107201.4,
        108148.0,
        109392.6,
        110682.8,
        107256.4,
        107531.8,
        107346.2,
        106199.8,
        108082.8,
        108595.8,
        109002.4,
        108298.6,
        107186.0,
        108299.0,
        106923.8,
        109702.6,
        108877.8,
        107002.6,
        107028.6,
        108407.2,
        110261.0,
        106738.8,
        107640.6,
        106677.8,
        107189.0,
        106522.8,
        108127.0,
        109043.0,
        107051.8,
        106802.0,
        105903.6,
        105796.6,
        108998.4,
        104594.0,
        106281.0,
        107382.8,
        108102.4,
        107353.2,
        108122.0,
        107634.8,
        108079.4,
        106507.4,
        106165.0,
        107018.4,
        106335.6,
        106277.6,
        104702.4,
        106581.2,
        107101.8,
        107511.2
    ],
    "best_objective_list": [
        128130.0,
        120960.0,
        118340.0,
        116510.0,
        113480.0,
        113480.0,
        113480.0,
        113080.0,
        113080.0,
        112180.0,
        112180.0,
        112180.0,
        112180.0,
        112180.0,
        111880.0,
        111880.0,
        110980.0,
        110680.0,
        110680.0,
        110680.0,
        109880.0,
        109480.0,
        108750.0,
        108750.0,
        108750.0,
        108750.0,
        108750.0,
        108750.0,
        108150.0,
        108150.0,
        108150.0,
        108150.0,
        108150.0,
        108150.0,
        107750.0,
        107750.0,
        107750.0,
        107750.0,
        107750.0,
        107750.0,
        107750.0,
        107750.0,
        106590.0,
        106590.0,
        106590.0,
        106590.0,
        106390.0,
        106390.0,
        106390.0,
        106390.0,
        106390.0,
        106390.0,
        106290.0,
        106290.0,
        106290.0,
        105290.0,
        105290.0,
        104490.0,
        104490.0,
        104490.0,
        104490.0,
        104490.0,
        104490.0,
        104490.0,
        104090.0,
        104090.0,
        104090.0,
        104090.0,
        104090.0,
        104090.0,
        104090.0,
        104090.0,
        103190.0,
        103190.0,
        103190.0,
        103190.0,
        103190.0,
        103190.0,
        103190.0,
        103190.0,
        103190.0,
        103190.0,
        103190.0,
        103190.0,
        103190.0,
        103190.0,
        103190.0,
        103190.0,
        103190.0,
        103190.0,
        103190.0,
        103190.0,
        103190.0,
        103190.0,
        103190.0,
        103190.0,
        103190.0,
        103190.0,
        103190.0,
        103190.0,
        103190.0,
        103190.0,
        103190.0,
        103190.0,
        103190.0,
        103190.0,
        103190.0,
        103190.0,
        103190.0,
        103190.0,
        103190.0,
        103190.0,
        103190.0,
        103190.0,
        103190.0,
        103190.0,
        103190.0,
        103190.0,
        103190.0,
        102890.0,
        102890.0,
        102890.0,
        102890.0,
        102890.0,
        102890.0,
        102890.0,
        102890.0,
        102890.0,
        102890.0,
        102890.0,
        102890.0,
        102890.0,
        102890.0,
        102890.0,
        102890.0,
        102890.0,
        102890.0,
        102890.0,
        102490.0,
        102490.0,
        102490.0,
        102490.0,
        102490.0,
        102490.0,
        102490.0,
        102020.0,
        102020.0,
        102020.0,
        102020.0
    ]
}