{
    "elapsed_time": 161.1002161502838,
    "best_objective": 103200.0,
    "neighbors": 14800,
    "best_solution": [
        0,
        5,
        2,
        20,
        4,
        1,
        6,
        8,
        3,
        10,
        11,
        12,
        15,
        16,
        19,
        7,
        23,
        14,
        22,
        31,
        28,
        21,
        26,
        9,
        24,
        25,
        17,
        27,
        18,
        29,
        13,
        30
    ],
    "average_objectives_list": [
        135853.33333333334,
        125083.8,
        120195.8,
        118626.6,
        116366.2,
        114648.2,
        113503.2,
        112517.4,
        111933.4,
        110578.2,
        110703.2,
        111122.6,
        110878.0,
        110538.0,
        110384.0,
        110554.0,
        110470.0,
        110714.0,
        111352.0,
        111059.4,
        111352.0,
        110218.8,
        111026.0,
        111641.2,
        110307.4,
        111788.6,
        112039.4,
        111511.8,
        109974.4,
        110606.6,
        109544.0,
        110055.4,
        111218.8,
        110098.4,
        110854.8,
        109615.0,
        112129.2,
        109448.2,
        109078.8,
        111354.8,
        111264.2,
        111598.0,
        111279.2,
        110570.6,
        110517.4,
        110774.2,
        110774.0,
        111001.4,
        110479.2,
        109861.6,
        109410.6,
        110133.2,
        110029.0,
        111238.2,
        109791.4,
        109506.8,
        110574.8,
        109608.8,
        110388.8,
        109548.0,
        109609.2,
        109759.4,
        110415.2,
        110453.6,
        109993.0,
        109297.6,
        111333.4,
        111374.6,
        110372.0,
        110629.8,
        110332.4,
        108410.4,
        111604.2,
        110708.4,
        108842.6,
        111143.2,
        110913.0,
        108654.2,
        110665.8,
        109383.4,
        110340.0,
        110554.6,
        110178.8,
        109282.0,
        110312.2,
        110659.8,
        111426.6,
        110742.8,
        110326.4,
        111685.6,
        109512.0,
        109831.8,
        109576.8,
        109814.2,
        110821.2,
        109766.8,
        111811.4,
        110818.4,
        110469.8,
        110539.6,
        110193.2,
        108570.8,
        109381.6,
        109112.6,
        108898.8,
        108931.6,
        109675.8,
        108931.8,
        107715.6,
        108379.0,
        108295.6,
        107059.6,
        108978.6,
        109188.6,
        108837.0,
        108542.8,
        108508.8,
        108542.8,
        107121.6,
        108353.8,
        108484.8,
        108497.6,
        107673.0,
        108385.8,
        107834.8,
        109546.2,
        108659.8,
        107673.2,
        108818.0,
        109184.8,
        108459.0,
        106953.6,
        108031.2,
        108333.4,
        108272.0,
        108872.6,
        108812.2,
        106452.2,
        109809.2,
        109100.0,
        108205.6,
        108341.4,
        108871.8,
        108985.8,
        109275.4,
        108026.2,
        108631.4,
        108650.4,
        107031.2
    ],
    "best_objective_list": [
        123450.0,
        118960.0,
        117350.0,
        113040.0,
        113040.0,
        112930.0,
        111930.0,
        110200.0,
        110200.0,
        109800.0,
        109800.0,
        109800.0,
        109800.0,
        109800.0,
        109800.0,
        109600.0,
        109600.0,
        109600.0,
        109400.0,
        109400.0,
        109400.0,
        108900.0,
        108900.0,
        108900.0,
        108600.0,
        108600.0,
        108600.0,
        108600.0,
        108100.0,
        107600.0,
        107600.0,
        107000.0,
        107000.0,
        107000.0,
        107000.0,
        107000.0,
        107000.0,
        107000.0,
        107000.0,
        107000.0,
        107000.0,
        107000.0,
        107000.0,
        107000.0,
        107000.0,
        106300.0,
        106300.0,
        106300.0,
        106200.0,
        106200.0,
        106200.0,
        106200.0,
        106200.0,
        106200.0,
        106200.0,
        106200.0,
        106200.0,
        106200.0,
        106200.0,
        106200.0,
        106200.0,
        106200.0,
        106200.0,
        106200.0,
        106200.0,
        106200.0,
        106100.0,
        106100.0,
        106100.0,
        106100.0,
        106100.0,
        106100.0,
        106100.0,
        106100.0,
        106100.0,
        106100.0,
        106100.0,
        106100.0,
        106100.0,
        106100.0,
        106100.0,
        106100.0,
        106100.0,
        106100.0,
        106100.0,
        106100.0,
        106100.0,
        106100.0,
        106100.0,
        106100.0,
        106100.0,
        106100.0,
        106100.0,
        106100.0,
        106100.0,
        106100.0,
        106100.0,
        106100.0,
        106100.0,
        106100.0,
        106100.0,
        105800.0,
        105800.0,
        105800.0,
        105800.0,
        105800.0,
        105800.0,
        105200.0,
        105200.0,
        105200.0,
        105200.0,
        105200.0,
        105200.0,
        105200.0,
        105200.0,
        105200.0,
        105200.0,
        105200.0,
        103800.0,
        103800.0,
        103800.0,
        103800.0,
        103800.0,
        103800.0,
        103800.0,
        103800.0,
        103800.0,
        103800.0,
        103800.0,
        103800.0,
        103800.0,
        103800.0,
        103800.0,
        103800.0,
        103800.0,
        103800.0,
        103800.0,
        103800.0,
        103800.0,
        103800.0,
        103800.0,
        103800.0,
        103800.0,
        103800.0,
        103800.0,
        103800.0,
        103200.0,
        103200.0,
        103200.0
    ]
}