{
    "elapsed_time": 159.8531413078308,
    "best_objective": 102560.0,
    "neighbors": 14800,
    "best_solution": [
        14,
        21,
        5,
        2,
        15,
        4,
        1,
        3,
        16,
        6,
        7,
        19,
        27,
        10,
        0,
        11,
        17,
        13,
        18,
        28,
        25,
        26,
        22,
        23,
        24,
        12,
        8,
        20,
        9,
        29,
        30,
        31
    ],
    "average_objectives_list": [
        136717.8431372549,
        126763.2,
        122117.4,
        118926.0,
        116031.0,
        116502.8,
        114122.4,
        113351.2,
        112954.0,
        111515.6,
        112457.0,
        112579.4,
        111938.2,
        112689.6,
        112147.2,
        112318.2,
        111170.6,
        112060.4,
        112468.6,
        111868.6,
        111265.0,
        112102.8,
        110892.8,
        110222.6,
        111257.4,
        110137.2,
        111659.2,
        110236.6,
        110960.2,
        108555.8,
        110056.6,
        111068.6,
        110626.2,
        111317.2,
        111319.4,
        110465.0,
        110163.2,
        110912.0,
        110285.2,
        108801.4,
        109816.0,
        111003.6,
        111792.0,
        110284.4,
        111617.6,
        110621.4,
        109586.6,
        111204.2,
        108918.4,
        109469.8,
        108138.4,
        111348.8,
        109177.2,
        109630.4,
        110469.4,
        110109.2,
        109439.6,
        110688.2,
        108568.4,
        109009.2,
        109914.2,
        108526.4,
        108044.0,
        111287.2,
        108693.0,
        107685.6,
        108776.4,
        111001.6,
        109444.6,
        108667.0,
        107239.8,
        108861.4,
        109407.8,
        108226.8,
        109020.8,
        108984.0,
        109793.2,
        108018.2,
        108653.4,
        108421.8,
        111685.4,
        108941.0,
        106700.6,
        110433.2,
        110606.0,
        107252.0,
        108709.8,
        108076.4,
        108762.0,
        109657.0,
        110887.6,
        108191.0,
        109095.0,
        109457.8,
        108744.0,
        109314.4,
        108206.4,
        107800.4,
        110297.6,
        109685.2,
        109682.2,
        109769.4,
        110687.4,
        108776.2,
        107981.8,
        109037.2,
        109211.8,
        108394.6,
        107723.2,
        110452.2,
        107927.8,
        109037.2,
        110242.8,
        108967.8,
        110426.8,
        109276.4,
        107527.6,
        109966.4,
        108531.8,
        108506.4,
        109068.4,
        110828.4,
        110735.6,
        110919.8,
        109351.2,
        109826.4,
        111754.6,
        106824.4,
        109305.8,
        108747.0,
        109778.2,
        110551.8,
        109972.8,
        109257.6,
        108515.6,
        110832.2,
        108822.8,
        109678.4,
        109512.4,
        109909.4,
        109637.8,
        107896.2,
        110992.2,
        108692.6,
        109050.4,
        109614.2,
        109938.8,
        110611.2,
        109394.8
    ],
    "best_objective_list": [
        125930.0,
        121000.0,
        116030.0,
        114300.0,
        114300.0,
        110430.0,
        110430.0,
        110430.0,
        110030.0,
        108060.0,
        108060.0,
        108060.0,
        107370.0,
        107370.0,
        107370.0,
        107370.0,
        107370.0,
        107370.0,
        107370.0,
        107370.0,
        107370.0,
        107370.0,
        106370.0,
        106370.0,
        106370.0,
        106340.0,
        106340.0,
        106340.0,
        106340.0,
        105870.0,
        105870.0,
        105870.0,
        105870.0,
        105870.0,
        105870.0,
        105870.0,
        105870.0,
        105870.0,
        105870.0,
        105870.0,
        105870.0,
        105870.0,
        105870.0,
        105870.0,
        105870.0,
        105870.0,
        105870.0,
        105870.0,
        105740.0,
        105740.0,
        105740.0,
        105740.0,
        105740.0,
        104940.0,
        104940.0,
        104940.0,
        104940.0,
        104360.0,
        104360.0,
        104360.0,
        104360.0,
        104060.0,
        104060.0,
        104060.0,
        104060.0,
        104060.0,
        103760.0,
        103760.0,
        103760.0,
        103760.0,
        103560.0,
        103560.0,
        103560.0,
        103560.0,
        103560.0,
        103560.0,
        103560.0,
        103560.0,
        103560.0,
        103560.0,
        103560.0,
        103560.0,
        103560.0,
        103560.0,
        103560.0,
        103360.0,
        103360.0,
        102560.0,
        102560.0,
        102560.0,
        102560.0,
        102560.0,
        102560.0,
        102560.0,
        102560.0,
        102560.0,
        102560.0,
        102560.0,
        102560.0,
        102560.0,
        102560.0,
        102560.0,
        102560.0,
        102560.0,
        102560.0,
        102560.0,
        102560.0,
        102560.0,
        102560.0,
        102560.0,
        102560.0,
        102560.0,
        102560.0,
        102560.0,
        102560.0,
        102560.0,
        102560.0,
        102560.0,
        102560.0,
        102560.0,
        102560.0,
        102560.0,
        102560.0,
        102560.0,
        102560.0,
        102560.0,
        102560.0,
        102560.0,
        102560.0,
        102560.0,
        102560.0,
        102560.0,
        102560.0,
        102560.0,
        102560.0,
        102560.0,
        102560.0,
        102560.0,
        102560.0,
        102560.0,
        102560.0,
        102560.0,
        102560.0,
        102560.0,
        102560.0,
        102560.0,
        102560.0,
        102560.0,
        102560.0
    ]
}