{
    "elapsed_time": 159.1458911895752,
    "best_objective": 104880.0,
    "neighbors": 14800,
    "best_solution": [
        1,
        15,
        4,
        20,
        6,
        0,
        3,
        11,
        7,
        10,
        2,
        5,
        8,
        16,
        21,
        9,
        13,
        17,
        23,
        26,
        19,
        12,
        22,
        28,
        24,
        25,
        14,
        18,
        27,
        29,
        30,
        31
    ],
    "average_objectives_list": [
        137398.82352941178,
        129056.6,
        120823.0,
        117805.0,
        116581.8,
        115585.6,
        115525.2,
        115807.6,
        115676.4,
        114473.8,
        113754.8,
        113425.4,
        112822.2,
        112797.4,
        113058.2,
        112908.8,
        113071.2,
        112878.4,
        113284.8,
        113871.8,
        113192.0,
        114072.6,
        113331.2,
        112712.0,
        113167.6,
        113635.6,
        113778.0,
        113158.0,
        114096.0,
        114513.4,
        113271.2,
        113351.4,
        113192.8,
        113932.0,
        113613.2,
        113509.2,
        112098.2,
        111287.4,
        112667.2,
        112235.6,
        112416.6,
        112471.6,
        112910.0,
        112532.6,
        112878.6,
        113120.6,
        112187.8,
        112559.6,
        111879.0,
        112496.6,
        111850.8,
        112985.2,
        113554.4,
        112366.0,
        111860.0,
        113435.4,
        112569.4,
        111678.4,
        112087.0,
        111797.0,
        111062.2,
        111124.4,
        110674.2,
        111543.0,
        113001.2,
        111850.4,
        111215.0,
        111592.6,
        111388.0,
        110640.4,
        112239.0,
        112386.4,
        111610.8,
        111142.8,
        111712.8,
        111359.2,
        111753.8,
        111886.4,
        111315.0,
        112071.0,
        111705.0,
        111624.6,
        111915.6,
        111055.6,
        111041.4,
        111022.6,
        111030.4,
        110476.6,
        112068.8,
        110224.8,
        110936.2,
        111682.6,
        110965.8,
        111149.4,
        109587.4,
        111100.0,
        109788.4,
        110477.2,
        112777.4,
        110178.2,
        109437.6,
        110212.0,
        109862.4,
        109936.8,
        109346.6,
        110217.4,
        110184.2,
        110879.2,
        110845.2,
        108823.2,
        110453.2,
        110862.6,
        109676.0,
        111323.4,
        109846.0,
        109796.6,
        110135.6,
        110561.0,
        110925.4,
        110188.8,
        108336.0,
        109417.6,
        109163.2,
        108254.2,
        108532.4,
        108253.0,
        109944.0,
        109746.0,
        110385.0,
        110738.4,
        109774.0,
        110497.4,
        110433.4,
        111652.8,
        108951.2,
        110066.0,
        108871.6,
        110251.6,
        109889.6,
        109778.4,
        109383.6,
        108047.8,
        109282.0,
        110517.2,
        109630.0,
        109593.2,
        108560.8,
        110689.4,
        109938.8
    ],
    "best_objective_list": [
        130380.0,
        119150.0,
        117130.0,
        115870.0,
        114700.0,
        114700.0,
        113040.0,
        113040.0,
        113040.0,
        112240.0,
        111370.0,
        110800.0,
        110770.0,
        110770.0,
        110770.0,
        110770.0,
        110770.0,
        110770.0,
        110770.0,
        110770.0,
        110770.0,
        110770.0,
        110770.0,
        110370.0,
        110370.0,
        110370.0,
        110370.0,
        110370.0,
        110370.0,
        110370.0,
        110370.0,
        109570.0,
        109570.0,
        109570.0,
        109570.0,
        109570.0,
        109570.0,
        109570.0,
        109570.0,
        109570.0,
        109570.0,
        109570.0,
        109570.0,
        109570.0,
        108970.0,
        108970.0,
        108970.0,
        108970.0,
        108970.0,
        108970.0,
        108970.0,
        108970.0,
        108370.0,
        108370.0,
        108370.0,
        108370.0,
        108370.0,
        108370.0,
        108370.0,
        108370.0,
        108370.0,
        108370.0,
        108370.0,
        108370.0,
        108370.0,
        108370.0,
        108170.0,
        108170.0,
        108170.0,
        108170.0,
        108170.0,
        108170.0,
        108170.0,
        108170.0,
        107370.0,
        107370.0,
        107370.0,
        107170.0,
        107170.0,
        107170.0,
        107170.0,
        107170.0,
        107170.0,
        107170.0,
        107170.0,
        106170.0,
        106170.0,
        106170.0,
        106170.0,
        105480.0,
        105480.0,
        105480.0,
        105480.0,
        105480.0,
        105480.0,
        105480.0,
        105480.0,
        105480.0,
        105480.0,
        105480.0,
        105480.0,
        105380.0,
        105380.0,
        104880.0,
        104880.0,
        104880.0,
        104880.0,
        104880.0,
        104880.0,
        104880.0,
        104880.0,
        104880.0,
        104880.0,
        104880.0,
        104880.0,
        104880.0,
        104880.0,
        104880.0,
        104880.0,
        104880.0,
        104880.0,
        104880.0,
        104880.0,
        104880.0,
        104880.0,
        104880.0,
        104880.0,
        104880.0,
        104880.0,
        104880.0,
        104880.0,
        104880.0,
        104880.0,
        104880.0,
        104880.0,
        104880.0,
        104880.0,
        104880.0,
        104880.0,
        104880.0,
        104880.0,
        104880.0,
        104880.0,
        104880.0,
        104880.0,
        104880.0,
        104880.0,
        104880.0,
        104880.0
    ]
}