{
    "elapsed_time": 159.3891749382019,
    "best_objective": 101160.0,
    "neighbors": 14800,
    "best_solution": [
        1,
        2,
        4,
        5,
        6,
        15,
        10,
        11,
        7,
        16,
        0,
        8,
        30,
        19,
        12,
        23,
        14,
        3,
        25,
        29,
        18,
        21,
        20,
        22,
        26,
        17,
        13,
        24,
        9,
        27,
        28,
        31
    ],
    "average_objectives_list": [
        135868.6274509804,
        126335.4,
        120972.2,
        119439.0,
        118547.2,
        117912.6,
        117756.0,
        116821.2,
        115329.2,
        114141.8,
        112893.0,
        111773.6,
        111301.4,
        109260.2,
        111134.2,
        110301.0,
        109674.8,
        108353.0,
        109521.2,
        108802.6,
        109321.6,
        110148.8,
        110203.2,
        108973.2,
        109891.0,
        107630.6,
        106563.2,
        109177.2,
        109031.6,
        106334.6,
        107496.0,
        109729.8,
        108311.6,
        107751.0,
        109715.4,
        109209.8,
        106468.0,
        108162.2,
        107976.4,
        108643.6,
        107751.6,
        109832.8,
        106312.0,
        108924.8,
        107007.4,
        106425.8,
        107306.6,
        105709.4,
        107231.2,
        107669.4,
        105589.0,
        107844.2,
        106459.2,
        106725.6,
        107484.6,
        108153.8,
        105317.0,
        108703.0,
        106477.4,
        106506.0,
        106292.0,
        106618.0,
        105480.6,
        106577.2,
        107553.6,
        107350.8,
        107886.8,
        106170.4,
        106705.4,
        105972.0,
        109937.8,
        105364.0,
        105927.2,
        107274.8,
        106646.2,
        107564.0,
        107059.4,
        105936.0,
        104264.8,
        104990.0,
        104784.4,
        107001.0,
        104962.0,
        105683.0,
        105105.0,
        105004.2,
        104873.6,
        106586.6,
        108325.8,
        106018.6,
        107357.0,
        104951.8,
        105397.4,
        105254.0,
        106624.0,
        105478.4,
        104272.2,
        104537.6,
        106474.2,
        107719.2,
        106551.4,
        107212.4,
        106513.0,
        104527.8,
        107256.4,
        105688.6,
        107686.4,
        107793.6,
        104758.4,
        106452.8,
        105262.4,
        104833.0,
        104440.0,
        105255.8,
        104548.6,
        106621.8,
        104880.8,
        105082.4,
        106240.0,
        103639.4,
        104248.6,
        105831.2,
        105873.8,
        105109.2,
        106332.6,
        105860.2,
        106521.4,
        105587.4,
        105322.2,
        105554.8,
        106783.8,
        106400.8,
        104791.6,
        106699.8,
        106394.8,
        105462.8,
        105428.8,
        107017.8,
        104750.0,
        105329.4,
        105101.8,
        106137.0,
        105449.8,
        105458.8,
        103384.6,
        105293.6,
        104648.8,
        105090.2,
        103727.8
    ],
    "best_objective_list": [
        124500.0,
        120650.0,
        118850.0,
        117710.0,
        117310.0,
        116810.0,
        115510.0,
        114110.0,
        113610.0,
        110010.0,
        109610.0,
        107810.0,
        107810.0,
        107810.0,
        107810.0,
        107210.0,
        106910.0,
        106680.0,
        106680.0,
        106680.0,
        104480.0,
        104480.0,
        104480.0,
        104480.0,
        104480.0,
        104480.0,
        104480.0,
        104480.0,
        104480.0,
        104480.0,
        104480.0,
        104480.0,
        104480.0,
        104480.0,
        104480.0,
        104480.0,
        104480.0,
        104480.0,
        104480.0,
        103680.0,
        103680.0,
        103680.0,
        103680.0,
        103680.0,
        103620.0,
        103620.0,
        103620.0,
        103620.0,
        103620.0,
        103620.0,
        103620.0,
        103620.0,
        103620.0,
        103520.0,
        103520.0,
        103520.0,
        103160.0,
        103160.0,
        103060.0,
        103060.0,
        103060.0,
        103060.0,
        103060.0,
        103060.0,
        103060.0,
        103060.0,
        103060.0,
        103060.0,
        103060.0,
        103060.0,
        103060.0,
        103060.0,
        103060.0,
        102260.0,
        102260.0,
        102260.0,
        102260.0,
        102260.0,
        102260.0,
        102260.0,
        102260.0,
        102260.0,
        102260.0,
        102260.0,
        102260.0,
        102260.0,
        102260.0,
        102260.0,
        102260.0,
        102260.0,
        102260.0,
        102260.0,
        102260.0,
        102260.0,
        102260.0,
        102260.0,
        102260.0,
        102260.0,
        102260.0,
        102260.0,
        102260.0,
        102260.0,
        102260.0,
        102260.0,
        102260.0,
        102260.0,
        102260.0,
        102260.0,
        102260.0,
        102260.0,
        102260.0,
        102260.0,
        101360.0,
        101360.0,
        101360.0,
        101360.0,
        101360.0,
        101360.0,
        101360.0,
        101360.0,
        101360.0,
        101360.0,
        101360.0,
        101360.0,
        101360.0,
        101360.0,
        101360.0,
        101360.0,
        101360.0,
        101360.0,
        101360.0,
        101360.0,
        101360.0,
        101360.0,
        101360.0,
        101360.0,
        101360.0,
        101160.0,
        101160.0,
        101160.0,
        101160.0,
        101160.0,
        101160.0,
        101160.0,
        101160.0,
        101160.0,
        101160.0,
        101160.0,
        101160.0
    ]
}