{
    "elapsed_time": 159.34232997894287,
    "best_objective": 102910.0,
    "neighbors": 14800,
    "best_solution": [
        5,
        1,
        4,
        6,
        0,
        15,
        3,
        7,
        16,
        10,
        11,
        12,
        23,
        2,
        8,
        19,
        20,
        21,
        22,
        9,
        24,
        25,
        14,
        13,
        17,
        29,
        28,
        27,
        26,
        18,
        30,
        31
    ],
    "average_objectives_list": [
        136982.35294117648,
        126353.8,
        120513.8,
        117232.8,
        114512.2,
        114434.0,
        113790.0,
        113266.0,
        112878.0,
        112274.0,
        112114.0,
        111504.0,
        110918.2,
        110921.6,
        110831.4,
        111466.2,
        110553.2,
        110102.0,
        110700.0,
        110432.0,
        110236.0,
        110424.6,
        109697.0,
        108846.0,
        108890.0,
        108285.4,
        108165.4,
        111014.0,
        108686.6,
        108062.0,
        109541.6,
        108094.0,
        109055.6,
        108402.2,
        107854.0,
        107862.0,
        106506.6,
        109201.0,
        107059.8,
        107818.8,
        107332.6,
        107397.4,
        107445.6,
        107303.8,
        107898.6,
        108060.2,
        108046.6,
        107641.4,
        107802.0,
        107018.0,
        107479.8,
        105945.4,
        108901.2,
        107044.6,
        106710.4,
        107963.8,
        107326.2,
        107123.8,
        107337.2,
        107901.8,
        108279.0,
        107923.0,
        106933.0,
        107302.4,
        107066.6,
        106902.0,
        107659.2,
        107396.8,
        106300.0,
        108053.8,
        105848.8,
        108084.6,
        106331.4,
        107967.2,
        107064.8,
        106500.0,
        107615.2,
        106695.8,
        107530.2,
        106636.8,
        107225.4,
        106740.2,
        106916.6,
        105537.2,
        105508.0,
        106945.2,
        107315.2,
        106404.8,
        106694.0,
        107858.4,
        105629.0,
        107387.2,
        107265.2,
        106358.2,
        106869.6,
        106025.6,
        106168.8,
        106704.2,
        106053.2,
        105083.2,
        106260.4,
        105683.2,
        106732.0,
        106389.0,
        106641.8,
        106716.0,
        105984.6,
        106802.2,
        105608.8,
        105883.8,
        106475.4,
        106686.4,
        106238.2,
        106327.6,
        106094.6,
        106287.0,
        106665.2,
        106278.0,
        105972.0,
        106757.0,
        105639.0,
        106169.2,
        106279.2,
        106032.4,
        106569.0,
        106658.0,
        107782.6,
        106274.4,
        107958.6,
        106961.2,
        106635.6,
        106338.2,
        106921.4,
        105678.0,
        107389.6,
        106285.2,
        107325.4,
        106799.4,
        106937.0,
        105174.0,
        106117.8,
        107197.8,
        108185.8,
        106444.0,
        106114.6,
        105894.6,
        105494.8,
        107060.8,
        106270.8
    ],
    "best_objective_list": [
        126220.0,
        119000.0,
        114200.0,
        114200.0,
        114000.0,
        113200.0,
        112200.0,
        112200.0,
        112200.0,
        109300.0,
        109300.0,
        109300.0,
        109300.0,
        109300.0,
        109300.0,
        108500.0,
        108500.0,
        108500.0,
        108500.0,
        108500.0,
        106200.0,
        106200.0,
        106200.0,
        106200.0,
        106200.0,
        106200.0,
        106200.0,
        106200.0,
        106200.0,
        106200.0,
        105400.0,
        105400.0,
        105400.0,
        105400.0,
        103800.0,
        103800.0,
        103800.0,
        103800.0,
        103800.0,
        103800.0,
        103800.0,
        103800.0,
        103800.0,
        103800.0,
        103800.0,
        103600.0,
        103600.0,
        103600.0,
        103600.0,
        103600.0,
        103600.0,
        103600.0,
        103600.0,
        103600.0,
        103600.0,
        103600.0,
        103600.0,
        103600.0,
        103600.0,
        103600.0,
        103600.0,
        103600.0,
        103500.0,
        103500.0,
        103500.0,
        103500.0,
        103500.0,
        103500.0,
        103500.0,
        103500.0,
        103500.0,
        103500.0,
        102910.0,
        102910.0,
        102910.0,
        102910.0,
        102910.0,
        102910.0,
        102910.0,
        102910.0,
        102910.0,
        102910.0,
        102910.0,
        102910.0,
        102910.0,
        102910.0,
        102910.0,
        102910.0,
        102910.0,
        102910.0,
        102910.0,
        102910.0,
        102910.0,
        102910.0,
        102910.0,
        102910.0,
        102910.0,
        102910.0,
        102910.0,
        102910.0,
        102910.0,
        102910.0,
        102910.0,
        102910.0,
        102910.0,
        102910.0,
        102910.0,
        102910.0,
        102910.0,
        102910.0,
        102910.0,
        102910.0,
        102910.0,
        102910.0,
        102910.0,
        102910.0,
        102910.0,
        102910.0,
        102910.0,
        102910.0,
        102910.0,
        102910.0,
        102910.0,
        102910.0,
        102910.0,
        102910.0,
        102910.0,
        102910.0,
        102910.0,
        102910.0,
        102910.0,
        102910.0,
        102910.0,
        102910.0,
        102910.0,
        102910.0,
        102910.0,
        102910.0,
        102910.0,
        102910.0,
        102910.0,
        102910.0,
        102910.0,
        102910.0,
        102910.0,
        102910.0,
        102910.0,
        102910.0,
        102910.0
    ]
}