{
    "elapsed_time": 159.09966325759888,
    "best_objective": 99960.0,
    "neighbors": 14800,
    "best_solution": [
        2,
        4,
        5,
        21,
        0,
        1,
        15,
        3,
        8,
        6,
        10,
        16,
        19,
        7,
        12,
        11,
        26,
        25,
        17,
        14,
        20,
        24,
        13,
        18,
        22,
        23,
        9,
        27,
        28,
        29,
        30,
        31
    ],
    "average_objectives_list": [
        137663.13725490196,
        126620.4,
        120768.0,
        118243.2,
        117607.2,
        116736.8,
        116790.2,
        115838.0,
        114668.0,
        113077.4,
        112616.2,
        112529.2,
        112204.6,
        111193.8,
        110956.0,
        110483.2,
        110409.6,
        110494.2,
        109471.0,
        108656.4,
        108802.2,
        109409.4,
        108424.0,
        108965.6,
        109181.2,
        109240.2,
        108751.4,
        108672.0,
        109315.0,
        108690.0,
        108832.0,
        108560.4,
        108434.0,
        108542.0,
        109750.0,
        108621.6,
        108588.0,
        109334.2,
        108235.2,
        108444.6,
        109252.0,
        108455.4,
        108958.2,
        107627.8,
        107250.0,
        107905.4,
        108337.8,
        106850.0,
        106284.8,
        105615.6,
        105572.4,
        103863.8,
        103942.0,
        106448.2,
        104907.6,
        105091.8,
        103796.0,
        103800.0,
        104029.2,
        103904.0,
        104123.0,
        105727.2,
        104497.4,
        104007.4,
        104840.4,
        105871.4,
        106096.8,
        104266.4,
        105587.2,
        104299.6,
        104080.2,
        104389.2,
        104150.2,
        104746.0,
        104853.2,
        104108.4,
        104604.4,
        107053.4,
        104764.4,
        103720.0,
        105661.4,
        104111.6,
        105944.0,
        105226.8,
        103506.2,
        104595.6,
        106193.8,
        104580.0,
        105032.0,
        104379.2,
        105318.8,
        103987.4,
        103965.8,
        105127.2,
        104110.2,
        104564.8,
        104010.4,
        104830.8,
        105383.0,
        104550.2,
        104701.6,
        105367.0,
        103754.0,
        105696.4,
        105103.0,
        103809.6,
        103777.2,
        104650.0,
        105931.4,
        103847.2,
        105733.6,
        105475.2,
        103781.2,
        104650.8,
        105356.0,
        103693.2,
        104414.8,
        105932.8,
        104363.8,
        102772.8,
        103543.6,
        103727.2,
        103267.6,
        104361.4,
        105489.8,
        105146.2,
        104715.8,
        104157.2,
        105633.2,
        105058.0,
        102333.2,
        103615.4,
        103080.6,
        103152.8,
        103584.2,
        104008.4,
        104597.4,
        103965.2,
        104417.8,
        102681.6,
        104394.8,
        103689.6,
        104521.2,
        103177.4,
        103905.8,
        103959.2,
        103521.4,
        103826.8,
        104597.0
    ],
    "best_objective_list": [
        126590.0,
        117460.0,
        117040.0,
        116720.0,
        116720.0,
        115940.0,
        115130.0,
        112630.0,
        111930.0,
        111630.0,
        110230.0,
        110230.0,
        110030.0,
        109730.0,
        109730.0,
        108690.0,
        108690.0,
        108690.0,
        108290.0,
        108290.0,
        108290.0,
        108290.0,
        108190.0,
        108090.0,
        108090.0,
        108090.0,
        108090.0,
        108090.0,
        108090.0,
        108090.0,
        107790.0,
        107790.0,
        107790.0,
        107790.0,
        107790.0,
        107790.0,
        107790.0,
        107790.0,
        107790.0,
        107790.0,
        107790.0,
        106860.0,
        106860.0,
        106860.0,
        106660.0,
        106660.0,
        106060.0,
        103860.0,
        103860.0,
        102260.0,
        102260.0,
        102260.0,
        102260.0,
        102260.0,
        102260.0,
        102260.0,
        102260.0,
        102260.0,
        102260.0,
        102260.0,
        102260.0,
        102260.0,
        102260.0,
        101960.0,
        101960.0,
        101960.0,
        101960.0,
        101960.0,
        101960.0,
        101960.0,
        101960.0,
        101960.0,
        101960.0,
        101960.0,
        101960.0,
        101960.0,
        101960.0,
        101960.0,
        101960.0,
        101960.0,
        101960.0,
        101960.0,
        101960.0,
        101960.0,
        101960.0,
        101960.0,
        101960.0,
        101960.0,
        101960.0,
        101960.0,
        101960.0,
        101960.0,
        101360.0,
        101360.0,
        101360.0,
        101360.0,
        101360.0,
        101360.0,
        101360.0,
        101360.0,
        101360.0,
        101360.0,
        101360.0,
        101360.0,
        101360.0,
        101360.0,
        101360.0,
        101360.0,
        101360.0,
        101360.0,
        101360.0,
        101360.0,
        101360.0,
        101360.0,
        101360.0,
        100960.0,
        100960.0,
        100960.0,
        100960.0,
        100860.0,
        100460.0,
        100460.0,
        100460.0,
        100460.0,
        100460.0,
        100460.0,
        100460.0,
        100460.0,
        100460.0,
        100460.0,
        100460.0,
        100460.0,
        100460.0,
        100460.0,
        100460.0,
        100460.0,
        100460.0,
        100460.0,
        100460.0,
        100460.0,
        100460.0,
        100460.0,
        100460.0,
        100460.0,
        100460.0,
        100460.0,
        100260.0,
        99960.0,
        99960.0
    ]
}