{
    "elapsed_time": 158.32780361175537,
    "best_objective": 106800.0,
    "neighbors": 14800,
    "best_solution": [
        0,
        1,
        4,
        18,
        5,
        2,
        6,
        7,
        8,
        15,
        16,
        31,
        10,
        11,
        12,
        13,
        14,
        21,
        28,
        20,
        3,
        19,
        22,
        23,
        24,
        25,
        9,
        17,
        30,
        27,
        29,
        26
    ],
    "average_objectives_list": [
        137015.49019607843,
        126764.8,
        120673.2,
        118487.6,
        116972.4,
        116254.2,
        116467.8,
        113626.8,
        114232.2,
        113546.2,
        114074.0,
        113681.2,
        112636.6,
        112256.6,
        112249.6,
        111725.8,
        111305.0,
        110831.2,
        111940.4,
        111295.4,
        111213.4,
        111873.4,
        111393.8,
        110514.4,
        111780.0,
        110734.6,
        112212.0,
        111435.0,
        111170.6,
        110649.8,
        110053.4,
        110876.6,
        111865.8,
        110395.4,
        110891.4,
        110786.8,
        111536.8,
        109316.6,
        110640.0,
        112189.6,
        111832.8,
        109531.0,
        110966.4,
        110730.2,
        110578.0,
        110837.0,
        110294.4,
        111664.8,
        111073.6,
        111083.0,
        110566.4,
        111039.6,
        111311.0,
        110264.8,
        110762.4,
        111013.0,
        110893.6,
        109870.4,
        110315.0,
        110533.0,
        110293.8,
        111189.6,
        110660.8,
        109847.4,
        111501.2,
        110941.0,
        110793.6,
        111376.0,
        110496.6,
        110714.8,
        110426.4,
        110416.4,
        111311.2,
        111106.6,
        110796.4,
        111096.0,
        109574.2,
        111697.2,
        110905.8,
        110357.0,
        112012.6,
        110248.4,
        110784.6,
        110875.2,
        111689.2,
        110616.6,
        110111.4,
        111469.2,
        110941.4,
        110909.8,
        111251.2,
        110833.0,
        112042.8,
        111273.8,
        111219.2,
        111326.4,
        110813.4,
        111611.2,
        110097.4,
        111228.4,
        109954.0,
        111118.2,
        110395.4,
        111628.2,
        110867.8,
        110358.0,
        111633.4,
        111482.8,
        110577.4,
        111384.6,
        111185.0,
        110952.2,
        111318.2,
        111109.2,
        110173.2,
        111322.8,
        109759.2,
        111150.0,
        111069.0,
        111010.2,
        110934.4,
        110986.2,
        109974.4,
        110587.4,
        109910.0,
        109525.6,
        110092.0,
        110975.2,
        110107.8,
        111587.8,
        111671.2,
        110731.6,
        111367.0,
        110774.8,
        111242.0,
        109979.4,
        110468.0,
        111105.2,
        109540.4,
        110468.0,
        110283.8,
        110543.2,
        109890.0,
        112280.4,
        111531.2,
        110881.6,
        111267.6,
        111136.4,
        111660.4
    ],
    "best_objective_list": [
        126050.0,
        119020.0,
        117420.0,
        113820.0,
        113820.0,
        112720.0,
        112720.0,
        112020.0,
        112020.0,
        110820.0,
        110820.0,
        110360.0,
        110360.0,
        110360.0,
        110360.0,
        109770.0,
        108870.0,
        108870.0,
        108870.0,
        108870.0,
        108870.0,
        108870.0,
        108870.0,
        108870.0,
        108870.0,
        108870.0,
        108870.0,
        108870.0,
        107800.0,
        107800.0,
        107800.0,
        107800.0,
        107800.0,
        107800.0,
        107800.0,
        107800.0,
        107800.0,
        107800.0,
        107800.0,
        107800.0,
        107800.0,
        107800.0,
        107400.0,
        107400.0,
        107400.0,
        107400.0,
        107400.0,
        107400.0,
        107400.0,
        107400.0,
        107400.0,
        107400.0,
        107400.0,
        107000.0,
        106800.0,
        106800.0,
        106800.0,
        106800.0,
        106800.0,
        106800.0,
        106800.0,
        106800.0,
        106800.0,
        106800.0,
        106800.0,
        106800.0,
        106800.0,
        106800.0,
        106800.0,
        106800.0,
        106800.0,
        106800.0,
        106800.0,
        106800.0,
        106800.0,
        106800.0,
        106800.0,
        106800.0,
        106800.0,
        106800.0,
        106800.0,
        106800.0,
        106800.0,
        106800.0,
        106800.0,
        106800.0,
        106800.0,
        106800.0,
        106800.0,
        106800.0,
        106800.0,
        106800.0,
        106800.0,
        106800.0,
        106800.0,
        106800.0,
        106800.0,
        106800.0,
        106800.0,
        106800.0,
        106800.0,
        106800.0,
        106800.0,
        106800.0,
        106800.0,
        106800.0,
        106800.0,
        106800.0,
        106800.0,
        106800.0,
        106800.0,
        106800.0,
        106800.0,
        106800.0,
        106800.0,
        106800.0,
        106800.0,
        106800.0,
        106800.0,
        106800.0,
        106800.0,
        106800.0,
        106800.0,
        106800.0,
        106800.0,
        106800.0,
        106800.0,
        106800.0,
        106800.0,
        106800.0,
        106800.0,
        106800.0,
        106800.0,
        106800.0,
        106800.0,
        106800.0,
        106800.0,
        106800.0,
        106800.0,
        106800.0,
        106800.0,
        106800.0,
        106800.0,
        106800.0,
        106800.0,
        106800.0,
        106800.0,
        106800.0,
        106800.0
    ]
}