{
    "elapsed_time": 159.57795810699463,
    "best_objective": 101070.0,
    "neighbors": 14800,
    "best_solution": [
        2,
        3,
        0,
        6,
        4,
        5,
        1,
        7,
        11,
        16,
        10,
        12,
        14,
        21,
        15,
        8,
        18,
        28,
        19,
        9,
        23,
        25,
        22,
        20,
        24,
        13,
        26,
        27,
        17,
        29,
        30,
        31
    ],
    "average_objectives_list": [
        136822.1568627451,
        126111.6,
        120792.0,
        117800.0,
        116706.8,
        115762.2,
        114725.0,
        114155.2,
        115334.4,
        114012.0,
        114004.6,
        112971.4,
        113792.8,
        113542.0,
        112625.8,
        112755.4,
        113296.6,
        111932.2,
        112182.4,
        112905.8,
        112345.8,
        112618.6,
        112810.2,
        110725.4,
        110544.0,
        110104.0,
        110897.4,
        109594.2,
        109244.2,
        108331.2,
        109334.0,
        110620.8,
        108312.4,
        109603.2,
        109038.8,
        108230.8,
        108509.8,
        108609.4,
        109364.6,
        108788.2,
        108471.2,
        110657.8,
        108348.8,
        109050.4,
        108319.6,
        109440.6,
        108174.6,
        108500.4,
        108881.6,
        108070.4,
        108797.2,
        109558.4,
        109285.6,
        108986.6,
        108911.4,
        108880.4,
        108768.0,
        109606.4,
        107593.0,
        107216.0,
        107564.0,
        107367.8,
        108964.8,
        107645.8,
        108498.6,
        107351.6,
        107498.0,
        106738.0,
        106818.8,
        109494.6,
        107731.6,
        106740.4,
        108591.4,
        108338.4,
        107931.6,
        106938.0,
        108050.4,
        105952.2,
        107017.4,
        105945.2,
        107112.6,
        107424.0,
        106199.2,
        106180.0,
        107111.0,
        107546.4,
        106889.4,
        105751.6,
        106058.0,
        105284.8,
        107473.0,
        105523.4,
        106075.6,
        107587.2,
        107304.4,
        106330.2,
        105579.4,
        106222.8,
        105423.8,
        107916.8,
        107087.2,
        105961.4,
        105650.4,
        106515.4,
        105713.6,
        104794.2,
        106491.8,
        105673.0,
        104809.8,
        105717.6,
        105222.2,
        104730.4,
        106003.4,
        105800.2,
        107002.2,
        105290.0,
        104146.0,
        105541.0,
        105266.8,
        105347.6,
        105716.0,
        106002.0,
        104612.2,
        104756.4,
        105133.6,
        105831.4,
        106219.4,
        105466.6,
        103452.0,
        107735.4,
        105117.0,
        104392.6,
        104925.6,
        104744.8,
        105040.4,
        104802.4,
        104888.0,
        105719.4,
        106357.0,
        105128.8,
        105178.6,
        104308.6,
        104793.2,
        106005.4,
        107129.4,
        106580.6,
        106453.2,
        104783.6,
        104654.0
    ],
    "best_objective_list": [
        125420.0,
        120470.0,
        116870.0,
        116870.0,
        113060.0,
        113060.0,
        113060.0,
        112360.0,
        112360.0,
        110960.0,
        110960.0,
        110960.0,
        110960.0,
        110960.0,
        110560.0,
        110560.0,
        110480.0,
        110480.0,
        110480.0,
        110080.0,
        109580.0,
        108780.0,
        108780.0,
        107880.0,
        107880.0,
        107280.0,
        105680.0,
        105680.0,
        105680.0,
        105680.0,
        105680.0,
        105680.0,
        105680.0,
        105680.0,
        105680.0,
        105680.0,
        105680.0,
        105680.0,
        105680.0,
        105680.0,
        105680.0,
        105680.0,
        105680.0,
        105680.0,
        105680.0,
        105680.0,
        105680.0,
        105280.0,
        105280.0,
        105280.0,
        105280.0,
        105280.0,
        105280.0,
        104180.0,
        104180.0,
        104180.0,
        104180.0,
        104180.0,
        104180.0,
        104180.0,
        104180.0,
        104180.0,
        104180.0,
        104180.0,
        104180.0,
        104180.0,
        104180.0,
        104180.0,
        104180.0,
        104180.0,
        104180.0,
        104180.0,
        104180.0,
        104180.0,
        104180.0,
        104180.0,
        101880.0,
        101880.0,
        101880.0,
        101880.0,
        101880.0,
        101880.0,
        101880.0,
        101880.0,
        101880.0,
        101880.0,
        101880.0,
        101880.0,
        101880.0,
        101880.0,
        101880.0,
        101880.0,
        101880.0,
        101880.0,
        101880.0,
        101280.0,
        101280.0,
        101280.0,
        101280.0,
        101280.0,
        101280.0,
        101280.0,
        101280.0,
        101280.0,
        101280.0,
        101070.0,
        101070.0,
        101070.0,
        101070.0,
        101070.0,
        101070.0,
        101070.0,
        101070.0,
        101070.0,
        101070.0,
        101070.0,
        101070.0,
        101070.0,
        101070.0,
        101070.0,
        101070.0,
        101070.0,
        101070.0,
        101070.0,
        101070.0,
        101070.0,
        101070.0,
        101070.0,
        101070.0,
        101070.0,
        101070.0,
        101070.0,
        101070.0,
        101070.0,
        101070.0,
        101070.0,
        101070.0,
        101070.0,
        101070.0,
        101070.0,
        101070.0,
        101070.0,
        101070.0,
        101070.0,
        101070.0,
        101070.0,
        101070.0,
        101070.0,
        101070.0
    ]
}