{
    "elapsed_time": 158.95418500900269,
    "best_objective": 99850.0,
    "neighbors": 14800,
    "best_solution": [
        7,
        0,
        4,
        11,
        6,
        16,
        1,
        2,
        9,
        10,
        21,
        5,
        27,
        15,
        3,
        14,
        28,
        23,
        24,
        22,
        20,
        19,
        25,
        17,
        8,
        12,
        13,
        26,
        18,
        29,
        30,
        31
    ],
    "average_objectives_list": [
        137699.21568627452,
        127925.6,
        121400.0,
        117730.4,
        116657.2,
        116169.4,
        116143.4,
        114798.0,
        114074.0,
        115091.6,
        113571.2,
        114328.2,
        114461.4,
        113505.6,
        113553.2,
        114395.8,
        112925.6,
        112963.6,
        114508.2,
        113095.8,
        113133.8,
        111426.4,
        112811.2,
        111962.2,
        110881.2,
        110457.2,
        112819.2,
        111010.4,
        111985.0,
        112316.4,
        111675.0,
        110618.0,
        109652.0,
        109056.0,
        109468.6,
        109558.0,
        111254.8,
        110022.4,
        109375.4,
        109988.6,
        109744.0,
        109961.6,
        111128.4,
        109796.8,
        109885.4,
        110383.4,
        110895.0,
        109492.4,
        109221.2,
        108912.8,
        108911.4,
        107236.0,
        107981.8,
        108316.4,
        108947.4,
        108339.4,
        107372.0,
        107571.4,
        109099.8,
        107642.0,
        108249.0,
        106790.8,
        106899.0,
        107651.8,
        108861.4,
        107122.8,
        106887.6,
        108656.8,
        108451.8,
        107228.2,
        108153.2,
        106152.2,
        107424.2,
        106187.6,
        106217.4,
        107810.0,
        106558.4,
        107077.6,
        107185.0,
        106339.8,
        107258.4,
        107969.6,
        105907.6,
        106966.6,
        105574.6,
        106487.2,
        106117.8,
        106622.8,
        108520.8,
        107717.2,
        110007.2,
        105401.0,
        106067.2,
        106888.6,
        106402.2,
        108014.8,
        106755.8,
        105960.6,
        105646.4,
        104635.6,
        106848.2,
        105760.4,
        104643.8,
        107501.6,
        105988.0,
        105566.2,
        106953.2,
        106372.4,
        106119.4,
        105423.2,
        108738.8,
        105500.2,
        105684.0,
        108993.2,
        107374.8,
        104801.0,
        104962.2,
        106501.4,
        108110.2,
        106630.4,
        106198.0,
        106640.2,
        105442.2,
        106194.4,
        106707.0,
        104530.6,
        107056.8,
        108474.6,
        106437.2,
        106307.4,
        106586.4,
        104515.4,
        107883.0,
        106117.8,
        104990.8,
        104507.4,
        105158.4,
        105608.2,
        105012.2,
        106395.0,
        107871.4,
        105721.2,
        104509.0,
        106425.0,
        106725.6,
        106976.6,
        106191.6,
        104467.2,
        107882.0
    ],
    "best_objective_list": [
        128010.0,
        117030.0,
        116270.0,
        115770.0,
        114570.0,
        113070.0,
        113070.0,
        113070.0,
        113070.0,
        112070.0,
        112070.0,
        112070.0,
        112070.0,
        110470.0,
        110470.0,
        110470.0,
        109670.0,
        109470.0,
        109470.0,
        109470.0,
        109470.0,
        109470.0,
        109470.0,
        107670.0,
        107670.0,
        107670.0,
        107670.0,
        107670.0,
        107670.0,
        107670.0,
        107170.0,
        107170.0,
        107170.0,
        107170.0,
        107170.0,
        107170.0,
        107170.0,
        107170.0,
        107170.0,
        107170.0,
        107170.0,
        106370.0,
        106370.0,
        106370.0,
        106370.0,
        106370.0,
        106370.0,
        106370.0,
        105370.0,
        105370.0,
        105370.0,
        105370.0,
        105370.0,
        105370.0,
        104470.0,
        104470.0,
        104470.0,
        103770.0,
        103770.0,
        103770.0,
        103770.0,
        103770.0,
        103770.0,
        103770.0,
        103770.0,
        103770.0,
        103770.0,
        102270.0,
        102270.0,
        102270.0,
        102270.0,
        102270.0,
        102270.0,
        102270.0,
        102270.0,
        102270.0,
        102270.0,
        102270.0,
        102270.0,
        102270.0,
        102270.0,
        102270.0,
        102270.0,
        102270.0,
        102270.0,
        102270.0,
        102270.0,
        102270.0,
        102270.0,
        102270.0,
        102270.0,
        102270.0,
        102270.0,
        102270.0,
        102270.0,
        102270.0,
        102270.0,
        102270.0,
        102270.0,
        101350.0,
        101350.0,
        101350.0,
        101350.0,
        101350.0,
        101350.0,
        101350.0,
        101350.0,
        101350.0,
        101350.0,
        101350.0,
        101350.0,
        101350.0,
        101350.0,
        101350.0,
        101350.0,
        101350.0,
        101350.0,
        101350.0,
        101350.0,
        101250.0,
        100050.0,
        100050.0,
        100050.0,
        100050.0,
        100050.0,
        100050.0,
        100050.0,
        100050.0,
        100050.0,
        100050.0,
        100050.0,
        100050.0,
        100050.0,
        100050.0,
        100050.0,
        99850.0,
        99850.0,
        99850.0,
        99850.0,
        99850.0,
        99850.0,
        99850.0,
        99850.0,
        99850.0,
        99850.0,
        99850.0,
        99850.0,
        99850.0,
        99850.0
    ]
}