{
    "elapsed_time": 159.56231832504272,
    "best_objective": 100150.0,
    "neighbors": 14800,
    "best_solution": [
        7,
        15,
        4,
        3,
        6,
        0,
        16,
        14,
        10,
        1,
        2,
        25,
        9,
        11,
        21,
        5,
        8,
        18,
        23,
        30,
        12,
        19,
        13,
        17,
        20,
        22,
        24,
        26,
        27,
        28,
        29,
        31
    ],
    "average_objectives_list": [
        136977.64705882352,
        126468.4,
        120535.8,
        117651.8,
        116608.8,
        116167.8,
        115494.6,
        115058.2,
        114034.6,
        113180.8,
        113196.0,
        115026.6,
        112250.0,
        111582.6,
        109962.4,
        111293.2,
        108639.4,
        108356.2,
        108549.0,
        110987.6,
        107759.0,
        108294.8,
        111564.0,
        107331.8,
        105926.0,
        106879.6,
        106797.2,
        107218.8,
        109101.4,
        108635.4,
        109004.0,
        108538.2,
        109326.6,
        108336.0,
        108315.8,
        107453.2,
        107042.2,
        107742.4,
        111945.0,
        106278.8,
        107881.8,
        106623.6,
        107288.8,
        109522.4,
        106596.0,
        107299.6,
        106504.8,
        106125.0,
        104974.8,
        104862.2,
        106884.8,
        104338.4,
        104339.2,
        105844.0,
        107269.8,
        107543.6,
        105389.0,
        105450.6,
        108204.6,
        105377.2,
        105702.4,
        106420.2,
        105456.0,
        108000.0,
        108016.4,
        106982.0,
        105054.8,
        106108.2,
        106529.8,
        106713.6,
        107149.4,
        107424.8,
        108355.4,
        104607.2,
        105611.2,
        105690.8,
        105599.6,
        105366.0,
        106015.4,
        103787.8,
        106397.8,
        106320.4,
        111252.6,
        107928.0,
        106192.8,
        107637.8,
        106785.8,
        107466.0,
        104413.2,
        106058.8,
        104583.4,
        105469.0,
        108796.0,
        108308.2,
        106082.2,
        106308.8,
        105889.0,
        104888.0,
        105922.6,
        105296.6,
        105164.6,
        105883.6,
        107484.4,
        106489.6,
        106283.6,
        105863.2,
        105930.4,
        107084.0,
        106581.8,
        106802.4,
        106956.2,
        105422.6,
        107817.6,
        109866.6,
        106486.6,
        106105.4,
        107143.6,
        104801.6,
        105997.0,
        106496.6,
        107626.0,
        105443.4,
        105953.6,
        105490.0,
        107389.0,
        107197.2,
        105101.2,
        106338.2,
        105263.4,
        105800.4,
        107853.0,
        106891.4,
        104853.2,
        106864.6,
        106634.6,
        105435.2,
        106125.2,
        107045.0,
        107754.2,
        107234.2,
        106894.0,
        107937.8,
        107461.6,
        106946.8,
        104354.8,
        107143.6,
        107842.8,
        105293.6,
        107343.8
    ],
    "best_objective_list": [
        126720.0,
        117620.0,
        117620.0,
        116220.0,
        114020.0,
        114020.0,
        114020.0,
        113150.0,
        113150.0,
        112950.0,
        111750.0,
        111750.0,
        108250.0,
        107050.0,
        107050.0,
        105650.0,
        105450.0,
        105050.0,
        105050.0,
        105050.0,
        104050.0,
        104050.0,
        104050.0,
        104050.0,
        104050.0,
        104050.0,
        104050.0,
        104050.0,
        104050.0,
        104050.0,
        104050.0,
        104050.0,
        104050.0,
        104050.0,
        104050.0,
        104050.0,
        104050.0,
        104050.0,
        104050.0,
        103550.0,
        102450.0,
        101750.0,
        101750.0,
        101750.0,
        101750.0,
        101750.0,
        101750.0,
        101750.0,
        101750.0,
        101750.0,
        101750.0,
        101750.0,
        101750.0,
        101750.0,
        101750.0,
        101750.0,
        101750.0,
        101750.0,
        101750.0,
        101750.0,
        101750.0,
        101750.0,
        101750.0,
        101750.0,
        101750.0,
        101750.0,
        101750.0,
        101750.0,
        101750.0,
        101750.0,
        101750.0,
        101750.0,
        101750.0,
        101750.0,
        101750.0,
        101750.0,
        101750.0,
        101750.0,
        101750.0,
        101350.0,
        101350.0,
        101350.0,
        101350.0,
        100950.0,
        100950.0,
        100950.0,
        100950.0,
        100950.0,
        100950.0,
        100950.0,
        100950.0,
        100950.0,
        100950.0,
        100950.0,
        100950.0,
        100950.0,
        100950.0,
        100950.0,
        100950.0,
        100950.0,
        100950.0,
        100950.0,
        100950.0,
        100950.0,
        100950.0,
        100950.0,
        100950.0,
        100950.0,
        100950.0,
        100950.0,
        100950.0,
        100950.0,
        100950.0,
        100950.0,
        100950.0,
        100950.0,
        100950.0,
        100950.0,
        100950.0,
        100950.0,
        100950.0,
        100550.0,
        100550.0,
        100550.0,
        100550.0,
        100550.0,
        100550.0,
        100550.0,
        100550.0,
        100550.0,
        100550.0,
        100550.0,
        100550.0,
        100550.0,
        100550.0,
        100550.0,
        100550.0,
        100550.0,
        100550.0,
        100550.0,
        100550.0,
        100550.0,
        100550.0,
        100550.0,
        100550.0,
        100150.0,
        100150.0,
        100150.0,
        100150.0
    ]
}