{
    "elapsed_time": 157.4497582912445,
    "best_objective": 106040.0,
    "neighbors": 14800,
    "best_solution": [
        0,
        2,
        10,
        11,
        4,
        1,
        6,
        12,
        5,
        15,
        16,
        13,
        14,
        3,
        7,
        17,
        30,
        31,
        8,
        9,
        20,
        19,
        21,
        22,
        28,
        25,
        24,
        27,
        18,
        23,
        26,
        29
    ],
    "average_objectives_list": [
        137219.01960784313,
        127798.6,
        123107.2,
        119925.4,
        118908.6,
        117900.6,
        117388.0,
        116930.6,
        116124.0,
        115208.2,
        114721.6,
        113441.2,
        114390.6,
        114786.6,
        115079.2,
        114165.4,
        115011.6,
        114867.2,
        114293.2,
        114618.0,
        114859.6,
        114296.8,
        114716.0,
        112715.8,
        114491.0,
        113296.4,
        112828.4,
        114265.8,
        113558.0,
        112221.8,
        112273.6,
        114195.2,
        113639.6,
        113236.8,
        113437.6,
        113442.6,
        112518.0,
        113247.2,
        112953.0,
        114137.0,
        112894.0,
        113192.0,
        113750.6,
        112544.6,
        114216.4,
        111871.2,
        111685.2,
        112292.8,
        112930.4,
        112831.6,
        111591.8,
        112298.4,
        111631.2,
        112953.4,
        113342.6,
        113275.8,
        113055.0,
        113713.8,
        112649.8,
        112760.4,
        113463.2,
        111752.0,
        111449.2,
        111707.4,
        113225.6,
        112129.0,
        112548.4,
        111802.0,
        113117.2,
        113897.0,
        111072.4,
        113848.6,
        112097.0,
        112382.6,
        112752.0,
        111824.2,
        111930.2,
        113631.0,
        113515.4,
        112708.8,
        111821.2,
        112628.0,
        111916.4,
        111952.0,
        112866.2,
        112729.4,
        111685.0,
        113001.8,
        112118.8,
        112595.0,
        111194.8,
        111451.0,
        111055.0,
        111665.2,
        112115.2,
        112978.4,
        112164.6,
        112135.4,
        113126.0,
        111640.4,
        113687.2,
        111322.0,
        111605.0,
        111941.0,
        113763.6,
        114672.0,
        111684.0,
        110819.6,
        111909.4,
        111376.2,
        112888.4,
        111653.4,
        112304.2,
        112095.0,
        112800.4,
        111966.6,
        112776.8,
        112185.0,
        111422.2,
        111384.8,
        111677.6,
        110979.4,
        110360.0,
        112927.6,
        111193.4,
        111495.8,
        112013.2,
        110115.6,
        111807.4,
        111272.0,
        111488.8,
        111745.4,
        110578.2,
        111548.6,
        111051.6,
        112315.4,
        111604.0,
        110600.2,
        111297.2,
        110351.2,
        110620.2,
        111371.4,
        111282.4,
        111592.4,
        111419.0,
        110243.2,
        110472.0,
        111349.4,
        111735.6
    ],
    "best_objective_list": [
        124830.0,
        123120.0,
        119030.0,
        119030.0,
        117340.0,
        117040.0,
        115140.0,
        113840.0,
        112840.0,
        112840.0,
        112840.0,
        112640.0,
        112640.0,
        112640.0,
        112640.0,
        112640.0,
        112640.0,
        112640.0,
        112640.0,
        112640.0,
        109440.0,
        109340.0,
        109340.0,
        109340.0,
        109340.0,
        109340.0,
        109340.0,
        109340.0,
        109340.0,
        109140.0,
        109140.0,
        109140.0,
        109140.0,
        109140.0,
        109140.0,
        109140.0,
        109140.0,
        109140.0,
        108740.0,
        108740.0,
        107940.0,
        107940.0,
        107940.0,
        107940.0,
        107940.0,
        107940.0,
        107940.0,
        107940.0,
        107940.0,
        107940.0,
        107940.0,
        107940.0,
        107940.0,
        107940.0,
        107940.0,
        107940.0,
        107940.0,
        107940.0,
        107940.0,
        107940.0,
        107940.0,
        107840.0,
        107840.0,
        107840.0,
        107840.0,
        107440.0,
        107440.0,
        107440.0,
        107440.0,
        107440.0,
        107440.0,
        107440.0,
        107440.0,
        107440.0,
        107440.0,
        107440.0,
        107440.0,
        107440.0,
        107440.0,
        107440.0,
        107440.0,
        107440.0,
        107440.0,
        107440.0,
        107440.0,
        107440.0,
        107440.0,
        107440.0,
        107440.0,
        107440.0,
        107440.0,
        107440.0,
        107440.0,
        107440.0,
        107440.0,
        107440.0,
        107440.0,
        107440.0,
        107440.0,
        107440.0,
        107440.0,
        107440.0,
        107440.0,
        107440.0,
        107440.0,
        107440.0,
        107440.0,
        107440.0,
        107440.0,
        107440.0,
        107440.0,
        107440.0,
        107440.0,
        106840.0,
        106840.0,
        106840.0,
        106840.0,
        106840.0,
        106840.0,
        106840.0,
        106840.0,
        106840.0,
        106840.0,
        106840.0,
        106840.0,
        106840.0,
        106840.0,
        106840.0,
        106840.0,
        106840.0,
        106840.0,
        106840.0,
        106840.0,
        106840.0,
        106840.0,
        106840.0,
        106840.0,
        106840.0,
        106040.0,
        106040.0,
        106040.0,
        106040.0,
        106040.0,
        106040.0,
        106040.0,
        106040.0,
        106040.0,
        106040.0,
        106040.0
    ]
}