{
    "elapsed_time": 158.04798531532288,
    "best_objective": 98470.0,
    "neighbors": 14800,
    "best_solution": [
        0,
        15,
        6,
        7,
        10,
        16,
        12,
        8,
        25,
        1,
        13,
        17,
        29,
        31,
        20,
        26,
        5,
        4,
        19,
        9,
        2,
        3,
        11,
        27,
        14,
        21,
        22,
        18,
        24,
        23,
        28,
        30
    ],
    "average_objectives_list": [
        137498.431372549,
        127287.2,
        122729.2,
        120454.6,
        118970.4,
        117589.2,
        116487.8,
        115839.8,
        116372.2,
        116684.2,
        115811.6,
        115181.2,
        115799.8,
        117085.2,
        114969.2,
        114618.2,
        114931.4,
        115916.4,
        115098.8,
        114044.2,
        115000.4,
        114920.4,
        115319.6,
        114737.0,
        114566.2,
        115372.8,
        114205.4,
        113444.6,
        113033.4,
        113089.6,
        112674.0,
        112305.2,
        113176.0,
        111645.4,
        113134.8,
        111662.8,
        111624.4,
        111719.0,
        110188.6,
        112606.4,
        109463.2,
        109761.2,
        110354.2,
        111318.6,
        110122.0,
        111906.6,
        109239.0,
        109355.0,
        109047.4,
        111137.4,
        108549.6,
        109602.0,
        110233.2,
        109104.2,
        111161.2,
        108955.4,
        111323.8,
        109141.0,
        110109.0,
        108119.8,
        111170.0,
        107861.4,
        107840.4,
        109717.2,
        108478.6,
        107728.8,
        109407.0,
        110695.0,
        110210.6,
        109329.6,
        109082.8,
        110114.0,
        109049.0,
        107508.4,
        108382.6,
        105993.8,
        105026.2,
        106188.2,
        107914.2,
        105695.4,
        106626.0,
        107574.0,
        106949.6,
        106467.4,
        106189.0,
        107906.8,
        106550.8,
        107670.4,
        106655.0,
        105158.2,
        103379.0,
        103140.8,
        106199.8,
        103366.4,
        103447.6,
        103137.8,
        104618.4,
        104957.6,
        104930.2,
        105399.2,
        105068.2,
        105252.8,
        106135.8,
        105472.2,
        103294.2,
        107964.4,
        103859.6,
        103089.6,
        104399.8,
        102971.0,
        105125.2,
        107061.0,
        104018.4,
        105734.8,
        104764.0,
        104051.6,
        103875.2,
        107090.0,
        104490.2,
        104109.0,
        105712.0,
        104524.2,
        105838.6,
        103816.8,
        103725.8,
        103900.8,
        104095.8,
        104310.2,
        104199.8,
        103894.2,
        104359.4,
        106225.4,
        106023.6,
        103613.4,
        103088.0,
        105826.6,
        103988.2,
        104005.6,
        105046.0,
        104926.2,
        104498.8,
        106228.6,
        104358.6,
        105975.0,
        105341.4,
        104145.0,
        104950.6,
        105136.8,
        106768.8
    ],
    "best_objective_list": [
        125640.0,
        121560.0,
        117810.0,
        114770.0,
        114770.0,
        114770.0,
        113170.0,
        113170.0,
        113170.0,
        113160.0,
        112060.0,
        112060.0,
        112060.0,
        112060.0,
        112060.0,
        112060.0,
        112060.0,
        112060.0,
        112060.0,
        112060.0,
        112060.0,
        111660.0,
        111460.0,
        111460.0,
        111460.0,
        111460.0,
        111460.0,
        109760.0,
        109760.0,
        109760.0,
        109760.0,
        109760.0,
        109760.0,
        109760.0,
        109760.0,
        109660.0,
        108320.0,
        108320.0,
        108320.0,
        108320.0,
        106460.0,
        106460.0,
        106460.0,
        106460.0,
        106460.0,
        106460.0,
        106460.0,
        106460.0,
        106360.0,
        106360.0,
        106360.0,
        106360.0,
        106360.0,
        106360.0,
        105670.0,
        105670.0,
        105670.0,
        105670.0,
        105670.0,
        105420.0,
        105420.0,
        105420.0,
        105420.0,
        105420.0,
        105420.0,
        104820.0,
        104820.0,
        104820.0,
        104820.0,
        104820.0,
        104820.0,
        103070.0,
        103070.0,
        103070.0,
        103070.0,
        103070.0,
        103070.0,
        102870.0,
        102870.0,
        102870.0,
        102870.0,
        102870.0,
        102870.0,
        102870.0,
        102870.0,
        102870.0,
        102870.0,
        102870.0,
        99270.0,
        99270.0,
        99270.0,
        99270.0,
        99270.0,
        98470.0,
        98470.0,
        98470.0,
        98470.0,
        98470.0,
        98470.0,
        98470.0,
        98470.0,
        98470.0,
        98470.0,
        98470.0,
        98470.0,
        98470.0,
        98470.0,
        98470.0,
        98470.0,
        98470.0,
        98470.0,
        98470.0,
        98470.0,
        98470.0,
        98470.0,
        98470.0,
        98470.0,
        98470.0,
        98470.0,
        98470.0,
        98470.0,
        98470.0,
        98470.0,
        98470.0,
        98470.0,
        98470.0,
        98470.0,
        98470.0,
        98470.0,
        98470.0,
        98470.0,
        98470.0,
        98470.0,
        98470.0,
        98470.0,
        98470.0,
        98470.0,
        98470.0,
        98470.0,
        98470.0,
        98470.0,
        98470.0,
        98470.0,
        98470.0,
        98470.0,
        98470.0,
        98470.0,
        98470.0,
        98470.0
    ]
}