{
    "elapsed_time": 159.41298913955688,
    "best_objective": 104140.0,
    "neighbors": 14800,
    "best_solution": [
        0,
        1,
        6,
        7,
        21,
        5,
        3,
        4,
        8,
        12,
        15,
        17,
        11,
        10,
        16,
        26,
        9,
        22,
        19,
        23,
        28,
        20,
        2,
        14,
        18,
        13,
        25,
        24,
        30,
        27,
        29,
        31
    ],
    "average_objectives_list": [
        136206.07843137256,
        125601.6,
        121331.8,
        119639.0,
        117010.6,
        115589.6,
        114257.8,
        113881.6,
        114038.8,
        115167.2,
        113718.8,
        113766.0,
        112936.0,
        113325.4,
        112683.6,
        114139.6,
        112525.8,
        111822.0,
        111404.0,
        110723.2,
        110764.4,
        110351.8,
        110722.4,
        111113.4,
        110440.0,
        111221.8,
        110417.0,
        110454.6,
        111449.8,
        110189.4,
        111294.0,
        110003.4,
        109789.6,
        110335.0,
        112058.6,
        109683.0,
        111040.6,
        109432.0,
        109653.2,
        109282.8,
        108754.4,
        108911.2,
        109130.0,
        108834.4,
        108474.8,
        108777.4,
        108479.8,
        108141.6,
        109748.6,
        107849.2,
        109386.2,
        108090.6,
        108949.0,
        108731.8,
        107445.2,
        109260.2,
        107673.8,
        108957.8,
        110465.0,
        109878.6,
        109254.8,
        109991.8,
        109652.0,
        110063.4,
        109640.2,
        107536.4,
        110575.8,
        111279.0,
        109315.8,
        108914.8,
        109240.2,
        109274.0,
        108314.0,
        109531.6,
        109372.2,
        110501.2,
        110335.2,
        110021.4,
        109588.0,
        108649.4,
        108224.4,
        108060.2,
        109630.6,
        109782.8,
        108933.6,
        108825.4,
        109256.6,
        109510.2,
        108898.8,
        109751.8,
        109973.2,
        108357.2,
        108749.0,
        109060.2,
        107697.2,
        109915.0,
        110106.0,
        108396.8,
        109013.0,
        108528.2,
        110699.6,
        108847.4,
        109687.2,
        108438.4,
        109291.2,
        109905.0,
        108468.4,
        109449.0,
        110082.0,
        111493.6,
        109705.4,
        108552.4,
        109663.4,
        108764.2,
        107891.4,
        110338.8,
        108690.4,
        109897.0,
        108411.6,
        108929.6,
        108393.4,
        111315.8,
        109124.0,
        108857.0,
        108741.6,
        109139.4,
        108178.4,
        109456.0,
        109211.8,
        108924.8,
        108852.8,
        109539.2,
        108248.8,
        107727.0,
        106554.2,
        106896.0,
        106873.6,
        107675.6,
        107080.6,
        108792.2,
        108760.0,
        108070.4,
        108861.2,
        108805.8,
        108175.6,
        107934.2,
        108268.2,
        108206.2,
        107239.0
    ],
    "best_objective_list": [
        121920.0,
        120010.0,
        117530.0,
        116330.0,
        113760.0,
        113760.0,
        113560.0,
        113560.0,
        113560.0,
        113560.0,
        112760.0,
        112760.0,
        111960.0,
        111960.0,
        111180.0,
        111180.0,
        109980.0,
        109780.0,
        109380.0,
        109380.0,
        109380.0,
        109380.0,
        109380.0,
        109380.0,
        109380.0,
        109380.0,
        109380.0,
        109080.0,
        109080.0,
        108680.0,
        108180.0,
        108180.0,
        108180.0,
        108180.0,
        108180.0,
        108180.0,
        108180.0,
        106980.0,
        105980.0,
        105980.0,
        105980.0,
        105980.0,
        105980.0,
        105280.0,
        105280.0,
        105280.0,
        105280.0,
        105280.0,
        105280.0,
        105280.0,
        105280.0,
        105280.0,
        105280.0,
        105280.0,
        104940.0,
        104940.0,
        104940.0,
        104940.0,
        104940.0,
        104940.0,
        104940.0,
        104940.0,
        104940.0,
        104740.0,
        104340.0,
        104340.0,
        104340.0,
        104340.0,
        104340.0,
        104340.0,
        104340.0,
        104340.0,
        104340.0,
        104340.0,
        104340.0,
        104340.0,
        104340.0,
        104340.0,
        104340.0,
        104340.0,
        104340.0,
        104340.0,
        104340.0,
        104340.0,
        104340.0,
        104340.0,
        104340.0,
        104340.0,
        104340.0,
        104340.0,
        104340.0,
        104340.0,
        104340.0,
        104340.0,
        104340.0,
        104340.0,
        104340.0,
        104340.0,
        104340.0,
        104340.0,
        104340.0,
        104340.0,
        104340.0,
        104340.0,
        104340.0,
        104340.0,
        104340.0,
        104340.0,
        104340.0,
        104340.0,
        104340.0,
        104340.0,
        104340.0,
        104340.0,
        104340.0,
        104340.0,
        104340.0,
        104340.0,
        104340.0,
        104340.0,
        104340.0,
        104340.0,
        104340.0,
        104340.0,
        104340.0,
        104340.0,
        104340.0,
        104340.0,
        104340.0,
        104140.0,
        104140.0,
        104140.0,
        104140.0,
        104140.0,
        104140.0,
        104140.0,
        104140.0,
        104140.0,
        104140.0,
        104140.0,
        104140.0,
        104140.0,
        104140.0,
        104140.0,
        104140.0,
        104140.0,
        104140.0,
        104140.0,
        104140.0
    ]
}