{
    "elapsed_time": 160.3715856075287,
    "best_objective": 103780.0,
    "neighbors": 14800,
    "best_solution": [
        0,
        15,
        3,
        8,
        5,
        1,
        6,
        16,
        4,
        2,
        10,
        7,
        19,
        22,
        11,
        12,
        30,
        17,
        14,
        26,
        24,
        20,
        21,
        9,
        23,
        13,
        25,
        27,
        18,
        28,
        29,
        31
    ],
    "average_objectives_list": [
        137438.431372549,
        126454.0,
        120101.8,
        117295.4,
        115386.0,
        113828.8,
        112601.2,
        112360.6,
        112302.0,
        113779.4,
        111948.8,
        112335.2,
        112876.8,
        111780.0,
        112994.8,
        113232.6,
        112344.4,
        111732.0,
        112225.0,
        112052.6,
        112650.4,
        113293.6,
        112288.0,
        112829.8,
        111949.8,
        112025.2,
        111942.2,
        112422.4,
        111918.8,
        111339.4,
        111542.4,
        111121.6,
        112553.6,
        109930.8,
        111115.6,
        111056.0,
        111623.6,
        111903.4,
        110520.4,
        110161.6,
        111136.6,
        110570.8,
        110153.0,
        109507.2,
        108954.4,
        109942.4,
        111059.2,
        109864.0,
        109712.0,
        111137.6,
        109690.8,
        109524.4,
        109399.6,
        110351.4,
        109730.8,
        110775.4,
        110220.6,
        109416.0,
        110034.6,
        109680.6,
        109997.2,
        109770.2,
        109282.8,
        110205.8,
        108928.2,
        109832.0,
        109013.6,
        108967.4,
        108856.0,
        109968.6,
        108272.2,
        108397.0,
        107424.6,
        108583.2,
        108147.2,
        108941.4,
        109616.8,
        108863.4,
        108843.4,
        109401.4,
        107184.0,
        108394.6,
        109445.2,
        108750.8,
        107967.6,
        108906.6,
        108549.8,
        108258.0,
        108601.2,
        108642.8,
        109725.2,
        108404.0,
        109113.2,
        107612.0,
        108583.8,
        108428.2,
        110148.2,
        108861.2,
        109086.0,
        106917.8,
        109050.2,
        108571.6,
        109403.2,
        108447.0,
        109004.4,
        108043.8,
        110351.4,
        107277.0,
        108285.0,
        107966.8,
        108546.2,
        109181.6,
        108249.0,
        107821.4,
        107901.4,
        108674.4,
        108494.2,
        109016.0,
        108895.0,
        108299.6,
        109476.0,
        110707.2,
        108827.0,
        107922.8,
        107929.2,
        110031.8,
        108983.4,
        108660.6,
        108510.4,
        108824.0,
        108926.6,
        108509.0,
        109173.8,
        108782.8,
        109390.8,
        107792.4,
        107621.2,
        108497.0,
        108907.2,
        108810.4,
        107857.2,
        108483.6,
        108241.8,
        107907.8,
        109368.8,
        108880.8,
        108828.8,
        107956.8,
        108547.6
    ],
    "best_objective_list": [
        127240.0,
        119190.0,
        116490.0,
        114570.0,
        113550.0,
        112150.0,
        111750.0,
        111750.0,
        110950.0,
        110950.0,
        110950.0,
        110950.0,
        110950.0,
        110950.0,
        110950.0,
        110950.0,
        110950.0,
        110850.0,
        110850.0,
        110550.0,
        109750.0,
        109750.0,
        109750.0,
        109550.0,
        109150.0,
        109150.0,
        108950.0,
        108950.0,
        108750.0,
        108750.0,
        108750.0,
        108750.0,
        108350.0,
        108350.0,
        108350.0,
        108350.0,
        108350.0,
        107550.0,
        107550.0,
        107550.0,
        107550.0,
        107150.0,
        107150.0,
        107150.0,
        107150.0,
        107150.0,
        107150.0,
        107150.0,
        107150.0,
        107150.0,
        107150.0,
        107150.0,
        106550.0,
        106550.0,
        106550.0,
        105350.0,
        105350.0,
        105350.0,
        105350.0,
        105350.0,
        105350.0,
        105350.0,
        105350.0,
        105350.0,
        105350.0,
        105350.0,
        105350.0,
        105350.0,
        105350.0,
        104980.0,
        104980.0,
        104980.0,
        104980.0,
        104980.0,
        104980.0,
        104980.0,
        104980.0,
        104980.0,
        104980.0,
        104980.0,
        104980.0,
        104980.0,
        104980.0,
        104980.0,
        104980.0,
        104980.0,
        104980.0,
        104980.0,
        104980.0,
        104980.0,
        104980.0,
        104980.0,
        104980.0,
        104980.0,
        104980.0,
        104380.0,
        104380.0,
        104380.0,
        104380.0,
        104380.0,
        104380.0,
        104380.0,
        104380.0,
        104380.0,
        104380.0,
        104380.0,
        104380.0,
        104380.0,
        104380.0,
        104380.0,
        104380.0,
        104380.0,
        104380.0,
        104380.0,
        104380.0,
        104380.0,
        104380.0,
        104380.0,
        104380.0,
        104380.0,
        104380.0,
        104380.0,
        104380.0,
        104380.0,
        104380.0,
        104380.0,
        104380.0,
        104380.0,
        104380.0,
        104380.0,
        104380.0,
        104380.0,
        104380.0,
        104380.0,
        104380.0,
        104380.0,
        104380.0,
        104380.0,
        104380.0,
        104380.0,
        104380.0,
        104380.0,
        104380.0,
        104380.0,
        104380.0,
        104380.0,
        104380.0,
        104380.0,
        103780.0
    ]
}