{
    "elapsed_time": 159.24507117271423,
    "best_objective": 104460.0,
    "neighbors": 14800,
    "best_solution": [
        1,
        16,
        2,
        5,
        10,
        15,
        0,
        21,
        24,
        4,
        11,
        23,
        25,
        13,
        17,
        26,
        3,
        6,
        14,
        9,
        7,
        12,
        8,
        27,
        19,
        20,
        22,
        18,
        29,
        28,
        30,
        31
    ],
    "average_objectives_list": [
        137501.76470588235,
        126494.6,
        119097.8,
        114111.4,
        113434.0,
        113162.2,
        111899.6,
        109499.4,
        109623.2,
        109786.4,
        111225.4,
        109993.6,
        111263.0,
        109057.4,
        109470.4,
        108766.4,
        108518.2,
        110026.0,
        108859.8,
        107940.8,
        107823.8,
        109533.4,
        108603.0,
        108484.0,
        107480.0,
        107811.6,
        108239.4,
        107541.4,
        108645.8,
        108452.6,
        108830.6,
        109039.4,
        107513.0,
        108878.8,
        108006.8,
        108068.2,
        108872.2,
        109238.4,
        108399.8,
        108170.2,
        108077.6,
        107430.6,
        108895.2,
        107757.2,
        107640.4,
        108179.8,
        108226.2,
        107436.2,
        108415.0,
        108960.0,
        106997.0,
        108033.0,
        107170.2,
        107556.8,
        108249.2,
        107852.2,
        108702.0,
        108247.8,
        107482.8,
        108530.6,
        108890.8,
        108065.4,
        107169.4,
        106865.0,
        107264.6,
        108132.6,
        107673.8,
        108111.4,
        107815.2,
        107894.4,
        105929.4,
        109668.8,
        108330.8,
        108121.0,
        107337.0,
        107457.6,
        107214.4,
        108888.2,
        107200.4,
        106564.0,
        108721.8,
        107582.0,
        107132.6,
        106885.2,
        107328.8,
        108674.0,
        107165.8,
        106568.0,
        108436.4,
        107382.6,
        110243.8,
        106703.6,
        106609.4,
        108106.2,
        108471.4,
        108688.4,
        108212.8,
        107496.0,
        108066.0,
        106241.2,
        107246.0,
        107521.0,
        106582.0,
        108136.4,
        107258.0,
        108370.2,
        107972.8,
        107240.8,
        108019.0,
        107651.8,
        106770.4,
        106980.2,
        108315.0,
        108905.8,
        106700.0,
        106677.4,
        106992.2,
        107733.0,
        107097.2,
        109253.4,
        107108.6,
        108145.8,
        110278.6,
        107675.0,
        108086.0,
        108541.6,
        107539.2,
        108031.6,
        106852.8,
        109124.8,
        107123.2,
        108810.6,
        108547.4,
        108114.0,
        111752.0,
        108215.4,
        109391.4,
        106358.0,
        108666.0,
        108563.6,
        107732.6,
        108646.4,
        107825.2,
        108009.2,
        106750.0,
        107837.6,
        108432.2,
        106454.0,
        107192.2
    ],
    "best_objective_list": [
        124410.0,
        112460.0,
        111160.0,
        111160.0,
        109160.0,
        108960.0,
        108460.0,
        108460.0,
        108460.0,
        108460.0,
        106960.0,
        106960.0,
        106960.0,
        106960.0,
        106960.0,
        106960.0,
        106960.0,
        106960.0,
        106960.0,
        106960.0,
        106960.0,
        105760.0,
        105760.0,
        105760.0,
        105760.0,
        105760.0,
        105760.0,
        105760.0,
        105760.0,
        105760.0,
        105760.0,
        105760.0,
        105760.0,
        105760.0,
        105760.0,
        105760.0,
        105760.0,
        105760.0,
        105760.0,
        105360.0,
        104960.0,
        104960.0,
        104960.0,
        104960.0,
        104960.0,
        104960.0,
        104460.0,
        104460.0,
        104460.0,
        104460.0,
        104460.0,
        104460.0,
        104460.0,
        104460.0,
        104460.0,
        104460.0,
        104460.0,
        104460.0,
        104460.0,
        104460.0,
        104460.0,
        104460.0,
        104460.0,
        104460.0,
        104460.0,
        104460.0,
        104460.0,
        104460.0,
        104460.0,
        104460.0,
        104460.0,
        104460.0,
        104460.0,
        104460.0,
        104460.0,
        104460.0,
        104460.0,
        104460.0,
        104460.0,
        104460.0,
        104460.0,
        104460.0,
        104460.0,
        104460.0,
        104460.0,
        104460.0,
        104460.0,
        104460.0,
        104460.0,
        104460.0,
        104460.0,
        104460.0,
        104460.0,
        104460.0,
        104460.0,
        104460.0,
        104460.0,
        104460.0,
        104460.0,
        104460.0,
        104460.0,
        104460.0,
        104460.0,
        104460.0,
        104460.0,
        104460.0,
        104460.0,
        104460.0,
        104460.0,
        104460.0,
        104460.0,
        104460.0,
        104460.0,
        104460.0,
        104460.0,
        104460.0,
        104460.0,
        104460.0,
        104460.0,
        104460.0,
        104460.0,
        104460.0,
        104460.0,
        104460.0,
        104460.0,
        104460.0,
        104460.0,
        104460.0,
        104460.0,
        104460.0,
        104460.0,
        104460.0,
        104460.0,
        104460.0,
        104460.0,
        104460.0,
        104460.0,
        104460.0,
        104460.0,
        104460.0,
        104460.0,
        104460.0,
        104460.0,
        104460.0,
        104460.0,
        104460.0,
        104460.0,
        104460.0,
        104460.0
    ]
}