{
    "elapsed_time": 160.25049901008606,
    "best_objective": 102490.0,
    "neighbors": 14800,
    "best_solution": [
        19,
        3,
        11,
        14,
        7,
        4,
        1,
        2,
        15,
        16,
        10,
        25,
        8,
        6,
        12,
        13,
        28,
        18,
        23,
        26,
        20,
        21,
        5,
        29,
        9,
        0,
        17,
        24,
        22,
        27,
        30,
        31
    ],
    "average_objectives_list": [
        136452.74509803922,
        126783.4,
        120068.0,
        117884.6,
        116617.6,
        116346.2,
        116154.0,
        115838.6,
        115842.4,
        115611.6,
        115872.2,
        115278.2,
        115175.0,
        114590.0,
        114924.8,
        115224.0,
        114514.0,
        113984.6,
        113251.8,
        111742.6,
        111654.6,
        110476.4,
        110604.0,
        111597.4,
        110721.6,
        111586.0,
        111718.8,
        111047.2,
        111543.2,
        110334.2,
        109788.0,
        109984.6,
        110589.4,
        110765.4,
        111572.2,
        111558.0,
        110520.2,
        110451.4,
        110232.2,
        110588.0,
        109823.0,
        110192.6,
        109598.6,
        109496.2,
        109942.6,
        108658.2,
        109117.6,
        109067.8,
        109375.0,
        108510.0,
        108561.8,
        108065.0,
        108338.2,
        108152.2,
        107643.4,
        106682.4,
        108659.8,
        108729.0,
        107754.6,
        107492.0,
        109046.4,
        107781.2,
        108438.4,
        107447.4,
        108145.6,
        107793.8,
        108373.0,
        108390.4,
        107901.8,
        108626.8,
        107289.6,
        108472.2,
        106979.2,
        107998.6,
        106695.4,
        108007.8,
        108368.0,
        108338.0,
        107770.4,
        107746.8,
        107868.8,
        107661.2,
        107643.2,
        107541.4,
        107993.8,
        107641.2,
        108261.0,
        107786.8,
        106859.8,
        106845.4,
        109046.0,
        106686.4,
        107266.4,
        106698.0,
        105952.4,
        107462.6,
        108465.2,
        107282.0,
        107497.2,
        107927.2,
        108917.4,
        107054.6,
        106755.8,
        106879.8,
        108594.4,
        107626.4,
        105643.2,
        106507.6,
        107367.6,
        109756.0,
        108337.4,
        109401.2,
        107020.6,
        107025.6,
        107134.0,
        109413.4,
        106616.0,
        107652.8,
        107778.8,
        106955.6,
        108712.8,
        107792.0,
        107082.2,
        107801.4,
        106751.6,
        106874.4,
        108072.2,
        108237.2,
        107732.2,
        107241.6,
        108636.4,
        106945.4,
        109407.0,
        109066.0,
        107791.4,
        107686.6,
        107728.2,
        107097.8,
        109465.0,
        108415.8,
        107799.0,
        107645.0,
        108566.0,
        109385.2,
        106796.0,
        108551.0,
        109486.2,
        108967.6,
        107611.4
    ],
    "best_objective_list": [
        129280.0,
        118530.0,
        116660.0,
        116330.0,
        115160.0,
        114430.0,
        114430.0,
        114430.0,
        114430.0,
        114160.0,
        114160.0,
        114160.0,
        113760.0,
        113760.0,
        113760.0,
        113760.0,
        112910.0,
        110410.0,
        110410.0,
        109610.0,
        109610.0,
        109310.0,
        109310.0,
        109310.0,
        109310.0,
        109310.0,
        109310.0,
        109310.0,
        109310.0,
        108910.0,
        108110.0,
        108110.0,
        108110.0,
        108110.0,
        108110.0,
        108110.0,
        108110.0,
        108110.0,
        108110.0,
        108110.0,
        107610.0,
        107610.0,
        107010.0,
        107010.0,
        107010.0,
        106990.0,
        106990.0,
        106990.0,
        106390.0,
        106390.0,
        106390.0,
        106390.0,
        105390.0,
        105390.0,
        105390.0,
        105390.0,
        105390.0,
        105390.0,
        104990.0,
        104990.0,
        104990.0,
        104990.0,
        104990.0,
        104990.0,
        104990.0,
        104790.0,
        104790.0,
        104790.0,
        104790.0,
        104790.0,
        104790.0,
        104790.0,
        104790.0,
        104790.0,
        104790.0,
        104790.0,
        104790.0,
        104790.0,
        104790.0,
        103990.0,
        103990.0,
        103990.0,
        103990.0,
        103490.0,
        103190.0,
        103190.0,
        103190.0,
        103190.0,
        103190.0,
        103190.0,
        103190.0,
        103190.0,
        103190.0,
        103190.0,
        103190.0,
        103190.0,
        103190.0,
        103190.0,
        103190.0,
        103190.0,
        103190.0,
        103190.0,
        103190.0,
        103190.0,
        103190.0,
        103190.0,
        103190.0,
        103190.0,
        103190.0,
        103190.0,
        103190.0,
        103190.0,
        103190.0,
        103190.0,
        103190.0,
        103190.0,
        103190.0,
        103190.0,
        103190.0,
        103190.0,
        103190.0,
        103190.0,
        103190.0,
        103190.0,
        103190.0,
        103190.0,
        103190.0,
        103190.0,
        102980.0,
        102980.0,
        102890.0,
        102890.0,
        102890.0,
        102890.0,
        102890.0,
        102890.0,
        102890.0,
        102890.0,
        102890.0,
        102890.0,
        102890.0,
        102890.0,
        102890.0,
        102890.0,
        102890.0,
        102890.0,
        102890.0,
        102490.0,
        102490.0
    ]
}