{
    "elapsed_time": 159.53691387176514,
    "best_objective": 100620.0,
    "neighbors": 14800,
    "best_solution": [
        19,
        21,
        2,
        5,
        6,
        7,
        15,
        16,
        8,
        0,
        11,
        10,
        9,
        27,
        12,
        13,
        18,
        4,
        14,
        25,
        20,
        1,
        3,
        17,
        22,
        23,
        24,
        26,
        28,
        29,
        30,
        31
    ],
    "average_objectives_list": [
        137188.6274509804,
        127436.6,
        120595.4,
        118707.8,
        118492.4,
        118017.0,
        118141.0,
        117546.8,
        115732.4,
        115499.0,
        114266.8,
        112981.2,
        112828.0,
        111716.6,
        112424.6,
        111523.0,
        109951.0,
        111855.0,
        110624.2,
        111876.2,
        110094.8,
        110237.2,
        110254.0,
        109667.2,
        108661.2,
        108065.4,
        109132.0,
        108442.6,
        108634.6,
        107800.4,
        110178.4,
        107427.2,
        108669.0,
        108274.4,
        109214.2,
        107628.2,
        106148.0,
        109021.0,
        108992.2,
        107606.6,
        107203.0,
        107037.2,
        107985.4,
        108055.6,
        108736.0,
        107708.2,
        107420.8,
        108506.8,
        106764.2,
        106413.0,
        105610.2,
        106369.6,
        106313.4,
        107869.2,
        104908.0,
        104303.0,
        105795.8,
        105136.0,
        107864.8,
        105946.8,
        108625.0,
        108227.4,
        106997.8,
        106883.4,
        105798.6,
        106329.4,
        108051.2,
        106108.6,
        105552.2,
        106699.4,
        105580.2,
        105517.2,
        106840.8,
        106842.0,
        108588.2,
        106702.2,
        107037.2,
        106359.4,
        105566.2,
        106748.6,
        105420.8,
        104932.2,
        107067.2,
        106353.2,
        104793.6,
        107670.2,
        104722.8,
        106359.4,
        106836.0,
        108348.0,
        105988.4,
        107761.2,
        106688.6,
        105631.6,
        108870.6,
        108233.2,
        106654.4,
        105061.6,
        104064.0,
        106627.6,
        105687.8,
        105015.6,
        104547.0,
        106027.8,
        104669.8,
        105810.0,
        105326.2,
        106050.4,
        105212.8,
        104803.2,
        105862.8,
        106475.4,
        105956.0,
        106031.6,
        104792.0,
        106916.0,
        105893.6,
        105588.4,
        106433.8,
        105661.2,
        107237.4,
        105919.0,
        104123.4,
        104781.8,
        107612.0,
        104416.8,
        106044.4,
        104956.0,
        106421.2,
        104632.2,
        106090.4,
        105872.4,
        105319.0,
        106445.4,
        104491.2,
        105079.2,
        106134.4,
        103703.8,
        107544.8,
        106879.0,
        105096.4,
        106433.6,
        105569.4,
        106593.0,
        105286.6,
        105054.8,
        104177.6,
        104293.6,
        107597.0
    ],
    "best_objective_list": [
        121850.0,
        119000.0,
        118690.0,
        117190.0,
        117190.0,
        116880.0,
        115380.0,
        112580.0,
        112580.0,
        112270.0,
        110970.0,
        110370.0,
        110370.0,
        109770.0,
        108770.0,
        108770.0,
        108770.0,
        108770.0,
        108490.0,
        108490.0,
        108490.0,
        106390.0,
        106390.0,
        106390.0,
        106390.0,
        106390.0,
        106390.0,
        106390.0,
        106390.0,
        106390.0,
        106390.0,
        106390.0,
        106090.0,
        106090.0,
        106090.0,
        106090.0,
        105690.0,
        105690.0,
        105690.0,
        105590.0,
        105590.0,
        105590.0,
        105590.0,
        105590.0,
        105590.0,
        104590.0,
        104590.0,
        104590.0,
        104590.0,
        104590.0,
        104590.0,
        104590.0,
        102690.0,
        102690.0,
        102690.0,
        102690.0,
        102590.0,
        102590.0,
        102590.0,
        102590.0,
        102590.0,
        102590.0,
        102590.0,
        102590.0,
        102590.0,
        102590.0,
        102590.0,
        101820.0,
        101820.0,
        101820.0,
        101820.0,
        101320.0,
        101320.0,
        101220.0,
        101220.0,
        101220.0,
        101220.0,
        101220.0,
        101220.0,
        101220.0,
        101220.0,
        101220.0,
        101220.0,
        101220.0,
        101220.0,
        101220.0,
        101220.0,
        101220.0,
        101220.0,
        101220.0,
        101220.0,
        101220.0,
        101220.0,
        101220.0,
        100620.0,
        100620.0,
        100620.0,
        100620.0,
        100620.0,
        100620.0,
        100620.0,
        100620.0,
        100620.0,
        100620.0,
        100620.0,
        100620.0,
        100620.0,
        100620.0,
        100620.0,
        100620.0,
        100620.0,
        100620.0,
        100620.0,
        100620.0,
        100620.0,
        100620.0,
        100620.0,
        100620.0,
        100620.0,
        100620.0,
        100620.0,
        100620.0,
        100620.0,
        100620.0,
        100620.0,
        100620.0,
        100620.0,
        100620.0,
        100620.0,
        100620.0,
        100620.0,
        100620.0,
        100620.0,
        100620.0,
        100620.0,
        100620.0,
        100620.0,
        100620.0,
        100620.0,
        100620.0,
        100620.0,
        100620.0,
        100620.0,
        100620.0,
        100620.0,
        100620.0,
        100620.0,
        100620.0,
        100620.0
    ]
}