{
    "elapsed_time": 158.8722698688507,
    "best_objective": 100300.0,
    "neighbors": 14800,
    "best_solution": [
        1,
        4,
        2,
        21,
        5,
        6,
        10,
        15,
        19,
        0,
        16,
        12,
        9,
        7,
        11,
        8,
        22,
        20,
        14,
        26,
        23,
        3,
        17,
        13,
        28,
        24,
        25,
        27,
        18,
        29,
        30,
        31
    ],
    "average_objectives_list": [
        136632.9411764706,
        127153.0,
        122253.0,
        118225.4,
        114869.2,
        114182.8,
        114478.6,
        114769.8,
        114355.8,
        114617.6,
        114388.2,
        114035.2,
        114814.0,
        114282.8,
        114879.4,
        114348.4,
        113930.4,
        113643.8,
        114078.6,
        114076.2,
        113144.2,
        113069.2,
        113310.0,
        112564.6,
        113294.6,
        113808.0,
        113494.4,
        112283.6,
        112659.6,
        112894.2,
        113037.6,
        113419.6,
        113031.0,
        112444.2,
        111786.6,
        111886.4,
        112004.8,
        111920.4,
        110811.2,
        111923.6,
        110799.6,
        111111.2,
        112382.0,
        111322.4,
        110393.6,
        110914.8,
        111474.6,
        110416.4,
        112572.4,
        111598.8,
        110514.2,
        110579.2,
        110399.4,
        110906.6,
        112106.8,
        110583.6,
        111155.8,
        112166.8,
        111499.4,
        111422.4,
        111115.2,
        110651.4,
        110688.8,
        110465.4,
        111107.6,
        111564.2,
        110863.2,
        111401.4,
        112013.4,
        111146.4,
        110872.2,
        111298.4,
        111198.8,
        111480.0,
        110408.8,
        110629.0,
        111783.2,
        110384.0,
        111199.6,
        110314.6,
        109482.2,
        110078.0,
        110392.0,
        110919.0,
        110315.4,
        110149.0,
        110518.0,
        109637.2,
        108780.0,
        109132.2,
        110614.0,
        109668.2,
        109826.2,
        110288.2,
        109802.6,
        109865.0,
        110157.4,
        109874.4,
        108858.8,
        108959.6,
        109901.8,
        109075.2,
        110102.6,
        109411.6,
        109010.6,
        109768.8,
        107156.2,
        108635.2,
        105866.0,
        106886.8,
        105692.0,
        106201.6,
        106292.8,
        106753.6,
        106804.2,
        105511.4,
        105539.2,
        105386.8,
        105413.0,
        104171.0,
        104968.8,
        104502.4,
        106004.6,
        104992.6,
        105030.6,
        104598.6,
        106652.8,
        104905.0,
        105764.0,
        105898.8,
        105509.6,
        104501.2,
        105556.0,
        105142.2,
        105272.6,
        105575.4,
        104421.2,
        105081.4,
        106180.0,
        104851.6,
        106872.8,
        105497.0,
        106125.0,
        105496.2,
        104730.6,
        104615.4,
        106066.4,
        104999.6,
        104556.8
    ],
    "best_objective_list": [
        125940.0,
        121560.0,
        115640.0,
        113940.0,
        113050.0,
        112750.0,
        112750.0,
        112750.0,
        112750.0,
        112750.0,
        112750.0,
        112750.0,
        112750.0,
        112150.0,
        112150.0,
        112150.0,
        112150.0,
        111620.0,
        111620.0,
        111620.0,
        111620.0,
        111620.0,
        111620.0,
        111620.0,
        111420.0,
        111420.0,
        111420.0,
        111420.0,
        111420.0,
        111420.0,
        111420.0,
        110420.0,
        110420.0,
        110420.0,
        110420.0,
        109220.0,
        109220.0,
        109110.0,
        108420.0,
        108420.0,
        108420.0,
        108420.0,
        108420.0,
        108420.0,
        108420.0,
        108420.0,
        108420.0,
        108420.0,
        108420.0,
        108420.0,
        108420.0,
        108420.0,
        108420.0,
        108420.0,
        108420.0,
        108420.0,
        108420.0,
        108420.0,
        108420.0,
        108420.0,
        108420.0,
        108420.0,
        108420.0,
        108420.0,
        108420.0,
        108420.0,
        108420.0,
        108420.0,
        108420.0,
        108420.0,
        108420.0,
        108420.0,
        108420.0,
        107420.0,
        107420.0,
        107420.0,
        107420.0,
        107420.0,
        107420.0,
        107420.0,
        107020.0,
        107020.0,
        107020.0,
        107020.0,
        107020.0,
        107020.0,
        107020.0,
        107020.0,
        107020.0,
        107020.0,
        107020.0,
        107020.0,
        107020.0,
        107020.0,
        107020.0,
        107020.0,
        107020.0,
        106920.0,
        106920.0,
        106920.0,
        106920.0,
        106920.0,
        106920.0,
        106920.0,
        106920.0,
        104630.0,
        104630.0,
        104630.0,
        104130.0,
        104130.0,
        104130.0,
        104130.0,
        103930.0,
        103930.0,
        103130.0,
        102730.0,
        102730.0,
        102730.0,
        102730.0,
        102730.0,
        102730.0,
        102730.0,
        102730.0,
        102730.0,
        102730.0,
        102730.0,
        102730.0,
        102730.0,
        102730.0,
        102730.0,
        102730.0,
        102730.0,
        102730.0,
        102730.0,
        102030.0,
        102030.0,
        101800.0,
        101800.0,
        101800.0,
        101800.0,
        100700.0,
        100700.0,
        100700.0,
        100700.0,
        100700.0,
        100300.0,
        100300.0,
        100300.0,
        100300.0
    ]
}