{
    "elapsed_time": 160.93178176879883,
    "best_objective": 100470.0,
    "neighbors": 14800,
    "best_solution": [
        0,
        1,
        3,
        19,
        4,
        5,
        6,
        8,
        7,
        16,
        11,
        12,
        31,
        15,
        10,
        21,
        18,
        28,
        20,
        30,
        22,
        23,
        14,
        9,
        29,
        25,
        2,
        27,
        24,
        17,
        26,
        13
    ],
    "average_objectives_list": [
        137391.17647058822,
        127192.6,
        120864.0,
        117253.6,
        115600.0,
        115374.0,
        115348.0,
        115344.0,
        115068.0,
        115023.0,
        115036.4,
        114718.8,
        114811.6,
        114822.0,
        114112.0,
        115300.4,
        114560.2,
        114971.4,
        115138.0,
        115197.6,
        114418.2,
        115001.2,
        114242.4,
        113851.0,
        114155.6,
        114547.4,
        114161.6,
        113698.4,
        113677.6,
        114361.2,
        114353.4,
        113440.6,
        113879.4,
        113608.8,
        113583.6,
        113912.4,
        113347.2,
        113188.2,
        114026.4,
        113682.4,
        114185.6,
        113598.6,
        113059.4,
        113243.2,
        113423.2,
        113956.6,
        113616.2,
        112826.0,
        112545.0,
        113482.6,
        113402.8,
        112830.8,
        111719.8,
        112786.6,
        112235.8,
        113219.2,
        112885.6,
        112817.2,
        113351.2,
        112603.4,
        113321.8,
        113210.6,
        113730.4,
        113135.4,
        112839.6,
        113094.4,
        113006.2,
        112514.0,
        112041.2,
        113163.8,
        112954.4,
        112167.6,
        112633.8,
        113239.0,
        111611.0,
        111973.4,
        111563.6,
        110518.8,
        113071.8,
        111121.0,
        113110.2,
        111845.2,
        111630.4,
        112246.6,
        111377.2,
        112264.4,
        111345.8,
        112825.2,
        112296.6,
        112111.0,
        111494.2,
        112476.2,
        111453.8,
        111758.8,
        112454.2,
        111331.2,
        111264.6,
        111235.6,
        111599.4,
        111168.2,
        111014.6,
        111544.2,
        110090.0,
        108131.0,
        107341.8,
        108534.2,
        108144.6,
        110233.4,
        107603.6,
        107160.2,
        106166.4,
        107425.4,
        107867.6,
        108535.0,
        108932.8,
        108291.8,
        108426.6,
        109302.0,
        106890.8,
        108916.8,
        109267.4,
        109307.0,
        107384.2,
        108139.2,
        107247.4,
        107748.2,
        108075.6,
        108872.0,
        106344.8,
        108167.2,
        108321.6,
        108097.6,
        108703.8,
        107789.0,
        109049.6,
        106852.8,
        108160.2,
        107884.8,
        108593.2,
        106289.8,
        109453.0,
        107297.8,
        107228.6,
        108092.2,
        109480.6,
        106192.2,
        107794.2,
        107998.8,
        107312.4
    ],
    "best_objective_list": [
        126520.0,
        118960.0,
        115960.0,
        115360.0,
        115360.0,
        115360.0,
        114760.0,
        114760.0,
        114760.0,
        114760.0,
        113280.0,
        113280.0,
        113280.0,
        113280.0,
        112030.0,
        112030.0,
        112030.0,
        111930.0,
        111930.0,
        111330.0,
        111330.0,
        111330.0,
        110430.0,
        110430.0,
        110430.0,
        110430.0,
        110430.0,
        110430.0,
        110430.0,
        110430.0,
        110430.0,
        110430.0,
        110430.0,
        110430.0,
        110430.0,
        110430.0,
        110430.0,
        110430.0,
        110430.0,
        110430.0,
        110430.0,
        110430.0,
        110430.0,
        110430.0,
        110430.0,
        110430.0,
        108830.0,
        108830.0,
        108830.0,
        108830.0,
        108830.0,
        108830.0,
        108830.0,
        108830.0,
        108830.0,
        108830.0,
        108830.0,
        108830.0,
        108830.0,
        108830.0,
        108830.0,
        108830.0,
        108830.0,
        108830.0,
        107230.0,
        107230.0,
        107230.0,
        107230.0,
        107230.0,
        107230.0,
        107230.0,
        107230.0,
        107230.0,
        107230.0,
        107230.0,
        107230.0,
        107230.0,
        107230.0,
        107230.0,
        107230.0,
        107230.0,
        107230.0,
        106830.0,
        106830.0,
        106830.0,
        106830.0,
        106830.0,
        106830.0,
        106830.0,
        106830.0,
        106830.0,
        106830.0,
        106830.0,
        106830.0,
        106830.0,
        106830.0,
        104300.0,
        104300.0,
        103900.0,
        103900.0,
        103900.0,
        103900.0,
        102270.0,
        102270.0,
        102270.0,
        102270.0,
        102270.0,
        102270.0,
        102270.0,
        102270.0,
        101070.0,
        101070.0,
        101070.0,
        101070.0,
        101070.0,
        101070.0,
        101070.0,
        101070.0,
        101070.0,
        101070.0,
        101070.0,
        101070.0,
        101070.0,
        101070.0,
        101070.0,
        101070.0,
        101070.0,
        101070.0,
        100470.0,
        100470.0,
        100470.0,
        100470.0,
        100470.0,
        100470.0,
        100470.0,
        100470.0,
        100470.0,
        100470.0,
        100470.0,
        100470.0,
        100470.0,
        100470.0,
        100470.0,
        100470.0,
        100470.0,
        100470.0,
        100470.0,
        100470.0,
        100470.0
    ]
}