{
    "elapsed_time": 158.68937277793884,
    "best_objective": 103610.0,
    "neighbors": 14800,
    "best_solution": [
        1,
        4,
        7,
        19,
        21,
        5,
        6,
        3,
        0,
        10,
        16,
        18,
        8,
        15,
        12,
        31,
        30,
        14,
        20,
        23,
        22,
        2,
        28,
        24,
        9,
        25,
        13,
        17,
        11,
        29,
        27,
        26
    ],
    "average_objectives_list": [
        137386.86274509804,
        127974.2,
        122245.6,
        119627.0,
        118229.8,
        118220.2,
        117217.8,
        116185.4,
        114868.2,
        114979.6,
        113937.6,
        113784.0,
        113424.8,
        112228.6,
        112010.0,
        110872.6,
        112001.2,
        112124.4,
        112729.8,
        111440.8,
        112659.0,
        111460.2,
        112557.8,
        111794.8,
        111946.2,
        110513.2,
        112177.8,
        110421.0,
        110862.2,
        110767.8,
        110830.6,
        111458.4,
        110602.2,
        111833.8,
        110061.8,
        110521.0,
        109816.2,
        110209.0,
        109703.8,
        109539.4,
        110129.2,
        108828.2,
        111190.6,
        110311.6,
        109361.6,
        111605.8,
        111415.4,
        110895.4,
        110813.8,
        111898.8,
        111112.4,
        110930.4,
        110792.4,
        111631.4,
        110009.0,
        110632.4,
        111839.6,
        111166.6,
        109739.2,
        111418.4,
        110533.6,
        110625.8,
        110624.0,
        112107.8,
        110345.0,
        110085.4,
        110885.6,
        110432.0,
        110761.6,
        110919.8,
        112337.6,
        110450.4,
        110767.4,
        112529.2,
        108472.6,
        110460.2,
        110609.6,
        110373.8,
        112216.8,
        109834.0,
        110950.2,
        110924.2,
        111283.6,
        110660.6,
        109166.8,
        109750.4,
        110401.8,
        112342.6,
        110136.2,
        109908.6,
        111347.2,
        110882.6,
        110302.0,
        111549.0,
        111361.0,
        110108.6,
        110543.4,
        109354.6,
        110401.6,
        109380.8,
        112051.8,
        110516.0,
        110274.4,
        109451.8,
        111421.0,
        111939.6,
        108959.8,
        111318.0,
        112354.8,
        112358.0,
        109910.0,
        112374.4,
        110758.6,
        111141.2,
        109169.6,
        110944.0,
        110078.4,
        111728.6,
        109900.2,
        110188.2,
        110391.2,
        109915.6,
        110655.2,
        110472.6,
        110021.0,
        109907.0,
        110765.8,
        109714.2,
        110351.2,
        112757.0,
        110392.2,
        111971.2,
        111153.8,
        109463.4,
        109969.6,
        108627.0,
        110631.8,
        109763.2,
        110353.6,
        109615.2,
        110174.2,
        109962.4,
        109336.4,
        107841.2,
        109617.2,
        109590.4,
        109809.0,
        109495.2,
        109162.0
    ],
    "best_objective_list": [
        128580.0,
        119990.0,
        117990.0,
        117990.0,
        116390.0,
        116390.0,
        113890.0,
        113890.0,
        113890.0,
        112690.0,
        111390.0,
        111390.0,
        110990.0,
        110290.0,
        110290.0,
        110280.0,
        110280.0,
        110090.0,
        110090.0,
        109890.0,
        109550.0,
        109550.0,
        108550.0,
        108350.0,
        107550.0,
        107550.0,
        107550.0,
        107550.0,
        107550.0,
        107550.0,
        107350.0,
        107350.0,
        107350.0,
        107350.0,
        107350.0,
        107350.0,
        107350.0,
        106450.0,
        106350.0,
        106350.0,
        106350.0,
        106350.0,
        106350.0,
        106350.0,
        106120.0,
        106120.0,
        106120.0,
        106120.0,
        105820.0,
        105820.0,
        105820.0,
        105820.0,
        105820.0,
        105820.0,
        105820.0,
        105820.0,
        105820.0,
        105820.0,
        105820.0,
        105820.0,
        105820.0,
        105820.0,
        105820.0,
        105820.0,
        105820.0,
        105820.0,
        105820.0,
        105820.0,
        105820.0,
        105820.0,
        105820.0,
        105820.0,
        105820.0,
        105820.0,
        105820.0,
        105820.0,
        105820.0,
        105820.0,
        105820.0,
        105820.0,
        105710.0,
        105710.0,
        105710.0,
        105710.0,
        105310.0,
        105310.0,
        105310.0,
        105310.0,
        105310.0,
        105310.0,
        105310.0,
        105310.0,
        105310.0,
        105310.0,
        105310.0,
        105310.0,
        105310.0,
        105310.0,
        105310.0,
        105310.0,
        105310.0,
        105310.0,
        105310.0,
        105310.0,
        105310.0,
        105310.0,
        105310.0,
        105310.0,
        105310.0,
        105310.0,
        105310.0,
        105310.0,
        105310.0,
        105310.0,
        105310.0,
        105310.0,
        105310.0,
        105310.0,
        105310.0,
        105310.0,
        105310.0,
        105310.0,
        105310.0,
        105310.0,
        105310.0,
        105310.0,
        105310.0,
        105310.0,
        105310.0,
        105310.0,
        105310.0,
        105310.0,
        105210.0,
        105210.0,
        105210.0,
        105210.0,
        105210.0,
        105210.0,
        105210.0,
        105210.0,
        105210.0,
        105210.0,
        103610.0,
        103610.0,
        103610.0,
        103610.0,
        103610.0,
        103610.0,
        103610.0
    ]
}