{
    "elapsed_time": 158.49766182899475,
    "best_objective": 103420.0,
    "neighbors": 14800,
    "best_solution": [
        19,
        7,
        2,
        5,
        6,
        0,
        4,
        15,
        8,
        3,
        10,
        16,
        12,
        21,
        9,
        11,
        18,
        14,
        22,
        26,
        28,
        1,
        20,
        17,
        23,
        24,
        25,
        13,
        27,
        29,
        30,
        31
    ],
    "average_objectives_list": [
        138261.76470588235,
        128605.6,
        120951.6,
        119204.4,
        118220.4,
        117726.8,
        117431.2,
        116455.0,
        117323.2,
        116572.0,
        116320.0,
        115794.2,
        113983.0,
        114459.6,
        114194.6,
        113623.2,
        114587.8,
        113651.0,
        113922.0,
        113105.0,
        112543.0,
        111705.4,
        111857.2,
        111286.8,
        112861.2,
        111044.4,
        112435.2,
        113041.2,
        112126.2,
        112795.0,
        111562.0,
        111062.4,
        111481.8,
        111901.0,
        112169.0,
        111116.2,
        111404.0,
        112426.0,
        111394.0,
        111494.6,
        111036.2,
        111413.8,
        110293.4,
        110616.0,
        111966.4,
        110578.0,
        112465.4,
        110162.0,
        111205.6,
        111170.0,
        111651.6,
        110973.4,
        110817.0,
        110200.8,
        110327.4,
        111131.4,
        109994.4,
        110377.2,
        110645.4,
        110971.8,
        111585.2,
        110322.0,
        110069.2,
        109468.8,
        109611.6,
        111001.8,
        109564.2,
        109595.8,
        108729.8,
        110491.0,
        108838.4,
        109578.0,
        109214.4,
        108364.0,
        108491.4,
        108592.0,
        108848.8,
        108287.2,
        107776.0,
        107272.0,
        108567.8,
        108785.0,
        108231.2,
        109163.0,
        109068.4,
        109497.2,
        109274.4,
        109630.6,
        109037.6,
        108334.0,
        107769.2,
        107728.0,
        109557.2,
        109594.4,
        106936.6,
        108407.6,
        109340.2,
        107611.8,
        107029.8,
        108774.0,
        108090.6,
        109722.6,
        108601.8,
        108655.8,
        109208.4,
        107508.0,
        108161.2,
        108281.0,
        109886.0,
        108044.6,
        108863.8,
        110018.2,
        108527.2,
        107858.0,
        107496.2,
        107900.2,
        108078.4,
        109118.6,
        109144.6,
        108160.6,
        107871.0,
        107616.0,
        109209.8,
        109158.4,
        108454.8,
        108691.0,
        109031.6,
        107333.8,
        108771.2,
        108606.4,
        109328.6,
        108060.2,
        108828.8,
        108636.0,
        109962.0,
        108841.4,
        109962.4,
        110328.6,
        109417.4,
        110280.0,
        109978.4,
        109406.8,
        109673.8,
        110548.8,
        108442.4,
        108907.4,
        109674.0,
        108502.6,
        110551.2
    ],
    "best_objective_list": [
        127230.0,
        119370.0,
        118340.0,
        118340.0,
        115740.0,
        115740.0,
        115690.0,
        115690.0,
        115530.0,
        113630.0,
        113400.0,
        112630.0,
        112630.0,
        112630.0,
        112630.0,
        112630.0,
        111530.0,
        110030.0,
        110030.0,
        110030.0,
        110030.0,
        109230.0,
        109230.0,
        109230.0,
        109230.0,
        109230.0,
        109230.0,
        109230.0,
        109230.0,
        108930.0,
        108930.0,
        108930.0,
        108930.0,
        108930.0,
        108530.0,
        108530.0,
        108530.0,
        108530.0,
        108530.0,
        108530.0,
        108530.0,
        108530.0,
        108530.0,
        108530.0,
        108530.0,
        108530.0,
        108530.0,
        108530.0,
        107630.0,
        107630.0,
        107630.0,
        107630.0,
        107630.0,
        107630.0,
        107430.0,
        107430.0,
        107430.0,
        107430.0,
        107430.0,
        107430.0,
        107430.0,
        107230.0,
        107230.0,
        107130.0,
        106830.0,
        106830.0,
        106130.0,
        106130.0,
        106130.0,
        106130.0,
        106130.0,
        106130.0,
        106130.0,
        106130.0,
        106130.0,
        105830.0,
        105830.0,
        105830.0,
        105830.0,
        105130.0,
        104430.0,
        104430.0,
        104430.0,
        104430.0,
        104430.0,
        104430.0,
        104430.0,
        104430.0,
        104430.0,
        104430.0,
        104430.0,
        104430.0,
        104430.0,
        104430.0,
        104430.0,
        104430.0,
        104430.0,
        104430.0,
        104430.0,
        104430.0,
        104430.0,
        104430.0,
        104430.0,
        104430.0,
        104430.0,
        104430.0,
        104430.0,
        104430.0,
        104430.0,
        104430.0,
        104430.0,
        104430.0,
        104430.0,
        104430.0,
        104430.0,
        104430.0,
        104430.0,
        104430.0,
        104430.0,
        104430.0,
        104430.0,
        104430.0,
        104430.0,
        104430.0,
        104430.0,
        104430.0,
        104430.0,
        104420.0,
        104420.0,
        104420.0,
        104420.0,
        104420.0,
        104420.0,
        104420.0,
        104420.0,
        104420.0,
        104420.0,
        104420.0,
        104420.0,
        104420.0,
        104420.0,
        104420.0,
        104420.0,
        104420.0,
        103420.0,
        103420.0,
        103420.0,
        103420.0,
        103420.0
    ]
}