{
    "elapsed_time": 159.33518362045288,
    "best_objective": 105860.0,
    "neighbors": 14800,
    "best_solution": [
        11,
        1,
        2,
        3,
        21,
        5,
        4,
        7,
        8,
        10,
        12,
        0,
        13,
        15,
        16,
        6,
        26,
        18,
        19,
        28,
        29,
        14,
        22,
        20,
        24,
        25,
        27,
        23,
        17,
        9,
        30,
        31
    ],
    "average_objectives_list": [
        136629.80392156861,
        126616.0,
        120111.2,
        119320.2,
        119030.0,
        117198.4,
        115790.2,
        116272.8,
        115536.0,
        114879.0,
        116116.2,
        115830.6,
        115155.8,
        115024.6,
        114436.0,
        115416.0,
        115407.2,
        116270.0,
        115185.2,
        114688.0,
        115829.2,
        114990.0,
        115334.6,
        115052.4,
        115263.6,
        115191.6,
        114940.0,
        114546.0,
        114088.0,
        114958.0,
        113861.2,
        112940.0,
        112728.8,
        112221.4,
        113722.0,
        113083.0,
        112233.4,
        111475.4,
        112160.0,
        112055.6,
        112459.0,
        112160.2,
        112786.2,
        111961.6,
        113936.0,
        110865.4,
        112624.0,
        111814.0,
        111282.8,
        112662.6,
        111619.0,
        113464.4,
        113269.6,
        111739.4,
        112692.4,
        110502.0,
        113653.8,
        112472.6,
        112652.6,
        113252.8,
        113050.0,
        113042.2,
        111945.6,
        113170.0,
        112919.4,
        112519.8,
        110245.0,
        112941.0,
        111842.0,
        112549.4,
        113427.6,
        112405.2,
        111172.8,
        112417.6,
        111356.6,
        111689.6,
        111814.2,
        110962.4,
        114291.6,
        111799.8,
        111777.8,
        111551.2,
        111566.0,
        110821.0,
        111847.6,
        110975.0,
        110874.8,
        112980.8,
        110777.4,
        110761.0,
        112363.8,
        111516.8,
        112043.6,
        109891.6,
        109115.0,
        109543.2,
        110251.8,
        112570.6,
        110888.6,
        109898.0,
        111649.0,
        111915.2,
        111342.4,
        111172.2,
        110531.0,
        111691.2,
        112187.6,
        111308.4,
        108878.6,
        113162.0,
        110542.8,
        111343.6,
        111144.4,
        112604.2,
        110506.0,
        111817.2,
        113526.6,
        111230.2,
        109129.0,
        111434.6,
        112680.4,
        111975.8,
        111787.6,
        111936.6,
        111862.2,
        112316.6,
        111569.0,
        109523.0,
        111454.8,
        110705.8,
        112077.8,
        111946.0,
        112386.6,
        110236.6,
        111065.4,
        113064.2,
        111719.4,
        110078.8,
        112282.8,
        112977.2,
        111441.0,
        111727.0,
        110833.6,
        110206.8,
        112152.4,
        111051.8,
        111900.0,
        111674.6,
        112938.2
    ],
    "best_objective_list": [
        127460.0,
        118690.0,
        117060.0,
        116960.0,
        116400.0,
        114360.0,
        113960.0,
        112760.0,
        112760.0,
        112760.0,
        112760.0,
        112760.0,
        112760.0,
        112760.0,
        112760.0,
        112760.0,
        112760.0,
        112760.0,
        112760.0,
        112760.0,
        112760.0,
        112760.0,
        112760.0,
        112760.0,
        112760.0,
        112760.0,
        112760.0,
        110660.0,
        110660.0,
        110660.0,
        110660.0,
        110560.0,
        110560.0,
        110560.0,
        110460.0,
        110460.0,
        110460.0,
        109260.0,
        109260.0,
        109260.0,
        109260.0,
        108460.0,
        108460.0,
        108460.0,
        108460.0,
        108460.0,
        108460.0,
        108460.0,
        108460.0,
        108460.0,
        108460.0,
        108460.0,
        108460.0,
        108460.0,
        108460.0,
        108260.0,
        108260.0,
        108260.0,
        108260.0,
        108260.0,
        108260.0,
        108260.0,
        108260.0,
        108260.0,
        108260.0,
        108260.0,
        108260.0,
        108260.0,
        108260.0,
        108260.0,
        107460.0,
        107460.0,
        107460.0,
        107460.0,
        107460.0,
        107460.0,
        107460.0,
        107460.0,
        107460.0,
        107460.0,
        107460.0,
        107460.0,
        107460.0,
        107460.0,
        107460.0,
        106660.0,
        106660.0,
        106660.0,
        106660.0,
        106660.0,
        106660.0,
        106460.0,
        106460.0,
        106460.0,
        106460.0,
        106460.0,
        106460.0,
        106460.0,
        106460.0,
        106460.0,
        106460.0,
        106460.0,
        105960.0,
        105960.0,
        105960.0,
        105960.0,
        105960.0,
        105960.0,
        105960.0,
        105960.0,
        105960.0,
        105960.0,
        105960.0,
        105960.0,
        105860.0,
        105860.0,
        105860.0,
        105860.0,
        105860.0,
        105860.0,
        105860.0,
        105860.0,
        105860.0,
        105860.0,
        105860.0,
        105860.0,
        105860.0,
        105860.0,
        105860.0,
        105860.0,
        105860.0,
        105860.0,
        105860.0,
        105860.0,
        105860.0,
        105860.0,
        105860.0,
        105860.0,
        105860.0,
        105860.0,
        105860.0,
        105860.0,
        105860.0,
        105860.0,
        105860.0,
        105860.0,
        105860.0,
        105860.0,
        105860.0
    ]
}