{
    "elapsed_time": 159.12140107154846,
    "best_objective": 101700.0,
    "neighbors": 14800,
    "best_solution": [
        12,
        6,
        7,
        8,
        19,
        15,
        16,
        4,
        10,
        1,
        0,
        2,
        11,
        3,
        14,
        5,
        13,
        20,
        17,
        18,
        9,
        28,
        24,
        21,
        22,
        23,
        25,
        26,
        27,
        29,
        30,
        31
    ],
    "average_objectives_list": [
        136803.92156862744,
        126681.4,
        120616.6,
        117692.8,
        115926.8,
        114769.2,
        115087.6,
        113939.2,
        114077.4,
        113935.2,
        114864.8,
        113358.2,
        113285.6,
        111347.2,
        111252.8,
        110668.0,
        110578.6,
        111360.2,
        110012.0,
        111338.6,
        109718.6,
        110230.0,
        110027.6,
        110483.4,
        109962.4,
        110729.0,
        109325.6,
        109543.0,
        110233.8,
        108508.8,
        110230.4,
        108707.8,
        109428.6,
        109838.0,
        110002.2,
        109822.4,
        109293.2,
        109411.4,
        109175.4,
        109419.8,
        110403.2,
        108839.4,
        109752.2,
        109022.0,
        109709.6,
        107909.2,
        109617.4,
        108300.6,
        108216.0,
        109626.0,
        109382.8,
        108440.6,
        107568.2,
        107730.8,
        108073.6,
        106348.6,
        106653.0,
        108031.2,
        106498.4,
        106641.2,
        105894.0,
        105488.2,
        107091.2,
        107233.2,
        106293.0,
        104382.0,
        107129.6,
        105734.8,
        106945.8,
        108157.2,
        104483.0,
        105189.6,
        105989.0,
        105670.6,
        105971.2,
        105086.4,
        106864.8,
        105409.2,
        106480.6,
        106133.4,
        106140.0,
        104915.4,
        107662.2,
        106318.0,
        106355.0,
        106547.2,
        105354.0,
        107329.8,
        105133.6,
        105923.6,
        105359.8,
        106384.8,
        107411.0,
        105442.0,
        106607.0,
        106928.0,
        106394.8,
        105661.6,
        105897.2,
        105789.4,
        105099.4,
        107037.2,
        106756.8,
        106603.6,
        107204.8,
        107897.0,
        106320.8,
        106506.0,
        106065.2,
        108262.4,
        105732.6,
        106005.6,
        106378.0,
        104467.4,
        104263.0,
        105144.8,
        106584.0,
        106890.8,
        105533.8,
        107141.4,
        106277.8,
        105413.2,
        105441.8,
        106200.6,
        106081.0,
        107135.2,
        106314.8,
        105949.8,
        103996.0,
        105334.6,
        106590.8,
        105446.2,
        105246.4,
        107170.8,
        106885.2,
        107615.4,
        106514.4,
        105650.0,
        106062.0,
        104642.4,
        104738.2,
        105987.8,
        106157.0,
        105509.2,
        106307.0,
        106002.2,
        104954.8,
        108574.8,
        105618.8
    ],
    "best_objective_list": [
        125900.0,
        119750.0,
        115600.0,
        115600.0,
        113020.0,
        113020.0,
        113020.0,
        113020.0,
        113020.0,
        113020.0,
        112420.0,
        109630.0,
        109630.0,
        109230.0,
        109130.0,
        108830.0,
        108830.0,
        108830.0,
        108830.0,
        108830.0,
        108830.0,
        108830.0,
        108600.0,
        108600.0,
        108600.0,
        108200.0,
        108200.0,
        108200.0,
        108200.0,
        108200.0,
        108200.0,
        108200.0,
        108200.0,
        108200.0,
        108200.0,
        108200.0,
        108200.0,
        108200.0,
        106300.0,
        106300.0,
        106300.0,
        106300.0,
        106300.0,
        106300.0,
        105900.0,
        105900.0,
        105900.0,
        105900.0,
        105900.0,
        105900.0,
        103400.0,
        103400.0,
        103400.0,
        103400.0,
        103400.0,
        103400.0,
        103400.0,
        103400.0,
        103400.0,
        103400.0,
        102700.0,
        102700.0,
        102700.0,
        102700.0,
        102700.0,
        102700.0,
        102300.0,
        102300.0,
        102300.0,
        102300.0,
        102300.0,
        102300.0,
        102300.0,
        102300.0,
        102300.0,
        102300.0,
        102300.0,
        102300.0,
        102300.0,
        102300.0,
        102300.0,
        102300.0,
        102300.0,
        102300.0,
        102300.0,
        102300.0,
        102300.0,
        102300.0,
        102300.0,
        102300.0,
        102300.0,
        102300.0,
        102300.0,
        102300.0,
        102300.0,
        102300.0,
        102300.0,
        102300.0,
        102300.0,
        102300.0,
        102300.0,
        102300.0,
        102300.0,
        102300.0,
        102300.0,
        102300.0,
        102300.0,
        102300.0,
        102300.0,
        102300.0,
        102300.0,
        102300.0,
        102300.0,
        102300.0,
        102300.0,
        102300.0,
        102300.0,
        102300.0,
        102300.0,
        102300.0,
        102300.0,
        102300.0,
        102300.0,
        102300.0,
        102300.0,
        102300.0,
        102100.0,
        102100.0,
        102100.0,
        102100.0,
        102100.0,
        102100.0,
        102100.0,
        102100.0,
        102100.0,
        102100.0,
        101800.0,
        101800.0,
        101800.0,
        101800.0,
        101700.0,
        101700.0,
        101700.0,
        101700.0,
        101700.0,
        101700.0,
        101700.0,
        101700.0,
        101700.0
    ]
}