{
    "elapsed_time": 157.72226333618164,
    "best_objective": 104680.0,
    "neighbors": 14800,
    "best_solution": [
        0,
        1,
        3,
        7,
        5,
        4,
        21,
        11,
        8,
        10,
        6,
        12,
        17,
        15,
        16,
        13,
        28,
        23,
        14,
        18,
        19,
        20,
        2,
        9,
        24,
        25,
        22,
        27,
        26,
        29,
        30,
        31
    ],
    "average_objectives_list": [
        137498.82352941178,
        128254.0,
        123187.0,
        118652.6,
        116254.0,
        114221.2,
        113670.8,
        112518.2,
        112284.0,
        112316.0,
        112074.0,
        112354.0,
        111860.0,
        112590.0,
        112030.4,
        112472.8,
        111461.0,
        111924.2,
        111377.2,
        111403.4,
        110856.6,
        111124.0,
        110027.8,
        110933.0,
        110604.8,
        111512.0,
        109880.4,
        110055.6,
        109870.4,
        109694.6,
        111268.4,
        109105.4,
        110538.4,
        109519.4,
        110875.4,
        110253.6,
        110341.4,
        110070.0,
        109193.2,
        109597.0,
        109261.0,
        110786.2,
        109619.0,
        109443.6,
        109538.2,
        109558.2,
        109193.2,
        109296.6,
        109667.8,
        109320.6,
        110093.6,
        110467.6,
        110334.0,
        109481.6,
        109482.8,
        109092.2,
        109760.2,
        109086.8,
        109985.6,
        109452.2,
        110079.6,
        108259.4,
        109741.6,
        109796.0,
        109845.4,
        109298.4,
        110293.2,
        109587.6,
        110012.2,
        109982.0,
        109579.2,
        109686.4,
        109208.0,
        108516.4,
        109543.6,
        108216.4,
        109000.2,
        109057.2,
        108930.0,
        108651.8,
        109036.6,
        110246.0,
        109394.0,
        109643.2,
        108621.4,
        108715.4,
        109108.0,
        107706.6,
        109181.2,
        108098.6,
        109677.8,
        109100.6,
        109593.8,
        109431.8,
        108449.4,
        108852.2,
        109635.6,
        108094.0,
        108996.6,
        108554.8,
        109677.0,
        108545.4,
        109035.4,
        109827.4,
        108877.6,
        108799.2,
        108032.8,
        109223.0,
        107675.0,
        109735.4,
        108979.8,
        108506.8,
        107946.4,
        108782.4,
        107866.4,
        109686.8,
        108899.6,
        108582.0,
        108765.8,
        108528.0,
        108846.0,
        108601.2,
        108154.4,
        108452.4,
        109415.4,
        108614.8,
        109568.0,
        109370.6,
        109103.8,
        109828.6,
        108138.4,
        108815.2,
        110330.6,
        109469.4,
        108058.0,
        109635.0,
        109504.8,
        108919.8,
        108527.4,
        109915.8,
        108391.6,
        109036.2,
        109470.2,
        109248.2,
        107848.0,
        108775.2,
        110107.8,
        109127.6,
        109613.0
    ],
    "best_objective_list": [
        126070.0,
        122660.0,
        117690.0,
        115230.0,
        113360.0,
        111860.0,
        111860.0,
        111860.0,
        111860.0,
        111860.0,
        111860.0,
        111860.0,
        111860.0,
        111260.0,
        109960.0,
        109960.0,
        109960.0,
        109960.0,
        109960.0,
        109860.0,
        109860.0,
        109860.0,
        108280.0,
        108280.0,
        108280.0,
        107280.0,
        106680.0,
        106680.0,
        106680.0,
        106680.0,
        106680.0,
        106680.0,
        106680.0,
        106680.0,
        106680.0,
        106680.0,
        106680.0,
        106680.0,
        106680.0,
        106680.0,
        106680.0,
        106680.0,
        106680.0,
        106680.0,
        106680.0,
        106680.0,
        106680.0,
        106680.0,
        106680.0,
        106680.0,
        106680.0,
        106680.0,
        106680.0,
        106680.0,
        106680.0,
        106680.0,
        106680.0,
        106680.0,
        106680.0,
        106680.0,
        106680.0,
        106680.0,
        106680.0,
        106680.0,
        106680.0,
        106680.0,
        106680.0,
        104880.0,
        104880.0,
        104880.0,
        104880.0,
        104880.0,
        104880.0,
        104880.0,
        104880.0,
        104880.0,
        104880.0,
        104880.0,
        104880.0,
        104880.0,
        104880.0,
        104880.0,
        104880.0,
        104880.0,
        104880.0,
        104880.0,
        104880.0,
        104680.0,
        104680.0,
        104680.0,
        104680.0,
        104680.0,
        104680.0,
        104680.0,
        104680.0,
        104680.0,
        104680.0,
        104680.0,
        104680.0,
        104680.0,
        104680.0,
        104680.0,
        104680.0,
        104680.0,
        104680.0,
        104680.0,
        104680.0,
        104680.0,
        104680.0,
        104680.0,
        104680.0,
        104680.0,
        104680.0,
        104680.0,
        104680.0,
        104680.0,
        104680.0,
        104680.0,
        104680.0,
        104680.0,
        104680.0,
        104680.0,
        104680.0,
        104680.0,
        104680.0,
        104680.0,
        104680.0,
        104680.0,
        104680.0,
        104680.0,
        104680.0,
        104680.0,
        104680.0,
        104680.0,
        104680.0,
        104680.0,
        104680.0,
        104680.0,
        104680.0,
        104680.0,
        104680.0,
        104680.0,
        104680.0,
        104680.0,
        104680.0,
        104680.0,
        104680.0,
        104680.0,
        104680.0
    ]
}