{
    "elapsed_time": 159.25087070465088,
    "best_objective": 100150.0,
    "neighbors": 14800,
    "best_solution": [
        1,
        7,
        6,
        19,
        4,
        2,
        0,
        8,
        10,
        15,
        16,
        17,
        21,
        11,
        12,
        13,
        23,
        3,
        28,
        18,
        9,
        5,
        20,
        22,
        14,
        25,
        24,
        26,
        27,
        29,
        30,
        31
    ],
    "average_objectives_list": [
        137819.60784313726,
        127175.2,
        122081.6,
        120349.0,
        118531.4,
        116841.0,
        116654.4,
        115959.2,
        113359.4,
        111158.0,
        110745.0,
        111688.4,
        109728.0,
        109738.8,
        107897.8,
        108555.2,
        108105.0,
        107730.0,
        108398.4,
        109676.0,
        107470.6,
        109201.4,
        107758.0,
        108619.6,
        107501.8,
        110096.6,
        108166.4,
        108192.8,
        109673.6,
        109407.8,
        108981.0,
        108703.2,
        109712.6,
        110166.4,
        108742.0,
        107975.0,
        108188.8,
        110694.8,
        108745.6,
        109838.2,
        107722.4,
        109667.4,
        108596.8,
        107910.2,
        110696.8,
        106962.0,
        108591.4,
        109232.4,
        107673.0,
        106709.6,
        107245.2,
        108226.6,
        108186.2,
        108461.4,
        106412.4,
        108222.6,
        107662.8,
        106522.2,
        108054.2,
        105862.2,
        104881.2,
        107956.4,
        107104.6,
        105115.8,
        106337.6,
        106490.4,
        107760.8,
        106192.4,
        106426.4,
        106902.6,
        106761.2,
        106606.6,
        107521.0,
        109622.4,
        106371.0,
        105506.6,
        104499.0,
        106605.0,
        105758.8,
        107297.0,
        108323.2,
        105425.8,
        106104.0,
        107212.0,
        106190.0,
        104771.4,
        104274.4,
        106512.8,
        106973.8,
        107104.2,
        105299.4,
        105753.2,
        106746.8,
        106319.2,
        105739.2,
        105666.8,
        106812.0,
        106307.6,
        106957.6,
        106870.6,
        107668.4,
        106516.8,
        106506.4,
        105420.2,
        104562.8,
        105871.4,
        105095.0,
        105978.8,
        106935.4,
        105369.8,
        105363.4,
        105146.4,
        107578.6,
        105825.2,
        105803.8,
        107518.0,
        106065.0,
        106092.2,
        105990.4,
        105011.6,
        105087.4,
        106046.6,
        106324.0,
        105848.8,
        106289.0,
        105596.8,
        104428.4,
        105565.2,
        105057.6,
        106679.8,
        105605.2,
        107065.2,
        104183.0,
        106426.4,
        105230.4,
        104294.0,
        104859.0,
        106145.4,
        107083.0,
        106867.2,
        106715.8,
        106617.0,
        104457.4,
        107122.0,
        104366.2,
        105418.8,
        104951.0,
        104080.0,
        104850.2
    ],
    "best_objective_list": [
        128970.0,
        120950.0,
        119270.0,
        116860.0,
        116670.0,
        116670.0,
        110880.0,
        110380.0,
        110380.0,
        107980.0,
        107980.0,
        107480.0,
        107480.0,
        107480.0,
        106880.0,
        106880.0,
        106880.0,
        106880.0,
        106880.0,
        106880.0,
        106880.0,
        106880.0,
        106880.0,
        106880.0,
        106770.0,
        106770.0,
        106770.0,
        106770.0,
        106770.0,
        106570.0,
        106570.0,
        106570.0,
        106570.0,
        106570.0,
        106570.0,
        106570.0,
        106170.0,
        106170.0,
        105970.0,
        105970.0,
        105970.0,
        105970.0,
        104570.0,
        104570.0,
        104570.0,
        104570.0,
        104570.0,
        104570.0,
        104570.0,
        104570.0,
        104570.0,
        104570.0,
        104570.0,
        103170.0,
        103170.0,
        103170.0,
        103170.0,
        103170.0,
        103170.0,
        101570.0,
        101570.0,
        101570.0,
        101570.0,
        101570.0,
        101570.0,
        101570.0,
        101570.0,
        101570.0,
        101570.0,
        101570.0,
        101570.0,
        101570.0,
        101570.0,
        101570.0,
        101570.0,
        101570.0,
        101570.0,
        101570.0,
        101570.0,
        101570.0,
        101570.0,
        101570.0,
        101570.0,
        101570.0,
        101570.0,
        101570.0,
        101570.0,
        101570.0,
        101570.0,
        101570.0,
        101570.0,
        101570.0,
        101570.0,
        101570.0,
        101570.0,
        101570.0,
        101570.0,
        101570.0,
        101570.0,
        101570.0,
        101570.0,
        101570.0,
        101570.0,
        101570.0,
        101570.0,
        101570.0,
        101570.0,
        101570.0,
        101570.0,
        101570.0,
        101570.0,
        101570.0,
        101570.0,
        101570.0,
        101570.0,
        101570.0,
        101570.0,
        101570.0,
        101570.0,
        101570.0,
        101050.0,
        101050.0,
        101050.0,
        101050.0,
        101050.0,
        101050.0,
        101050.0,
        101050.0,
        101050.0,
        101050.0,
        101050.0,
        101050.0,
        101050.0,
        101050.0,
        101050.0,
        101050.0,
        101050.0,
        101050.0,
        101050.0,
        101050.0,
        101050.0,
        101050.0,
        101050.0,
        101050.0,
        101050.0,
        100250.0,
        100250.0,
        100150.0,
        100150.0
    ]
}