{
    "elapsed_time": 158.31845045089722,
    "best_objective": 101000.0,
    "neighbors": 14800,
    "best_solution": [
        11,
        3,
        6,
        8,
        4,
        5,
        1,
        19,
        2,
        10,
        0,
        7,
        14,
        15,
        16,
        12,
        26,
        17,
        20,
        18,
        9,
        21,
        22,
        28,
        24,
        25,
        13,
        23,
        27,
        29,
        30,
        31
    ],
    "average_objectives_list": [
        138330.39215686274,
        128727.0,
        123857.8,
        121512.2,
        119245.4,
        117190.2,
        115966.0,
        114940.0,
        113930.0,
        113210.2,
        112398.0,
        112650.6,
        111005.6,
        111481.4,
        110678.2,
        111343.4,
        111437.4,
        110135.6,
        110307.6,
        110854.4,
        110922.4,
        111356.8,
        109864.6,
        110717.4,
        110044.0,
        109738.0,
        109976.4,
        110435.4,
        109369.0,
        109693.2,
        110254.8,
        109443.2,
        109236.8,
        109672.0,
        108912.8,
        110659.2,
        111453.6,
        109979.4,
        108372.8,
        108455.0,
        106890.0,
        108821.0,
        107851.0,
        107501.8,
        107854.8,
        108013.8,
        108443.6,
        108434.8,
        106490.6,
        107985.0,
        108608.2,
        107973.6,
        107535.2,
        108099.8,
        107970.8,
        110781.0,
        110360.0,
        108787.2,
        107059.2,
        107281.4,
        106678.4,
        108534.8,
        107550.2,
        109581.4,
        107662.0,
        108764.8,
        106793.8,
        107799.8,
        108443.6,
        107850.8,
        110128.4,
        106696.2,
        105790.4,
        107006.2,
        107752.6,
        109102.4,
        107900.2,
        107303.4,
        109185.4,
        108773.4,
        109237.8,
        107597.2,
        107594.2,
        106787.4,
        107123.4,
        106849.0,
        107455.8,
        107790.4,
        107716.6,
        106615.6,
        108127.2,
        106292.0,
        108418.0,
        107397.0,
        106573.0,
        107202.2,
        106435.4,
        106946.0,
        106630.2,
        106289.8,
        105920.8,
        106309.6,
        104463.8,
        109145.2,
        107886.2,
        107209.0,
        105974.4,
        106034.0,
        105762.2,
        106101.2,
        107450.4,
        106959.6,
        105745.4,
        106707.4,
        105825.0,
        107201.8,
        107145.2,
        105389.8,
        106680.2,
        105162.0,
        105355.8,
        107065.8,
        106376.2,
        104803.0,
        105883.6,
        107490.4,
        105603.0,
        106810.0,
        106452.2,
        105829.6,
        107542.8,
        105555.4,
        107611.4,
        105865.2,
        106366.4,
        104551.0,
        106737.0,
        106095.8,
        104550.2,
        106157.2,
        107715.0,
        106615.2,
        106367.4,
        106699.4,
        104743.2,
        106253.2,
        107516.8,
        107456.4,
        106604.2
    ],
    "best_objective_list": [
        129420.0,
        122560.0,
        120330.0,
        118530.0,
        116300.0,
        115100.0,
        113800.0,
        113800.0,
        111600.0,
        111400.0,
        110100.0,
        109600.0,
        107800.0,
        107800.0,
        107800.0,
        107800.0,
        107800.0,
        107800.0,
        107800.0,
        107100.0,
        107100.0,
        107100.0,
        107100.0,
        107100.0,
        107100.0,
        107100.0,
        107100.0,
        107100.0,
        107100.0,
        107100.0,
        107100.0,
        107100.0,
        107100.0,
        107100.0,
        107100.0,
        107100.0,
        106700.0,
        106700.0,
        104100.0,
        104100.0,
        104100.0,
        104100.0,
        104100.0,
        103500.0,
        102700.0,
        102700.0,
        102700.0,
        102700.0,
        102700.0,
        102700.0,
        102700.0,
        102700.0,
        102700.0,
        102700.0,
        102700.0,
        102700.0,
        102700.0,
        102700.0,
        102700.0,
        102700.0,
        102700.0,
        102700.0,
        102700.0,
        102700.0,
        102700.0,
        102700.0,
        102700.0,
        102700.0,
        102700.0,
        102700.0,
        102700.0,
        102700.0,
        102700.0,
        102700.0,
        102100.0,
        102100.0,
        102100.0,
        102100.0,
        102100.0,
        102100.0,
        102100.0,
        102100.0,
        102100.0,
        102100.0,
        102100.0,
        102100.0,
        102100.0,
        102100.0,
        102100.0,
        102100.0,
        102100.0,
        102100.0,
        102100.0,
        102100.0,
        101000.0,
        101000.0,
        101000.0,
        101000.0,
        101000.0,
        101000.0,
        101000.0,
        101000.0,
        101000.0,
        101000.0,
        101000.0,
        101000.0,
        101000.0,
        101000.0,
        101000.0,
        101000.0,
        101000.0,
        101000.0,
        101000.0,
        101000.0,
        101000.0,
        101000.0,
        101000.0,
        101000.0,
        101000.0,
        101000.0,
        101000.0,
        101000.0,
        101000.0,
        101000.0,
        101000.0,
        101000.0,
        101000.0,
        101000.0,
        101000.0,
        101000.0,
        101000.0,
        101000.0,
        101000.0,
        101000.0,
        101000.0,
        101000.0,
        101000.0,
        101000.0,
        101000.0,
        101000.0,
        101000.0,
        101000.0,
        101000.0,
        101000.0,
        101000.0,
        101000.0,
        101000.0,
        101000.0,
        101000.0
    ]
}