{
    "elapsed_time": 158.3081886768341,
    "best_objective": 103910.0,
    "neighbors": 14800,
    "best_solution": [
        1,
        4,
        19,
        20,
        21,
        2,
        0,
        28,
        14,
        25,
        5,
        22,
        18,
        29,
        11,
        23,
        9,
        6,
        7,
        8,
        3,
        10,
        16,
        12,
        13,
        15,
        17,
        24,
        26,
        27,
        30,
        31
    ],
    "average_objectives_list": [
        137417.25490196078,
        126412.2,
        120890.2,
        118441.4,
        116567.2,
        116930.4,
        115229.0,
        116314.4,
        116106.2,
        113951.4,
        115630.6,
        115000.6,
        114236.0,
        113453.2,
        114171.2,
        113792.6,
        113789.6,
        114460.4,
        115251.6,
        114529.2,
        111960.6,
        113788.8,
        112359.0,
        110593.8,
        113908.8,
        111697.6,
        113170.6,
        112987.6,
        112858.8,
        113464.4,
        112380.4,
        111852.2,
        113696.4,
        114489.2,
        112978.4,
        112609.6,
        113950.0,
        114406.2,
        114318.0,
        112980.6,
        112346.8,
        110512.4,
        109357.2,
        111015.0,
        109467.6,
        110543.8,
        112703.8,
        110657.6,
        110298.4,
        114026.8,
        111040.6,
        111592.4,
        110681.2,
        110824.2,
        109418.4,
        114134.4,
        111703.8,
        110711.6,
        110894.2,
        110383.4,
        113327.2,
        110588.4,
        112156.8,
        108230.0,
        110357.0,
        110516.2,
        109152.6,
        108649.2,
        109857.2,
        108610.0,
        112401.4,
        110129.0,
        108737.6,
        107812.6,
        110948.4,
        110507.2,
        108083.2,
        110312.8,
        109766.0,
        109630.2,
        110839.6,
        110435.6,
        110020.2,
        109783.2,
        110918.2,
        111061.6,
        108715.4,
        108992.6,
        112047.6,
        108994.6,
        111769.8,
        110426.2,
        110593.2,
        111259.4,
        109624.8,
        112037.2,
        109915.2,
        108909.2,
        109627.8,
        111539.4,
        111541.4,
        111056.8,
        111409.8,
        109725.6,
        112168.2,
        110435.6,
        111278.6,
        109605.8,
        108852.8,
        111431.0,
        107959.8,
        108071.6,
        108086.6,
        106561.6,
        110728.4,
        108018.4,
        110801.6,
        110613.2,
        109710.2,
        109760.6,
        109712.2,
        110900.4,
        111520.8,
        107576.2,
        109051.6,
        109439.4,
        110774.2,
        109329.0,
        109009.4,
        110261.6,
        111008.4,
        109066.4,
        110064.4,
        111743.8,
        109008.0,
        109032.0,
        110686.6,
        112218.8,
        109195.6,
        110952.4,
        108784.4,
        109693.4,
        111434.0,
        110992.8,
        110030.2,
        111345.8,
        107061.8,
        108254.4,
        112350.8
    ],
    "best_objective_list": [
        127350.0,
        117600.0,
        116640.0,
        111360.0,
        111360.0,
        111360.0,
        111360.0,
        111100.0,
        109900.0,
        109900.0,
        109900.0,
        108650.0,
        108650.0,
        108650.0,
        108650.0,
        108650.0,
        108650.0,
        108650.0,
        108650.0,
        108650.0,
        108650.0,
        108650.0,
        108650.0,
        108650.0,
        108650.0,
        108650.0,
        108650.0,
        108650.0,
        108650.0,
        108650.0,
        108650.0,
        108650.0,
        108650.0,
        108650.0,
        108650.0,
        107950.0,
        107140.0,
        107140.0,
        107140.0,
        107140.0,
        107140.0,
        107140.0,
        107140.0,
        107140.0,
        106340.0,
        106340.0,
        106340.0,
        106340.0,
        106340.0,
        106340.0,
        106340.0,
        106340.0,
        106340.0,
        106110.0,
        106110.0,
        105510.0,
        105510.0,
        105510.0,
        105310.0,
        105310.0,
        105310.0,
        105310.0,
        105310.0,
        105310.0,
        105310.0,
        105310.0,
        105310.0,
        105310.0,
        105310.0,
        105310.0,
        105310.0,
        105310.0,
        105310.0,
        105310.0,
        105310.0,
        105310.0,
        105310.0,
        105310.0,
        105310.0,
        105310.0,
        105310.0,
        105310.0,
        105310.0,
        105310.0,
        105310.0,
        105310.0,
        105310.0,
        104910.0,
        104910.0,
        104910.0,
        104910.0,
        104910.0,
        104910.0,
        104910.0,
        104910.0,
        104910.0,
        104910.0,
        104910.0,
        104910.0,
        104910.0,
        104210.0,
        104210.0,
        104210.0,
        104210.0,
        104210.0,
        104210.0,
        104210.0,
        104210.0,
        104210.0,
        104110.0,
        104110.0,
        104110.0,
        104110.0,
        104110.0,
        104110.0,
        104110.0,
        104110.0,
        104110.0,
        104110.0,
        104110.0,
        104110.0,
        104110.0,
        104110.0,
        104110.0,
        104110.0,
        104110.0,
        104110.0,
        104110.0,
        104110.0,
        104110.0,
        104110.0,
        104110.0,
        104110.0,
        104110.0,
        104110.0,
        104110.0,
        104110.0,
        104110.0,
        104110.0,
        104110.0,
        104110.0,
        103910.0,
        103910.0,
        103910.0,
        103910.0,
        103910.0,
        103910.0,
        103910.0,
        103910.0
    ]
}