{
    "elapsed_time": 160.75843214988708,
    "best_objective": 105750.0,
    "neighbors": 14800,
    "best_solution": [
        1,
        4,
        10,
        13,
        0,
        6,
        7,
        21,
        8,
        15,
        16,
        12,
        2,
        5,
        11,
        31,
        28,
        26,
        17,
        18,
        19,
        25,
        20,
        22,
        23,
        3,
        14,
        27,
        24,
        29,
        30,
        9
    ],
    "average_objectives_list": [
        138489.41176470587,
        127886.0,
        122557.6,
        120664.2,
        118519.8,
        117018.6,
        116419.8,
        115560.6,
        114954.6,
        114408.6,
        113961.8,
        113586.0,
        114223.6,
        114262.0,
        114093.0,
        114032.0,
        115695.4,
        114712.0,
        115016.8,
        114153.2,
        115002.0,
        114426.2,
        113945.6,
        113546.0,
        111995.6,
        114652.2,
        112352.0,
        112546.8,
        111365.8,
        110733.4,
        112488.2,
        112069.0,
        111700.6,
        112714.2,
        110898.4,
        109049.4,
        110018.0,
        109987.6,
        111346.6,
        110043.8,
        110732.8,
        109982.4,
        111254.4,
        111661.2,
        110331.8,
        109368.0,
        111342.2,
        111012.6,
        110655.2,
        110836.4,
        111748.2,
        110906.4,
        112566.6,
        110654.0,
        112485.6,
        112276.8,
        109611.6,
        110165.2,
        109857.4,
        109969.2,
        109942.2,
        109940.6,
        110413.4,
        110183.2,
        109708.0,
        108616.2,
        109482.2,
        108905.2,
        109978.4,
        109773.8,
        109101.0,
        109266.0,
        109062.6,
        110180.2,
        110279.6,
        110672.6,
        109716.0,
        111484.6,
        109608.0,
        109615.6,
        110259.2,
        109031.6,
        111307.8,
        109717.8,
        109533.8,
        110516.0,
        109826.8,
        109951.4,
        109758.2,
        110125.0,
        109208.6,
        109308.2,
        109811.8,
        110448.4,
        109429.0,
        111391.0,
        109945.0,
        109392.6,
        109860.0,
        109805.0,
        110244.4,
        110457.4,
        111258.6,
        109978.2,
        111586.8,
        111019.8,
        111483.0,
        110988.4,
        110512.4,
        110406.4,
        109866.0,
        112445.6,
        110120.2,
        111313.4,
        111096.2,
        111450.2,
        111151.2,
        112166.4,
        111360.8,
        110324.2,
        110702.6,
        112018.6,
        111783.6,
        108569.2,
        110616.8,
        110972.6,
        112213.6,
        109972.8,
        112012.6,
        109822.6,
        112724.8,
        110714.4,
        109392.2,
        111817.2,
        111214.2,
        111300.2,
        110606.6,
        113103.8,
        110474.0,
        111119.0,
        113656.2,
        112473.8,
        110256.2,
        110060.0,
        110780.8,
        110581.6,
        110485.0,
        110305.4,
        111113.2
    ],
    "best_objective_list": [
        126290.0,
        119970.0,
        119770.0,
        117260.0,
        115800.0,
        115500.0,
        115130.0,
        113930.0,
        113730.0,
        113080.0,
        113080.0,
        113080.0,
        113080.0,
        113080.0,
        113080.0,
        113080.0,
        113080.0,
        113080.0,
        112880.0,
        112680.0,
        111580.0,
        111580.0,
        111580.0,
        110880.0,
        110380.0,
        109880.0,
        108980.0,
        108980.0,
        108980.0,
        108580.0,
        108580.0,
        108580.0,
        108180.0,
        108180.0,
        108180.0,
        108180.0,
        108180.0,
        108180.0,
        108180.0,
        108180.0,
        108180.0,
        107880.0,
        107880.0,
        107880.0,
        107880.0,
        107880.0,
        107880.0,
        107880.0,
        107880.0,
        107880.0,
        107880.0,
        107880.0,
        107880.0,
        107280.0,
        107280.0,
        107280.0,
        106780.0,
        106780.0,
        106780.0,
        106780.0,
        106780.0,
        106780.0,
        106780.0,
        106780.0,
        106780.0,
        106480.0,
        106480.0,
        106480.0,
        106480.0,
        106480.0,
        106480.0,
        106480.0,
        106480.0,
        106480.0,
        106480.0,
        106480.0,
        106480.0,
        106480.0,
        106480.0,
        106480.0,
        106480.0,
        106480.0,
        106480.0,
        106480.0,
        105980.0,
        105980.0,
        105980.0,
        105980.0,
        105980.0,
        105980.0,
        105980.0,
        105980.0,
        105980.0,
        105980.0,
        105750.0,
        105750.0,
        105750.0,
        105750.0,
        105750.0,
        105750.0,
        105750.0,
        105750.0,
        105750.0,
        105750.0,
        105750.0,
        105750.0,
        105750.0,
        105750.0,
        105750.0,
        105750.0,
        105750.0,
        105750.0,
        105750.0,
        105750.0,
        105750.0,
        105750.0,
        105750.0,
        105750.0,
        105750.0,
        105750.0,
        105750.0,
        105750.0,
        105750.0,
        105750.0,
        105750.0,
        105750.0,
        105750.0,
        105750.0,
        105750.0,
        105750.0,
        105750.0,
        105750.0,
        105750.0,
        105750.0,
        105750.0,
        105750.0,
        105750.0,
        105750.0,
        105750.0,
        105750.0,
        105750.0,
        105750.0,
        105750.0,
        105750.0,
        105750.0,
        105750.0,
        105750.0,
        105750.0,
        105750.0
    ]
}