{
    "elapsed_time": 158.1633746623993,
    "best_objective": 103520.0,
    "neighbors": 14800,
    "best_solution": [
        0,
        15,
        7,
        8,
        10,
        1,
        3,
        6,
        18,
        19,
        12,
        27,
        28,
        20,
        22,
        9,
        23,
        2,
        21,
        11,
        5,
        4,
        16,
        24,
        29,
        25,
        14,
        13,
        26,
        17,
        30,
        31
    ],
    "average_objectives_list": [
        136729.80392156861,
        126548.4,
        121062.4,
        119649.6,
        118532.6,
        117540.2,
        117364.6,
        117700.0,
        116877.0,
        117230.2,
        118004.8,
        117285.4,
        117738.8,
        118186.0,
        117137.4,
        116327.4,
        118837.4,
        117074.6,
        117417.8,
        116690.2,
        116159.6,
        117320.8,
        116951.6,
        117179.6,
        116482.8,
        117280.4,
        117848.2,
        117006.0,
        118068.0,
        116432.8,
        117290.4,
        116846.8,
        115560.0,
        116498.6,
        115610.6,
        114667.2,
        115286.4,
        116220.6,
        116630.2,
        116241.2,
        115551.8,
        116111.4,
        115376.0,
        116492.6,
        116108.2,
        116549.6,
        116720.0,
        116675.0,
        114797.2,
        115763.4,
        116343.0,
        115585.0,
        114758.2,
        114415.2,
        114722.6,
        113635.6,
        114717.0,
        117422.6,
        115193.8,
        113604.2,
        115372.6,
        113988.6,
        114464.6,
        112508.4,
        115045.0,
        116072.6,
        115250.6,
        114124.0,
        115438.0,
        115588.2,
        114130.4,
        112999.6,
        114769.6,
        114328.0,
        113763.8,
        114385.6,
        114600.8,
        113481.4,
        113537.2,
        114452.2,
        113548.0,
        112751.8,
        114823.4,
        113418.2,
        113082.6,
        111325.0,
        108810.6,
        111953.0,
        109308.4,
        108812.8,
        110524.0,
        111010.0,
        109323.2,
        109120.2,
        107489.0,
        109185.6,
        109706.4,
        107508.6,
        110840.0,
        108533.8,
        110197.2,
        108651.0,
        110734.8,
        108500.8,
        107345.8,
        108934.6,
        108502.8,
        107079.8,
        109018.4,
        109755.8,
        107998.6,
        106984.6,
        108054.8,
        109087.2,
        109544.6,
        108578.4,
        106872.2,
        109342.4,
        109082.4,
        108263.8,
        108665.8,
        108821.6,
        110037.8,
        107951.6,
        109108.0,
        106864.2,
        109828.2,
        109705.4,
        109705.2,
        109273.2,
        108092.4,
        108991.8,
        109949.0,
        109864.8,
        109030.0,
        108179.8,
        107160.0,
        108728.2,
        108812.2,
        108095.2,
        107248.8,
        108436.4,
        110041.8,
        109981.6,
        109294.6,
        107627.4,
        108668.4,
        106247.6,
        108179.0
    ],
    "best_objective_list": [
        127310.0,
        119960.0,
        115440.0,
        115440.0,
        115440.0,
        115040.0,
        115040.0,
        115040.0,
        115040.0,
        115040.0,
        115040.0,
        115040.0,
        115040.0,
        115040.0,
        114280.0,
        114240.0,
        114240.0,
        114240.0,
        114240.0,
        113640.0,
        113640.0,
        113640.0,
        113640.0,
        113640.0,
        113640.0,
        113640.0,
        113640.0,
        113640.0,
        113640.0,
        113640.0,
        113640.0,
        113640.0,
        113640.0,
        113640.0,
        112040.0,
        112040.0,
        112040.0,
        112040.0,
        112040.0,
        112040.0,
        112040.0,
        112040.0,
        112040.0,
        112040.0,
        112040.0,
        112040.0,
        112040.0,
        111830.0,
        111750.0,
        111750.0,
        111750.0,
        110440.0,
        110440.0,
        110440.0,
        110440.0,
        110440.0,
        110440.0,
        110440.0,
        110440.0,
        110440.0,
        110440.0,
        110440.0,
        110440.0,
        110440.0,
        110440.0,
        110440.0,
        110440.0,
        110440.0,
        110440.0,
        110440.0,
        110440.0,
        110440.0,
        110440.0,
        110440.0,
        108950.0,
        108950.0,
        108950.0,
        108950.0,
        108950.0,
        108950.0,
        108950.0,
        108950.0,
        108950.0,
        108550.0,
        106320.0,
        105620.0,
        105620.0,
        105620.0,
        104620.0,
        104620.0,
        104620.0,
        104620.0,
        104220.0,
        104220.0,
        104220.0,
        104220.0,
        104220.0,
        104220.0,
        104220.0,
        104220.0,
        104220.0,
        103920.0,
        103920.0,
        103620.0,
        103620.0,
        103620.0,
        103620.0,
        103620.0,
        103620.0,
        103620.0,
        103620.0,
        103620.0,
        103620.0,
        103620.0,
        103620.0,
        103620.0,
        103620.0,
        103620.0,
        103620.0,
        103620.0,
        103620.0,
        103620.0,
        103620.0,
        103620.0,
        103620.0,
        103620.0,
        103620.0,
        103620.0,
        103620.0,
        103620.0,
        103620.0,
        103620.0,
        103620.0,
        103620.0,
        103620.0,
        103620.0,
        103620.0,
        103620.0,
        103620.0,
        103620.0,
        103620.0,
        103620.0,
        103620.0,
        103620.0,
        103620.0,
        103620.0,
        103620.0,
        103620.0,
        103520.0
    ]
}