{
    "elapsed_time": 160.64747977256775,
    "best_objective": 102100.0,
    "neighbors": 14800,
    "best_solution": [
        8,
        21,
        4,
        5,
        6,
        19,
        1,
        25,
        10,
        0,
        15,
        3,
        7,
        11,
        16,
        2,
        20,
        26,
        17,
        14,
        18,
        12,
        13,
        29,
        9,
        28,
        23,
        24,
        27,
        22,
        30,
        31
    ],
    "average_objectives_list": [
        136527.64705882352,
        126305.2,
        121707.4,
        120445.2,
        119163.8,
        117259.4,
        115332.6,
        115991.2,
        115574.0,
        114706.0,
        114754.0,
        115028.0,
        115018.0,
        114482.0,
        114010.2,
        114208.0,
        113716.8,
        114549.0,
        114721.2,
        114318.6,
        113425.6,
        113371.4,
        113701.4,
        113697.2,
        113605.6,
        114039.4,
        113718.6,
        114041.8,
        114357.0,
        113048.0,
        113530.0,
        112790.6,
        113875.2,
        113265.2,
        113504.6,
        113839.0,
        113041.8,
        113823.8,
        112043.2,
        113365.2,
        114532.8,
        112848.0,
        112912.6,
        113324.8,
        113762.0,
        112832.6,
        113696.4,
        112502.6,
        114505.6,
        112939.8,
        113719.4,
        112528.8,
        112556.0,
        112001.4,
        111752.8,
        111908.2,
        112476.2,
        110897.4,
        110254.6,
        111637.4,
        110512.6,
        111764.8,
        110937.4,
        111076.8,
        112697.6,
        111829.8,
        111498.2,
        110567.2,
        110279.8,
        110245.2,
        108866.2,
        109849.2,
        110294.6,
        109032.0,
        110434.6,
        110464.8,
        110910.4,
        109743.4,
        110623.2,
        110922.4,
        110765.8,
        110856.2,
        111024.4,
        109913.6,
        109077.4,
        110903.2,
        110508.8,
        109818.0,
        109240.0,
        109899.0,
        109806.2,
        109829.2,
        109112.4,
        110264.0,
        108359.0,
        108745.2,
        110112.4,
        110303.2,
        109545.8,
        109480.8,
        107905.4,
        108874.4,
        107547.6,
        108532.4,
        109781.0,
        109084.0,
        108070.0,
        107504.4,
        109319.2,
        107232.4,
        108131.6,
        106223.4,
        107888.0,
        107838.2,
        108469.4,
        108111.6,
        108302.4,
        106792.8,
        107755.6,
        109292.6,
        107290.6,
        110809.8,
        107498.8,
        109267.8,
        109809.0,
        109786.8,
        108713.2,
        109449.4,
        107765.6,
        108179.2,
        109070.2,
        108265.4,
        108730.2,
        107385.0,
        109711.4,
        110032.0,
        107664.0,
        108335.2,
        109776.6,
        108997.4,
        110279.2,
        106656.8,
        108982.2,
        107670.8,
        107243.6,
        109311.0,
        109512.2,
        109303.4,
        108429.0
    ],
    "best_objective_list": [
        124320.0,
        120030.0,
        118360.0,
        118360.0,
        114630.0,
        113730.0,
        113630.0,
        113630.0,
        113630.0,
        113230.0,
        113230.0,
        112030.0,
        112030.0,
        112030.0,
        112030.0,
        112030.0,
        111470.0,
        111470.0,
        111470.0,
        111470.0,
        111470.0,
        110970.0,
        110770.0,
        110770.0,
        110770.0,
        110770.0,
        110770.0,
        110770.0,
        110770.0,
        110770.0,
        110770.0,
        110340.0,
        110340.0,
        110340.0,
        110340.0,
        110340.0,
        110340.0,
        110340.0,
        110340.0,
        110340.0,
        110340.0,
        110340.0,
        110340.0,
        110340.0,
        110340.0,
        110340.0,
        110340.0,
        110340.0,
        110340.0,
        110140.0,
        109740.0,
        109340.0,
        109340.0,
        109340.0,
        109340.0,
        109340.0,
        109340.0,
        109340.0,
        107540.0,
        107540.0,
        107540.0,
        107540.0,
        107540.0,
        107540.0,
        107540.0,
        105740.0,
        105740.0,
        104940.0,
        104940.0,
        104940.0,
        104940.0,
        104940.0,
        104940.0,
        104940.0,
        104940.0,
        104940.0,
        104940.0,
        104940.0,
        104940.0,
        104940.0,
        104940.0,
        104940.0,
        104940.0,
        104940.0,
        104940.0,
        104940.0,
        104940.0,
        104940.0,
        104940.0,
        104940.0,
        104940.0,
        104940.0,
        104940.0,
        104940.0,
        104940.0,
        103340.0,
        103300.0,
        103300.0,
        103300.0,
        103300.0,
        103300.0,
        103300.0,
        103300.0,
        103300.0,
        103300.0,
        103300.0,
        103300.0,
        103300.0,
        103300.0,
        103300.0,
        102700.0,
        102700.0,
        102700.0,
        102700.0,
        102700.0,
        102700.0,
        102700.0,
        102700.0,
        102700.0,
        102700.0,
        102700.0,
        102700.0,
        102700.0,
        102700.0,
        102700.0,
        102700.0,
        102700.0,
        102700.0,
        102700.0,
        102700.0,
        102100.0,
        102100.0,
        102100.0,
        102100.0,
        102100.0,
        102100.0,
        102100.0,
        102100.0,
        102100.0,
        102100.0,
        102100.0,
        102100.0,
        102100.0,
        102100.0,
        102100.0,
        102100.0,
        102100.0,
        102100.0,
        102100.0
    ]
}