{
    "elapsed_time": 157.6661982536316,
    "best_objective": 100410.0,
    "neighbors": 14800,
    "best_solution": [
        5,
        1,
        4,
        19,
        3,
        16,
        6,
        7,
        15,
        0,
        8,
        9,
        10,
        11,
        12,
        27,
        14,
        17,
        18,
        26,
        2,
        21,
        13,
        28,
        24,
        25,
        20,
        23,
        30,
        29,
        22,
        31
    ],
    "average_objectives_list": [
        136594.11764705883,
        126455.0,
        121409.4,
        118607.8,
        116527.2,
        115792.8,
        115508.2,
        115217.4,
        115382.0,
        114706.0,
        114777.2,
        114685.4,
        114921.6,
        115132.2,
        115462.8,
        113992.0,
        113552.8,
        113170.8,
        112885.2,
        112442.0,
        112270.0,
        113455.0,
        112986.6,
        112553.0,
        113178.6,
        112606.6,
        111304.2,
        112745.2,
        113064.2,
        112788.4,
        112205.2,
        110684.8,
        110368.2,
        110090.6,
        110084.4,
        107741.2,
        108519.8,
        108586.0,
        109879.2,
        109621.2,
        108875.8,
        109226.0,
        110851.0,
        108741.2,
        109973.2,
        107981.2,
        107506.4,
        110068.6,
        109924.0,
        108249.8,
        108615.6,
        109195.6,
        108322.4,
        107632.4,
        109499.2,
        109153.8,
        110136.8,
        107639.4,
        108083.2,
        108736.4,
        108626.4,
        109698.0,
        108886.6,
        107547.8,
        108982.8,
        108592.2,
        108283.4,
        109693.8,
        107557.2,
        108456.0,
        110077.2,
        108051.8,
        106706.4,
        108759.6,
        108127.0,
        106648.6,
        107202.2,
        108172.4,
        106863.2,
        106670.6,
        105847.6,
        108921.6,
        107387.4,
        106419.0,
        107514.2,
        108425.4,
        107331.0,
        105691.6,
        106105.0,
        108494.6,
        107634.6,
        106916.0,
        107123.2,
        106482.0,
        108886.0,
        107980.8,
        107326.2,
        106677.4,
        106625.0,
        107213.2,
        108002.4,
        108113.0,
        106437.6,
        107324.2,
        107848.2,
        108173.6,
        109563.8,
        108621.4,
        106847.8,
        106665.6,
        106378.8,
        105875.2,
        107164.8,
        105341.2,
        106882.2,
        106605.8,
        105775.2,
        106857.8,
        105267.6,
        105955.2,
        106187.6,
        107542.8,
        106512.8,
        105514.0,
        106597.8,
        104442.8,
        105942.4,
        106887.8,
        106725.6,
        107903.8,
        107649.2,
        106479.0,
        106890.4,
        104949.2,
        106255.2,
        104545.8,
        106262.6,
        106702.8,
        107622.0,
        106855.4,
        105040.4,
        106549.2,
        105860.6,
        106755.4,
        106223.6,
        106691.2,
        106423.2,
        106109.0,
        104690.8
    ],
    "best_objective_list": [
        123770.0,
        121270.0,
        117820.0,
        115960.0,
        113960.0,
        113960.0,
        113760.0,
        113760.0,
        113760.0,
        113760.0,
        113560.0,
        113560.0,
        111740.0,
        111740.0,
        109740.0,
        109540.0,
        109540.0,
        109540.0,
        109540.0,
        109540.0,
        108940.0,
        108940.0,
        108940.0,
        108640.0,
        108640.0,
        106840.0,
        106840.0,
        106840.0,
        106840.0,
        106840.0,
        105510.0,
        105510.0,
        105510.0,
        105510.0,
        105510.0,
        105510.0,
        105310.0,
        105310.0,
        105310.0,
        105210.0,
        104760.0,
        104760.0,
        103560.0,
        103560.0,
        103560.0,
        103560.0,
        103560.0,
        103560.0,
        103560.0,
        103560.0,
        103560.0,
        103560.0,
        103560.0,
        103560.0,
        103560.0,
        103560.0,
        103560.0,
        103560.0,
        103560.0,
        103560.0,
        103560.0,
        103560.0,
        103560.0,
        103560.0,
        103560.0,
        103560.0,
        103560.0,
        103560.0,
        102210.0,
        102210.0,
        102210.0,
        102210.0,
        102210.0,
        102010.0,
        102010.0,
        102010.0,
        102010.0,
        102010.0,
        102010.0,
        102010.0,
        102010.0,
        102010.0,
        102010.0,
        102010.0,
        102010.0,
        102010.0,
        102010.0,
        102010.0,
        102010.0,
        102010.0,
        102010.0,
        102010.0,
        102010.0,
        102010.0,
        102010.0,
        102010.0,
        102010.0,
        102010.0,
        102010.0,
        102010.0,
        102010.0,
        102010.0,
        102010.0,
        102010.0,
        102010.0,
        102010.0,
        102010.0,
        102010.0,
        102010.0,
        102010.0,
        100810.0,
        100810.0,
        100810.0,
        100810.0,
        100810.0,
        100810.0,
        100810.0,
        100810.0,
        100810.0,
        100410.0,
        100410.0,
        100410.0,
        100410.0,
        100410.0,
        100410.0,
        100410.0,
        100410.0,
        100410.0,
        100410.0,
        100410.0,
        100410.0,
        100410.0,
        100410.0,
        100410.0,
        100410.0,
        100410.0,
        100410.0,
        100410.0,
        100410.0,
        100410.0,
        100410.0,
        100410.0,
        100410.0,
        100410.0,
        100410.0,
        100410.0,
        100410.0,
        100410.0,
        100410.0
    ]
}