{
    "elapsed_time": 157.2645401954651,
    "best_objective": 100840.0,
    "neighbors": 14800,
    "best_solution": [
        0,
        1,
        2,
        5,
        7,
        6,
        15,
        10,
        8,
        4,
        21,
        11,
        19,
        20,
        12,
        30,
        23,
        14,
        25,
        29,
        24,
        3,
        16,
        17,
        9,
        18,
        22,
        26,
        27,
        28,
        13,
        31
    ],
    "average_objectives_list": [
        136701.568627451,
        126698.4,
        121623.0,
        119784.8,
        118331.0,
        116190.4,
        113632.6,
        109707.6,
        110351.4,
        110541.4,
        108402.6,
        107786.0,
        107885.2,
        109458.6,
        106533.2,
        107993.2,
        107247.6,
        107739.4,
        108037.0,
        107170.4,
        107093.2,
        106617.8,
        107292.4,
        107027.4,
        107207.2,
        107125.0,
        106482.0,
        106352.8,
        106146.6,
        106209.0,
        105637.8,
        106383.2,
        107832.6,
        106252.8,
        106572.0,
        105776.2,
        105516.8,
        105556.2,
        106908.4,
        106400.0,
        105941.2,
        107765.6,
        107295.8,
        108059.8,
        107378.2,
        107084.2,
        108199.0,
        108755.8,
        107174.6,
        107600.2,
        106750.8,
        107508.0,
        105662.0,
        106915.4,
        107483.6,
        105583.2,
        106448.4,
        107393.6,
        106495.2,
        106871.4,
        105585.4,
        104434.0,
        105532.2,
        106513.6,
        106109.2,
        106822.0,
        106491.2,
        106290.0,
        105970.6,
        106634.2,
        105425.6,
        106381.8,
        107121.8,
        106730.2,
        106676.6,
        104633.0,
        105729.0,
        106379.4,
        104878.2,
        105604.6,
        103861.4,
        104954.6,
        107308.8,
        107674.4,
        107788.2,
        107884.6,
        105461.4,
        106951.4,
        107651.0,
        108491.2,
        104951.6,
        106950.0,
        106687.6,
        107702.2,
        106269.0,
        105449.2,
        106277.2,
        105336.8,
        107934.0,
        105446.2,
        105771.0,
        106210.0,
        103877.8,
        105367.2,
        106300.8,
        106187.2,
        105569.0,
        105007.2,
        105948.2,
        105241.2,
        105474.4,
        105111.8,
        104177.4,
        105363.2,
        105433.4,
        104359.6,
        104244.0,
        105802.4,
        105937.8,
        104893.6,
        105581.0,
        106129.0,
        105026.6,
        109350.0,
        108834.2,
        105787.4,
        105522.4,
        105013.8,
        105348.0,
        105536.4,
        107410.6,
        106525.2,
        104964.8,
        105982.0,
        108311.8,
        106322.0,
        104327.0,
        104748.8,
        105869.0,
        107633.2,
        104661.0,
        106348.2,
        107142.8,
        106385.4,
        104849.8,
        104966.2,
        105452.4,
        104018.0,
        105028.0
    ],
    "best_objective_list": [
        128270.0,
        120320.0,
        119310.0,
        116710.0,
        115430.0,
        110200.0,
        109200.0,
        108890.0,
        107590.0,
        107290.0,
        106670.0,
        106370.0,
        105770.0,
        105770.0,
        105770.0,
        105770.0,
        105670.0,
        105670.0,
        105670.0,
        105670.0,
        105670.0,
        105670.0,
        105670.0,
        105670.0,
        105670.0,
        104770.0,
        104770.0,
        104670.0,
        104670.0,
        104670.0,
        104670.0,
        104670.0,
        104670.0,
        104670.0,
        104670.0,
        104670.0,
        104270.0,
        104270.0,
        104270.0,
        104270.0,
        103940.0,
        103940.0,
        103940.0,
        103940.0,
        103940.0,
        103640.0,
        103640.0,
        103640.0,
        103640.0,
        103640.0,
        103640.0,
        103540.0,
        103540.0,
        103440.0,
        103440.0,
        103440.0,
        103440.0,
        103440.0,
        103440.0,
        103440.0,
        103440.0,
        103440.0,
        103440.0,
        103440.0,
        103440.0,
        103440.0,
        103440.0,
        103440.0,
        103440.0,
        103440.0,
        103440.0,
        103440.0,
        102840.0,
        102840.0,
        102840.0,
        102840.0,
        102040.0,
        102040.0,
        100840.0,
        100840.0,
        100840.0,
        100840.0,
        100840.0,
        100840.0,
        100840.0,
        100840.0,
        100840.0,
        100840.0,
        100840.0,
        100840.0,
        100840.0,
        100840.0,
        100840.0,
        100840.0,
        100840.0,
        100840.0,
        100840.0,
        100840.0,
        100840.0,
        100840.0,
        100840.0,
        100840.0,
        100840.0,
        100840.0,
        100840.0,
        100840.0,
        100840.0,
        100840.0,
        100840.0,
        100840.0,
        100840.0,
        100840.0,
        100840.0,
        100840.0,
        100840.0,
        100840.0,
        100840.0,
        100840.0,
        100840.0,
        100840.0,
        100840.0,
        100840.0,
        100840.0,
        100840.0,
        100840.0,
        100840.0,
        100840.0,
        100840.0,
        100840.0,
        100840.0,
        100840.0,
        100840.0,
        100840.0,
        100840.0,
        100840.0,
        100840.0,
        100840.0,
        100840.0,
        100840.0,
        100840.0,
        100840.0,
        100840.0,
        100840.0,
        100840.0,
        100840.0,
        100840.0,
        100840.0,
        100840.0,
        100840.0
    ]
}