{
    "elapsed_time": 159.4195339679718,
    "best_objective": 101960.0,
    "neighbors": 14800,
    "best_solution": [
        0,
        1,
        2,
        4,
        5,
        10,
        15,
        25,
        21,
        11,
        12,
        13,
        14,
        3,
        16,
        17,
        23,
        20,
        7,
        31,
        28,
        6,
        19,
        24,
        18,
        22,
        8,
        29,
        9,
        26,
        27,
        30
    ],
    "average_objectives_list": [
        136489.01960784313,
        127307.8,
        121033.8,
        119146.8,
        118160.0,
        117132.0,
        116061.8,
        115635.2,
        115051.2,
        115351.4,
        115454.6,
        115813.6,
        115356.8,
        114965.6,
        114582.8,
        113394.6,
        114812.4,
        113892.2,
        115687.8,
        114593.2,
        113849.6,
        114232.6,
        113109.8,
        114055.2,
        113394.4,
        114262.2,
        114835.6,
        113905.0,
        113811.8,
        113335.4,
        114216.8,
        114119.6,
        112463.8,
        113565.6,
        114900.6,
        115432.4,
        113752.4,
        114844.0,
        112302.6,
        112276.6,
        113027.8,
        112755.2,
        113097.6,
        112502.6,
        113623.2,
        112382.0,
        112503.4,
        111221.4,
        112295.8,
        110973.2,
        109384.6,
        109516.0,
        111658.2,
        109530.4,
        109258.2,
        109934.6,
        109516.6,
        110642.6,
        109446.2,
        108655.4,
        109518.8,
        108925.4,
        107471.6,
        109403.8,
        108073.4,
        108747.2,
        109217.2,
        107559.8,
        107988.0,
        109514.4,
        108521.6,
        107614.8,
        107662.0,
        110023.8,
        108091.0,
        107770.6,
        107946.8,
        108681.2,
        108589.2,
        109172.2,
        108164.2,
        109806.6,
        110430.6,
        108627.0,
        108844.6,
        108106.0,
        106637.4,
        107359.6,
        108133.0,
        109321.4,
        108182.8,
        110517.8,
        107112.8,
        108094.2,
        107156.6,
        107748.8,
        108979.6,
        107512.8,
        106743.2,
        107711.0,
        107415.6,
        106743.4,
        107686.0,
        110068.2,
        105916.0,
        109289.2,
        108212.8,
        107641.2,
        105471.2,
        105510.4,
        106620.6,
        108180.6,
        108862.6,
        110897.6,
        103516.2,
        106874.0,
        106012.4,
        107302.2,
        108373.2,
        106247.6,
        106162.6,
        105962.6,
        106637.4,
        107779.8,
        107254.6,
        107191.6,
        109508.4,
        109988.0,
        107170.0,
        104617.4,
        108462.2,
        106798.4,
        108504.6,
        110001.8,
        107874.6,
        107576.0,
        107082.8,
        106938.0,
        106261.6,
        106156.6,
        107368.4,
        105255.2,
        109497.2,
        107121.4,
        111217.4,
        105085.6,
        105600.6,
        106707.8,
        108633.0
    ],
    "best_objective_list": [
        127810.0,
        120560.0,
        117790.0,
        117420.0,
        114620.0,
        114620.0,
        113720.0,
        113720.0,
        113720.0,
        113720.0,
        113720.0,
        113720.0,
        112540.0,
        112540.0,
        112540.0,
        112540.0,
        112540.0,
        112540.0,
        112540.0,
        112540.0,
        112540.0,
        112540.0,
        111940.0,
        111740.0,
        111740.0,
        111740.0,
        111740.0,
        111740.0,
        111740.0,
        111740.0,
        111740.0,
        111740.0,
        111740.0,
        111040.0,
        111040.0,
        111040.0,
        111040.0,
        111040.0,
        111040.0,
        111040.0,
        111040.0,
        111040.0,
        111040.0,
        110840.0,
        109250.0,
        109250.0,
        109250.0,
        109250.0,
        109250.0,
        107460.0,
        107460.0,
        107460.0,
        107460.0,
        107460.0,
        107460.0,
        107460.0,
        106860.0,
        106260.0,
        106260.0,
        106260.0,
        106260.0,
        106260.0,
        106260.0,
        106260.0,
        106260.0,
        106260.0,
        106260.0,
        106260.0,
        106260.0,
        106260.0,
        106260.0,
        106260.0,
        106260.0,
        106260.0,
        106260.0,
        106260.0,
        106260.0,
        106260.0,
        106260.0,
        106260.0,
        106260.0,
        105060.0,
        105060.0,
        105060.0,
        105060.0,
        105060.0,
        105060.0,
        103260.0,
        103260.0,
        103260.0,
        103260.0,
        103260.0,
        102560.0,
        102560.0,
        102560.0,
        102560.0,
        102560.0,
        102560.0,
        102560.0,
        102560.0,
        102260.0,
        102260.0,
        102260.0,
        102260.0,
        101960.0,
        101960.0,
        101960.0,
        101960.0,
        101960.0,
        101960.0,
        101960.0,
        101960.0,
        101960.0,
        101960.0,
        101960.0,
        101960.0,
        101960.0,
        101960.0,
        101960.0,
        101960.0,
        101960.0,
        101960.0,
        101960.0,
        101960.0,
        101960.0,
        101960.0,
        101960.0,
        101960.0,
        101960.0,
        101960.0,
        101960.0,
        101960.0,
        101960.0,
        101960.0,
        101960.0,
        101960.0,
        101960.0,
        101960.0,
        101960.0,
        101960.0,
        101960.0,
        101960.0,
        101960.0,
        101960.0,
        101960.0,
        101960.0,
        101960.0,
        101960.0,
        101960.0
    ]
}