{
    "elapsed_time": 62.969388484954834,
    "best_objective": 152.0,
    "neighbors": 1500,
    "best_solution": [
        0,
        1,
        3,
        4,
        6,
        8,
        9,
        19,
        20,
        28,
        35,
        38,
        41,
        42,
        43,
        26,
        14,
        17,
        7,
        2,
        18,
        56,
        36,
        5,
        45,
        10,
        11,
        12,
        13,
        15,
        16,
        21,
        22,
        23,
        24,
        25,
        27,
        29,
        30,
        31,
        32,
        33,
        34,
        37,
        39,
        40,
        44,
        46,
        47,
        48,
        49,
        50,
        51,
        52,
        53,
        54,
        55,
        57,
        58,
        59,
        60,
        61,
        62,
        63
    ],
    "average_objectives_list": [
        275.6078431372549,
        232.52,
        197.8,
        192.16,
        191.2,
        186.76,
        187.32,
        189.16,
        192.08,
        169.56,
        172.72,
        178.4,
        159.56,
        163.56,
        154.36,
        153.76
    ],
    "best_objective_list": [
        232.0,
        184.0,
        184.0,
        174.0,
        170.0,
        170.0,
        170.0,
        170.0,
        164.0,
        156.0,
        156.0,
        152.0,
        152.0,
        152.0,
        152.0,
        152.0
    ]
}