{
    "elapsed_time": 62.827218532562256,
    "best_objective": 160.0,
    "neighbors": 1500,
    "best_solution": [
        0,
        1,
        2,
        3,
        4,
        61,
        8,
        47,
        12,
        18,
        21,
        29,
        30,
        36,
        37,
        39,
        40,
        41,
        42,
        43,
        44,
        45,
        46,
        6,
        7,
        9,
        10,
        11,
        13,
        14,
        15,
        16,
        17,
        19,
        20,
        22,
        23,
        24,
        25,
        26,
        28,
        31,
        32,
        27,
        33,
        34,
        35,
        38,
        48,
        49,
        50,
        51,
        52,
        53,
        54,
        55,
        56,
        57,
        58,
        59,
        60,
        5,
        62,
        63
    ],
    "average_objectives_list": [
        273.80392156862746,
        242.12,
        209.88,
        195.76,
        185.24,
        179.2,
        176.24,
        168.64,
        172.48,
        167.84,
        168.36,
        171.0,
        168.4,
        167.48,
        174.56,
        169.88
    ],
    "best_objective_list": [
        236.0,
        206.0,
        190.0,
        180.0,
        172.0,
        172.0,
        164.0,
        164.0,
        164.0,
        164.0,
        164.0,
        164.0,
        164.0,
        160.0,
        160.0,
        160.0
    ]
}