{
    "elapsed_time": 62.730549573898315,
    "best_objective": 162.0,
    "neighbors": 1500,
    "best_solution": [
        0,
        9,
        2,
        3,
        4,
        5,
        6,
        7,
        1,
        10,
        11,
        12,
        13,
        14,
        15,
        16,
        17,
        18,
        19,
        20,
        21,
        22,
        24,
        25,
        27,
        28,
        29,
        30,
        31,
        32,
        33,
        34,
        35,
        36,
        8,
        23,
        26,
        37,
        38,
        39,
        40,
        41,
        42,
        43,
        44,
        45,
        46,
        47,
        48,
        49,
        50,
        51,
        52,
        53,
        54,
        55,
        56,
        57,
        58,
        59,
        60,
        61,
        62,
        63
    ],
    "average_objectives_list": [
        279.0980392156863,
        237.12,
        212.88,
        204.84,
        199.08,
        187.92,
        178.32,
        177.24,
        177.28,
        175.68,
        174.08,
        173.2,
        172.96,
        171.68,
        172.4,
        172.56
    ],
    "best_objective_list": [
        218.0,
        206.0,
        200.0,
        200.0,
        178.0,
        170.0,
        170.0,
        162.0,
        162.0,
        162.0,
        162.0,
        162.0,
        162.0,
        162.0,
        162.0,
        162.0
    ]
}