{
    "elapsed_time": 62.720258712768555,
    "best_objective": 154.0,
    "neighbors": 1500,
    "best_solution": [
        0,
        1,
        2,
        3,
        5,
        6,
        7,
        8,
        9,
        10,
        11,
        12,
        13,
        14,
        16,
        17,
        19,
        20,
        21,
        22,
        23,
        24,
        25,
        26,
        27,
        29,
        31,
        32,
        36,
        34,
        37,
        38,
        15,
        60,
        28,
        4,
        18,
        30,
        33,
        35,
        39,
        40,
        41,
        42,
        43,
        44,
        45,
        46,
        47,
        48,
        49,
        50,
        51,
        52,
        53,
        54,
        55,
        56,
        57,
        58,
        59,
        61,
        62,
        63
    ],
    "average_objectives_list": [
        279.45098039215685,
        238.84,
        206.44,
        193.12,
        179.04,
        174.56,
        170.0,
        170.0,
        170.0,
        170.0,
        170.0,
        170.0,
        169.68,
        166.56,
        155.36,
        154.0
    ],
    "best_objective_list": [
        244.0,
        198.0,
        190.0,
        174.0,
        170.0,
        170.0,
        170.0,
        170.0,
        170.0,
        170.0,
        170.0,
        170.0,
        154.0,
        154.0,
        154.0,
        154.0
    ]
}