{
    "elapsed_time": 63.24898076057434,
    "best_objective": 150.0,
    "neighbors": 1500,
    "best_solution": [
        0,
        1,
        3,
        50,
        4,
        5,
        6,
        7,
        9,
        10,
        12,
        13,
        14,
        16,
        36,
        18,
        19,
        20,
        21,
        23,
        24,
        25,
        26,
        27,
        11,
        15,
        17,
        22,
        28,
        55,
        30,
        31,
        32,
        33,
        34,
        35,
        8,
        37,
        38,
        39,
        40,
        41,
        42,
        43,
        44,
        45,
        46,
        47,
        48,
        49,
        2,
        51,
        52,
        53,
        54,
        29,
        56,
        57,
        58,
        59,
        60,
        61,
        62,
        63
    ],
    "average_objectives_list": [
        278.54901960784315,
        237.44,
        206.6,
        189.24,
        183.84,
        176.32,
        171.84,
        165.08,
        164.24,
        165.28,
        166.44,
        164.28,
        164.28,
        168.32,
        165.16,
        164.2
    ],
    "best_objective_list": [
        228.0,
        188.0,
        186.0,
        176.0,
        168.0,
        162.0,
        162.0,
        158.0,
        158.0,
        158.0,
        158.0,
        158.0,
        158.0,
        154.0,
        154.0,
        150.0
    ]
}