{
    "elapsed_time": 63.71914887428284,
    "best_objective": 166.0,
    "neighbors": 1500,
    "best_solution": [
        0,
        1,
        2,
        3,
        18,
        5,
        6,
        7,
        8,
        10,
        11,
        12,
        13,
        14,
        15,
        16,
        17,
        4,
        19,
        20,
        21,
        23,
        51,
        9,
        52,
        38,
        22,
        24,
        25,
        26,
        27,
        28,
        29,
        30,
        31,
        32,
        33,
        34,
        35,
        36,
        37,
        39,
        40,
        41,
        42,
        43,
        44,
        45,
        46,
        47,
        48,
        49,
        50,
        53,
        54,
        55,
        56,
        57,
        58,
        59,
        60,
        61,
        62,
        63
    ],
    "average_objectives_list": [
        275.05882352941177,
        234.04,
        206.8,
        181.8,
        178.88,
        174.0,
        170.6,
        175.04,
        178.08,
        173.36,
        179.88,
        177.32,
        175.56,
        184.32,
        176.8,
        177.88
    ],
    "best_objective_list": [
        226.0,
        182.0,
        166.0,
        166.0,
        166.0,
        166.0,
        166.0,
        166.0,
        166.0,
        166.0,
        166.0,
        166.0,
        166.0,
        166.0,
        166.0,
        166.0
    ]
}