{
    "elapsed_time": 63.019731283187866,
    "best_objective": 178.0,
    "neighbors": 1500,
    "best_solution": [
        0,
        16,
        2,
        3,
        36,
        43,
        45,
        48,
        49,
        50,
        51,
        4,
        5,
        6,
        17,
        8,
        9,
        10,
        11,
        12,
        13,
        14,
        7,
        15,
        1,
        18,
        19,
        20,
        21,
        22,
        23,
        24,
        25,
        26,
        27,
        28,
        29,
        30,
        31,
        32,
        33,
        34,
        35,
        37,
        38,
        39,
        40,
        41,
        42,
        44,
        46,
        47,
        52,
        53,
        54,
        55,
        56,
        57,
        58,
        59,
        60,
        61,
        62,
        63
    ],
    "average_objectives_list": [
        277.0980392156863,
        239.8,
        215.8,
        207.92,
        205.24,
        197.6,
        201.24,
        196.64,
        200.24,
        191.8,
        195.04,
        198.64,
        190.4,
        192.0,
        189.12,
        193.0
    ],
    "best_objective_list": [
        242.0,
        206.0,
        194.0,
        194.0,
        186.0,
        186.0,
        186.0,
        186.0,
        182.0,
        178.0,
        178.0,
        178.0,
        178.0,
        178.0,
        178.0,
        178.0
    ]
}