{
    "elapsed_time": 63.16372895240784,
    "best_objective": 148.0,
    "neighbors": 1500,
    "best_solution": [
        0,
        1,
        2,
        3,
        4,
        5,
        6,
        7,
        8,
        10,
        11,
        13,
        12,
        14,
        15,
        16,
        17,
        19,
        20,
        21,
        22,
        23,
        24,
        25,
        27,
        29,
        52,
        30,
        31,
        32,
        33,
        34,
        35,
        36,
        37,
        38,
        39,
        40,
        41,
        9,
        48,
        18,
        28,
        26,
        42,
        43,
        44,
        45,
        46,
        47,
        49,
        50,
        51,
        53,
        54,
        55,
        56,
        57,
        58,
        59,
        60,
        61,
        62,
        63
    ],
    "average_objectives_list": [
        282.03921568627453,
        238.68,
        201.56,
        182.88,
        178.88,
        180.56,
        165.68,
        165.2,
        164.32,
        168.28,
        160.52,
        166.64,
        165.2,
        159.0,
        156.6,
        154.8
    ],
    "best_objective_list": [
        234.0,
        188.0,
        180.0,
        176.0,
        168.0,
        160.0,
        160.0,
        160.0,
        160.0,
        160.0,
        160.0,
        148.0,
        148.0,
        148.0,
        148.0,
        148.0
    ]
}