{
    "elapsed_time": 62.70490097999573,
    "best_objective": 150.0,
    "neighbors": 1500,
    "best_solution": [
        0,
        1,
        2,
        3,
        4,
        5,
        6,
        7,
        8,
        9,
        12,
        14,
        15,
        16,
        17,
        18,
        19,
        21,
        22,
        23,
        24,
        25,
        26,
        38,
        27,
        28,
        29,
        30,
        31,
        10,
        11,
        13,
        20,
        32,
        33,
        34,
        35,
        36,
        37,
        39,
        40,
        41,
        42,
        43,
        44,
        45,
        46,
        47,
        48,
        49,
        50,
        51,
        52,
        53,
        54,
        55,
        56,
        57,
        58,
        59,
        60,
        61,
        62,
        63
    ],
    "average_objectives_list": [
        279.0980392156863,
        241.0,
        220.08,
        208.28,
        193.44,
        180.28,
        179.68,
        176.96,
        172.08,
        169.12,
        167.28,
        165.24,
        160.44,
        152.84,
        150.0,
        151.92
    ],
    "best_objective_list": [
        238.0,
        216.0,
        200.0,
        180.0,
        180.0,
        180.0,
        170.0,
        170.0,
        168.0,
        166.0,
        164.0,
        154.0,
        150.0,
        150.0,
        150.0,
        150.0
    ]
}