{
    "elapsed_time": 62.96888279914856,
    "best_objective": 150.0,
    "neighbors": 1500,
    "best_solution": [
        0,
        1,
        2,
        3,
        4,
        15,
        17,
        23,
        25,
        28,
        34,
        35,
        37,
        39,
        40,
        41,
        43,
        36,
        45,
        16,
        20,
        13,
        6,
        7,
        8,
        9,
        10,
        11,
        12,
        14,
        5,
        18,
        19,
        21,
        22,
        24,
        26,
        27,
        38,
        29,
        30,
        31,
        32,
        33,
        42,
        44,
        46,
        47,
        48,
        49,
        50,
        51,
        52,
        53,
        54,
        55,
        56,
        57,
        58,
        59,
        60,
        61,
        62,
        63
    ],
    "average_objectives_list": [
        281.0980392156863,
        235.64,
        193.76,
        176.52,
        175.64,
        166.28,
        170.72,
        163.16,
        166.04,
        154.0,
        157.96,
        167.44,
        153.16,
        156.4,
        158.88,
        157.6
    ],
    "best_objective_list": [
        238.0,
        178.0,
        172.0,
        168.0,
        164.0,
        158.0,
        158.0,
        152.0,
        152.0,
        150.0,
        150.0,
        150.0,
        150.0,
        150.0,
        150.0,
        150.0
    ]
}