{
    "elapsed_time": 63.91845893859863,
    "best_objective": 148.0,
    "neighbors": 1500,
    "best_solution": [
        0,
        1,
        4,
        5,
        38,
        7,
        9,
        10,
        11,
        12,
        13,
        43,
        17,
        16,
        14,
        18,
        19,
        20,
        21,
        22,
        23,
        24,
        6,
        2,
        52,
        47,
        3,
        25,
        26,
        27,
        28,
        29,
        30,
        31,
        32,
        33,
        8,
        34,
        35,
        36,
        37,
        39,
        40,
        41,
        42,
        15,
        44,
        45,
        46,
        48,
        49,
        50,
        51,
        53,
        54,
        55,
        56,
        57,
        58,
        59,
        60,
        61,
        62,
        63
    ],
    "average_objectives_list": [
        284.4313725490196,
        240.68,
        205.4,
        184.84,
        184.56,
        182.24,
        178.24,
        178.64,
        177.92,
        177.84,
        177.4,
        171.48,
        172.08,
        164.6,
        168.56,
        170.0
    ],
    "best_objective_list": [
        244.0,
        184.0,
        184.0,
        184.0,
        178.0,
        176.0,
        176.0,
        170.0,
        170.0,
        166.0,
        166.0,
        160.0,
        158.0,
        148.0,
        148.0,
        148.0
    ]
}