{
    "elapsed_time": 64.0780725479126,
    "best_objective": 158.0,
    "neighbors": 1500,
    "best_solution": [
        0,
        1,
        2,
        3,
        4,
        5,
        6,
        8,
        9,
        10,
        11,
        13,
        14,
        18,
        15,
        16,
        17,
        19,
        20,
        21,
        22,
        23,
        24,
        25,
        27,
        28,
        29,
        44,
        31,
        32,
        34,
        40,
        33,
        7,
        12,
        26,
        35,
        36,
        37,
        38,
        30,
        39,
        41,
        42,
        43,
        45,
        46,
        47,
        48,
        49,
        50,
        51,
        52,
        53,
        54,
        55,
        56,
        57,
        58,
        59,
        60,
        61,
        62,
        63
    ],
    "average_objectives_list": [
        271.72549019607845,
        234.4,
        200.88,
        189.84,
        183.08,
        178.24,
        180.0,
        168.84,
        167.52,
        170.24,
        170.68,
        169.6,
        180.96,
        173.44,
        167.0,
        175.12
    ],
    "best_objective_list": [
        210.0,
        194.0,
        182.0,
        178.0,
        176.0,
        170.0,
        162.0,
        162.0,
        158.0,
        158.0,
        158.0,
        158.0,
        158.0,
        158.0,
        158.0,
        158.0
    ]
}