{
    "elapsed_time": 63.574495792388916,
    "best_objective": 172.0,
    "neighbors": 1500,
    "best_solution": [
        0,
        2,
        3,
        4,
        6,
        7,
        8,
        9,
        30,
        10,
        26,
        12,
        13,
        14,
        15,
        16,
        17,
        18,
        19,
        20,
        21,
        22,
        23,
        24,
        25,
        11,
        27,
        28,
        36,
        5,
        47,
        51,
        29,
        1,
        31,
        32,
        33,
        34,
        35,
        37,
        38,
        39,
        40,
        41,
        42,
        43,
        44,
        45,
        46,
        48,
        49,
        50,
        52,
        53,
        54,
        55,
        56,
        57,
        58,
        59,
        60,
        61,
        62,
        63
    ],
    "average_objectives_list": [
        280.3921568627451,
        239.08,
        214.44,
        202.88,
        204.24,
        193.44,
        189.92,
        190.88,
        184.64,
        186.8,
        187.36,
        181.88,
        183.92,
        185.88,
        178.8,
        176.0
    ],
    "best_objective_list": [
        228.0,
        204.0,
        204.0,
        180.0,
        180.0,
        180.0,
        180.0,
        180.0,
        172.0,
        172.0,
        172.0,
        172.0,
        172.0,
        172.0,
        172.0,
        172.0
    ]
}