{
    "elapsed_time": 62.686318159103394,
    "best_objective": 154.0,
    "neighbors": 1500,
    "best_solution": [
        0,
        1,
        2,
        3,
        4,
        5,
        6,
        7,
        8,
        9,
        13,
        14,
        15,
        16,
        17,
        18,
        19,
        20,
        21,
        22,
        23,
        24,
        26,
        60,
        30,
        32,
        33,
        34,
        35,
        36,
        38,
        10,
        11,
        12,
        25,
        28,
        29,
        31,
        37,
        39,
        40,
        41,
        42,
        43,
        44,
        45,
        46,
        47,
        48,
        49,
        50,
        51,
        52,
        27,
        53,
        54,
        55,
        56,
        57,
        58,
        59,
        61,
        62,
        63
    ],
    "average_objectives_list": [
        278.5882352941176,
        242.28,
        210.08,
        189.08,
        182.56,
        176.6,
        170.04,
        162.0,
        162.0,
        161.92,
        161.56,
        164.92,
        159.6,
        161.04,
        159.48,
        159.36
    ],
    "best_objective_list": [
        242.0,
        208.0,
        184.0,
        184.0,
        166.0,
        162.0,
        162.0,
        162.0,
        162.0,
        160.0,
        158.0,
        158.0,
        158.0,
        158.0,
        154.0,
        154.0
    ]
}