{
    "elapsed_time": 64.50664234161377,
    "best_objective": 162.0,
    "neighbors": 1500,
    "best_solution": [
        0,
        59,
        4,
        5,
        6,
        7,
        8,
        12,
        9,
        10,
        11,
        3,
        13,
        14,
        15,
        16,
        17,
        20,
        21,
        22,
        23,
        24,
        25,
        1,
        27,
        28,
        29,
        32,
        31,
        30,
        33,
        34,
        35,
        36,
        38,
        39,
        40,
        41,
        42,
        26,
        44,
        18,
        19,
        37,
        43,
        45,
        46,
        47,
        48,
        49,
        50,
        51,
        52,
        53,
        54,
        55,
        56,
        57,
        58,
        2,
        60,
        61,
        62,
        63
    ],
    "average_objectives_list": [
        276.7843137254902,
        243.44,
        220.96,
        210.88,
        201.24,
        196.04,
        191.8,
        190.88,
        185.96,
        186.64,
        184.48,
        184.32,
        180.4,
        176.64,
        177.68,
        171.12
    ],
    "best_objective_list": [
        242.0,
        212.0,
        206.0,
        198.0,
        192.0,
        192.0,
        184.0,
        180.0,
        180.0,
        180.0,
        164.0,
        164.0,
        164.0,
        164.0,
        164.0,
        162.0
    ]
}