{
    "elapsed_time": 62.71323347091675,
    "best_objective": 160.0,
    "neighbors": 1500,
    "best_solution": [
        0,
        1,
        4,
        5,
        6,
        8,
        11,
        19,
        49,
        37,
        51,
        36,
        47,
        12,
        48,
        34,
        10,
        9,
        13,
        14,
        54,
        17,
        15,
        16,
        7,
        58,
        18,
        45,
        42,
        57,
        52,
        56,
        20,
        21,
        22,
        23,
        24,
        25,
        26,
        27,
        28,
        29,
        30,
        31,
        32,
        33,
        35,
        38,
        39,
        40,
        41,
        43,
        44,
        46,
        50,
        3,
        53,
        2,
        55,
        59,
        60,
        61,
        62,
        63
    ],
    "average_objectives_list": [
        276.03921568627453,
        229.52,
        203.92,
        199.6,
        190.4,
        177.04,
        177.96,
        183.4,
        184.52,
        190.76,
        192.2,
        191.36,
        188.2,
        184.72,
        181.8,
        183.16
    ],
    "best_objective_list": [
        224.0,
        190.0,
        190.0,
        166.0,
        166.0,
        162.0,
        162.0,
        162.0,
        162.0,
        162.0,
        162.0,
        162.0,
        162.0,
        160.0,
        160.0,
        160.0
    ]
}