{
    "elapsed_time": 62.80334138870239,
    "best_objective": 160.0,
    "neighbors": 1500,
    "best_solution": [
        1,
        3,
        4,
        5,
        6,
        7,
        9,
        10,
        11,
        12,
        13,
        14,
        15,
        16,
        45,
        18,
        19,
        20,
        21,
        22,
        23,
        24,
        49,
        27,
        28,
        29,
        30,
        31,
        2,
        33,
        35,
        36,
        37,
        39,
        40,
        41,
        42,
        43,
        44,
        17,
        0,
        32,
        8,
        25,
        26,
        34,
        38,
        46,
        47,
        48,
        50,
        51,
        52,
        53,
        54,
        55,
        56,
        57,
        58,
        59,
        60,
        61,
        62,
        63
    ],
    "average_objectives_list": [
        277.7647058823529,
        237.68,
        216.04,
        194.88,
        185.96,
        186.2,
        178.6,
        170.6,
        169.36,
        169.28,
        173.96,
        170.84,
        169.88,
        165.8,
        165.56,
        175.48
    ],
    "best_objective_list": [
        228.0,
        210.0,
        186.0,
        182.0,
        182.0,
        170.0,
        168.0,
        168.0,
        164.0,
        164.0,
        164.0,
        160.0,
        160.0,
        160.0,
        160.0,
        160.0
    ]
}