{
    "elapsed_time": 65.1830804347992,
    "best_objective": 164.0,
    "neighbors": 1500,
    "best_solution": [
        1,
        2,
        5,
        6,
        7,
        8,
        9,
        10,
        11,
        12,
        13,
        14,
        16,
        17,
        18,
        19,
        21,
        22,
        23,
        24,
        25,
        33,
        27,
        28,
        30,
        0,
        35,
        26,
        34,
        32,
        36,
        38,
        39,
        40,
        41,
        42,
        43,
        44,
        45,
        48,
        49,
        50,
        51,
        52,
        53,
        3,
        4,
        15,
        20,
        29,
        31,
        37,
        46,
        47,
        54,
        55,
        56,
        57,
        58,
        59,
        60,
        61,
        62,
        63
    ],
    "average_objectives_list": [
        273.6470588235294,
        238.16,
        214.24,
        200.16,
        192.16,
        190.6,
        191.12,
        188.88,
        188.04,
        191.36,
        189.72,
        193.92,
        179.48,
        176.0,
        178.32,
        168.04
    ],
    "best_objective_list": [
        228.0,
        206.0,
        192.0,
        192.0,
        186.0,
        186.0,
        186.0,
        184.0,
        182.0,
        182.0,
        172.0,
        172.0,
        172.0,
        164.0,
        164.0,
        164.0
    ]
}