{
    "elapsed_time": 62.921388387680054,
    "best_objective": 160.0,
    "neighbors": 1500,
    "best_solution": [
        0,
        1,
        2,
        3,
        4,
        5,
        6,
        7,
        8,
        9,
        42,
        12,
        14,
        16,
        17,
        18,
        19,
        20,
        22,
        23,
        35,
        36,
        37,
        10,
        54,
        39,
        15,
        11,
        13,
        48,
        21,
        33,
        24,
        25,
        26,
        29,
        28,
        27,
        30,
        31,
        32,
        34,
        38,
        40,
        41,
        43,
        44,
        45,
        46,
        47,
        49,
        50,
        51,
        52,
        53,
        55,
        56,
        57,
        58,
        59,
        60,
        61,
        62,
        63
    ],
    "average_objectives_list": [
        277.84313725490193,
        234.64,
        208.32,
        198.04,
        189.88,
        186.16,
        177.84,
        172.4,
        171.84,
        172.52,
        171.4,
        173.52,
        170.84,
        174.04,
        167.28,
        170.88
    ],
    "best_objective_list": [
        226.0,
        204.0,
        190.0,
        190.0,
        178.0,
        172.0,
        172.0,
        172.0,
        164.0,
        164.0,
        164.0,
        164.0,
        164.0,
        160.0,
        160.0,
        160.0
    ]
}