{
    "elapsed_time": 62.89827561378479,
    "best_objective": 180.0,
    "neighbors": 1500,
    "best_solution": [
        0,
        1,
        2,
        3,
        31,
        5,
        6,
        7,
        9,
        10,
        11,
        12,
        13,
        14,
        15,
        16,
        17,
        18,
        19,
        20,
        21,
        22,
        23,
        24,
        38,
        8,
        25,
        26,
        27,
        28,
        29,
        30,
        4,
        32,
        33,
        34,
        35,
        36,
        37,
        39,
        40,
        41,
        42,
        43,
        44,
        45,
        46,
        47,
        48,
        49,
        50,
        51,
        52,
        53,
        54,
        55,
        56,
        57,
        58,
        59,
        60,
        61,
        62,
        63
    ],
    "average_objectives_list": [
        277.88235294117646,
        236.92,
        200.76,
        184.0,
        190.16,
        188.72,
        187.84,
        189.56,
        188.68,
        192.08,
        187.32,
        187.84,
        187.08,
        189.92,
        189.0,
        184.16
    ],
    "best_objective_list": [
        242.0,
        184.0,
        180.0,
        180.0,
        180.0,
        180.0,
        180.0,
        180.0,
        180.0,
        180.0,
        180.0,
        180.0,
        180.0,
        180.0,
        180.0,
        180.0
    ]
}