{
    "elapsed_time": 62.50293469429016,
    "best_objective": 154.0,
    "neighbors": 1500,
    "best_solution": [
        1,
        2,
        4,
        6,
        9,
        11,
        13,
        14,
        15,
        21,
        22,
        24,
        25,
        8,
        61,
        43,
        0,
        54,
        59,
        17,
        63,
        3,
        53,
        50,
        38,
        19,
        51,
        57,
        20,
        48,
        37,
        39,
        31,
        44,
        35,
        12,
        10,
        56,
        18,
        16,
        46,
        33,
        30,
        23,
        7,
        45,
        36,
        5,
        26,
        27,
        28,
        29,
        32,
        34,
        40,
        41,
        42,
        47,
        49,
        52,
        55,
        58,
        60,
        62
    ],
    "average_objectives_list": [
        275.6078431372549,
        231.68,
        196.6,
        182.6,
        189.72,
        185.8,
        174.72,
        184.68,
        188.72,
        188.08,
        184.6,
        179.56,
        176.64,
        179.36,
        180.84,
        175.68
    ],
    "best_objective_list": [
        236.0,
        184.0,
        164.0,
        164.0,
        154.0,
        154.0,
        154.0,
        154.0,
        154.0,
        154.0,
        154.0,
        154.0,
        154.0,
        154.0,
        154.0,
        154.0
    ]
}