{
    "elapsed_time": 63.06628346443176,
    "best_objective": 148.0,
    "neighbors": 1500,
    "best_solution": [
        0,
        1,
        2,
        3,
        4,
        5,
        6,
        7,
        8,
        9,
        10,
        13,
        36,
        14,
        16,
        18,
        20,
        21,
        25,
        26,
        27,
        34,
        29,
        32,
        33,
        28,
        37,
        38,
        39,
        40,
        12,
        15,
        31,
        19,
        22,
        23,
        11,
        24,
        30,
        17,
        35,
        41,
        42,
        43,
        44,
        45,
        46,
        47,
        48,
        49,
        50,
        51,
        52,
        53,
        54,
        55,
        56,
        57,
        58,
        59,
        60,
        61,
        62,
        63
    ],
    "average_objectives_list": [
        281.37254901960785,
        239.96,
        209.4,
        188.84,
        181.92,
        175.32,
        172.8,
        169.04,
        155.56,
        152.24,
        156.92,
        163.32,
        159.36,
        149.72,
        155.44,
        151.08
    ],
    "best_objective_list": [
        244.0,
        192.0,
        182.0,
        182.0,
        174.0,
        172.0,
        152.0,
        152.0,
        150.0,
        150.0,
        150.0,
        148.0,
        148.0,
        148.0,
        148.0,
        148.0
    ]
}