{
    "elapsed_time": 62.720165491104126,
    "best_objective": 160.0,
    "neighbors": 1500,
    "best_solution": [
        0,
        1,
        2,
        3,
        4,
        5,
        6,
        7,
        8,
        9,
        12,
        10,
        13,
        14,
        23,
        16,
        17,
        25,
        19,
        20,
        21,
        15,
        49,
        26,
        27,
        28,
        29,
        30,
        11,
        18,
        22,
        24,
        31,
        32,
        33,
        34,
        40,
        44,
        37,
        38,
        39,
        35,
        41,
        42,
        43,
        36,
        45,
        46,
        47,
        48,
        50,
        51,
        52,
        53,
        54,
        55,
        56,
        57,
        58,
        59,
        60,
        61,
        62,
        63
    ],
    "average_objectives_list": [
        276.6666666666667,
        241.16,
        216.68,
        202.24,
        196.32,
        194.16,
        189.48,
        187.76,
        182.92,
        183.32,
        183.6,
        184.2,
        182.32,
        181.0,
        182.0,
        175.32
    ],
    "best_objective_list": [
        238.0,
        212.0,
        198.0,
        184.0,
        184.0,
        184.0,
        178.0,
        178.0,
        178.0,
        178.0,
        178.0,
        178.0,
        176.0,
        172.0,
        172.0,
        160.0
    ]
}