{
    "elapsed_time": 63.486093044281006,
    "best_objective": 148.0,
    "neighbors": 1500,
    "best_solution": [
        0,
        1,
        2,
        3,
        4,
        5,
        6,
        7,
        8,
        9,
        11,
        12,
        13,
        14,
        17,
        18,
        19,
        20,
        22,
        23,
        25,
        26,
        28,
        38,
        30,
        33,
        59,
        56,
        35,
        36,
        37,
        29,
        39,
        32,
        46,
        21,
        55,
        10,
        24,
        16,
        15,
        31,
        40,
        41,
        42,
        43,
        44,
        45,
        47,
        34,
        48,
        49,
        50,
        51,
        52,
        53,
        54,
        57,
        58,
        27,
        60,
        61,
        62,
        63
    ],
    "average_objectives_list": [
        276.11764705882354,
        232.24,
        204.8,
        197.92,
        206.32,
        192.8,
        182.52,
        185.04,
        171.24,
        167.68,
        166.08,
        172.64,
        174.24,
        171.52,
        168.08,
        171.6
    ],
    "best_objective_list": [
        212.0,
        194.0,
        188.0,
        180.0,
        180.0,
        180.0,
        168.0,
        168.0,
        166.0,
        166.0,
        158.0,
        154.0,
        154.0,
        154.0,
        148.0,
        148.0
    ]
}