{
    "elapsed_time": 62.63658857345581,
    "best_objective": 156.0,
    "neighbors": 1500,
    "best_solution": [
        0,
        1,
        2,
        3,
        4,
        5,
        6,
        7,
        8,
        9,
        10,
        36,
        13,
        14,
        16,
        18,
        20,
        22,
        23,
        25,
        27,
        30,
        31,
        32,
        33,
        34,
        35,
        41,
        37,
        39,
        11,
        12,
        17,
        19,
        21,
        24,
        26,
        28,
        29,
        38,
        40,
        15,
        42,
        43,
        44,
        45,
        46,
        47,
        48,
        49,
        50,
        51,
        52,
        53,
        54,
        55,
        56,
        57,
        58,
        59,
        60,
        61,
        62,
        63
    ],
    "average_objectives_list": [
        280.47058823529414,
        241.28,
        208.6,
        197.0,
        183.68,
        178.0,
        178.0,
        177.88,
        177.04,
        175.84,
        174.24,
        174.4,
        175.04,
        171.72,
        160.96,
        159.72
    ],
    "best_objective_list": [
        242.0,
        202.0,
        196.0,
        178.0,
        178.0,
        178.0,
        178.0,
        174.0,
        172.0,
        172.0,
        172.0,
        172.0,
        158.0,
        156.0,
        156.0,
        156.0
    ]
}