{
    "elapsed_time": 62.9730761051178,
    "best_objective": 158.0,
    "neighbors": 1500,
    "best_solution": [
        0,
        1,
        2,
        3,
        4,
        5,
        6,
        7,
        8,
        9,
        13,
        14,
        15,
        16,
        17,
        18,
        19,
        20,
        21,
        22,
        23,
        25,
        26,
        27,
        28,
        30,
        48,
        31,
        32,
        36,
        37,
        10,
        11,
        12,
        29,
        33,
        34,
        35,
        38,
        39,
        63,
        41,
        42,
        24,
        40,
        43,
        44,
        45,
        46,
        47,
        49,
        50,
        51,
        52,
        53,
        54,
        55,
        56,
        57,
        58,
        59,
        60,
        61,
        62
    ],
    "average_objectives_list": [
        277.6078431372549,
        239.48,
        215.48,
        198.16,
        184.24,
        176.4,
        173.88,
        178.88,
        173.24,
        173.36,
        169.6,
        166.64,
        166.44,
        165.32,
        158.36,
        161.12
    ],
    "best_objective_list": [
        240.0,
        202.0,
        196.0,
        178.0,
        174.0,
        174.0,
        168.0,
        166.0,
        166.0,
        166.0,
        166.0,
        166.0,
        158.0,
        158.0,
        158.0,
        158.0
    ]
}