{
    "elapsed_time": 63.53971481323242,
    "best_objective": 158.0,
    "neighbors": 1500,
    "best_solution": [
        0,
        1,
        2,
        3,
        4,
        5,
        6,
        7,
        9,
        10,
        11,
        12,
        13,
        14,
        15,
        16,
        17,
        31,
        19,
        20,
        21,
        22,
        23,
        24,
        25,
        27,
        28,
        29,
        18,
        32,
        33,
        34,
        53,
        38,
        39,
        51,
        8,
        41,
        30,
        49,
        57,
        36,
        37,
        40,
        42,
        43,
        44,
        45,
        46,
        26,
        35,
        47,
        48,
        50,
        52,
        54,
        55,
        56,
        58,
        59,
        60,
        61,
        62,
        63
    ],
    "average_objectives_list": [
        277.80392156862746,
        243.8,
        221.0,
        199.92,
        178.56,
        175.92,
        175.4,
        178.44,
        179.24,
        174.88,
        170.24,
        169.04,
        168.4,
        175.32,
        169.84,
        168.44
    ],
    "best_objective_list": [
        244.0,
        220.0,
        176.0,
        176.0,
        176.0,
        172.0,
        172.0,
        172.0,
        168.0,
        168.0,
        168.0,
        168.0,
        168.0,
        168.0,
        168.0,
        158.0
    ]
}