{
    "elapsed_time": 64.12110710144043,
    "best_objective": 170.0,
    "neighbors": 1500,
    "best_solution": [
        2,
        15,
        51,
        38,
        36,
        7,
        14,
        19,
        58,
        49,
        23,
        43,
        3,
        9,
        45,
        5,
        61,
        34,
        24,
        29,
        6,
        44,
        27,
        26,
        22,
        21,
        0,
        47,
        35,
        42,
        31,
        32,
        12,
        59,
        33,
        54,
        55,
        10,
        41,
        48,
        1,
        4,
        8,
        11,
        13,
        16,
        17,
        18,
        20,
        25,
        28,
        30,
        37,
        39,
        40,
        46,
        50,
        52,
        53,
        56,
        57,
        60,
        62,
        63
    ],
    "average_objectives_list": [
        277.29411764705884,
        227.36,
        202.76,
        200.32,
        196.76,
        190.56,
        187.4,
        190.12,
        190.24,
        187.76,
        190.96,
        188.84,
        185.8,
        194.4,
        183.88,
        185.28
    ],
    "best_objective_list": [
        196.0,
        172.0,
        172.0,
        172.0,
        172.0,
        172.0,
        172.0,
        172.0,
        170.0,
        170.0,
        170.0,
        170.0,
        170.0,
        170.0,
        170.0,
        170.0
    ]
}