{
    "elapsed_time": 26.657147884368896,
    "best_objective": 108240.0,
    "neighbors": 2400,
    "best_solution": [
        0,
        2,
        3,
        4,
        6,
        10,
        5,
        15,
        8,
        1,
        12,
        13,
        7,
        16,
        25,
        17,
        9,
        11,
        14,
        31,
        19,
        20,
        21,
        18,
        22,
        23,
        27,
        26,
        29,
        28,
        24,
        30
    ],
    "average_objectives_list": [
        137854.11764705883,
        125418.4,
        118916.4,
        117239.8,
        116449.8,
        115684.8,
        115445.4,
        114956.2,
        114592.0,
        113719.8,
        113486.4,
        112870.6,
        112061.2,
        111984.8,
        111963.4,
        111365.6,
        111808.0,
        111926.2,
        110918.4,
        111218.4,
        110690.2,
        111657.6,
        111023.4,
        110466.0,
        110334.0
    ],
    "best_objective_list": [
        123600.0,
        118390.0,
        116330.0,
        115440.0,
        115440.0,
        114840.0,
        114340.0,
        114340.0,
        112740.0,
        112740.0,
        111840.0,
        111740.0,
        111600.0,
        111140.0,
        111140.0,
        109340.0,
        108940.0,
        108940.0,
        108940.0,
        108940.0,
        108940.0,
        108940.0,
        108940.0,
        108540.0,
        108240.0
    ]
}