{
    "elapsed_time": 25.4072482585907,
    "best_objective": 110430.0,
    "neighbors": 2400,
    "best_solution": [
        0,
        1,
        2,
        3,
        4,
        15,
        16,
        7,
        8,
        10,
        11,
        12,
        13,
        6,
        5,
        19,
        9,
        14,
        23,
        28,
        24,
        20,
        21,
        22,
        17,
        25,
        18,
        26,
        27,
        29,
        30,
        31
    ],
    "average_objectives_list": [
        137792.74509803922,
        125922.2,
        118801.4,
        116462.4,
        115632.0,
        115087.2,
        115121.0,
        115302.0,
        114720.0,
        114513.2,
        113460.2,
        113411.2,
        114061.4,
        114013.4,
        113729.8,
        114012.6,
        114893.8,
        114486.2,
        114198.2,
        114514.6,
        112858.4,
        113630.4,
        112725.2,
        113249.8,
        112277.8
    ],
    "best_objective_list": [
        125390.0,
        117060.0,
        115730.0,
        114330.0,
        114330.0,
        114330.0,
        114330.0,
        114330.0,
        112530.0,
        112530.0,
        112530.0,
        112330.0,
        111430.0,
        111230.0,
        111230.0,
        111230.0,
        111230.0,
        111230.0,
        111130.0,
        111130.0,
        110930.0,
        110930.0,
        110930.0,
        110930.0,
        110430.0
    ]
}