{
    "elapsed_time": 26.401045083999634,
    "best_objective": 109900.0,
    "neighbors": 2400,
    "best_solution": [
        0,
        1,
        2,
        3,
        4,
        5,
        6,
        7,
        19,
        15,
        16,
        9,
        8,
        10,
        11,
        12,
        30,
        14,
        17,
        18,
        20,
        21,
        22,
        23,
        24,
        25,
        26,
        27,
        28,
        29,
        13,
        31
    ],
    "average_objectives_list": [
        136457.25490196078,
        127452.2,
        123083.4,
        118842.8,
        117310.2,
        116792.6,
        116249.2,
        115271.6,
        115185.0,
        114461.2,
        114344.0,
        114823.2,
        112132.8,
        111748.0,
        111654.0,
        112196.4,
        111434.8,
        111803.6,
        111210.6,
        112929.2,
        111366.0,
        111018.0,
        111321.2,
        111330.0,
        111191.8
    ],
    "best_objective_list": [
        126400.0,
        120290.0,
        117730.0,
        116960.0,
        115800.0,
        115500.0,
        115100.0,
        114000.0,
        113600.0,
        113600.0,
        111700.0,
        111700.0,
        111700.0,
        111700.0,
        109900.0,
        109900.0,
        109900.0,
        109900.0,
        109900.0,
        109900.0,
        109900.0,
        109900.0,
        109900.0,
        109900.0,
        109900.0
    ]
}