{
    "elapsed_time": 25.312525272369385,
    "best_objective": 110430.0,
    "neighbors": 2400,
    "best_solution": [
        1,
        2,
        0,
        3,
        4,
        5,
        6,
        8,
        9,
        10,
        15,
        16,
        7,
        21,
        11,
        12,
        22,
        14,
        30,
        18,
        19,
        20,
        13,
        23,
        29,
        25,
        17,
        26,
        27,
        28,
        24,
        31
    ],
    "average_objectives_list": [
        136455.6862745098,
        127287.2,
        120941.0,
        116537.2,
        115454.8,
        115468.4,
        114880.4,
        115181.0,
        114298.0,
        114434.0,
        114278.0,
        114096.0,
        113498.8,
        112859.0,
        112740.0,
        112084.0,
        112610.0,
        112490.0,
        111981.6,
        111328.0,
        112498.0,
        112474.2,
        112667.8,
        111836.4,
        112282.2
    ],
    "best_objective_list": [
        126000.0,
        117630.0,
        115630.0,
        115230.0,
        114130.0,
        114130.0,
        114130.0,
        114130.0,
        114130.0,
        114130.0,
        112830.0,
        111630.0,
        111630.0,
        111630.0,
        111030.0,
        110830.0,
        110830.0,
        110830.0,
        110830.0,
        110430.0,
        110430.0,
        110430.0,
        110430.0,
        110430.0,
        110430.0
    ]
}