{
    "elapsed_time": 27.054035186767578,
    "best_objective": 107600.0,
    "neighbors": 2400,
    "best_solution": [
        0,
        1,
        2,
        3,
        4,
        5,
        6,
        10,
        11,
        15,
        19,
        12,
        8,
        16,
        7,
        20,
        23,
        24,
        27,
        14,
        30,
        25,
        9,
        13,
        17,
        18,
        21,
        22,
        26,
        28,
        29,
        31
    ],
    "average_objectives_list": [
        136114.50980392157,
        126722.6,
        120939.6,
        117740.2,
        116481.8,
        115402.2,
        114134.4,
        112745.4,
        112481.4,
        111799.0,
        110934.0,
        111456.8,
        110842.0,
        110906.0,
        110804.0,
        110924.4,
        110474.0,
        110564.0,
        110167.0,
        108999.2,
        108749.4,
        109870.6,
        108601.6,
        107946.0,
        109372.0
    ],
    "best_objective_list": [
        127040.0,
        119990.0,
        115970.0,
        114770.0,
        114110.0,
        112900.0,
        112400.0,
        110800.0,
        110800.0,
        110800.0,
        110700.0,
        109000.0,
        109000.0,
        109000.0,
        109000.0,
        109000.0,
        108300.0,
        108300.0,
        108300.0,
        108200.0,
        108200.0,
        107600.0,
        107600.0,
        107600.0,
        107600.0
    ]
}