{
    "elapsed_time": 26.255669593811035,
    "best_objective": 107630.0,
    "neighbors": 2400,
    "best_solution": [
        7,
        3,
        4,
        5,
        6,
        1,
        10,
        15,
        16,
        2,
        0,
        21,
        8,
        9,
        11,
        12,
        26,
        14,
        17,
        18,
        19,
        20,
        29,
        13,
        23,
        24,
        25,
        27,
        28,
        31,
        22,
        30
    ],
    "average_objectives_list": [
        136905.88235294117,
        127000.8,
        121725.2,
        119322.2,
        116353.8,
        114574.6,
        114512.0,
        113940.2,
        111707.2,
        111576.6,
        111897.2,
        110777.0,
        111508.0,
        110172.0,
        110344.2,
        112551.4,
        111430.2,
        110148.0,
        110326.6,
        111010.0,
        110254.0,
        110806.0,
        110173.4,
        110548.4,
        111634.2
    ],
    "best_objective_list": [
        128350.0,
        120250.0,
        118450.0,
        114430.0,
        114430.0,
        114330.0,
        111830.0,
        110030.0,
        110030.0,
        110030.0,
        110030.0,
        108930.0,
        108930.0,
        108930.0,
        108730.0,
        108730.0,
        108730.0,
        108730.0,
        108730.0,
        108730.0,
        108730.0,
        108730.0,
        107630.0,
        107630.0,
        107630.0
    ]
}