{
    "elapsed_time": 25.293854475021362,
    "best_objective": 106240.0,
    "neighbors": 2400,
    "best_solution": [
        1,
        16,
        2,
        20,
        5,
        15,
        0,
        19,
        6,
        7,
        4,
        8,
        9,
        10,
        11,
        12,
        13,
        14,
        17,
        18,
        3,
        21,
        22,
        28,
        24,
        25,
        23,
        26,
        27,
        29,
        30,
        31
    ],
    "average_objectives_list": [
        136639.60784313726,
        127896.8,
        122576.4,
        119368.4,
        116945.4,
        114944.0,
        113516.6,
        112052.6,
        110712.6,
        110292.2,
        109896.8,
        110283.8,
        109176.0,
        109412.0,
        109444.0,
        110238.0,
        110591.2,
        110286.6,
        109517.6,
        109059.6,
        112675.2,
        110264.4,
        110142.4,
        110668.4,
        110806.6
    ],
    "best_objective_list": [
        125860.0,
        121720.0,
        118880.0,
        116230.0,
        114900.0,
        112400.0,
        110100.0,
        107900.0,
        107700.0,
        107700.0,
        107700.0,
        107700.0,
        107700.0,
        107700.0,
        107700.0,
        107700.0,
        107700.0,
        107700.0,
        107340.0,
        107340.0,
        107340.0,
        106540.0,
        106540.0,
        106540.0,
        106240.0
    ]
}