{
    "elapsed_time": 25.213790893554688,
    "best_objective": 111700.0,
    "neighbors": 2400,
    "best_solution": [
        1,
        4,
        5,
        21,
        7,
        6,
        10,
        8,
        9,
        3,
        17,
        12,
        14,
        15,
        16,
        13,
        28,
        0,
        11,
        18,
        20,
        19,
        2,
        22,
        23,
        24,
        25,
        26,
        27,
        29,
        30,
        31
    ],
    "average_objectives_list": [
        136987.64705882352,
        126630.8,
        120126.4,
        118508.4,
        118150.8,
        118182.4,
        117841.4,
        117646.6,
        116523.6,
        117831.4,
        116503.0,
        115983.6,
        115113.2,
        115943.8,
        115755.0,
        115355.8,
        113733.8,
        114350.6,
        114894.4,
        113414.0,
        113261.4,
        114604.8,
        113785.4,
        114454.8,
        115552.8
    ],
    "best_objective_list": [
        124930.0,
        118790.0,
        118230.0,
        117690.0,
        117090.0,
        116690.0,
        115310.0,
        115310.0,
        114510.0,
        114510.0,
        113510.0,
        113510.0,
        112700.0,
        112700.0,
        111800.0,
        111700.0,
        111700.0,
        111700.0,
        111700.0,
        111700.0,
        111700.0,
        111700.0,
        111700.0,
        111700.0,
        111700.0
    ]
}