{
    "elapsed_time": 26.415279388427734,
    "best_objective": 111600.0,
    "neighbors": 2400,
    "best_solution": [
        7,
        3,
        21,
        14,
        4,
        6,
        1,
        8,
        9,
        10,
        11,
        12,
        0,
        15,
        16,
        13,
        26,
        5,
        17,
        18,
        19,
        20,
        2,
        22,
        23,
        24,
        25,
        27,
        28,
        29,
        30,
        31
    ],
    "average_objectives_list": [
        137055.29411764705,
        127031.4,
        120449.0,
        118663.0,
        117891.6,
        116242.4,
        116533.0,
        116373.6,
        116630.0,
        116331.8,
        115828.2,
        115651.4,
        114419.4,
        115904.8,
        114678.8,
        113996.6,
        116428.8,
        114557.6,
        114600.8,
        114739.8,
        114705.6,
        114928.8,
        115749.4,
        115152.0,
        114797.0
    ],
    "best_objective_list": [
        126220.0,
        118840.0,
        116600.0,
        115200.0,
        115200.0,
        115200.0,
        115200.0,
        114100.0,
        113500.0,
        113100.0,
        113100.0,
        113100.0,
        111600.0,
        111600.0,
        111600.0,
        111600.0,
        111600.0,
        111600.0,
        111600.0,
        111600.0,
        111600.0,
        111600.0,
        111600.0,
        111600.0,
        111600.0
    ]
}