{
    "elapsed_time": 25.33821964263916,
    "best_objective": 107810.0,
    "neighbors": 2400,
    "best_solution": [
        0,
        1,
        3,
        4,
        5,
        6,
        15,
        19,
        8,
        10,
        16,
        7,
        13,
        12,
        11,
        17,
        14,
        2,
        28,
        18,
        20,
        21,
        22,
        23,
        24,
        25,
        9,
        26,
        27,
        29,
        30,
        31
    ],
    "average_objectives_list": [
        138078.431372549,
        128319.2,
        121911.8,
        118004.4,
        115013.8,
        114245.6,
        114360.4,
        114278.6,
        113729.0,
        113419.6,
        113367.4,
        113144.0,
        113221.2,
        113465.8,
        113069.2,
        113657.8,
        112691.6,
        112962.0,
        113052.8,
        113062.8,
        114035.2,
        112174.4,
        110781.8,
        111874.8,
        110078.6
    ],
    "best_objective_list": [
        129940.0,
        121500.0,
        116910.0,
        113410.0,
        112610.0,
        112610.0,
        112610.0,
        112210.0,
        112210.0,
        112210.0,
        112210.0,
        112210.0,
        112010.0,
        112010.0,
        111810.0,
        111810.0,
        111810.0,
        111810.0,
        110810.0,
        108710.0,
        108710.0,
        108710.0,
        108210.0,
        108210.0,
        107810.0
    ]
}