{
    "elapsed_time": 26.983696937561035,
    "best_objective": 110550.0,
    "neighbors": 2400,
    "best_solution": [
        2,
        1,
        0,
        3,
        4,
        5,
        6,
        7,
        25,
        16,
        11,
        12,
        13,
        15,
        10,
        17,
        18,
        14,
        21,
        9,
        19,
        22,
        20,
        8,
        23,
        24,
        26,
        27,
        28,
        29,
        30,
        31
    ],
    "average_objectives_list": [
        136565.88235294117,
        126331.4,
        121115.2,
        118501.4,
        116212.4,
        114720.0,
        114446.0,
        114096.0,
        114176.0,
        114004.8,
        113904.0,
        113635.8,
        113818.4,
        113376.0,
        113234.0,
        113212.4,
        113747.2,
        113309.4,
        113425.2,
        112876.2,
        112434.4,
        112309.6,
        112207.6,
        111716.6,
        111888.2
    ],
    "best_objective_list": [
        123270.0,
        119360.0,
        117210.0,
        114760.0,
        114760.0,
        113760.0,
        113760.0,
        113360.0,
        113360.0,
        113360.0,
        113160.0,
        113160.0,
        112960.0,
        112360.0,
        112160.0,
        112160.0,
        112160.0,
        112150.0,
        112150.0,
        110550.0,
        110550.0,
        110550.0,
        110550.0,
        110550.0,
        110550.0
    ]
}