{
    "elapsed_time": 25.361013650894165,
    "best_objective": 107780.0,
    "neighbors": 2400,
    "best_solution": [
        0,
        2,
        3,
        4,
        5,
        1,
        6,
        7,
        10,
        15,
        16,
        19,
        22,
        8,
        11,
        12,
        27,
        14,
        23,
        9,
        20,
        21,
        17,
        18,
        24,
        25,
        13,
        26,
        28,
        29,
        30,
        31
    ],
    "average_objectives_list": [
        136985.88235294117,
        127567.2,
        122166.4,
        118701.4,
        115727.8,
        113542.0,
        111514.0,
        109990.0,
        109932.6,
        109576.8,
        109266.8,
        109794.0,
        110902.8,
        111384.0,
        110403.0,
        108848.0,
        110259.4,
        110195.6,
        108554.8,
        110120.8,
        108709.6,
        109392.2,
        109533.8,
        109227.6,
        109198.4
    ],
    "best_objective_list": [
        125050.0,
        120610.0,
        118420.0,
        114140.0,
        111780.0,
        109780.0,
        109780.0,
        109580.0,
        109080.0,
        109080.0,
        108780.0,
        108780.0,
        108480.0,
        108380.0,
        108180.0,
        107780.0,
        107780.0,
        107780.0,
        107780.0,
        107780.0,
        107780.0,
        107780.0,
        107780.0,
        107780.0,
        107780.0
    ]
}