{
    "elapsed_time": 26.361907243728638,
    "best_objective": 111370.0,
    "neighbors": 2400,
    "best_solution": [
        2,
        11,
        7,
        9,
        3,
        1,
        12,
        13,
        14,
        15,
        16,
        17,
        21,
        23,
        26,
        27,
        19,
        31,
        8,
        24,
        0,
        10,
        6,
        30,
        5,
        25,
        4,
        18,
        20,
        22,
        28,
        29
    ],
    "average_objectives_list": [
        136819.60784313726,
        127380.6,
        122248.8,
        120497.6,
        121588.8,
        121146.6,
        119027.4,
        115973.4,
        116631.6,
        117559.8,
        115622.4,
        114903.2,
        115964.0,
        115096.0,
        114813.6,
        115587.4,
        113018.4,
        115529.6,
        115697.0,
        115153.0,
        115722.0,
        115977.8,
        115644.4,
        117048.6,
        115852.2
    ],
    "best_objective_list": [
        126620.0,
        119230.0,
        119130.0,
        116980.0,
        116980.0,
        113880.0,
        113880.0,
        113080.0,
        113080.0,
        113080.0,
        113080.0,
        113080.0,
        111480.0,
        111380.0,
        111380.0,
        111380.0,
        111370.0,
        111370.0,
        111370.0,
        111370.0,
        111370.0,
        111370.0,
        111370.0,
        111370.0,
        111370.0
    ]
}