{
    "elapsed_time": 25.507928371429443,
    "best_objective": 108800.0,
    "neighbors": 2400,
    "best_solution": [
        1,
        2,
        3,
        5,
        6,
        8,
        15,
        13,
        10,
        11,
        21,
        9,
        30,
        19,
        12,
        27,
        4,
        20,
        14,
        24,
        16,
        0,
        25,
        17,
        7,
        22,
        23,
        26,
        18,
        28,
        29,
        31
    ],
    "average_objectives_list": [
        138326.66666666666,
        128804.6,
        123282.4,
        122191.4,
        120522.6,
        115879.0,
        114254.4,
        114066.4,
        114945.6,
        114630.8,
        114618.8,
        113286.8,
        113740.0,
        114231.2,
        113667.8,
        113952.4,
        114437.2,
        113822.6,
        112827.2,
        112332.0,
        113560.2,
        113488.4,
        114398.6,
        112905.0,
        113189.4
    ],
    "best_objective_list": [
        125570.0,
        122420.0,
        121830.0,
        114210.0,
        113900.0,
        113900.0,
        113860.0,
        113060.0,
        111760.0,
        111760.0,
        111760.0,
        111760.0,
        111760.0,
        111760.0,
        111760.0,
        111060.0,
        111060.0,
        111060.0,
        111060.0,
        111060.0,
        111000.0,
        110400.0,
        110400.0,
        108800.0,
        108800.0
    ]
}