{
    "elapsed_time": 25.43584132194519,
    "best_objective": 106810.0,
    "neighbors": 2400,
    "best_solution": [
        19,
        1,
        2,
        3,
        4,
        6,
        7,
        11,
        0,
        10,
        12,
        13,
        8,
        15,
        16,
        17,
        23,
        5,
        14,
        30,
        20,
        21,
        22,
        9,
        24,
        25,
        26,
        27,
        28,
        29,
        18,
        31
    ],
    "average_objectives_list": [
        136421.17647058822,
        127408.6,
        121873.4,
        118516.4,
        118072.2,
        117847.2,
        117005.6,
        116757.6,
        117023.8,
        114493.2,
        112456.6,
        110540.0,
        111229.6,
        111198.8,
        110016.0,
        109915.0,
        110973.4,
        109789.0,
        109763.4,
        110711.4,
        111145.2,
        110410.0,
        110573.0,
        110246.8,
        111346.0
    ],
    "best_objective_list": [
        125580.0,
        118130.0,
        118130.0,
        118130.0,
        116830.0,
        116440.0,
        115620.0,
        115620.0,
        110210.0,
        110210.0,
        110210.0,
        109710.0,
        109210.0,
        109210.0,
        109010.0,
        109010.0,
        109010.0,
        109010.0,
        108910.0,
        108210.0,
        108210.0,
        108210.0,
        106810.0,
        106810.0,
        106810.0
    ]
}