{
    "elapsed_time": 26.55524230003357,
    "best_objective": 106930.0,
    "neighbors": 2400,
    "best_solution": [
        1,
        2,
        3,
        5,
        4,
        0,
        15,
        16,
        6,
        12,
        21,
        7,
        8,
        9,
        10,
        11,
        13,
        14,
        25,
        18,
        19,
        20,
        22,
        17,
        23,
        24,
        28,
        26,
        27,
        29,
        30,
        31
    ],
    "average_objectives_list": [
        137323.92156862744,
        126397.8,
        119992.4,
        117423.2,
        113997.8,
        112782.0,
        112342.8,
        111440.0,
        111193.0,
        110600.4,
        110327.2,
        109723.4,
        110330.6,
        109711.8,
        109180.8,
        110345.4,
        109524.0,
        109972.0,
        109670.0,
        109227.0,
        109514.8,
        108963.8,
        109290.2,
        108921.8,
        109675.0
    ],
    "best_objective_list": [
        129920.0,
        118590.0,
        113830.0,
        113230.0,
        111330.0,
        109530.0,
        109330.0,
        108830.0,
        108830.0,
        108330.0,
        108330.0,
        108330.0,
        107930.0,
        107530.0,
        106930.0,
        106930.0,
        106930.0,
        106930.0,
        106930.0,
        106930.0,
        106930.0,
        106930.0,
        106930.0,
        106930.0,
        106930.0
    ]
}