{
    "elapsed_time": 27.169247150421143,
    "best_objective": 109810.0,
    "neighbors": 2400,
    "best_solution": [
        0,
        1,
        3,
        2,
        4,
        6,
        15,
        11,
        25,
        10,
        8,
        12,
        13,
        7,
        16,
        17,
        18,
        5,
        14,
        9,
        19,
        20,
        21,
        22,
        23,
        24,
        28,
        27,
        26,
        29,
        30,
        31
    ],
    "average_objectives_list": [
        137052.35294117648,
        127364.0,
        122117.6,
        120994.4,
        120481.8,
        118982.6,
        118018.8,
        117245.8,
        116545.0,
        115682.8,
        114094.0,
        113651.2,
        112663.2,
        112479.0,
        112522.2,
        112008.0,
        112307.8,
        111522.0,
        112878.6,
        110824.0,
        112844.8,
        111049.8,
        111092.8,
        112425.8,
        110851.6
    ],
    "best_objective_list": [
        127270.0,
        120960.0,
        119560.0,
        119440.0,
        118540.0,
        117620.0,
        116320.0,
        116320.0,
        113110.0,
        113110.0,
        112310.0,
        112310.0,
        112310.0,
        111910.0,
        111910.0,
        110710.0,
        110110.0,
        110110.0,
        110110.0,
        110110.0,
        110110.0,
        110110.0,
        110110.0,
        110110.0,
        109810.0
    ]
}