{
    "elapsed_time": 25.41386103630066,
    "best_objective": 106460.0,
    "neighbors": 2400,
    "best_solution": [
        0,
        1,
        2,
        3,
        4,
        5,
        6,
        7,
        8,
        11,
        15,
        16,
        21,
        10,
        12,
        13,
        22,
        14,
        9,
        18,
        19,
        20,
        28,
        23,
        24,
        25,
        17,
        26,
        30,
        29,
        27,
        31
    ],
    "average_objectives_list": [
        137727.64705882352,
        127495.0,
        120948.0,
        119441.8,
        118878.4,
        118290.0,
        117384.2,
        116223.8,
        114474.2,
        112783.6,
        112228.0,
        111844.6,
        111205.4,
        111564.2,
        111028.0,
        111019.6,
        111082.4,
        110092.6,
        109144.8,
        109802.6,
        109176.6,
        109280.6,
        107744.8,
        108087.4,
        108269.4
    ],
    "best_objective_list": [
        126050.0,
        119080.0,
        119080.0,
        118800.0,
        117580.0,
        116180.0,
        115880.0,
        113460.0,
        112460.0,
        110860.0,
        110860.0,
        110860.0,
        110660.0,
        110660.0,
        110660.0,
        109260.0,
        108060.0,
        108060.0,
        107500.0,
        106460.0,
        106460.0,
        106460.0,
        106460.0,
        106460.0,
        106460.0
    ]
}