{
    "elapsed_time": 25.9072527885437,
    "best_objective": 103130.0,
    "neighbors": 2400,
    "best_solution": [
        4,
        1,
        2,
        21,
        0,
        5,
        15,
        16,
        19,
        6,
        7,
        8,
        23,
        10,
        11,
        12,
        13,
        14,
        17,
        18,
        20,
        25,
        3,
        9,
        22,
        24,
        26,
        27,
        28,
        29,
        30,
        31
    ],
    "average_objectives_list": [
        136928.23529411765,
        126940.0,
        120708.2,
        117924.0,
        117223.6,
        116381.0,
        114607.2,
        112077.0,
        110775.0,
        109076.8,
        108108.8,
        108217.2,
        107646.0,
        107482.4,
        108179.6,
        107555.6,
        109072.6,
        107983.8,
        106411.4,
        106739.6,
        108219.4,
        106871.6,
        106209.0,
        107010.8,
        105866.6
    ],
    "best_objective_list": [
        125200.0,
        118420.0,
        117820.0,
        116620.0,
        114430.0,
        112800.0,
        110900.0,
        108800.0,
        107110.0,
        107110.0,
        107110.0,
        106510.0,
        106210.0,
        106210.0,
        106210.0,
        105510.0,
        105510.0,
        105510.0,
        104730.0,
        103830.0,
        103830.0,
        103830.0,
        103130.0,
        103130.0,
        103130.0
    ]
}