{
    "elapsed_time": 26.24377465248108,
    "best_objective": 109450.0,
    "neighbors": 2400,
    "best_solution": [
        5,
        1,
        2,
        11,
        4,
        0,
        6,
        7,
        10,
        25,
        12,
        13,
        14,
        15,
        16,
        17,
        22,
        19,
        8,
        18,
        3,
        20,
        21,
        9,
        23,
        24,
        28,
        27,
        26,
        29,
        30,
        31
    ],
    "average_objectives_list": [
        138302.1568627451,
        127976.8,
        122189.8,
        119620.6,
        117530.0,
        116949.8,
        116541.2,
        116616.8,
        116856.0,
        115831.4,
        114053.6,
        113384.6,
        113020.8,
        112842.4,
        113855.0,
        113840.4,
        112515.4,
        112777.2,
        113183.6,
        112990.6,
        112806.2,
        113279.2,
        112817.0,
        110917.8,
        111997.6
    ],
    "best_objective_list": [
        130000.0,
        120510.0,
        119240.0,
        117040.0,
        116350.0,
        115750.0,
        114740.0,
        114740.0,
        114280.0,
        112680.0,
        111250.0,
        111250.0,
        110690.0,
        110690.0,
        110690.0,
        110690.0,
        110350.0,
        110350.0,
        110350.0,
        110350.0,
        109550.0,
        109550.0,
        109550.0,
        109550.0,
        109450.0
    ]
}