{
    "elapsed_time": 26.752166748046875,
    "best_objective": 109770.0,
    "neighbors": 2400,
    "best_solution": [
        0,
        1,
        3,
        4,
        6,
        7,
        16,
        5,
        8,
        12,
        10,
        11,
        23,
        25,
        15,
        2,
        18,
        19,
        20,
        22,
        9,
        24,
        14,
        26,
        27,
        13,
        17,
        21,
        28,
        29,
        30,
        31
    ],
    "average_objectives_list": [
        137989.21568627452,
        127707.4,
        121011.8,
        118164.4,
        117669.4,
        116693.2,
        116374.8,
        116637.0,
        116973.4,
        117089.6,
        116148.0,
        116296.4,
        116036.0,
        115924.2,
        115356.0,
        114485.2,
        114318.6,
        113661.2,
        112822.2,
        112692.2,
        113288.8,
        114156.0,
        111995.0,
        112631.4,
        111725.0
    ],
    "best_objective_list": [
        128040.0,
        118060.0,
        116630.0,
        115740.0,
        115740.0,
        114740.0,
        114740.0,
        114740.0,
        114740.0,
        114670.0,
        114270.0,
        113670.0,
        113670.0,
        113670.0,
        113070.0,
        112070.0,
        112070.0,
        110970.0,
        109770.0,
        109770.0,
        109770.0,
        109770.0,
        109770.0,
        109770.0,
        109770.0
    ]
}