{
    "elapsed_time": 25.24076271057129,
    "best_objective": 109930.0,
    "neighbors": 2400,
    "best_solution": [
        0,
        1,
        2,
        3,
        19,
        5,
        6,
        7,
        8,
        15,
        16,
        17,
        10,
        11,
        12,
        13,
        22,
        31,
        14,
        18,
        9,
        4,
        20,
        21,
        23,
        24,
        25,
        26,
        27,
        28,
        29,
        30
    ],
    "average_objectives_list": [
        137744.11764705883,
        127908.2,
        121420.6,
        117994.8,
        117225.2,
        117238.4,
        116961.0,
        116699.4,
        116289.4,
        115068.0,
        114692.0,
        114620.2,
        114336.8,
        113972.4,
        113944.8,
        113706.2,
        113956.0,
        113544.0,
        113687.6,
        113162.4,
        112366.0,
        111609.0,
        111339.6,
        111342.8,
        111796.8
    ],
    "best_objective_list": [
        126380.0,
        120710.0,
        117260.0,
        117260.0,
        116620.0,
        116620.0,
        115820.0,
        115720.0,
        114620.0,
        114620.0,
        114620.0,
        113620.0,
        113320.0,
        113320.0,
        113320.0,
        113320.0,
        113320.0,
        113120.0,
        112760.0,
        111960.0,
        110860.0,
        110860.0,
        110860.0,
        110860.0,
        109930.0
    ]
}