{
    "elapsed_time": 26.41733169555664,
    "best_objective": 106040.0,
    "neighbors": 2400,
    "best_solution": [
        0,
        1,
        3,
        20,
        4,
        5,
        6,
        9,
        15,
        16,
        19,
        7,
        8,
        10,
        11,
        12,
        13,
        14,
        28,
        18,
        2,
        21,
        22,
        23,
        24,
        25,
        26,
        27,
        17,
        29,
        30,
        31
    ],
    "average_objectives_list": [
        136959.21568627452,
        126868.8,
        121419.8,
        118867.0,
        116908.6,
        115118.0,
        114189.0,
        111904.4,
        112233.4,
        111889.4,
        111283.0,
        110744.0,
        110728.2,
        111118.0,
        111096.8,
        110390.8,
        110430.2,
        111238.6,
        111084.0,
        111003.4,
        110289.0,
        110746.0,
        111681.0,
        111325.4,
        110591.2
    ],
    "best_objective_list": [
        126740.0,
        119730.0,
        113330.0,
        112930.0,
        112930.0,
        111200.0,
        111200.0,
        109800.0,
        109800.0,
        109000.0,
        109000.0,
        109000.0,
        109000.0,
        109000.0,
        109000.0,
        109000.0,
        109000.0,
        108200.0,
        108200.0,
        108200.0,
        107640.0,
        106040.0,
        106040.0,
        106040.0,
        106040.0
    ]
}