{
    "elapsed_time": 25.640806436538696,
    "best_objective": 105900.0,
    "neighbors": 2400,
    "best_solution": [
        0,
        1,
        2,
        3,
        4,
        5,
        6,
        8,
        10,
        15,
        11,
        12,
        7,
        16,
        19,
        20,
        21,
        14,
        22,
        18,
        24,
        25,
        13,
        9,
        17,
        23,
        26,
        27,
        31,
        29,
        30,
        28
    ],
    "average_objectives_list": [
        136557.25490196078,
        125765.6,
        119832.0,
        116835.2,
        117156.4,
        116691.6,
        116720.0,
        116326.6,
        115328.0,
        114261.6,
        113400.0,
        112229.2,
        112118.0,
        112334.0,
        111615.2,
        111544.0,
        112093.6,
        110647.0,
        109650.0,
        109526.4,
        108668.8,
        107803.0,
        107997.2,
        108110.0,
        106576.0
    ],
    "best_objective_list": [
        126440.0,
        116530.0,
        116530.0,
        116430.0,
        116430.0,
        116310.0,
        116310.0,
        113990.0,
        113190.0,
        112200.0,
        112200.0,
        111500.0,
        111200.0,
        111200.0,
        110100.0,
        110100.0,
        109360.0,
        109360.0,
        108500.0,
        106300.0,
        106300.0,
        106300.0,
        106300.0,
        106300.0,
        105900.0
    ]
}