{
    "elapsed_time": 25.647841691970825,
    "best_objective": 109710.0,
    "neighbors": 2400,
    "best_solution": [
        2,
        3,
        4,
        11,
        0,
        1,
        10,
        7,
        8,
        6,
        12,
        13,
        19,
        15,
        16,
        17,
        18,
        14,
        5,
        9,
        20,
        21,
        22,
        23,
        24,
        25,
        26,
        27,
        28,
        29,
        30,
        31
    ],
    "average_objectives_list": [
        136804.3137254902,
        127082.6,
        121521.2,
        119371.2,
        116967.4,
        116412.0,
        116206.0,
        115694.2,
        115640.2,
        115614.0,
        115722.2,
        115795.8,
        115482.4,
        115349.6,
        114688.8,
        115355.2,
        114593.8,
        115419.8,
        115387.4,
        115285.2,
        114004.2,
        113677.6,
        113521.0,
        112294.8,
        111635.6
    ],
    "best_objective_list": [
        127920.0,
        120170.0,
        117330.0,
        116350.0,
        114760.0,
        114760.0,
        114760.0,
        114360.0,
        114360.0,
        114260.0,
        113660.0,
        113260.0,
        113140.0,
        113140.0,
        113140.0,
        113140.0,
        113140.0,
        113140.0,
        110810.0,
        110810.0,
        110810.0,
        110810.0,
        110810.0,
        109710.0,
        109710.0
    ]
}