{
    "elapsed_time": 26.539069414138794,
    "best_objective": 109930.0,
    "neighbors": 2400,
    "best_solution": [
        0,
        1,
        3,
        4,
        2,
        5,
        6,
        7,
        14,
        15,
        16,
        8,
        9,
        10,
        11,
        12,
        23,
        17,
        18,
        19,
        20,
        21,
        22,
        13,
        24,
        25,
        28,
        26,
        27,
        29,
        30,
        31
    ],
    "average_objectives_list": [
        137120.58823529413,
        126956.8,
        120967.4,
        118508.8,
        115994.0,
        115692.4,
        114911.8,
        113621.8,
        113618.2,
        112682.6,
        112970.2,
        112856.8,
        112940.2,
        112396.0,
        112611.0,
        112072.4,
        113599.2,
        112298.0,
        112273.0,
        112490.4,
        112417.6,
        112033.4,
        111698.8,
        111242.0,
        110939.4
    ],
    "best_objective_list": [
        127440.0,
        120030.0,
        115990.0,
        115630.0,
        115430.0,
        113430.0,
        112930.0,
        111930.0,
        111930.0,
        111630.0,
        110730.0,
        110730.0,
        110730.0,
        110730.0,
        110630.0,
        110330.0,
        110330.0,
        110330.0,
        110130.0,
        110130.0,
        110130.0,
        109930.0,
        109930.0,
        109930.0,
        109930.0
    ]
}