{
    "elapsed_time": 25.530421018600464,
    "best_objective": 108670.0,
    "neighbors": 2400,
    "best_solution": [
        2,
        4,
        5,
        6,
        10,
        16,
        1,
        12,
        14,
        15,
        3,
        19,
        20,
        0,
        7,
        8,
        9,
        11,
        13,
        26,
        18,
        21,
        22,
        17,
        23,
        24,
        25,
        27,
        28,
        29,
        30,
        31
    ],
    "average_objectives_list": [
        137270.78431372548,
        126584.2,
        120143.0,
        116710.4,
        115341.6,
        116041.8,
        115554.0,
        116153.2,
        114849.4,
        113562.6,
        112929.8,
        112206.0,
        111742.0,
        112729.0,
        112037.6,
        110882.0,
        110893.4,
        110774.0,
        110804.8,
        111122.0,
        110584.0,
        110729.4,
        110438.0,
        110128.4,
        109203.8
    ],
    "best_objective_list": [
        130030.0,
        119150.0,
        115250.0,
        115250.0,
        115050.0,
        114390.0,
        113970.0,
        113370.0,
        111770.0,
        111770.0,
        111570.0,
        111370.0,
        110770.0,
        110770.0,
        110570.0,
        110270.0,
        110170.0,
        110170.0,
        110170.0,
        109670.0,
        109670.0,
        108670.0,
        108670.0,
        108670.0,
        108670.0
    ]
}