{
    "elapsed_time": 26.744147300720215,
    "best_objective": 106230.0,
    "neighbors": 2400,
    "best_solution": [
        0,
        2,
        3,
        4,
        5,
        1,
        6,
        7,
        8,
        10,
        15,
        16,
        19,
        12,
        11,
        13,
        9,
        27,
        14,
        30,
        18,
        20,
        21,
        22,
        23,
        24,
        25,
        26,
        28,
        29,
        17,
        31
    ],
    "average_objectives_list": [
        137424.11764705883,
        128138.8,
        123096.0,
        120543.0,
        119444.8,
        119284.8,
        118478.4,
        117800.8,
        117047.8,
        115897.8,
        115553.0,
        114406.8,
        112832.6,
        111864.8,
        109718.8,
        109466.0,
        109278.0,
        109094.0,
        109736.8,
        109555.2,
        108934.0,
        109398.4,
        110064.8,
        108218.0,
        108193.4
    ],
    "best_objective_list": [
        122500.0,
        121960.0,
        119530.0,
        118860.0,
        118760.0,
        118160.0,
        117060.0,
        115860.0,
        115360.0,
        113760.0,
        112460.0,
        111960.0,
        109630.0,
        109030.0,
        109030.0,
        108630.0,
        108630.0,
        108630.0,
        106230.0,
        106230.0,
        106230.0,
        106230.0,
        106230.0,
        106230.0,
        106230.0
    ]
}