{
    "elapsed_time": 25.447243690490723,
    "best_objective": 109910.0,
    "neighbors": 2400,
    "best_solution": [
        0,
        1,
        3,
        7,
        5,
        6,
        4,
        8,
        16,
        10,
        11,
        12,
        15,
        9,
        27,
        19,
        20,
        21,
        22,
        30,
        23,
        2,
        14,
        18,
        24,
        25,
        26,
        13,
        28,
        17,
        29,
        31
    ],
    "average_objectives_list": [
        137071.17647058822,
        127781.8,
        120711.8,
        117961.0,
        116849.6,
        116463.2,
        115609.6,
        115675.6,
        115387.2,
        115589.4,
        115443.6,
        114149.2,
        114244.8,
        115129.4,
        114381.8,
        112903.8,
        112325.0,
        112483.8,
        112617.4,
        112726.0,
        111896.4,
        112904.2,
        113462.2,
        113348.0,
        114360.0
    ],
    "best_objective_list": [
        126450.0,
        119640.0,
        117020.0,
        116140.0,
        115220.0,
        114620.0,
        114510.0,
        114510.0,
        112510.0,
        112510.0,
        111510.0,
        111510.0,
        111510.0,
        111510.0,
        109910.0,
        109910.0,
        109910.0,
        109910.0,
        109910.0,
        109910.0,
        109910.0,
        109910.0,
        109910.0,
        109910.0,
        109910.0
    ]
}