{
    "elapsed_time": 25.71306800842285,
    "best_objective": 111930.0,
    "neighbors": 2400,
    "best_solution": [
        1,
        2,
        3,
        4,
        19,
        5,
        6,
        14,
        7,
        10,
        12,
        13,
        8,
        15,
        16,
        17,
        18,
        0,
        24,
        23,
        22,
        11,
        25,
        9,
        20,
        21,
        26,
        27,
        28,
        29,
        30,
        31
    ],
    "average_objectives_list": [
        136784.3137254902,
        127938.2,
        122568.2,
        119495.8,
        117886.2,
        117340.0,
        116992.0,
        116997.2,
        116488.6,
        117571.6,
        116609.2,
        117347.8,
        115854.4,
        115728.8,
        115706.8,
        114998.6,
        115321.6,
        114958.4,
        115015.8,
        114853.8,
        114507.8,
        114526.0,
        115099.2,
        114182.2,
        114615.2
    ],
    "best_objective_list": [
        126950.0,
        121850.0,
        118260.0,
        117430.0,
        116830.0,
        116230.0,
        115930.0,
        115930.0,
        115930.0,
        115930.0,
        115930.0,
        115330.0,
        113330.0,
        113330.0,
        113330.0,
        113030.0,
        113030.0,
        113030.0,
        113030.0,
        113030.0,
        111930.0,
        111930.0,
        111930.0,
        111930.0,
        111930.0
    ]
}