{
    "elapsed_time": 1.657268762588501,
    "best_objective": 16832.0,
    "best_solution": [
        2,
        8,
        3,
        10,
        0,
        7,
        1,
        4,
        6,
        5,
        9,
        11
    ],
    "average_objectives_list": [
        45443.96078431373,
        32186.32,
        25327.92,
        23055.52,
        21681.68,
        22028.0,
        20010.0,
        20331.28,
        21516.56,
        21684.76,
        23303.32
    ],
    "best_objective_list": [
        26804.0,
        21572.0,
        20750.0,
        19314.0,
        17814.0,
        17814.0,
        17814.0,
        17814.0,
        17814.0,
        16832.0,
        16832.0
    ]
}