{
    "elapsed_time": 1.6680891513824463,
    "best_objective": 18554.0,
    "best_solution": [
        0,
        2,
        3,
        10,
        7,
        8,
        4,
        5,
        11,
        1,
        9,
        6
    ],
    "average_objectives_list": [
        44182.98039215686,
        31796.56,
        26298.48,
        21245.56,
        21180.92,
        23226.0,
        22019.4,
        21886.2,
        19983.44,
        21073.44,
        20501.96
    ],
    "best_objective_list": [
        28176.0,
        20980.0,
        20980.0,
        20980.0,
        19778.0,
        19778.0,
        19778.0,
        19778.0,
        19778.0,
        19778.0,
        18554.0
    ]
}