{
    "elapsed_time": 3.3568742275238037,
    "best_objective": 12968.0,
    "best_solution": [
        0,
        4,
        3,
        2,
        5,
        7,
        1,
        10,
        6,
        8,
        9,
        11
    ],
    "average_objectives_list": [
        45452.901960784315,
        30527.84,
        22729.36,
        17431.36,
        16997.76,
        13676.0,
        13838.0,
        13576.88,
        13436.0,
        13279.52,
        13215.08,
        13251.2,
        13209.2,
        15112.84,
        13435.12,
        13480.12,
        14157.44,
        14199.2,
        13209.44,
        15375.36,
        13405.88
    ],
    "best_objective_list": [
        27272.0,
        19544.0,
        16120.0,
        13676.0,
        13676.0,
        13676.0,
        12968.0,
        12968.0,
        12968.0,
        12968.0,
        12968.0,
        12968.0,
        12968.0,
        12968.0,
        12968.0,
        12968.0,
        12968.0,
        12968.0,
        12968.0,
        12968.0,
        12968.0
    ]
}