{
    "elapsed_time": 6.610848665237427,
    "best_objective": 12968.0,
    "best_solution": [
        0,
        4,
        3,
        2,
        5,
        7,
        1,
        10,
        6,
        8,
        9,
        11
    ],
    "average_objectives_list": [
        45904.98039215686,
        32128.28,
        27112.04,
        25208.16,
        23891.88,
        21547.04,
        23776.68,
        22316.32,
        21676.4,
        20688.28,
        20719.96,
        22095.36,
        20594.4,
        22838.56,
        20222.6,
        21198.84,
        21627.84,
        21434.24,
        20807.4,
        19975.36,
        20057.4,
        21823.8,
        21522.08,
        21035.88,
        21186.4,
        20568.0,
        18761.12,
        19464.92,
        19541.44,
        17929.56,
        13676.0,
        13884.76,
        14128.4,
        13493.36,
        13293.68,
        13265.84,
        13771.96,
        13308.56,
        14937.56,
        13748.56,
        13687.92
    ],
    "best_objective_list": [
        27136.0,
        21866.0,
        21866.0,
        21470.0,
        21470.0,
        20514.0,
        20514.0,
        20514.0,
        19526.0,
        19526.0,
        19526.0,
        19526.0,
        19526.0,
        19526.0,
        19526.0,
        19526.0,
        19526.0,
        19526.0,
        19526.0,
        19526.0,
        19526.0,
        19526.0,
        19526.0,
        19526.0,
        17576.0,
        17576.0,
        17576.0,
        17576.0,
        13676.0,
        13676.0,
        13676.0,
        12968.0,
        12968.0,
        12968.0,
        12968.0,
        12968.0,
        12968.0,
        12968.0,
        12968.0,
        12968.0,
        12968.0
    ]
}