{
    "elapsed_time": 3.3296587467193604,
    "best_objective": 17038.0,
    "best_solution": [
        1,
        4,
        10,
        7,
        8,
        9,
        0,
        2,
        6,
        5,
        11,
        3
    ],
    "average_objectives_list": [
        43390.666666666664,
        31056.2,
        28360.88,
        24476.28,
        22572.12,
        21626.92,
        20186.92,
        20223.16,
        19246.0,
        20048.64,
        19800.96,
        19640.88,
        19432.76,
        19226.88,
        19102.0,
        20202.32,
        20745.12,
        19474.44,
        20223.76,
        20583.24,
        19475.48
    ],
    "best_objective_list": [
        24492.0,
        24492.0,
        22540.0,
        21926.0,
        19630.0,
        19246.0,
        19246.0,
        19246.0,
        19246.0,
        19246.0,
        18526.0,
        18526.0,
        18526.0,
        18448.0,
        18448.0,
        18186.0,
        18186.0,
        18186.0,
        18186.0,
        17038.0,
        17038.0
    ]
}