{
    "elapsed_time": 6.614171028137207,
    "best_objective": 12906.0,
    "best_solution": [
        3,
        10,
        4,
        11,
        0,
        9,
        1,
        2,
        6,
        5,
        7,
        8
    ],
    "average_objectives_list": [
        45744.117647058825,
        31848.32,
        26922.28,
        23543.44,
        23188.52,
        22133.48,
        21761.64,
        22182.4,
        21467.36,
        21987.6,
        21974.88,
        21834.6,
        21453.12,
        20609.96,
        20224.12,
        19652.16,
        22417.64,
        20500.8,
        18178.68,
        19095.84,
        19884.2,
        20564.96,
        18932.96,
        18884.52,
        18465.48,
        18753.4,
        19969.12,
        17538.32,
        21106.32,
        18983.84,
        20399.44,
        20612.92,
        17742.96,
        18865.44,
        18811.0,
        16525.76,
        15216.12,
        18407.52,
        18357.6,
        18982.44,
        17538.28
    ],
    "best_objective_list": [
        30312.0,
        24206.0,
        22642.0,
        15544.0,
        15544.0,
        15544.0,
        15544.0,
        15544.0,
        15544.0,
        15544.0,
        15544.0,
        15310.0,
        15230.0,
        15230.0,
        15230.0,
        15230.0,
        15230.0,
        15230.0,
        13638.0,
        13638.0,
        13638.0,
        13638.0,
        13638.0,
        13638.0,
        13638.0,
        13638.0,
        13638.0,
        13638.0,
        13638.0,
        13638.0,
        13638.0,
        13638.0,
        13638.0,
        12906.0,
        12906.0,
        12906.0,
        12906.0,
        12906.0,
        12906.0,
        12906.0,
        12906.0
    ]
}