{
    "elapsed_time": 3.1989338397979736,
    "best_objective": 11908.0,
    "best_solution": [
        5,
        3,
        8,
        2,
        10,
        7,
        1,
        4,
        6,
        0,
        9,
        11
    ],
    "average_objectives_list": [
        44295.6129032258,
        27928.666666666668,
        21761.466666666667,
        19311.666666666668,
        16371.866666666667,
        18245.8,
        17169.066666666666,
        17748.066666666666,
        16768.266666666666,
        18041.666666666668,
        15157.733333333334,
        16223.8,
        15384.266666666666,
        18503.266666666666,
        17854.8,
        17597.2,
        17998.8,
        15839.533333333333,
        15694.933333333332,
        13983.066666666668,
        15093.066666666668
    ],
    "best_objective_list": [
        27842.0,
        19768.0,
        19768.0,
        15598.0,
        15586.0,
        15586.0,
        14878.0,
        14878.0,
        14878.0,
        14878.0,
        14878.0,
        14878.0,
        14798.0,
        14798.0,
        14798.0,
        14798.0,
        12998.0,
        12998.0,
        12998.0,
        12998.0,
        11908.0
    ]
}