{
    "elapsed_time": 3.740119695663452,
    "best_objective": 18556.0,
    "best_solution": [
        1,
        3,
        6,
        5,
        7,
        8,
        0,
        11,
        4,
        2,
        9,
        10
    ],
    "average_objectives_list": [
        45489.069306930694,
        34630.36,
        30973.96,
        26512.44,
        24816.12,
        24277.1,
        26235.26,
        26489.16,
        25421.5,
        23733.46,
        24255.72,
        24839.76,
        23854.3,
        25137.58,
        23840.28,
        26893.26,
        26258.82,
        25389.46,
        23862.18,
        23522.62,
        23250.84
    ],
    "best_objective_list": [
        26432.0,
        21592.0,
        21592.0,
        21592.0,
        20628.0,
        20616.0,
        20616.0,
        19176.0,
        19176.0,
        19176.0,
        19176.0,
        19176.0,
        19176.0,
        19176.0,
        19176.0,
        19176.0,
        19176.0,
        18960.0,
        18556.0,
        18556.0,
        18556.0
    ]
}