{
    "elapsed_time": 3.1298680305480957,
    "best_objective": 16766.0,
    "best_solution": [
        11,
        3,
        1,
        0,
        5,
        4,
        6,
        7,
        2,
        9,
        8,
        10
    ],
    "average_objectives_list": [
        44586.0,
        29745.2,
        22995.6,
        20376.4,
        20158.733333333334,
        20052.6,
        19567.666666666668,
        19794.533333333333,
        19181.666666666668,
        19000.533333333333,
        19195.4,
        18022.733333333334,
        18715.333333333332,
        19131.4,
        19766.266666666666,
        19292.4,
        20148.533333333333,
        21511.4,
        20288.933333333334,
        18909.933333333334,
        18932.133333333335
    ],
    "best_objective_list": [
        27914.0,
        21204.0,
        18562.0,
        18562.0,
        16766.0,
        16766.0,
        16766.0,
        16766.0,
        16766.0,
        16766.0,
        16766.0,
        16766.0,
        16766.0,
        16766.0,
        16766.0,
        16766.0,
        16766.0,
        16766.0,
        16766.0,
        16766.0,
        16766.0
    ]
}