{
    "elapsed_time": 1.6679251194000244,
    "best_objective": 15612.0,
    "best_solution": [
        0,
        4,
        10,
        7,
        8,
        9,
        1,
        3,
        2,
        5,
        11,
        6
    ],
    "average_objectives_list": [
        45477.294117647056,
        31946.92,
        28319.72,
        23280.04,
        22341.64,
        21987.8,
        21815.68,
        21611.16,
        21345.28,
        20777.56,
        21808.0
    ],
    "best_objective_list": [
        30310.0,
        22860.0,
        22540.0,
        21926.0,
        21704.0,
        20892.0,
        20892.0,
        19710.0,
        19710.0,
        18440.0,
        15612.0
    ]
}