{
    "elapsed_time": 3.6942241191864014,
    "best_objective": 18512.0,
    "best_solution": [
        2,
        10,
        0,
        1,
        4,
        5,
        6,
        7,
        8,
        3,
        9,
        11
    ],
    "average_objectives_list": [
        43178.09900990099,
        35786.14,
        33793.88,
        31038.62,
        29632.8,
        27867.48,
        26377.3,
        27008.54,
        25921.04,
        27536.06,
        28147.72,
        27896.9,
        28020.08,
        27414.8,
        28385.64,
        26810.6,
        27770.18,
        27275.36,
        27388.86,
        27669.96,
        29067.5
    ],
    "best_objective_list": [
        25216.0,
        24634.0,
        23752.0,
        22904.0,
        21066.0,
        20134.0,
        20134.0,
        19790.0,
        19790.0,
        19790.0,
        19790.0,
        19434.0,
        19434.0,
        19434.0,
        19434.0,
        19434.0,
        19434.0,
        19434.0,
        18512.0,
        18512.0,
        18512.0
    ]
}