{
    "elapsed_time": 3.3562042713165283,
    "best_objective": 16478.0,
    "best_solution": [
        1,
        2,
        3,
        0,
        11,
        4,
        5,
        10,
        6,
        8,
        9,
        7
    ],
    "average_objectives_list": [
        43964.35294117647,
        31812.6,
        26211.96,
        23667.52,
        22407.84,
        22683.12,
        21321.48,
        21124.72,
        21066.28,
        19752.8,
        21780.16,
        19851.92,
        24813.64,
        22128.4,
        20589.76,
        21300.0,
        21689.32,
        18968.12,
        18346.08,
        21194.72,
        21823.04
    ],
    "best_objective_list": [
        26922.0,
        23214.0,
        21538.0,
        18332.0,
        18332.0,
        17766.0,
        17766.0,
        17766.0,
        17766.0,
        17766.0,
        17766.0,
        17766.0,
        17766.0,
        17766.0,
        17766.0,
        16478.0,
        16478.0,
        16478.0,
        16478.0,
        16478.0,
        16478.0
    ]
}