{
    "elapsed_time": 1.6795001029968262,
    "best_objective": 19402.0,
    "best_solution": [
        0,
        2,
        3,
        4,
        5,
        10,
        1,
        9,
        6,
        7,
        8,
        11
    ],
    "average_objectives_list": [
        45099.92156862745,
        32214.0,
        25261.68,
        22664.96,
        22180.88,
        22725.04,
        22251.44,
        21938.16,
        20336.72,
        19432.64,
        19402.0
    ],
    "best_objective_list": [
        26320.0,
        23330.0,
        22210.0,
        21752.0,
        21752.0,
        21752.0,
        19402.0,
        19402.0,
        19402.0,
        19402.0,
        19402.0
    ]
}