{
    "elapsed_time": 3.1624696254730225,
    "best_objective": 13906.0,
    "best_solution": [
        5,
        10,
        4,
        7,
        0,
        9,
        1,
        2,
        3,
        6,
        11,
        8
    ],
    "average_objectives_list": [
        45263.8064516129,
        31561.133333333335,
        27423.0,
        24079.466666666667,
        22615.333333333332,
        20065.733333333334,
        17494.0,
        17852.0,
        17616.133333333335,
        17358.933333333334,
        18917.333333333332,
        20915.666666666668,
        16823.466666666667,
        17761.066666666666,
        19365.133333333335,
        18526.0,
        19030.533333333333,
        17620.066666666666,
        17579.6,
        16979.133333333335,
        18062.8
    ],
    "best_objective_list": [
        29050.0,
        24488.0,
        23378.0,
        22108.0,
        17494.0,
        17494.0,
        17494.0,
        17464.0,
        16744.0,
        15644.0,
        15644.0,
        15644.0,
        15498.0,
        15498.0,
        13906.0,
        13906.0,
        13906.0,
        13906.0,
        13906.0,
        13906.0,
        13906.0
    ]
}