{
    "elapsed_time": 3.17175030708313,
    "best_objective": 14408.0,
    "best_solution": [
        0,
        8,
        6,
        3,
        2,
        7,
        4,
        5,
        10,
        1,
        9,
        11
    ],
    "average_objectives_list": [
        47188.709677419356,
        26714.133333333335,
        19161.733333333334,
        16159.066666666668,
        15702.266666666666,
        15420.666666666666,
        15374.6,
        15675.066666666668,
        15617.733333333334,
        15085.066666666668,
        15206.466666666667,
        16285.8,
        15890.666666666666,
        17076.2,
        15671.866666666667,
        15626.533333333333,
        15567.466666666667,
        16289.866666666667,
        16568.466666666667,
        16064.8,
        15247.933333333332
    ],
    "best_objective_list": [
        24006.0,
        18624.0,
        14908.0,
        14908.0,
        14908.0,
        14908.0,
        14908.0,
        14908.0,
        14408.0,
        14408.0,
        14408.0,
        14408.0,
        14408.0,
        14408.0,
        14408.0,
        14408.0,
        14408.0,
        14408.0,
        14408.0,
        14408.0,
        14408.0
    ]
}