{
    "elapsed_time": 6.603129863739014,
    "best_objective": 16150.0,
    "best_solution": [
        1,
        4,
        10,
        6,
        8,
        9,
        0,
        2,
        3,
        5,
        7,
        11
    ],
    "average_objectives_list": [
        45386.62745098039,
        31301.36,
        27711.32,
        24582.56,
        22763.48,
        22159.8,
        20316.0,
        20268.76,
        19700.56,
        20064.96,
        19388.2,
        19846.12,
        22457.0,
        19866.2,
        20367.56,
        18450.4,
        19299.96,
        20585.68,
        19988.72,
        19176.76,
        18271.64,
        18962.0,
        20818.96,
        21269.0,
        20492.52,
        21141.72,
        19096.32,
        18333.68,
        17445.64,
        21256.48,
        17723.92,
        17552.88,
        18573.6,
        18983.6,
        18978.44,
        17804.88,
        17805.52,
        20050.88,
        18671.96,
        18639.44,
        17771.52
    ],
    "best_objective_list": [
        25344.0,
        24810.0,
        22174.0,
        20316.0,
        20316.0,
        20316.0,
        20316.0,
        17954.0,
        17954.0,
        17954.0,
        17954.0,
        17954.0,
        17954.0,
        17954.0,
        17954.0,
        17954.0,
        17954.0,
        17954.0,
        17954.0,
        17954.0,
        17954.0,
        17954.0,
        17954.0,
        16150.0,
        16150.0,
        16150.0,
        16150.0,
        16150.0,
        16150.0,
        16150.0,
        16150.0,
        16150.0,
        16150.0,
        16150.0,
        16150.0,
        16150.0,
        16150.0,
        16150.0,
        16150.0,
        16150.0,
        16150.0
    ]
}