{
    "elapsed_time": 3.3213956356048584,
    "best_objective": 16246.0,
    "best_solution": [
        0,
        11,
        3,
        4,
        5,
        6,
        1,
        7,
        8,
        9,
        2,
        10
    ],
    "average_objectives_list": [
        44118.470588235294,
        28926.88,
        23799.8,
        21759.68,
        20642.6,
        20467.04,
        18920.0,
        17361.04,
        17956.0,
        17107.16,
        19538.2,
        19974.08,
        18827.48,
        17512.48,
        18566.64,
        18142.64,
        18198.28,
        18054.24,
        19717.84,
        18291.92,
        17967.56
    ],
    "best_objective_list": [
        22762.0,
        20520.0,
        16246.0,
        16246.0,
        16246.0,
        16246.0,
        16246.0,
        16246.0,
        16246.0,
        16246.0,
        16246.0,
        16246.0,
        16246.0,
        16246.0,
        16246.0,
        16246.0,
        16246.0,
        16246.0,
        16246.0,
        16246.0,
        16246.0
    ]
}