{
    "elapsed_time": 1.64052152633667,
    "best_objective": 16052.0,
    "best_solution": [
        11,
        10,
        1,
        5,
        0,
        3,
        4,
        7,
        8,
        9,
        2,
        6
    ],
    "average_objectives_list": [
        45208.74509803922,
        34183.12,
        28894.4,
        24557.72,
        23564.8,
        25110.8,
        23334.64,
        20768.04,
        21809.64,
        22915.44,
        21819.88
    ],
    "best_objective_list": [
        32938.0,
        25700.0,
        23908.0,
        20772.0,
        16630.0,
        16630.0,
        16630.0,
        16630.0,
        16052.0,
        16052.0,
        16052.0
    ]
}