{
    "elapsed_time": 3.7559778690338135,
    "best_objective": 15082.0,
    "best_solution": [
        5,
        4,
        10,
        7,
        8,
        9,
        1,
        3,
        2,
        0,
        11,
        6
    ],
    "average_objectives_list": [
        45769.24752475248,
        35503.94,
        30416.92,
        29266.58,
        28382.76,
        27503.58,
        26806.0,
        26472.5,
        23179.98,
        23049.14,
        24054.74,
        23627.14,
        22287.1,
        23141.98,
        22918.98,
        19686.98,
        22796.14,
        21573.4,
        23832.86,
        21371.08,
        21719.7
    ],
    "best_objective_list": [
        28356.0,
        25100.0,
        20850.0,
        20850.0,
        20850.0,
        19710.0,
        19710.0,
        19710.0,
        19710.0,
        19710.0,
        18440.0,
        15612.0,
        15532.0,
        15532.0,
        15532.0,
        15532.0,
        15532.0,
        15082.0,
        15082.0,
        15082.0,
        15082.0
    ]
}