{
    "elapsed_time": 3.7947285175323486,
    "best_objective": 13260.0,
    "best_solution": [
        2,
        6,
        4,
        7,
        0,
        9,
        1,
        3,
        8,
        5,
        11,
        10
    ],
    "average_objectives_list": [
        45262.91089108911,
        33450.26,
        29127.34,
        26242.9,
        26203.62,
        26805.62,
        25274.66,
        25314.96,
        25473.98,
        24922.42,
        25279.78,
        24058.62,
        24499.14,
        26062.72,
        22298.42,
        21500.2,
        23621.08,
        22847.66,
        25919.76,
        22631.78,
        23876.64
    ],
    "best_objective_list": [
        20052.0,
        17596.0,
        15000.0,
        14928.0,
        14928.0,
        14928.0,
        14020.0,
        14020.0,
        14020.0,
        14020.0,
        14020.0,
        14020.0,
        14020.0,
        14020.0,
        14020.0,
        14020.0,
        14020.0,
        14020.0,
        14020.0,
        13260.0,
        13260.0
    ]
}