{
    "elapsed_time": 3.3147318363189697,
    "best_objective": 12460.0,
    "best_solution": [
        8,
        6,
        4,
        10,
        0,
        7,
        1,
        3,
        2,
        5,
        9,
        11
    ],
    "average_objectives_list": [
        42983.686274509804,
        31393.44,
        29279.56,
        27696.48,
        27850.96,
        27120.36,
        26745.64,
        26631.0,
        24625.56,
        25334.6,
        22103.08,
        21692.2,
        21898.04,
        22302.68,
        20097.16,
        19444.52,
        20163.24,
        20393.8,
        19424.72,
        18995.48,
        21350.56
    ],
    "best_objective_list": [
        24584.0,
        24584.0,
        23926.0,
        23006.0,
        22680.0,
        22680.0,
        15914.0,
        15914.0,
        15914.0,
        15914.0,
        13558.0,
        13558.0,
        13558.0,
        13558.0,
        13558.0,
        13546.0,
        12522.0,
        12522.0,
        12522.0,
        12522.0,
        12460.0
    ]
}