{
    "elapsed_time": 3.7340149879455566,
    "best_objective": 12206.0,
    "best_solution": [
        6,
        10,
        11,
        5,
        9,
        1,
        2,
        3,
        8,
        7,
        0,
        4
    ],
    "average_objectives_list": [
        44512.41584158416,
        32771.14,
        30196.38,
        33153.08,
        31918.04,
        34026.32,
        33034.76,
        30357.5,
        32458.56,
        30222.78,
        29674.76,
        30000.94,
        27826.84,
        27818.2,
        28580.02,
        28371.88,
        26716.02,
        28479.66,
        24216.0,
        26729.16,
        26478.3
    ],
    "best_objective_list": [
        21470.0,
        20222.0,
        20222.0,
        20222.0,
        20222.0,
        20222.0,
        20102.0,
        15446.0,
        15446.0,
        15446.0,
        15446.0,
        15446.0,
        12206.0,
        12206.0,
        12206.0,
        12206.0,
        12206.0,
        12206.0,
        12206.0,
        12206.0,
        12206.0
    ]
}