{
    "elapsed_time": 1.6690223217010498,
    "best_objective": 16118.0,
    "best_solution": [
        8,
        6,
        7,
        9,
        1,
        11,
        10,
        4,
        2,
        5,
        0,
        3
    ],
    "average_objectives_list": [
        44295.37254901961,
        31019.8,
        25673.76,
        22933.0,
        20937.28,
        21017.76,
        25198.4,
        22191.6,
        23225.96,
        21224.92,
        23016.6
    ],
    "best_objective_list": [
        23900.0,
        21742.0,
        17672.0,
        17672.0,
        17046.0,
        17046.0,
        17046.0,
        17046.0,
        17046.0,
        16118.0,
        16118.0
    ]
}