{
    "elapsed_time": 1.6764700412750244,
    "best_objective": 16206.0,
    "best_solution": [
        3,
        4,
        1,
        0,
        5,
        9,
        8,
        2,
        10,
        6,
        7,
        11
    ],
    "average_objectives_list": [
        45031.529411764706,
        30854.04,
        26935.44,
        25121.0,
        24583.04,
        22994.84,
        20087.28,
        24083.56,
        21566.64,
        24267.04,
        21807.88
    ],
    "best_objective_list": [
        21544.0,
        21544.0,
        16464.0,
        16206.0,
        16206.0,
        16206.0,
        16206.0,
        16206.0,
        16206.0,
        16206.0,
        16206.0
    ]
}