{
    "elapsed_time": 1.664079189300537,
    "best_objective": 16458.0,
    "best_solution": [
        0,
        3,
        10,
        8,
        7,
        11,
        1,
        4,
        6,
        5,
        9,
        2
    ],
    "average_objectives_list": [
        48064.43137254902,
        34807.88,
        28631.32,
        24698.16,
        22824.68,
        19519.32,
        19905.56,
        20921.48,
        19752.72,
        19743.76,
        19383.64
    ],
    "best_objective_list": [
        30864.0,
        19726.0,
        19726.0,
        17232.0,
        17232.0,
        17206.0,
        17206.0,
        17206.0,
        17206.0,
        17206.0,
        16458.0
    ]
}