{
    "elapsed_time": 3.346679449081421,
    "best_objective": 18742.0,
    "best_solution": [
        1,
        8,
        3,
        5,
        7,
        6,
        9,
        4,
        11,
        0,
        2,
        10
    ],
    "average_objectives_list": [
        47020.58823529412,
        30981.64,
        24618.72,
        21284.8,
        23362.8,
        20981.2,
        23011.56,
        24205.8,
        23467.4,
        23515.72,
        22237.44,
        24555.44,
        23440.6,
        22079.4,
        21158.08,
        22609.32,
        23028.04,
        23237.88,
        23680.24,
        23668.44,
        22857.72
    ],
    "best_objective_list": [
        29002.0,
        20776.0,
        20776.0,
        20680.0,
        20680.0,
        20310.0,
        20310.0,
        20310.0,
        18742.0,
        18742.0,
        18742.0,
        18742.0,
        18742.0,
        18742.0,
        18742.0,
        18742.0,
        18742.0,
        18742.0,
        18742.0,
        18742.0,
        18742.0
    ]
}