{
    "elapsed_time": 6.576679229736328,
    "best_objective": 15964.0,
    "best_solution": [
        0,
        8,
        3,
        1,
        7,
        5,
        4,
        6,
        10,
        2,
        9,
        11
    ],
    "average_objectives_list": [
        44388.27450980392,
        33108.12,
        26714.4,
        22389.44,
        21504.32,
        19206.76,
        18347.48,
        17839.92,
        19843.68,
        21200.76,
        21219.8,
        21028.16,
        19066.16,
        19267.04,
        19599.72,
        20987.76,
        21321.04,
        22382.72,
        19714.68,
        18260.88,
        20649.12,
        21009.24,
        20015.68,
        20725.48,
        20633.56,
        20382.84,
        19208.72,
        19818.84,
        19971.88,
        21564.28,
        19976.6,
        19172.64,
        20084.48,
        21335.92,
        18393.48,
        20297.48,
        19870.12,
        20291.0,
        21883.16,
        20631.0,
        18937.88
    ],
    "best_objective_list": [
        26926.0,
        20374.0,
        17942.0,
        16720.0,
        15964.0,
        15964.0,
        15964.0,
        15964.0,
        15964.0,
        15964.0,
        15964.0,
        15964.0,
        15964.0,
        15964.0,
        15964.0,
        15964.0,
        15964.0,
        15964.0,
        15964.0,
        15964.0,
        15964.0,
        15964.0,
        15964.0,
        15964.0,
        15964.0,
        15964.0,
        15964.0,
        15964.0,
        15964.0,
        15964.0,
        15964.0,
        15964.0,
        15964.0,
        15964.0,
        15964.0,
        15964.0,
        15964.0,
        15964.0,
        15964.0,
        15964.0,
        15964.0
    ]
}