{
    "elapsed_time": 6.592304706573486,
    "best_objective": 16790.0,
    "best_solution": [
        0,
        2,
        3,
        4,
        5,
        10,
        1,
        9,
        11,
        7,
        8,
        6
    ],
    "average_objectives_list": [
        44200.470588235294,
        31974.16,
        26322.84,
        21579.44,
        19764.28,
        19182.88,
        18020.84,
        18168.84,
        17820.76,
        17683.28,
        17496.08,
        18039.96,
        18288.52,
        17976.64,
        17312.4,
        19080.0,
        17530.0,
        17627.2,
        18196.24,
        18992.24,
        17685.96,
        17659.24,
        18069.52,
        17474.4,
        17949.12,
        17552.0,
        17998.32,
        19153.88,
        17767.48,
        18454.76,
        18487.12,
        17276.72,
        19373.44,
        18849.8,
        17779.64,
        17470.48,
        17670.96,
        18139.76,
        18115.8,
        17629.64,
        17691.48
    ],
    "best_objective_list": [
        30732.0,
        18978.0,
        18978.0,
        18978.0,
        16790.0,
        16790.0,
        16790.0,
        16790.0,
        16790.0,
        16790.0,
        16790.0,
        16790.0,
        16790.0,
        16790.0,
        16790.0,
        16790.0,
        16790.0,
        16790.0,
        16790.0,
        16790.0,
        16790.0,
        16790.0,
        16790.0,
        16790.0,
        16790.0,
        16790.0,
        16790.0,
        16790.0,
        16790.0,
        16790.0,
        16790.0,
        16790.0,
        16790.0,
        16790.0,
        16790.0,
        16790.0,
        16790.0,
        16790.0,
        16790.0,
        16790.0,
        16790.0
    ]
}