{
    "elapsed_time": 3.325685739517212,
    "best_objective": 15290.0,
    "best_solution": [
        0,
        3,
        11,
        4,
        9,
        8,
        7,
        5,
        2,
        1,
        10,
        6
    ],
    "average_objectives_list": [
        44654.82352941176,
        32801.68,
        26897.96,
        23983.2,
        21113.96,
        20387.28,
        21985.52,
        20980.0,
        21778.56,
        22433.28,
        21223.12,
        23126.0,
        22638.96,
        21096.8,
        21003.04,
        19985.8,
        21185.52,
        22257.0,
        21109.28,
        20826.4,
        19808.8
    ],
    "best_objective_list": [
        28150.0,
        21854.0,
        18120.0,
        18008.0,
        18008.0,
        18008.0,
        18008.0,
        17048.0,
        17048.0,
        17048.0,
        17048.0,
        17048.0,
        17048.0,
        16532.0,
        16532.0,
        16532.0,
        16532.0,
        16532.0,
        15290.0,
        15290.0,
        15290.0
    ]
}