{
    "elapsed_time": 1.6549015045166016,
    "best_objective": 12970.0,
    "best_solution": [
        8,
        3,
        5,
        7,
        1,
        9,
        0,
        10,
        2,
        4,
        11,
        6
    ],
    "average_objectives_list": [
        44314.549019607846,
        30372.72,
        23328.88,
        19327.64,
        20254.64,
        18477.08,
        16723.68,
        15693.24,
        13410.84,
        18037.4,
        17327.48
    ],
    "best_objective_list": [
        23846.0,
        17522.0,
        17522.0,
        15422.0,
        13192.0,
        13192.0,
        13192.0,
        13192.0,
        12970.0,
        12970.0,
        12970.0
    ]
}