{
    "elapsed_time": 3.3556244373321533,
    "best_objective": 12478.0,
    "best_solution": [
        1,
        3,
        10,
        8,
        4,
        7,
        0,
        11,
        2,
        5,
        9,
        6
    ],
    "average_objectives_list": [
        44341.56862745098,
        29887.88,
        24267.48,
        22534.88,
        21912.24,
        19183.64,
        21218.04,
        18712.2,
        21407.92,
        19812.64,
        20019.08,
        20194.36,
        18067.6,
        20193.24,
        18790.84,
        20410.8,
        19906.56,
        18596.08,
        18018.4,
        16184.8,
        16319.56
    ],
    "best_objective_list": [
        21828.0,
        21828.0,
        15818.0,
        15392.0,
        15392.0,
        15392.0,
        15302.0,
        15302.0,
        15302.0,
        15302.0,
        15302.0,
        15302.0,
        15302.0,
        15302.0,
        15302.0,
        12478.0,
        12478.0,
        12478.0,
        12478.0,
        12478.0,
        12478.0
    ]
}