{
    "elapsed_time": 3.1649904251098633,
    "best_objective": 15612.0,
    "best_solution": [
        11,
        10,
        5,
        2,
        1,
        4,
        9,
        3,
        8,
        7,
        0,
        6
    ],
    "average_objectives_list": [
        42637.354838709674,
        29286.533333333333,
        23863.933333333334,
        22668.8,
        21938.133333333335,
        23726.266666666666,
        21856.333333333332,
        23579.466666666667,
        22662.866666666665,
        21599.066666666666,
        22627.933333333334,
        20455.8,
        20128.866666666665,
        19928.4,
        21124.2,
        22294.133333333335,
        21752.0,
        22784.533333333333,
        22464.733333333334,
        21011.066666666666,
        19667.733333333334
    ],
    "best_objective_list": [
        29278.0,
        20688.0,
        20688.0,
        20688.0,
        20688.0,
        20688.0,
        20688.0,
        20688.0,
        20688.0,
        18688.0,
        18688.0,
        17844.0,
        17844.0,
        17844.0,
        17640.0,
        17640.0,
        17640.0,
        17640.0,
        17640.0,
        17640.0,
        15612.0
    ]
}