{
    "elapsed_time": 3.710523843765259,
    "best_objective": 14444.0,
    "best_solution": [
        1,
        3,
        6,
        2,
        8,
        7,
        0,
        10,
        4,
        5,
        9,
        11
    ],
    "average_objectives_list": [
        45112.89108910891,
        34219.06,
        30126.16,
        27125.74,
        25849.5,
        25456.74,
        26735.54,
        26196.1,
        25902.38,
        23818.8,
        24174.16,
        25872.98,
        26378.3,
        23291.4,
        23221.86,
        27346.08,
        23939.74,
        22199.08,
        23699.62,
        23550.7,
        24328.36
    ],
    "best_objective_list": [
        24178.0,
        20746.0,
        19836.0,
        19836.0,
        17612.0,
        17612.0,
        17612.0,
        17612.0,
        17612.0,
        17612.0,
        17612.0,
        17404.0,
        17404.0,
        17404.0,
        17404.0,
        17404.0,
        17404.0,
        17404.0,
        16460.0,
        14444.0,
        14444.0
    ]
}