{
    "elapsed_time": 3.1114749908447266,
    "best_objective": 16246.0,
    "best_solution": [
        0,
        11,
        3,
        4,
        5,
        6,
        1,
        7,
        8,
        9,
        2,
        10
    ],
    "average_objectives_list": [
        45544.903225806454,
        29561.333333333332,
        22895.0,
        18932.466666666667,
        16747.066666666666,
        19053.333333333332,
        16246.0,
        16872.666666666668,
        17813.666666666668,
        17556.6,
        17192.8,
        16353.466666666667,
        16283.333333333334,
        18582.066666666666,
        16246.0,
        16546.0,
        16353.466666666667,
        16413.466666666667,
        16246.0,
        17757.266666666666,
        16890.8
    ],
    "best_objective_list": [
        31810.0,
        23342.0,
        16246.0,
        16246.0,
        16246.0,
        16246.0,
        16246.0,
        16246.0,
        16246.0,
        16246.0,
        16246.0,
        16246.0,
        16246.0,
        16246.0,
        16246.0,
        16246.0,
        16246.0,
        16246.0,
        16246.0,
        16246.0,
        16246.0
    ]
}