{
    "elapsed_time": 3.3196792602539062,
    "best_objective": 13676.0,
    "best_solution": [
        0,
        2,
        3,
        4,
        5,
        7,
        1,
        10,
        6,
        8,
        9,
        11
    ],
    "average_objectives_list": [
        44636.39215686275,
        30617.68,
        27059.52,
        23242.08,
        21685.4,
        21685.16,
        18510.04,
        14055.4,
        17536.36,
        15187.32,
        15223.84,
        16769.96,
        16166.88,
        16208.04,
        14481.76,
        15156.16,
        15079.04,
        13676.0,
        14187.64,
        14808.28,
        15470.88
    ],
    "best_objective_list": [
        26768.0,
        23122.0,
        20932.0,
        19500.0,
        19500.0,
        13676.0,
        13676.0,
        13676.0,
        13676.0,
        13676.0,
        13676.0,
        13676.0,
        13676.0,
        13676.0,
        13676.0,
        13676.0,
        13676.0,
        13676.0,
        13676.0,
        13676.0,
        13676.0
    ]
}