{
    "elapsed_time": 1.6764447689056396,
    "best_objective": 17860.0,
    "best_solution": [
        0,
        3,
        2,
        4,
        7,
        8,
        9,
        5,
        6,
        1,
        10,
        11
    ],
    "average_objectives_list": [
        46486.470588235294,
        31073.6,
        27075.2,
        24173.28,
        24241.68,
        23683.76,
        22512.88,
        21846.36,
        21742.16,
        19417.44,
        20751.6
    ],
    "best_objective_list": [
        26574.0,
        23248.0,
        21430.0,
        20866.0,
        20866.0,
        20866.0,
        20748.0,
        20748.0,
        19120.0,
        17860.0,
        17860.0
    ]
}