{
    "elapsed_time": 6.605860710144043,
    "best_objective": 14980.0,
    "best_solution": [
        9,
        10,
        5,
        11,
        1,
        6,
        7,
        4,
        2,
        8,
        0,
        3
    ],
    "average_objectives_list": [
        43505.490196078434,
        30018.84,
        27850.64,
        23831.84,
        22645.4,
        26438.0,
        26128.08,
        24915.96,
        25589.28,
        26925.6,
        25199.76,
        23623.72,
        23793.2,
        23029.88,
        21920.6,
        24264.52,
        24604.52,
        24429.96,
        22518.12,
        23040.12,
        25319.12,
        23853.76,
        24766.52,
        24115.0,
        25484.04,
        23272.76,
        21720.4,
        22601.24,
        23850.4,
        23851.8,
        21477.76,
        21053.28,
        25531.8,
        24685.48,
        22986.92,
        22953.92,
        22285.12,
        21839.84,
        23625.12,
        20139.48,
        23474.76
    ],
    "best_objective_list": [
        22648.0,
        18616.0,
        18616.0,
        18616.0,
        18616.0,
        18616.0,
        16354.0,
        16354.0,
        16354.0,
        16354.0,
        16354.0,
        16354.0,
        16354.0,
        16354.0,
        16354.0,
        15382.0,
        15382.0,
        15382.0,
        14980.0,
        14980.0,
        14980.0,
        14980.0,
        14980.0,
        14980.0,
        14980.0,
        14980.0,
        14980.0,
        14980.0,
        14980.0,
        14980.0,
        14980.0,
        14980.0,
        14980.0,
        14980.0,
        14980.0,
        14980.0,
        14980.0,
        14980.0,
        14980.0,
        14980.0,
        14980.0
    ]
}