{
    "elapsed_time": 1.685227632522583,
    "best_objective": 16896.0,
    "best_solution": [
        4,
        8,
        2,
        3,
        6,
        7,
        0,
        5,
        11,
        1,
        9,
        10
    ],
    "average_objectives_list": [
        45605.13725490196,
        32322.48,
        27139.56,
        23137.96,
        21621.24,
        21905.6,
        21017.64,
        18496.8,
        20528.28,
        21946.56,
        21235.84
    ],
    "best_objective_list": [
        28886.0,
        20456.0,
        20456.0,
        17656.0,
        17656.0,
        16976.0,
        16976.0,
        16896.0,
        16896.0,
        16896.0,
        16896.0
    ]
}