{
    "elapsed_time": 6.598049163818359,
    "best_objective": 14734.0,
    "best_solution": [
        0,
        4,
        3,
        11,
        6,
        9,
        1,
        2,
        8,
        5,
        7,
        10
    ],
    "average_objectives_list": [
        44914.27450980392,
        31008.08,
        27270.12,
        26184.04,
        25582.48,
        23559.44,
        23688.6,
        24523.12,
        26332.48,
        25919.04,
        25103.04,
        22811.28,
        21158.68,
        20959.44,
        19661.04,
        20431.2,
        20447.32,
        19812.56,
        17895.96,
        17946.88,
        18760.4,
        18512.2,
        18460.64,
        18616.84,
        18392.12,
        20197.4,
        18494.8,
        19306.96,
        20534.6,
        20110.64,
        18951.6,
        20221.88,
        20374.0,
        20352.72,
        19640.36,
        18314.6,
        21714.84,
        21436.04,
        17847.28,
        18188.4,
        21290.16
    ],
    "best_objective_list": [
        24692.0,
        21426.0,
        21426.0,
        21426.0,
        21426.0,
        21426.0,
        21426.0,
        21426.0,
        21426.0,
        16296.0,
        16296.0,
        16296.0,
        16296.0,
        16296.0,
        16296.0,
        14914.0,
        14914.0,
        14914.0,
        14914.0,
        14914.0,
        14914.0,
        14914.0,
        14914.0,
        14914.0,
        14914.0,
        14914.0,
        14914.0,
        14914.0,
        14914.0,
        14914.0,
        14914.0,
        14914.0,
        14914.0,
        14914.0,
        14914.0,
        14914.0,
        14914.0,
        14914.0,
        14734.0,
        14734.0,
        14734.0
    ]
}