{
    "elapsed_time": 6.611676216125488,
    "best_objective": 11042.0,
    "best_solution": [
        3,
        4,
        5,
        2,
        1,
        7,
        0,
        8,
        6,
        10,
        9,
        11
    ],
    "average_objectives_list": [
        44360.03921568627,
        32184.0,
        24818.04,
        22486.24,
        20685.08,
        22501.88,
        20712.16,
        19133.4,
        21255.24,
        21326.56,
        19373.44,
        19478.6,
        18065.6,
        20643.44,
        19874.0,
        17661.6,
        17959.72,
        16371.6,
        17466.12,
        16657.04,
        17232.6,
        16968.96,
        19524.92,
        18371.68,
        18539.8,
        18498.48,
        15322.12,
        20634.96,
        15343.6,
        18554.84,
        19507.08,
        15026.28,
        20477.24,
        18128.36,
        18874.72,
        16996.76,
        19324.96,
        16826.68,
        17499.36,
        22130.6,
        20046.4
    ],
    "best_objective_list": [
        25714.0,
        19998.0,
        19998.0,
        19998.0,
        16878.0,
        16878.0,
        16878.0,
        16878.0,
        16878.0,
        16878.0,
        16878.0,
        16878.0,
        16878.0,
        16878.0,
        12726.0,
        12726.0,
        12726.0,
        12726.0,
        12726.0,
        12726.0,
        12726.0,
        12726.0,
        12726.0,
        12726.0,
        12726.0,
        12726.0,
        12726.0,
        12726.0,
        12726.0,
        12726.0,
        12726.0,
        12726.0,
        12726.0,
        12726.0,
        12630.0,
        11042.0,
        11042.0,
        11042.0,
        11042.0,
        11042.0,
        11042.0
    ]
}