{
    "elapsed_time": 3.685417413711548,
    "best_objective": 10852.0,
    "best_solution": [
        4,
        8,
        6,
        2,
        5,
        7,
        1,
        3,
        10,
        0,
        9,
        11
    ],
    "average_objectives_list": [
        45436.07920792079,
        35352.4,
        29885.92,
        23086.36,
        24760.74,
        22898.72,
        22563.08,
        25403.48,
        21786.04,
        22507.28,
        20431.16,
        23095.6,
        24277.04,
        21888.68,
        23410.94,
        22120.38,
        21733.4,
        21516.18,
        22684.48,
        18926.5,
        21842.72
    ],
    "best_objective_list": [
        23516.0,
        19402.0,
        19402.0,
        19402.0,
        19402.0,
        18596.0,
        13454.0,
        13454.0,
        13454.0,
        13454.0,
        12972.0,
        12972.0,
        12972.0,
        11064.0,
        11064.0,
        11064.0,
        10852.0,
        10852.0,
        10852.0,
        10852.0,
        10852.0
    ]
}