{
    "elapsed_time": 3.356922149658203,
    "best_objective": 15066.0,
    "best_solution": [
        0,
        2,
        6,
        4,
        5,
        7,
        1,
        11,
        8,
        3,
        9,
        10
    ],
    "average_objectives_list": [
        45454.43137254902,
        29647.6,
        22519.6,
        19899.48,
        22231.08,
        19321.32,
        20821.24,
        17128.2,
        17933.28,
        16354.6,
        15990.68,
        17104.96,
        16236.28,
        16366.12,
        16371.04,
        16869.24,
        16860.24,
        17807.32,
        16317.6,
        16090.04,
        15381.68
    ],
    "best_objective_list": [
        25058.0,
        18258.0,
        18258.0,
        18258.0,
        18160.0,
        15864.0,
        15864.0,
        15618.0,
        15618.0,
        15618.0,
        15618.0,
        15618.0,
        15618.0,
        15618.0,
        15618.0,
        15618.0,
        15618.0,
        15260.0,
        15260.0,
        15066.0,
        15066.0
    ]
}