{
    "elapsed_time": 6.6634509563446045,
    "best_objective": 15986.0,
    "best_solution": [
        7,
        3,
        5,
        2,
        1,
        10,
        9,
        4,
        6,
        0,
        8,
        11
    ],
    "average_objectives_list": [
        45775.13725490196,
        31626.56,
        27065.8,
        25906.48,
        25459.96,
        27084.28,
        25212.0,
        25466.92,
        24534.2,
        25511.56,
        26740.24,
        26378.28,
        25677.72,
        24389.04,
        24677.08,
        24682.48,
        23995.24,
        21691.56,
        22222.08,
        19768.4,
        21763.32,
        20507.16,
        19577.68,
        20980.32,
        19903.44,
        20813.2,
        21800.6,
        20546.0,
        18419.0,
        20108.84,
        20547.96,
        19673.04,
        21385.88,
        19644.76,
        22422.0,
        22153.96,
        21780.08,
        22028.32,
        19958.52,
        21764.4,
        19799.12
    ],
    "best_objective_list": [
        24334.0,
        24334.0,
        23014.0,
        22980.0,
        22980.0,
        21522.0,
        21522.0,
        21522.0,
        21522.0,
        21522.0,
        21522.0,
        21522.0,
        21522.0,
        21522.0,
        18002.0,
        18002.0,
        18002.0,
        15986.0,
        15986.0,
        15986.0,
        15986.0,
        15986.0,
        15986.0,
        15986.0,
        15986.0,
        15986.0,
        15986.0,
        15986.0,
        15986.0,
        15986.0,
        15986.0,
        15986.0,
        15986.0,
        15986.0,
        15986.0,
        15986.0,
        15986.0,
        15986.0,
        15986.0,
        15986.0,
        15986.0
    ]
}