{
    "elapsed_time": 3.714808464050293,
    "best_objective": 11984.0,
    "best_solution": [
        2,
        3,
        5,
        6,
        1,
        7,
        0,
        11,
        8,
        4,
        9,
        10
    ],
    "average_objectives_list": [
        44753.12871287129,
        35087.3,
        29068.72,
        28260.02,
        23996.04,
        27433.74,
        26965.5,
        25115.04,
        25512.12,
        25532.64,
        22509.68,
        22032.42,
        22640.72,
        24854.42,
        23696.14,
        23963.5,
        23129.5,
        21942.66,
        21449.88,
        21077.58,
        20639.58
    ],
    "best_objective_list": [
        17948.0,
        17948.0,
        17816.0,
        17816.0,
        17816.0,
        17816.0,
        17664.0,
        17664.0,
        16906.0,
        15072.0,
        15072.0,
        12396.0,
        12396.0,
        12396.0,
        11984.0,
        11984.0,
        11984.0,
        11984.0,
        11984.0,
        11984.0,
        11984.0
    ]
}