{
    "elapsed_time": 3.114236354827881,
    "best_objective": 19122.0,
    "best_solution": [
        1,
        4,
        2,
        0,
        7,
        8,
        5,
        11,
        3,
        6,
        9,
        10
    ],
    "average_objectives_list": [
        43441.032258064515,
        30216.666666666668,
        22246.466666666667,
        22220.2,
        20499.666666666668,
        20738.666666666668,
        20587.6,
        19581.866666666665,
        19449.533333333333,
        20235.866666666665,
        20257.733333333334,
        19604.4,
        20495.066666666666,
        19806.066666666666,
        19178.2,
        20037.6,
        19572.066666666666,
        21298.0,
        21771.933333333334,
        20490.933333333334,
        20012.066666666666
    ],
    "best_objective_list": [
        28790.0,
        20514.0,
        20016.0,
        20016.0,
        19376.0,
        19376.0,
        19376.0,
        19122.0,
        19122.0,
        19122.0,
        19122.0,
        19122.0,
        19122.0,
        19122.0,
        19122.0,
        19122.0,
        19122.0,
        19122.0,
        19122.0,
        19122.0,
        19122.0
    ]
}