{
    "elapsed_time": 1.6532573699951172,
    "best_objective": 16988.0,
    "best_solution": [
        0,
        4,
        10,
        8,
        7,
        11,
        3,
        5,
        6,
        1,
        9,
        2
    ],
    "average_objectives_list": [
        47544.470588235294,
        33374.44,
        23418.56,
        21220.32,
        19945.52,
        24103.44,
        23979.16,
        19926.64,
        20549.28,
        18390.32,
        23201.08
    ],
    "best_objective_list": [
        27368.0,
        17788.0,
        17788.0,
        17788.0,
        17040.0,
        17040.0,
        17040.0,
        17040.0,
        16988.0,
        16988.0,
        16988.0
    ]
}