{
    "elapsed_time": 3.3726718425750732,
    "best_objective": 14768.0,
    "best_solution": [
        0,
        4,
        8,
        10,
        5,
        9,
        1,
        2,
        3,
        6,
        7,
        11
    ],
    "average_objectives_list": [
        47564.549019607846,
        30973.4,
        22157.96,
        20915.68,
        20581.96,
        18423.32,
        19689.2,
        20140.36,
        16601.48,
        17677.6,
        17527.2,
        18342.92,
        17791.32,
        18169.4,
        17815.48,
        18430.84,
        16467.48,
        18486.12,
        18114.16,
        18752.84,
        19502.4
    ],
    "best_objective_list": [
        21850.0,
        19822.0,
        19822.0,
        17878.0,
        15576.0,
        14768.0,
        14768.0,
        14768.0,
        14768.0,
        14768.0,
        14768.0,
        14768.0,
        14768.0,
        14768.0,
        14768.0,
        14768.0,
        14768.0,
        14768.0,
        14768.0,
        14768.0,
        14768.0
    ]
}