{
    "elapsed_time": 3.336465835571289,
    "best_objective": 13220.0,
    "best_solution": [
        8,
        10,
        11,
        3,
        9,
        5,
        7,
        0,
        2,
        4,
        1,
        6
    ],
    "average_objectives_list": [
        45819.37254901961,
        33331.12,
        28360.8,
        25674.24,
        23370.04,
        25108.96,
        26852.4,
        23248.44,
        26797.96,
        25887.24,
        22864.72,
        23130.68,
        20753.08,
        21477.84,
        21081.56,
        20195.56,
        19823.8,
        19421.6,
        18626.6,
        20402.48,
        22655.56
    ],
    "best_objective_list": [
        25862.0,
        24126.0,
        21774.0,
        20962.0,
        20768.0,
        20768.0,
        20440.0,
        17800.0,
        17604.0,
        17112.0,
        15268.0,
        15268.0,
        15268.0,
        15268.0,
        15268.0,
        15268.0,
        13220.0,
        13220.0,
        13220.0,
        13220.0,
        13220.0
    ]
}