{
    "elapsed_time": 3.3028175830841064,
    "best_objective": 12968.0,
    "best_solution": [
        0,
        4,
        3,
        2,
        5,
        7,
        1,
        10,
        6,
        8,
        9,
        11
    ],
    "average_objectives_list": [
        45685.41176470588,
        31357.64,
        25142.24,
        23197.52,
        22346.84,
        20956.96,
        17784.4,
        18403.96,
        16708.32,
        15461.16,
        13918.64,
        14766.2,
        15064.24,
        16065.0,
        14097.56,
        16346.76,
        15524.76,
        15611.32,
        14700.92,
        13868.44,
        13717.32
    ],
    "best_objective_list": [
        22642.0,
        21626.0,
        18504.0,
        18504.0,
        17746.0,
        17746.0,
        17746.0,
        13676.0,
        13676.0,
        13676.0,
        13676.0,
        13676.0,
        13676.0,
        13676.0,
        13676.0,
        13676.0,
        12968.0,
        12968.0,
        12968.0,
        12968.0,
        12968.0
    ]
}