{
    "elapsed_time": 3.1537086963653564,
    "best_objective": 12306.0,
    "best_solution": [
        5,
        6,
        8,
        10,
        3,
        7,
        1,
        4,
        2,
        0,
        9,
        11
    ],
    "average_objectives_list": [
        44452.58064516129,
        29091.666666666668,
        21239.333333333332,
        20751.866666666665,
        16826.466666666667,
        18878.4,
        19091.066666666666,
        16547.466666666667,
        15455.066666666668,
        16862.066666666666,
        16489.866666666665,
        17800.4,
        13448.266666666666,
        15732.133333333333,
        15017.8,
        17767.133333333335,
        13769.933333333332,
        15335.466666666667,
        17659.466666666667,
        14823.133333333333,
        16043.4
    ],
    "best_objective_list": [
        27970.0,
        15220.0,
        15220.0,
        15220.0,
        15220.0,
        12928.0,
        12928.0,
        12928.0,
        12928.0,
        12928.0,
        12928.0,
        12928.0,
        12928.0,
        12306.0,
        12306.0,
        12306.0,
        12306.0,
        12306.0,
        12306.0,
        12306.0,
        12306.0
    ]
}