{
    "elapsed_time": 3.342916250228882,
    "best_objective": 16834.0,
    "best_solution": [
        4,
        3,
        2,
        7,
        8,
        9,
        0,
        5,
        6,
        1,
        10,
        11
    ],
    "average_objectives_list": [
        43748.23529411765,
        32961.48,
        24586.44,
        20384.44,
        19680.48,
        19420.56,
        19284.2,
        19279.56,
        20068.12,
        20044.08,
        19873.96,
        19651.92,
        19364.76,
        19273.8,
        19109.16,
        20366.48,
        19264.96,
        19467.64,
        19304.68,
        19430.44,
        19257.28
    ],
    "best_objective_list": [
        25938.0,
        19982.0,
        19982.0,
        17726.0,
        17674.0,
        17674.0,
        17674.0,
        17674.0,
        17674.0,
        17674.0,
        17674.0,
        17674.0,
        17674.0,
        17674.0,
        17674.0,
        17674.0,
        17674.0,
        17674.0,
        17674.0,
        17674.0,
        16834.0
    ]
}