{
    "elapsed_time": 6.668616056442261,
    "best_objective": 10318.0,
    "best_solution": [
        4,
        6,
        5,
        2,
        1,
        7,
        0,
        10,
        3,
        8,
        9,
        11
    ],
    "average_objectives_list": [
        46752.19607843137,
        33680.6,
        25492.48,
        20355.04,
        16181.12,
        16094.88,
        17279.76,
        18497.56,
        18825.08,
        16471.8,
        17470.8,
        18184.4,
        15722.12,
        18547.64,
        18429.56,
        17522.6,
        17552.32,
        16049.48,
        17107.52,
        15124.88,
        16896.88,
        15552.24,
        18346.44,
        18717.32,
        17751.96,
        17863.76,
        17136.24,
        16607.24,
        17056.48,
        18695.76,
        15897.92,
        18762.12,
        13946.56,
        15901.32,
        16369.72,
        12852.0,
        14732.0,
        16651.16,
        14695.76,
        16050.6,
        14598.56
    ],
    "best_objective_list": [
        26116.0,
        14768.0,
        14768.0,
        14768.0,
        14768.0,
        14768.0,
        14768.0,
        14768.0,
        14768.0,
        14768.0,
        14768.0,
        14568.0,
        14568.0,
        14568.0,
        14568.0,
        13922.0,
        13922.0,
        13468.0,
        13468.0,
        13198.0,
        13198.0,
        13198.0,
        13198.0,
        13198.0,
        13198.0,
        13198.0,
        13188.0,
        13188.0,
        13188.0,
        13188.0,
        12836.0,
        12836.0,
        12836.0,
        12836.0,
        12836.0,
        12836.0,
        11656.0,
        11470.0,
        11032.0,
        10318.0,
        10318.0
    ]
}