{
    "elapsed_time": 3.1289381980895996,
    "best_objective": 15906.0,
    "best_solution": [
        0,
        8,
        3,
        4,
        11,
        7,
        1,
        6,
        2,
        5,
        9,
        10
    ],
    "average_objectives_list": [
        41771.6129032258,
        31319.333333333332,
        29266.0,
        26017.4,
        23539.533333333333,
        22637.2,
        20744.466666666667,
        24049.866666666665,
        20216.4,
        21359.2,
        17223.333333333332,
        17923.266666666666,
        16672.2,
        17261.266666666666,
        17317.533333333333,
        16425.866666666665,
        17132.8,
        17304.666666666668,
        16333.933333333332,
        16393.4,
        17579.533333333333
    ],
    "best_objective_list": [
        23934.0,
        23934.0,
        23934.0,
        21812.0,
        19752.0,
        19752.0,
        19752.0,
        19752.0,
        15906.0,
        15906.0,
        15906.0,
        15906.0,
        15906.0,
        15906.0,
        15906.0,
        15906.0,
        15906.0,
        15906.0,
        15906.0,
        15906.0,
        15906.0
    ]
}