{
    "elapsed_time": 3.301158905029297,
    "best_objective": 14934.0,
    "best_solution": [
        4,
        3,
        11,
        8,
        9,
        10,
        7,
        1,
        2,
        0,
        5,
        6
    ],
    "average_objectives_list": [
        45063.64705882353,
        32735.92,
        28133.56,
        26489.64,
        23570.16,
        23220.92,
        21298.56,
        19942.2,
        20625.88,
        19566.4,
        19472.28,
        19381.76,
        18743.96,
        18948.88,
        22214.76,
        21637.52,
        19955.4,
        19901.52,
        19328.88,
        20273.04,
        20593.56
    ],
    "best_objective_list": [
        26184.0,
        25530.0,
        22218.0,
        20188.0,
        14934.0,
        14934.0,
        14934.0,
        14934.0,
        14934.0,
        14934.0,
        14934.0,
        14934.0,
        14934.0,
        14934.0,
        14934.0,
        14934.0,
        14934.0,
        14934.0,
        14934.0,
        14934.0,
        14934.0
    ]
}