{
    "elapsed_time": 3.356361150741577,
    "best_objective": 16400.0,
    "best_solution": [
        0,
        2,
        3,
        4,
        11,
        7,
        6,
        5,
        8,
        1,
        9,
        10
    ],
    "average_objectives_list": [
        42902.901960784315,
        28844.48,
        22402.32,
        20823.6,
        20979.6,
        20296.48,
        19622.6,
        19280.64,
        19822.36,
        19872.12,
        20610.68,
        17681.92,
        19478.84,
        19458.8,
        18569.64,
        18759.44,
        19008.64,
        20047.96,
        17947.84,
        17495.76,
        17672.6
    ],
    "best_objective_list": [
        23930.0,
        20256.0,
        20256.0,
        18684.0,
        17296.0,
        17296.0,
        17296.0,
        17296.0,
        16906.0,
        16906.0,
        16906.0,
        16906.0,
        16906.0,
        16906.0,
        16828.0,
        16828.0,
        16828.0,
        16828.0,
        16828.0,
        16828.0,
        16400.0
    ]
}