{
    "elapsed_time": 3.7542197704315186,
    "best_objective": 12916.0,
    "best_solution": [
        0,
        3,
        8,
        10,
        5,
        7,
        1,
        2,
        6,
        4,
        9,
        11
    ],
    "average_objectives_list": [
        45516.514851485146,
        32897.4,
        28915.82,
        27380.82,
        21771.22,
        22481.94,
        21750.68,
        24533.7,
        22803.64,
        18932.18,
        21355.56,
        20038.76,
        20656.68,
        19745.82,
        21771.12,
        23544.94,
        21711.64,
        21556.82,
        21960.18,
        25507.36,
        21120.06
    ],
    "best_objective_list": [
        21520.0,
        17384.0,
        17252.0,
        16196.0,
        15598.0,
        15598.0,
        13676.0,
        13676.0,
        12916.0,
        12916.0,
        12916.0,
        12916.0,
        12916.0,
        12916.0,
        12916.0,
        12916.0,
        12916.0,
        12916.0,
        12916.0,
        12916.0,
        12916.0
    ]
}