{
    "elapsed_time": 6.628507614135742,
    "best_objective": 18634.0,
    "best_solution": [
        9,
        2,
        5,
        1,
        10,
        0,
        7,
        3,
        6,
        11,
        8,
        4
    ],
    "average_objectives_list": [
        44342.03921568627,
        32157.68,
        29379.04,
        30067.52,
        29574.68,
        30046.64,
        27723.8,
        27822.08,
        28688.0,
        26487.24,
        29657.84,
        28028.48,
        29462.88,
        25750.6,
        24337.08,
        24513.0,
        25253.32,
        25159.76,
        23551.8,
        22230.88,
        21442.16,
        25652.96,
        23370.32,
        23210.24,
        23550.56,
        25247.0,
        25115.36,
        25675.44,
        24345.2,
        25669.36,
        23196.04,
        22799.28,
        23790.4,
        23159.52,
        22938.28,
        24130.92,
        25418.96,
        26251.0,
        25472.48,
        22613.16,
        25187.12
    ],
    "best_objective_list": [
        25846.0,
        21722.0,
        21722.0,
        21722.0,
        21722.0,
        21722.0,
        21722.0,
        21722.0,
        21722.0,
        21722.0,
        21722.0,
        20186.0,
        20186.0,
        20186.0,
        20186.0,
        20186.0,
        20186.0,
        20186.0,
        20186.0,
        20186.0,
        20186.0,
        20186.0,
        20186.0,
        20186.0,
        20186.0,
        20186.0,
        20186.0,
        20186.0,
        20186.0,
        20186.0,
        18774.0,
        18774.0,
        18774.0,
        18774.0,
        18634.0,
        18634.0,
        18634.0,
        18634.0,
        18634.0,
        18634.0,
        18634.0
    ]
}