{
    "elapsed_time": 1.6397922039031982,
    "best_objective": 15252.0,
    "best_solution": [
        3,
        4,
        2,
        10,
        7,
        8,
        0,
        5,
        6,
        1,
        9,
        11
    ],
    "average_objectives_list": [
        44504.901960784315,
        26878.08,
        19646.92,
        17549.2,
        20363.92,
        17159.92,
        17432.96,
        19029.28,
        18379.04,
        18080.36,
        18122.64
    ],
    "best_objective_list": [
        19780.0,
        15836.0,
        15252.0,
        15252.0,
        15252.0,
        15252.0,
        15252.0,
        15252.0,
        15252.0,
        15252.0,
        15252.0
    ]
}