{
    "elapsed_time": 1.6719539165496826,
    "best_objective": 20552.0,
    "best_solution": [
        2,
        3,
        4,
        6,
        0,
        7,
        8,
        1,
        10,
        5,
        9,
        11
    ],
    "average_objectives_list": [
        44893.333333333336,
        31508.4,
        28080.92,
        24736.44,
        24351.24,
        23847.76,
        23503.24,
        23334.76,
        23103.28,
        23040.88,
        24749.88
    ],
    "best_objective_list": [
        27764.0,
        22972.0,
        22972.0,
        22626.0,
        22626.0,
        21902.0,
        21902.0,
        21902.0,
        21902.0,
        21902.0,
        20552.0
    ]
}