{
    "elapsed_time": 6.6302502155303955,
    "best_objective": 12968.0,
    "best_solution": [
        0,
        4,
        3,
        2,
        5,
        7,
        1,
        10,
        6,
        8,
        9,
        11
    ],
    "average_objectives_list": [
        46334.86274509804,
        33963.84,
        26213.56,
        21294.92,
        17763.56,
        16878.2,
        15622.36,
        15487.2,
        16192.0,
        16400.32,
        13757.76,
        13676.0,
        13676.0,
        13719.76,
        14271.64,
        15107.52,
        13676.0,
        13676.0,
        13676.0,
        13704.4,
        15006.04,
        13676.0,
        13948.24,
        19832.96,
        13661.84,
        13998.28,
        13421.12,
        14084.08,
        13483.16,
        13724.72,
        14197.52,
        13921.64,
        15860.48,
        13942.08,
        13366.44,
        14427.32,
        13354.32,
        13336.16,
        13210.16,
        13279.52,
        14276.28
    ],
    "best_objective_list": [
        30866.0,
        23552.0,
        17746.0,
        17746.0,
        15260.0,
        15260.0,
        15260.0,
        14698.0,
        13676.0,
        13676.0,
        13676.0,
        13676.0,
        13676.0,
        13676.0,
        13676.0,
        13676.0,
        13676.0,
        13676.0,
        13676.0,
        13676.0,
        13676.0,
        13676.0,
        13676.0,
        13676.0,
        12968.0,
        12968.0,
        12968.0,
        12968.0,
        12968.0,
        12968.0,
        12968.0,
        12968.0,
        12968.0,
        12968.0,
        12968.0,
        12968.0,
        12968.0,
        12968.0,
        12968.0,
        12968.0,
        12968.0
    ]
}