{
    "elapsed_time": 3.7537429332733154,
    "best_objective": 17634.0,
    "best_solution": [
        0,
        2,
        10,
        1,
        8,
        5,
        3,
        11,
        6,
        4,
        9,
        7
    ],
    "average_objectives_list": [
        44861.0099009901,
        35441.48,
        30419.72,
        29353.84,
        27724.58,
        27799.22,
        26113.66,
        25860.94,
        28389.4,
        26255.06,
        27431.56,
        26449.9,
        27675.0,
        25965.52,
        25821.2,
        26077.92,
        25569.48,
        26415.06,
        26526.24,
        27135.2,
        26740.24
    ],
    "best_objective_list": [
        25418.0,
        21584.0,
        21584.0,
        18624.0,
        18624.0,
        18624.0,
        18624.0,
        18624.0,
        18624.0,
        18624.0,
        18624.0,
        17634.0,
        17634.0,
        17634.0,
        17634.0,
        17634.0,
        17634.0,
        17634.0,
        17634.0,
        17634.0,
        17634.0
    ]
}