{
    "elapsed_time": 3.275618076324463,
    "best_objective": 22364.0,
    "best_solution": [
        0,
        4,
        3,
        1,
        10,
        5,
        6,
        7,
        8,
        2,
        9,
        11
    ],
    "average_objectives_list": [
        46155.25490196078,
        33896.52,
        29042.04,
        26271.92,
        26100.72,
        25341.52,
        25093.28,
        24602.28,
        23940.96,
        24467.64,
        24179.28,
        23949.24,
        24733.32,
        23968.68,
        23826.52,
        24020.76,
        24095.08,
        24104.56,
        24851.28,
        23471.08,
        25908.72
    ],
    "best_objective_list": [
        28310.0,
        26466.0,
        26072.0,
        23460.0,
        23460.0,
        23460.0,
        23460.0,
        23460.0,
        23460.0,
        22740.0,
        22740.0,
        22740.0,
        22740.0,
        22740.0,
        22364.0,
        22364.0,
        22364.0,
        22364.0,
        22364.0,
        22364.0,
        22364.0
    ]
}