{
    "elapsed_time": 3.33145809173584,
    "best_objective": 19882.0,
    "best_solution": [
        1,
        10,
        4,
        0,
        6,
        3,
        5,
        2,
        11,
        8,
        7,
        9
    ],
    "average_objectives_list": [
        46675.8431372549,
        34901.6,
        29676.96,
        25900.92,
        25796.96,
        25192.72,
        24413.08,
        23822.4,
        24739.04,
        24638.8,
        24413.28,
        24132.92,
        23307.44,
        23381.0,
        24619.84,
        24176.64,
        23851.04,
        23744.48,
        22414.6,
        23943.6,
        22131.8
    ],
    "best_objective_list": [
        31970.0,
        25922.0,
        23732.0,
        22580.0,
        22580.0,
        22580.0,
        22580.0,
        22580.0,
        22580.0,
        22580.0,
        22580.0,
        22580.0,
        22580.0,
        22580.0,
        22580.0,
        22580.0,
        22580.0,
        19882.0,
        19882.0,
        19882.0,
        19882.0
    ]
}