{
    "elapsed_time": 3.303657054901123,
    "best_objective": 19700.0,
    "best_solution": [
        9,
        2,
        3,
        6,
        5,
        4,
        7,
        1,
        10,
        11,
        0,
        8
    ],
    "average_objectives_list": [
        45196.705882352944,
        34042.52,
        30432.88,
        27298.12,
        26549.64,
        27810.72,
        27726.76,
        25749.8,
        25983.2,
        23734.8,
        25353.56,
        25478.8,
        25124.04,
        23939.16,
        29211.0,
        24034.32,
        28057.56,
        25048.16,
        26313.44,
        24058.84,
        23474.12
    ],
    "best_objective_list": [
        25554.0,
        24694.0,
        19700.0,
        19700.0,
        19700.0,
        19700.0,
        19700.0,
        19700.0,
        19700.0,
        19700.0,
        19700.0,
        19700.0,
        19700.0,
        19700.0,
        19700.0,
        19700.0,
        19700.0,
        19700.0,
        19700.0,
        19700.0,
        19700.0
    ]
}