{
    "elapsed_time": 3.329627513885498,
    "best_objective": 16246.0,
    "best_solution": [
        0,
        11,
        3,
        4,
        5,
        6,
        1,
        7,
        8,
        9,
        2,
        10
    ],
    "average_objectives_list": [
        44036.705882352944,
        30937.0,
        24550.04,
        22513.6,
        19813.04,
        19294.56,
        19462.4,
        19681.68,
        18452.8,
        19248.4,
        18833.88,
        19843.84,
        18242.16,
        17101.64,
        19374.44,
        18786.36,
        18033.68,
        19204.96,
        18716.72,
        18865.56,
        19352.6
    ],
    "best_objective_list": [
        28350.0,
        22754.0,
        16246.0,
        16246.0,
        16246.0,
        16246.0,
        16246.0,
        16246.0,
        16246.0,
        16246.0,
        16246.0,
        16246.0,
        16246.0,
        16246.0,
        16246.0,
        16246.0,
        16246.0,
        16246.0,
        16246.0,
        16246.0,
        16246.0
    ]
}