{
    "elapsed_time": 3.3196330070495605,
    "best_objective": 13702.0,
    "best_solution": [
        0,
        10,
        3,
        4,
        5,
        9,
        1,
        2,
        8,
        6,
        7,
        11
    ],
    "average_objectives_list": [
        44244.666666666664,
        31495.12,
        26789.84,
        24488.0,
        24395.2,
        23260.84,
        21687.92,
        21158.8,
        19685.32,
        17896.24,
        19448.44,
        19157.2,
        18849.72,
        20143.4,
        19637.96,
        19154.4,
        17875.96,
        19697.32,
        18871.44,
        18808.44,
        18158.24
    ],
    "best_objective_list": [
        25296.0,
        21700.0,
        21700.0,
        21700.0,
        21358.0,
        19044.0,
        16704.0,
        16704.0,
        16704.0,
        16704.0,
        16704.0,
        16704.0,
        16704.0,
        16704.0,
        14024.0,
        14024.0,
        13702.0,
        13702.0,
        13702.0,
        13702.0,
        13702.0
    ]
}