{
    "elapsed_time": 3.3247170448303223,
    "best_objective": 17146.0,
    "best_solution": [
        0,
        6,
        3,
        4,
        10,
        9,
        1,
        8,
        2,
        5,
        7,
        11
    ],
    "average_objectives_list": [
        43814.705882352944,
        28448.36,
        23213.96,
        22094.12,
        23191.64,
        20952.48,
        20508.88,
        19068.96,
        18721.76,
        18040.48,
        18111.56,
        19661.04,
        19234.28,
        18617.32,
        19589.88,
        19876.72,
        19376.24,
        18338.64,
        20023.64,
        19412.12,
        18059.6
    ],
    "best_objective_list": [
        21982.0,
        20700.0,
        20700.0,
        20700.0,
        20700.0,
        17566.0,
        17566.0,
        17566.0,
        17566.0,
        17566.0,
        17146.0,
        17146.0,
        17146.0,
        17146.0,
        17146.0,
        17146.0,
        17146.0,
        17146.0,
        17146.0,
        17146.0,
        17146.0
    ]
}