{
    "elapsed_time": 6.629203796386719,
    "best_objective": 12968.0,
    "best_solution": [
        0,
        4,
        3,
        2,
        5,
        7,
        1,
        10,
        6,
        8,
        9,
        11
    ],
    "average_objectives_list": [
        45500.23529411765,
        32490.76,
        26498.2,
        25961.84,
        24539.64,
        24786.2,
        26375.28,
        24780.84,
        24758.48,
        25551.56,
        24972.08,
        24332.56,
        24844.96,
        25183.24,
        24699.84,
        23826.48,
        24785.8,
        22420.72,
        23265.04,
        22421.4,
        23110.88,
        25085.76,
        24290.2,
        23719.52,
        23857.76,
        24232.28,
        21694.76,
        21507.44,
        20246.72,
        17986.08,
        21445.36,
        20120.24,
        17627.56,
        19955.4,
        13951.16,
        13661.84,
        14083.84,
        13631.24,
        14014.0,
        13769.88,
        13265.36
    ],
    "best_objective_list": [
        27238.0,
        22284.0,
        22284.0,
        22284.0,
        21826.0,
        21826.0,
        21826.0,
        21826.0,
        21826.0,
        21826.0,
        21826.0,
        21826.0,
        21826.0,
        21826.0,
        21826.0,
        20674.0,
        20674.0,
        20674.0,
        20674.0,
        20674.0,
        20674.0,
        20674.0,
        20674.0,
        20674.0,
        20674.0,
        17312.0,
        15564.0,
        15564.0,
        15564.0,
        15564.0,
        15564.0,
        15564.0,
        13676.0,
        13676.0,
        12968.0,
        12968.0,
        12968.0,
        12968.0,
        12968.0,
        12968.0,
        12968.0
    ]
}