{
    "elapsed_time": 3.3324124813079834,
    "best_objective": 13036.0,
    "best_solution": [
        3,
        10,
        5,
        8,
        1,
        9,
        0,
        2,
        6,
        4,
        7,
        11
    ],
    "average_objectives_list": [
        46339.098039215685,
        31982.72,
        26279.28,
        24072.92,
        20743.16,
        20954.52,
        22247.36,
        19076.04,
        18181.24,
        21395.0,
        19222.16,
        20746.72,
        20393.08,
        18996.8,
        19156.48,
        18675.88,
        19217.12,
        19213.4,
        19904.72,
        18971.04,
        18379.24
    ],
    "best_objective_list": [
        26910.0,
        22126.0,
        18558.0,
        17954.0,
        17954.0,
        16144.0,
        16144.0,
        13758.0,
        13576.0,
        13576.0,
        13132.0,
        13132.0,
        13132.0,
        13132.0,
        13036.0,
        13036.0,
        13036.0,
        13036.0,
        13036.0,
        13036.0,
        13036.0
    ]
}