{
    "elapsed_time": 3.3347697257995605,
    "best_objective": 17484.0,
    "best_solution": [
        10,
        11,
        7,
        9,
        1,
        6,
        0,
        8,
        3,
        4,
        5,
        2
    ],
    "average_objectives_list": [
        44500.23529411765,
        31601.0,
        26328.56,
        27067.48,
        26459.08,
        27024.92,
        23085.92,
        24105.92,
        23531.44,
        23149.16,
        24977.4,
        23173.48,
        21006.04,
        21839.68,
        22439.92,
        23494.24,
        21364.12,
        23651.64,
        23739.72,
        21709.2,
        23958.2
    ],
    "best_objective_list": [
        22356.0,
        22356.0,
        22356.0,
        22356.0,
        20914.0,
        19370.0,
        17484.0,
        17484.0,
        17484.0,
        17484.0,
        17484.0,
        17484.0,
        17484.0,
        17484.0,
        17484.0,
        17484.0,
        17484.0,
        17484.0,
        17484.0,
        17484.0,
        17484.0
    ]
}