{
    "elapsed_time": 3.7248873710632324,
    "best_objective": 17306.0,
    "best_solution": [
        0,
        3,
        6,
        1,
        7,
        5,
        4,
        11,
        8,
        2,
        9,
        10
    ],
    "average_objectives_list": [
        45004.039603960395,
        35452.44,
        32232.56,
        29296.56,
        26764.66,
        25519.66,
        24205.94,
        24412.48,
        23871.34,
        25371.4,
        23591.3,
        25572.94,
        24998.46,
        25041.48,
        23887.12,
        24642.9,
        25287.96,
        24168.68,
        24217.48,
        23954.46,
        24034.88
    ],
    "best_objective_list": [
        25212.0,
        23790.0,
        21820.0,
        20820.0,
        19998.0,
        19710.0,
        17854.0,
        17854.0,
        17854.0,
        17854.0,
        17854.0,
        17854.0,
        17854.0,
        17854.0,
        17854.0,
        17306.0,
        17306.0,
        17306.0,
        17306.0,
        17306.0,
        17306.0
    ]
}