{
    "elapsed_time": 1.684349536895752,
    "best_objective": 19070.0,
    "best_solution": [
        5,
        9,
        4,
        6,
        0,
        8,
        1,
        3,
        7,
        2,
        10,
        11
    ],
    "average_objectives_list": [
        45344.35294117647,
        33151.16,
        30259.2,
        29016.88,
        28296.04,
        27451.28,
        27975.88,
        24942.72,
        25402.88,
        25419.44,
        23667.56
    ],
    "best_objective_list": [
        28964.0,
        23082.0,
        23082.0,
        21676.0,
        21276.0,
        21276.0,
        21276.0,
        21276.0,
        21276.0,
        21276.0,
        19070.0
    ]
}