{
    "elapsed_time": 3.7745916843414307,
    "best_objective": 17066.0,
    "best_solution": [
        8,
        10,
        5,
        1,
        7,
        0,
        9,
        2,
        6,
        11,
        3,
        4
    ],
    "average_objectives_list": [
        45047.0297029703,
        35995.5,
        31586.44,
        31962.12,
        29088.76,
        30666.76,
        28913.02,
        26556.5,
        26614.74,
        27637.68,
        26446.28,
        27383.64,
        26033.3,
        24754.34,
        27068.52,
        28280.94,
        27306.52,
        27881.72,
        28506.58,
        28292.7,
        26306.34
    ],
    "best_objective_list": [
        23888.0,
        22636.0,
        19876.0,
        19164.0,
        19164.0,
        19164.0,
        17804.0,
        17804.0,
        17804.0,
        17804.0,
        17804.0,
        17804.0,
        17804.0,
        17804.0,
        17804.0,
        17804.0,
        17804.0,
        17804.0,
        17066.0,
        17066.0,
        17066.0
    ]
}