{
    "elapsed_time": 3.29604172706604,
    "best_objective": 14170.0,
    "best_solution": [
        0,
        8,
        6,
        3,
        2,
        9,
        1,
        4,
        10,
        5,
        7,
        11
    ],
    "average_objectives_list": [
        43951.529411764706,
        31540.88,
        25166.08,
        23152.68,
        24882.28,
        21573.84,
        20855.92,
        21529.04,
        20513.64,
        22265.96,
        21865.12,
        21393.8,
        21896.64,
        19009.56,
        20362.36,
        18885.84,
        19366.2,
        20031.04,
        17800.96,
        22246.28,
        21351.92
    ],
    "best_objective_list": [
        27006.0,
        19866.0,
        19866.0,
        16196.0,
        16196.0,
        14866.0,
        14866.0,
        14866.0,
        14834.0,
        14834.0,
        14754.0,
        14754.0,
        14754.0,
        14754.0,
        14754.0,
        14754.0,
        14754.0,
        14754.0,
        14170.0,
        14170.0,
        14170.0
    ]
}