{
    "elapsed_time": 3.307286024093628,
    "best_objective": 13110.0,
    "best_solution": [
        2,
        3,
        5,
        8,
        1,
        9,
        0,
        6,
        10,
        4,
        7,
        11
    ],
    "average_objectives_list": [
        42465.490196078434,
        29563.76,
        25992.4,
        25291.96,
        22371.56,
        20208.6,
        20579.16,
        21156.52,
        19845.36,
        19568.96,
        19444.0,
        20788.36,
        19007.84,
        17403.72,
        19000.44,
        19418.32,
        17878.28,
        19802.12,
        16839.8,
        17061.92,
        18374.6
    ],
    "best_objective_list": [
        25022.0,
        19718.0,
        19080.0,
        16652.0,
        16646.0,
        16646.0,
        13190.0,
        13190.0,
        13190.0,
        13190.0,
        13190.0,
        13190.0,
        13190.0,
        13190.0,
        13190.0,
        13190.0,
        13110.0,
        13110.0,
        13110.0,
        13110.0,
        13110.0
    ]
}