{
    "elapsed_time": 1.6625773906707764,
    "best_objective": 18146.0,
    "best_solution": [
        4,
        8,
        7,
        2,
        9,
        5,
        3,
        0,
        6,
        11,
        1,
        10
    ],
    "average_objectives_list": [
        46008.509803921566,
        33081.44,
        30438.68,
        27512.08,
        27113.12,
        28480.84,
        27107.16,
        25210.0,
        25864.64,
        28635.16,
        25755.88
    ],
    "best_objective_list": [
        18146.0,
        18146.0,
        18146.0,
        18146.0,
        18146.0,
        18146.0,
        18146.0,
        18146.0,
        18146.0,
        18146.0,
        18146.0
    ]
}