{
    "elapsed_time": 3.1489033699035645,
    "best_objective": 16682.0,
    "best_solution": [
        0,
        2,
        3,
        4,
        5,
        8,
        1,
        9,
        6,
        7,
        11,
        10
    ],
    "average_objectives_list": [
        45358.1935483871,
        29782.733333333334,
        24971.133333333335,
        24238.6,
        24030.333333333332,
        23093.333333333332,
        22192.933333333334,
        22178.0,
        22188.866666666665,
        22028.333333333332,
        20167.733333333334,
        19520.0,
        19425.4,
        19137.666666666668,
        18403.933333333334,
        17628.0,
        18036.933333333334,
        17424.266666666666,
        17060.4,
        17722.6,
        16682.0
    ],
    "best_objective_list": [
        25934.0,
        24752.0,
        22526.0,
        22526.0,
        22210.0,
        22178.0,
        22178.0,
        22178.0,
        21720.0,
        19520.0,
        19520.0,
        19520.0,
        16682.0,
        16682.0,
        16682.0,
        16682.0,
        16682.0,
        16682.0,
        16682.0,
        16682.0,
        16682.0
    ]
}