{
    "elapsed_time": 3.136017322540283,
    "best_objective": 14784.0,
    "best_solution": [
        0,
        2,
        3,
        6,
        5,
        7,
        1,
        8,
        10,
        4,
        9,
        11
    ],
    "average_objectives_list": [
        44552.45161290323,
        28931.933333333334,
        24441.6,
        20983.2,
        20203.333333333332,
        19413.733333333334,
        18513.2,
        19744.133333333335,
        19187.666666666668,
        18760.2,
        18907.733333333334,
        18816.133333333335,
        19248.133333333335,
        19219.666666666668,
        18418.666666666668,
        17030.2,
        16662.533333333333,
        15761.8,
        15581.666666666666,
        15676.0,
        14866.8
    ],
    "best_objective_list": [
        21218.0,
        19358.0,
        17708.0,
        17708.0,
        17708.0,
        17708.0,
        17708.0,
        17708.0,
        17708.0,
        17708.0,
        17708.0,
        17708.0,
        17708.0,
        16742.0,
        16742.0,
        16742.0,
        14784.0,
        14784.0,
        14784.0,
        14784.0,
        14784.0
    ]
}