{
    "elapsed_time": 3.308481216430664,
    "best_objective": 16852.0,
    "best_solution": [
        8,
        2,
        3,
        7,
        1,
        9,
        10,
        4,
        6,
        0,
        5,
        11
    ],
    "average_objectives_list": [
        44834.666666666664,
        31608.88,
        27379.36,
        24993.56,
        23048.32,
        23891.76,
        25114.92,
        24961.16,
        23680.4,
        25054.8,
        23105.48,
        22110.32,
        23118.92,
        23064.12,
        23012.88,
        24265.4,
        23243.4,
        20101.64,
        24477.48,
        22657.72,
        21774.0
    ],
    "best_objective_list": [
        29288.0,
        19772.0,
        19772.0,
        19772.0,
        18946.0,
        18946.0,
        17446.0,
        17446.0,
        17446.0,
        17386.0,
        17386.0,
        16852.0,
        16852.0,
        16852.0,
        16852.0,
        16852.0,
        16852.0,
        16852.0,
        16852.0,
        16852.0,
        16852.0
    ]
}