{
    "elapsed_time": 3.1152777671813965,
    "best_objective": 20562.0,
    "best_solution": [
        0,
        3,
        9,
        4,
        7,
        8,
        1,
        2,
        5,
        6,
        10,
        11
    ],
    "average_objectives_list": [
        44936.51612903226,
        30108.4,
        26794.333333333332,
        25289.666666666668,
        25056.0,
        25024.733333333334,
        24680.8,
        24120.333333333332,
        24118.0,
        24092.133333333335,
        24088.466666666667,
        23468.933333333334,
        23342.0,
        24096.066666666666,
        23342.0,
        23494.4,
        23929.266666666666,
        23662.0,
        23067.733333333334,
        22901.266666666666,
        21367.933333333334
    ],
    "best_objective_list": [
        27650.0,
        26438.0,
        25056.0,
        25056.0,
        25056.0,
        24118.0,
        24118.0,
        24118.0,
        24118.0,
        23342.0,
        23342.0,
        23342.0,
        23342.0,
        23342.0,
        23342.0,
        23342.0,
        23342.0,
        22512.0,
        22512.0,
        20562.0,
        20562.0
    ]
}