{
    "elapsed_time": 3.3585565090179443,
    "best_objective": 16246.0,
    "best_solution": [
        0,
        11,
        3,
        4,
        5,
        6,
        1,
        7,
        8,
        9,
        2,
        10
    ],
    "average_objectives_list": [
        45168.705882352944,
        32461.8,
        27555.48,
        24089.72,
        21908.52,
        19619.0,
        18988.08,
        18644.92,
        19471.08,
        18939.92,
        19569.84,
        19048.68,
        18392.24,
        18553.08,
        17791.04,
        19245.6,
        19395.44,
        18682.36,
        19205.56,
        20437.28,
        18191.88
    ],
    "best_objective_list": [
        30610.0,
        24534.0,
        24534.0,
        16246.0,
        16246.0,
        16246.0,
        16246.0,
        16246.0,
        16246.0,
        16246.0,
        16246.0,
        16246.0,
        16246.0,
        16246.0,
        16246.0,
        16246.0,
        16246.0,
        16246.0,
        16246.0,
        16246.0,
        16246.0
    ]
}