{
    "elapsed_time": 3.284153699874878,
    "best_objective": 14514.0,
    "best_solution": [
        1,
        3,
        8,
        10,
        4,
        9,
        0,
        6,
        2,
        5,
        7,
        11
    ],
    "average_objectives_list": [
        43132.23529411765,
        32093.88,
        25230.6,
        22491.76,
        23425.28,
        22116.08,
        22515.04,
        21236.4,
        21557.0,
        21657.52,
        22838.44,
        23047.92,
        21598.4,
        19541.28,
        21263.64,
        21720.0,
        20259.24,
        23148.12,
        21712.12,
        19840.72,
        17871.04
    ],
    "best_objective_list": [
        25140.0,
        21330.0,
        21330.0,
        20316.0,
        20230.0,
        18112.0,
        18112.0,
        18112.0,
        18112.0,
        17882.0,
        17608.0,
        17608.0,
        17608.0,
        17128.0,
        16818.0,
        16818.0,
        15702.0,
        15702.0,
        14514.0,
        14514.0,
        14514.0
    ]
}