{
    "elapsed_time": 3.1903932094573975,
    "best_objective": 14628.0,
    "best_solution": [
        2,
        3,
        4,
        6,
        0,
        5,
        11,
        7,
        8,
        9,
        1,
        10
    ],
    "average_objectives_list": [
        42265.354838709674,
        27161.4,
        25118.933333333334,
        23599.666666666668,
        19386.266666666666,
        23776.733333333334,
        19520.733333333334,
        20311.066666666666,
        21514.2,
        16925.466666666667,
        18963.333333333332,
        19291.266666666666,
        17566.0,
        16352.4,
        18087.4,
        18379.6,
        21927.2,
        15579.866666666667,
        16540.866666666665,
        18421.4,
        14818.666666666666
    ],
    "best_objective_list": [
        20552.0,
        20552.0,
        18380.0,
        18380.0,
        18380.0,
        18380.0,
        15774.0,
        15774.0,
        14736.0,
        14736.0,
        14628.0,
        14628.0,
        14628.0,
        14628.0,
        14628.0,
        14628.0,
        14628.0,
        14628.0,
        14628.0,
        14628.0,
        14628.0
    ]
}