{
    "elapsed_time": 3.333078622817993,
    "best_objective": 18214.0,
    "best_solution": [
        0,
        3,
        11,
        10,
        9,
        2,
        1,
        8,
        5,
        4,
        7,
        6
    ],
    "average_objectives_list": [
        47260.117647058825,
        31369.72,
        25132.0,
        23574.28,
        24900.4,
        23728.32,
        23670.72,
        24502.2,
        23447.64,
        20305.6,
        20921.48,
        20744.4,
        21487.8,
        23359.72,
        21922.8,
        21365.0,
        22836.72,
        21123.44,
        22750.12,
        21950.32,
        21364.4
    ],
    "best_objective_list": [
        26486.0,
        20664.0,
        20664.0,
        20488.0,
        20488.0,
        18568.0,
        18568.0,
        18568.0,
        18568.0,
        18568.0,
        18568.0,
        18568.0,
        18568.0,
        18568.0,
        18568.0,
        18568.0,
        18568.0,
        18568.0,
        18568.0,
        18214.0,
        18214.0
    ]
}