{
    "elapsed_time": 3.158047676086426,
    "best_objective": 19822.0,
    "best_solution": [
        8,
        2,
        3,
        6,
        0,
        9,
        1,
        4,
        5,
        10,
        7,
        11
    ],
    "average_objectives_list": [
        45067.096774193546,
        33079.6,
        28188.2,
        25772.333333333332,
        23904.666666666668,
        23268.2,
        22308.466666666667,
        21222.4,
        21757.2,
        22370.2,
        22108.933333333334,
        21223.8,
        21079.533333333333,
        21686.2,
        21040.933333333334,
        21565.6,
        21405.733333333334,
        21851.466666666667,
        21234.266666666666,
        21164.933333333334,
        20597.533333333333
    ],
    "best_objective_list": [
        31666.0,
        27650.0,
        24704.0,
        19936.0,
        19936.0,
        19936.0,
        19936.0,
        19936.0,
        19936.0,
        19936.0,
        19936.0,
        19936.0,
        19936.0,
        19936.0,
        19936.0,
        19936.0,
        19936.0,
        19936.0,
        19856.0,
        19822.0,
        19822.0
    ]
}