{
    "elapsed_time": 6.641430854797363,
    "best_objective": 14740.0,
    "best_solution": [
        0,
        3,
        11,
        4,
        9,
        10,
        1,
        2,
        6,
        5,
        7,
        8
    ],
    "average_objectives_list": [
        44174.39215686275,
        29972.8,
        26490.52,
        24504.24,
        21732.84,
        20227.28,
        20470.76,
        20551.68,
        19485.28,
        18776.84,
        19573.16,
        17785.88,
        20140.64,
        18907.24,
        17243.72,
        20308.44,
        19834.56,
        18744.56,
        19281.2,
        18346.8,
        18197.36,
        19737.52,
        18944.28,
        20401.36,
        19066.6,
        17456.84,
        17944.12,
        18295.56,
        19265.92,
        17119.08,
        18979.04,
        18181.64,
        18450.68,
        19239.24,
        17599.72,
        19295.04,
        19503.76,
        17101.52,
        18342.52,
        17302.84,
        20949.12
    ],
    "best_objective_list": [
        22530.0,
        20616.0,
        20616.0,
        19470.0,
        19470.0,
        17194.0,
        17194.0,
        17194.0,
        14740.0,
        14740.0,
        14740.0,
        14740.0,
        14740.0,
        14740.0,
        14740.0,
        14740.0,
        14740.0,
        14740.0,
        14740.0,
        14740.0,
        14740.0,
        14740.0,
        14740.0,
        14740.0,
        14740.0,
        14740.0,
        14740.0,
        14740.0,
        14740.0,
        14740.0,
        14740.0,
        14740.0,
        14740.0,
        14740.0,
        14740.0,
        14740.0,
        14740.0,
        14740.0,
        14740.0,
        14740.0,
        14740.0
    ]
}