{
    "elapsed_time": 3.3165812492370605,
    "best_objective": 19628.0,
    "best_solution": [
        0,
        1,
        8,
        3,
        10,
        9,
        4,
        2,
        5,
        6,
        7,
        11
    ],
    "average_objectives_list": [
        44662.1568627451,
        31586.04,
        28336.72,
        28456.28,
        27040.36,
        26027.96,
        25193.6,
        23439.76,
        22948.96,
        22036.68,
        22118.6,
        21689.96,
        20662.2,
        21222.4,
        21180.0,
        22218.32,
        20105.28,
        20490.28,
        21648.64,
        22006.2,
        20364.72
    ],
    "best_objective_list": [
        25412.0,
        24894.0,
        24278.0,
        24278.0,
        24278.0,
        22550.0,
        22218.0,
        20308.0,
        20308.0,
        19628.0,
        19628.0,
        19628.0,
        19628.0,
        19628.0,
        19628.0,
        19628.0,
        19628.0,
        19628.0,
        19628.0,
        19628.0,
        19628.0
    ]
}