{
    "elapsed_time": 3.334700584411621,
    "best_objective": 15410.0,
    "best_solution": [
        0,
        10,
        3,
        4,
        5,
        7,
        1,
        2,
        11,
        6,
        9,
        8
    ],
    "average_objectives_list": [
        43644.1568627451,
        31938.52,
        22018.72,
        18270.44,
        17708.52,
        17868.04,
        18361.32,
        16647.92,
        17771.68,
        17861.52,
        18722.56,
        16331.76,
        19240.04,
        18604.84,
        18547.04,
        19527.48,
        16988.48,
        17933.16,
        18734.56,
        19385.28,
        19236.88
    ],
    "best_objective_list": [
        28412.0,
        17746.0,
        15994.0,
        15994.0,
        15994.0,
        15994.0,
        15994.0,
        15438.0,
        15438.0,
        15438.0,
        15438.0,
        15438.0,
        15438.0,
        15438.0,
        15438.0,
        15438.0,
        15438.0,
        15438.0,
        15410.0,
        15410.0,
        15410.0
    ]
}