{
    "elapsed_time": 3.336664915084839,
    "best_objective": 13490.0,
    "best_solution": [
        2,
        3,
        6,
        11,
        5,
        9,
        1,
        4,
        8,
        0,
        7,
        10
    ],
    "average_objectives_list": [
        46029.96078431373,
        28805.96,
        23045.6,
        17871.64,
        19379.32,
        18478.16,
        18137.44,
        19134.56,
        18019.56,
        21434.16,
        19687.8,
        19589.36,
        19294.84,
        17481.28,
        17563.44,
        19155.52,
        16438.96,
        16564.12,
        16730.48,
        18886.68,
        16955.8
    ],
    "best_objective_list": [
        22628.0,
        15350.0,
        15350.0,
        15350.0,
        15350.0,
        15350.0,
        15350.0,
        15350.0,
        15350.0,
        15350.0,
        13490.0,
        13490.0,
        13490.0,
        13490.0,
        13490.0,
        13490.0,
        13490.0,
        13490.0,
        13490.0,
        13490.0,
        13490.0
    ]
}