{
    "elapsed_time": 3.2923786640167236,
    "best_objective": 16246.0,
    "best_solution": [
        0,
        11,
        3,
        4,
        5,
        6,
        1,
        7,
        8,
        9,
        2,
        10
    ],
    "average_objectives_list": [
        44271.13725490196,
        30187.36,
        25520.8,
        24443.52,
        21189.04,
        18102.0,
        19892.04,
        19342.12,
        20094.64,
        19461.04,
        18982.72,
        18928.08,
        19482.8,
        18642.8,
        18183.76,
        18194.52,
        20123.92,
        17789.16,
        18870.56,
        18726.64,
        20385.2
    ],
    "best_objective_list": [
        26960.0,
        25334.0,
        24534.0,
        16246.0,
        16246.0,
        16246.0,
        16246.0,
        16246.0,
        16246.0,
        16246.0,
        16246.0,
        16246.0,
        16246.0,
        16246.0,
        16246.0,
        16246.0,
        16246.0,
        16246.0,
        16246.0,
        16246.0,
        16246.0
    ]
}