{
    "elapsed_time": 3.151230812072754,
    "best_objective": 11972.0,
    "best_solution": [
        2,
        3,
        5,
        6,
        1,
        7,
        0,
        11,
        10,
        4,
        9,
        8
    ],
    "average_objectives_list": [
        45020.12903225807,
        28690.333333333332,
        21658.6,
        17955.866666666665,
        16777.866666666665,
        19559.8,
        17220.4,
        17049.333333333332,
        14655.066666666668,
        14159.666666666666,
        15517.933333333332,
        14005.6,
        14726.333333333334,
        15429.0,
        13257.066666666668,
        16183.266666666666,
        16409.6,
        17792.6,
        12854.266666666666,
        12920.2,
        13708.866666666667
    ],
    "best_objective_list": [
        25482.0,
        19048.0,
        17198.0,
        16582.0,
        14304.0,
        14304.0,
        14216.0,
        14216.0,
        14216.0,
        12526.0,
        12526.0,
        12526.0,
        12526.0,
        12526.0,
        12526.0,
        12526.0,
        12526.0,
        12526.0,
        11972.0,
        11972.0,
        11972.0
    ]
}