{
    "elapsed_time": 3.3374946117401123,
    "best_objective": 16246.0,
    "best_solution": [
        0,
        11,
        3,
        4,
        5,
        6,
        1,
        7,
        8,
        9,
        2,
        10
    ],
    "average_objectives_list": [
        45574.03921568627,
        30359.68,
        24750.24,
        21885.0,
        19249.92,
        20703.08,
        19911.4,
        18456.72,
        18425.2,
        19955.16,
        19131.8,
        19438.12,
        19161.2,
        19059.56,
        19403.68,
        18907.88,
        16780.24,
        19601.04,
        19448.28,
        20404.2,
        18523.48
    ],
    "best_objective_list": [
        28678.0,
        24534.0,
        16246.0,
        16246.0,
        16246.0,
        16246.0,
        16246.0,
        16246.0,
        16246.0,
        16246.0,
        16246.0,
        16246.0,
        16246.0,
        16246.0,
        16246.0,
        16246.0,
        16246.0,
        16246.0,
        16246.0,
        16246.0,
        16246.0
    ]
}