{
    "elapsed_time": 3.3593907356262207,
    "best_objective": 15260.0,
    "best_solution": [
        0,
        2,
        3,
        4,
        5,
        7,
        1,
        11,
        8,
        6,
        9,
        10
    ],
    "average_objectives_list": [
        46547.686274509804,
        32719.28,
        26319.6,
        24122.96,
        23606.2,
        21521.72,
        21676.24,
        20458.4,
        20035.84,
        20231.68,
        18929.92,
        18691.16,
        18370.28,
        19615.48,
        18703.28,
        18883.0,
        21004.84,
        19741.4,
        19417.32,
        18918.56,
        19317.44
    ],
    "best_objective_list": [
        29550.0,
        21804.0,
        21804.0,
        20024.0,
        16568.0,
        16568.0,
        16568.0,
        16568.0,
        16568.0,
        16568.0,
        16568.0,
        16568.0,
        16568.0,
        16568.0,
        16568.0,
        16568.0,
        16568.0,
        16568.0,
        16568.0,
        16568.0,
        15260.0
    ]
}