{
    "elapsed_time": 3.3780596256256104,
    "best_objective": 17030.0,
    "best_solution": [
        0,
        4,
        10,
        7,
        8,
        9,
        5,
        3,
        2,
        1,
        11,
        6
    ],
    "average_objectives_list": [
        44316.19607843137,
        29985.2,
        25323.88,
        25845.72,
        23624.48,
        25974.6,
        25327.84,
        25066.0,
        21302.56,
        20988.04,
        22625.84,
        22520.16,
        22969.08,
        22442.84,
        22683.52,
        24029.28,
        23169.56,
        22925.76,
        22664.08,
        20821.12,
        19077.96
    ],
    "best_objective_list": [
        25066.0,
        21134.0,
        21134.0,
        21134.0,
        21134.0,
        21134.0,
        20908.0,
        20908.0,
        20908.0,
        20510.0,
        20510.0,
        20510.0,
        20510.0,
        20510.0,
        20510.0,
        20510.0,
        20510.0,
        19858.0,
        17030.0,
        17030.0,
        17030.0
    ]
}