{
    "elapsed_time": 6.618139743804932,
    "best_objective": 13906.0,
    "best_solution": [
        5,
        3,
        2,
        6,
        7,
        10,
        1,
        4,
        8,
        0,
        9,
        11
    ],
    "average_objectives_list": [
        45031.72549019608,
        30280.2,
        25387.08,
        23378.16,
        23112.12,
        22625.04,
        21261.56,
        20679.6,
        21693.96,
        20228.12,
        20470.76,
        18468.68,
        18489.24,
        19467.08,
        19492.8,
        19642.96,
        20216.96,
        18398.36,
        18596.44,
        17991.96,
        16692.8,
        20397.44,
        17732.6,
        19816.8,
        18593.84,
        17457.08,
        18377.32,
        21740.48,
        18430.36,
        17748.4,
        19328.64,
        19863.28,
        19838.8,
        18547.88,
        18432.6,
        18390.96,
        19480.64,
        19905.6,
        18561.48,
        17792.24,
        19376.72
    ],
    "best_objective_list": [
        26424.0,
        22630.0,
        18380.0,
        18380.0,
        18380.0,
        17868.0,
        17868.0,
        15392.0,
        15392.0,
        14400.0,
        14400.0,
        14400.0,
        14400.0,
        14400.0,
        14400.0,
        14400.0,
        14400.0,
        14400.0,
        14400.0,
        14400.0,
        14400.0,
        14400.0,
        14400.0,
        14400.0,
        14400.0,
        14208.0,
        14208.0,
        14208.0,
        14208.0,
        14208.0,
        14208.0,
        14208.0,
        13906.0,
        13906.0,
        13906.0,
        13906.0,
        13906.0,
        13906.0,
        13906.0,
        13906.0,
        13906.0
    ]
}