{
    "elapsed_time": 3.3179476261138916,
    "best_objective": 19734.0,
    "best_solution": [
        0,
        4,
        10,
        1,
        8,
        9,
        3,
        2,
        5,
        6,
        7,
        11
    ],
    "average_objectives_list": [
        45640.74509803922,
        32541.64,
        25584.0,
        22991.64,
        22803.48,
        20769.92,
        21414.88,
        21708.44,
        22185.96,
        21688.12,
        20693.08,
        21357.12,
        22657.92,
        21626.88,
        23422.28,
        22685.56,
        21640.32,
        21905.36,
        21198.16,
        21425.16,
        20845.88
    ],
    "best_objective_list": [
        26180.0,
        23292.0,
        21468.0,
        20322.0,
        20322.0,
        20322.0,
        20322.0,
        20322.0,
        20322.0,
        20322.0,
        20308.0,
        19734.0,
        19734.0,
        19734.0,
        19734.0,
        19734.0,
        19734.0,
        19734.0,
        19734.0,
        19734.0,
        19734.0
    ]
}