{
    "elapsed_time": 3.3488709926605225,
    "best_objective": 17334.0,
    "best_solution": [
        1,
        4,
        11,
        0,
        9,
        3,
        5,
        6,
        8,
        2,
        7,
        10
    ],
    "average_objectives_list": [
        46012.549019607846,
        33320.48,
        28742.88,
        28001.08,
        24903.6,
        24771.68,
        25364.6,
        24416.0,
        22377.44,
        23761.2,
        22948.28,
        23273.32,
        21520.08,
        21829.64,
        21805.92,
        22186.2,
        21198.8,
        23837.8,
        22368.52,
        24990.36,
        22703.2
    ],
    "best_objective_list": [
        26604.0,
        26604.0,
        20836.0,
        20836.0,
        19822.0,
        17636.0,
        17636.0,
        17636.0,
        17636.0,
        17334.0,
        17334.0,
        17334.0,
        17334.0,
        17334.0,
        17334.0,
        17334.0,
        17334.0,
        17334.0,
        17334.0,
        17334.0,
        17334.0
    ]
}