{
    "elapsed_time": 1.6880152225494385,
    "best_objective": 14016.0,
    "best_solution": [
        0,
        2,
        10,
        3,
        8,
        7,
        1,
        4,
        6,
        5,
        9,
        11
    ],
    "average_objectives_list": [
        48343.17647058824,
        32158.56,
        21891.92,
        17282.08,
        16596.04,
        16936.64,
        17455.96,
        17274.08,
        18089.08,
        16308.8,
        16473.84
    ],
    "best_objective_list": [
        29838.0,
        16422.0,
        14772.0,
        14016.0,
        14016.0,
        14016.0,
        14016.0,
        14016.0,
        14016.0,
        14016.0,
        14016.0
    ]
}