{
    "elapsed_time": 3.719937324523926,
    "best_objective": 13196.0,
    "best_solution": [
        2,
        3,
        5,
        6,
        1,
        9,
        0,
        10,
        8,
        4,
        7,
        11
    ],
    "average_objectives_list": [
        43719.88118811881,
        34575.34,
        28081.74,
        25639.72,
        22947.72,
        24894.92,
        25219.22,
        24542.24,
        24997.34,
        26943.66,
        25579.68,
        24212.48,
        22856.86,
        23465.84,
        22585.74,
        23686.3,
        25876.16,
        23320.52,
        24371.56,
        23327.66,
        25354.38
    ],
    "best_objective_list": [
        19866.0,
        18284.0,
        17164.0,
        17164.0,
        17164.0,
        17164.0,
        17164.0,
        17164.0,
        17164.0,
        17164.0,
        17164.0,
        17164.0,
        17164.0,
        17164.0,
        17164.0,
        17164.0,
        17164.0,
        17164.0,
        13196.0,
        13196.0,
        13196.0
    ]
}