{
    "elapsed_time": 3.1783084869384766,
    "best_objective": 14450.0,
    "best_solution": [
        1,
        3,
        6,
        5,
        2,
        9,
        0,
        8,
        10,
        4,
        7,
        11
    ],
    "average_objectives_list": [
        44538.83870967742,
        31590.666666666668,
        23445.466666666667,
        20172.066666666666,
        18973.8,
        21432.2,
        18545.6,
        18226.733333333334,
        20895.266666666666,
        18304.8,
        17669.733333333334,
        17618.066666666666,
        19068.466666666667,
        18507.0,
        18636.866666666665,
        17324.333333333332,
        18512.866666666665,
        17362.533333333333,
        16266.666666666666,
        17698.466666666667,
        16498.733333333334
    ],
    "best_objective_list": [
        33286.0,
        21188.0,
        16834.0,
        16834.0,
        16834.0,
        16834.0,
        16834.0,
        16834.0,
        16834.0,
        16834.0,
        14450.0,
        14450.0,
        14450.0,
        14450.0,
        14450.0,
        14450.0,
        14450.0,
        14450.0,
        14450.0,
        14450.0,
        14450.0
    ]
}