{
    "elapsed_time": 1.6678709983825684,
    "best_objective": 17740.0,
    "best_solution": [
        8,
        4,
        6,
        2,
        9,
        5,
        11,
        10,
        3,
        7,
        1,
        0
    ],
    "average_objectives_list": [
        44612.98039215686,
        33620.2,
        28482.64,
        22531.96,
        25992.96,
        24524.48,
        24932.84,
        24040.72,
        26233.68,
        25660.36,
        26615.32
    ],
    "best_objective_list": [
        25972.0,
        18376.0,
        18376.0,
        18376.0,
        18376.0,
        18376.0,
        18376.0,
        17740.0,
        17740.0,
        17740.0,
        17740.0
    ]
}