{
    "elapsed_time": 3.3248205184936523,
    "best_objective": 13696.0,
    "best_solution": [
        0,
        2,
        10,
        4,
        8,
        7,
        1,
        3,
        6,
        5,
        9,
        11
    ],
    "average_objectives_list": [
        45410.1568627451,
        31729.36,
        24598.52,
        23035.0,
        19101.12,
        18818.16,
        18871.0,
        18618.0,
        17842.92,
        19825.92,
        20186.96,
        17249.84,
        19592.24,
        18440.2,
        16382.08,
        17614.56,
        19165.12,
        19775.32,
        18754.76,
        20384.08,
        18999.24
    ],
    "best_objective_list": [
        24346.0,
        21754.0,
        17574.0,
        15552.0,
        15552.0,
        15552.0,
        13696.0,
        13696.0,
        13696.0,
        13696.0,
        13696.0,
        13696.0,
        13696.0,
        13696.0,
        13696.0,
        13696.0,
        13696.0,
        13696.0,
        13696.0,
        13696.0,
        13696.0
    ]
}