{
    "elapsed_time": 3.315443754196167,
    "best_objective": 16154.0,
    "best_solution": [
        0,
        11,
        3,
        4,
        7,
        6,
        9,
        5,
        8,
        1,
        2,
        10
    ],
    "average_objectives_list": [
        43673.686274509804,
        29614.4,
        22458.28,
        19077.24,
        18968.6,
        21448.24,
        20213.12,
        19039.84,
        20705.24,
        18367.4,
        19023.68,
        20673.0,
        20138.2,
        19592.64,
        19701.52,
        18563.24,
        19548.8,
        17428.68,
        18310.12,
        18595.68,
        19745.8
    ],
    "best_objective_list": [
        26282.0,
        19120.0,
        19040.0,
        18262.0,
        18262.0,
        18262.0,
        18262.0,
        18262.0,
        18262.0,
        18262.0,
        18262.0,
        18262.0,
        18262.0,
        18262.0,
        18262.0,
        16788.0,
        16788.0,
        16788.0,
        16154.0,
        16154.0,
        16154.0
    ]
}