{
    "elapsed_time": 3.3267829418182373,
    "best_objective": 16234.0,
    "best_solution": [
        0,
        2,
        10,
        7,
        8,
        9,
        4,
        5,
        3,
        1,
        11,
        6
    ],
    "average_objectives_list": [
        46139.098039215685,
        32578.64,
        26042.92,
        21714.2,
        21071.0,
        19947.4,
        17571.6,
        18294.8,
        17407.0,
        17666.04,
        18241.36,
        18711.24,
        18639.68,
        18660.12,
        19548.16,
        17573.04,
        18245.0,
        19612.6,
        17670.16,
        18966.36,
        18072.76
    ],
    "best_objective_list": [
        29426.0,
        19184.0,
        19184.0,
        19184.0,
        17258.0,
        17258.0,
        17258.0,
        17258.0,
        17258.0,
        17258.0,
        17258.0,
        17258.0,
        17258.0,
        17258.0,
        17258.0,
        17180.0,
        17180.0,
        16918.0,
        16918.0,
        16918.0,
        16234.0
    ]
}