{
    "elapsed_time": 3.7329609394073486,
    "best_objective": 17624.0,
    "best_solution": [
        7,
        3,
        4,
        10,
        0,
        8,
        9,
        5,
        11,
        1,
        2,
        6
    ],
    "average_objectives_list": [
        45438.514851485146,
        33780.74,
        30866.84,
        29240.8,
        29592.08,
        27878.6,
        25360.5,
        27284.18,
        25782.96,
        25697.02,
        26780.06,
        28300.58,
        24551.7,
        24683.36,
        23539.12,
        25704.1,
        26814.76,
        24044.24,
        25786.36,
        23539.66,
        26352.98
    ],
    "best_objective_list": [
        28104.0,
        19780.0,
        19780.0,
        19452.0,
        19452.0,
        18552.0,
        18552.0,
        18552.0,
        18552.0,
        18290.0,
        17844.0,
        17844.0,
        17844.0,
        17844.0,
        17844.0,
        17844.0,
        17844.0,
        17624.0,
        17624.0,
        17624.0,
        17624.0
    ]
}