{
    "elapsed_time": 3.7217395305633545,
    "best_objective": 16564.0,
    "best_solution": [
        5,
        8,
        3,
        6,
        0,
        11,
        1,
        4,
        10,
        2,
        9,
        7
    ],
    "average_objectives_list": [
        44176.43564356436,
        33100.02,
        31171.64,
        26938.18,
        24675.16,
        25007.52,
        25239.06,
        23816.74,
        24137.12,
        26090.22,
        25564.38,
        27282.3,
        25754.6,
        27192.9,
        25629.8,
        25845.56,
        27449.2,
        26105.68,
        25865.26,
        26474.14,
        26193.94
    ],
    "best_objective_list": [
        22256.0,
        19876.0,
        19488.0,
        18800.0,
        18800.0,
        18800.0,
        18800.0,
        18800.0,
        17412.0,
        17412.0,
        17412.0,
        17412.0,
        17412.0,
        17412.0,
        16564.0,
        16564.0,
        16564.0,
        16564.0,
        16564.0,
        16564.0,
        16564.0
    ]
}