{
    "elapsed_time": 3.2888965606689453,
    "best_objective": 15368.0,
    "best_solution": [
        0,
        4,
        3,
        2,
        10,
        7,
        8,
        5,
        6,
        1,
        9,
        11
    ],
    "average_objectives_list": [
        46146.1568627451,
        33238.84,
        28661.28,
        25361.84,
        23305.4,
        19878.44,
        20547.8,
        19859.32,
        18144.92,
        19659.56,
        18048.12,
        18141.36,
        19433.96,
        18706.12,
        18381.72,
        18196.28,
        18888.6,
        20026.48,
        18524.36,
        19675.8,
        19145.12
    ],
    "best_objective_list": [
        22542.0,
        22542.0,
        20256.0,
        20234.0,
        16076.0,
        16076.0,
        16076.0,
        16076.0,
        15368.0,
        15368.0,
        15368.0,
        15368.0,
        15368.0,
        15368.0,
        15368.0,
        15368.0,
        15368.0,
        15368.0,
        15368.0,
        15368.0,
        15368.0
    ]
}