{
    "elapsed_time": 3.2823023796081543,
    "best_objective": 17548.0,
    "best_solution": [
        9,
        11,
        5,
        8,
        1,
        10,
        7,
        0,
        2,
        4,
        3,
        6
    ],
    "average_objectives_list": [
        41684.78431372549,
        30112.8,
        26446.64,
        24874.64,
        23761.0,
        22966.52,
        24636.92,
        25390.84,
        24901.6,
        24957.6,
        22573.88,
        26468.24,
        23930.4,
        26327.88,
        24155.6,
        23555.32,
        18843.04,
        20290.44,
        22748.92,
        20831.64,
        18977.2
    ],
    "best_objective_list": [
        24642.0,
        23522.0,
        18560.0,
        18560.0,
        18560.0,
        18560.0,
        18560.0,
        18560.0,
        18560.0,
        18560.0,
        18560.0,
        18560.0,
        18560.0,
        18560.0,
        17668.0,
        17668.0,
        17548.0,
        17548.0,
        17548.0,
        17548.0,
        17548.0
    ]
}