{
    "elapsed_time": 6.606458902359009,
    "best_objective": 12968.0,
    "best_solution": [
        0,
        4,
        3,
        2,
        5,
        7,
        1,
        10,
        6,
        8,
        9,
        11
    ],
    "average_objectives_list": [
        46701.76470588235,
        30871.68,
        20061.28,
        16156.08,
        16091.56,
        17397.52,
        15884.6,
        17856.68,
        16697.24,
        16800.28,
        14234.12,
        14503.32,
        13619.36,
        14005.68,
        13223.36,
        13123.76,
        13364.72,
        13251.16,
        14300.04,
        13909.96,
        13109.6,
        13265.36,
        13933.92,
        13830.88,
        13915.56,
        13251.2,
        13166.24,
        13456.96,
        13223.6,
        14425.76,
        14356.44,
        13257.04,
        15209.32,
        14308.96,
        14264.08,
        13293.68,
        13322.0,
        14155.8,
        14607.56,
        14393.72,
        13216.28
    ],
    "best_objective_list": [
        25422.0,
        15694.0,
        15694.0,
        15694.0,
        15694.0,
        15694.0,
        15154.0,
        15154.0,
        13676.0,
        13676.0,
        13676.0,
        12968.0,
        12968.0,
        12968.0,
        12968.0,
        12968.0,
        12968.0,
        12968.0,
        12968.0,
        12968.0,
        12968.0,
        12968.0,
        12968.0,
        12968.0,
        12968.0,
        12968.0,
        12968.0,
        12968.0,
        12968.0,
        12968.0,
        12968.0,
        12968.0,
        12968.0,
        12968.0,
        12968.0,
        12968.0,
        12968.0,
        12968.0,
        12968.0,
        12968.0,
        12968.0
    ]
}