{
    "elapsed_time": 3.317002058029175,
    "best_objective": 19220.0,
    "best_solution": [
        4,
        11,
        2,
        6,
        1,
        8,
        5,
        3,
        9,
        0,
        10,
        7
    ],
    "average_objectives_list": [
        45207.96078431373,
        31815.28,
        25013.28,
        28145.72,
        25231.96,
        24998.56,
        28620.4,
        25791.8,
        27012.72,
        26311.48,
        26062.64,
        24493.84,
        26301.12,
        24692.32,
        24292.52,
        25189.24,
        24404.92,
        22138.12,
        24183.68,
        23894.72,
        23789.12
    ],
    "best_objective_list": [
        19570.0,
        19570.0,
        19570.0,
        19570.0,
        19570.0,
        19570.0,
        19570.0,
        19570.0,
        19570.0,
        19570.0,
        19570.0,
        19570.0,
        19570.0,
        19220.0,
        19220.0,
        19220.0,
        19220.0,
        19220.0,
        19220.0,
        19220.0,
        19220.0
    ]
}