{
    "elapsed_time": 6.608105421066284,
    "best_objective": 12050.0,
    "best_solution": [
        11,
        10,
        3,
        8,
        0,
        5,
        4,
        7,
        2,
        9,
        1,
        6
    ],
    "average_objectives_list": [
        45427.21568627451,
        28851.44,
        23443.32,
        26144.72,
        23614.56,
        22674.2,
        25659.32,
        21779.2,
        23364.92,
        22356.32,
        23112.12,
        26509.72,
        23580.32,
        22924.4,
        24146.8,
        22508.04,
        27730.32,
        22696.64,
        22699.96,
        19464.92,
        24840.84,
        19125.52,
        26001.52,
        23486.64,
        22995.12,
        22508.88,
        23796.76,
        23187.84,
        20902.4,
        21538.0,
        23103.92,
        19464.8,
        22441.04,
        21054.84,
        20127.08,
        17870.96,
        27307.64,
        16107.92,
        23714.88,
        26567.24,
        19081.68
    ],
    "best_objective_list": [
        19440.0,
        19126.0,
        19126.0,
        19126.0,
        19098.0,
        19098.0,
        17244.0,
        16672.0,
        16672.0,
        13726.0,
        13726.0,
        13634.0,
        13634.0,
        13634.0,
        13634.0,
        13634.0,
        13634.0,
        13634.0,
        13634.0,
        13526.0,
        12050.0,
        12050.0,
        12050.0,
        12050.0,
        12050.0,
        12050.0,
        12050.0,
        12050.0,
        12050.0,
        12050.0,
        12050.0,
        12050.0,
        12050.0,
        12050.0,
        12050.0,
        12050.0,
        12050.0,
        12050.0,
        12050.0,
        12050.0,
        12050.0
    ]
}