{
    "elapsed_time": 3.7073287963867188,
    "best_objective": 18566.0,
    "best_solution": [
        0,
        2,
        4,
        7,
        8,
        9,
        1,
        3,
        6,
        5,
        10,
        11
    ],
    "average_objectives_list": [
        45897.32673267327,
        38252.88,
        34455.7,
        31010.44,
        32191.1,
        32160.06,
        27545.28,
        26359.46,
        25282.08,
        25874.32,
        25130.52,
        24408.12,
        23350.1,
        26716.24,
        24417.6,
        23767.08,
        22119.72,
        23213.12,
        24721.4,
        22643.5,
        19990.68
    ],
    "best_objective_list": [
        23324.0,
        23324.0,
        23324.0,
        23324.0,
        20820.0,
        20820.0,
        20820.0,
        20472.0,
        19710.0,
        19710.0,
        19710.0,
        19710.0,
        19710.0,
        19710.0,
        19710.0,
        19710.0,
        18698.0,
        18566.0,
        18566.0,
        18566.0,
        18566.0
    ]
}