{
    "elapsed_time": 3.323113441467285,
    "best_objective": 15828.0,
    "best_solution": [
        7,
        2,
        5,
        1,
        11,
        0,
        9,
        10,
        6,
        8,
        3,
        4
    ],
    "average_objectives_list": [
        45647.8431372549,
        33923.92,
        28074.36,
        26819.32,
        26750.4,
        25588.28,
        25769.4,
        22972.08,
        23868.6,
        21738.28,
        23832.8,
        23061.2,
        23407.92,
        22099.52,
        23197.84,
        24417.32,
        21479.24,
        21751.84,
        22488.76,
        23778.8,
        22180.48
    ],
    "best_objective_list": [
        23632.0,
        23632.0,
        23126.0,
        23126.0,
        22404.0,
        21000.0,
        21000.0,
        17730.0,
        17730.0,
        17730.0,
        17730.0,
        17730.0,
        17730.0,
        17730.0,
        17730.0,
        15828.0,
        15828.0,
        15828.0,
        15828.0,
        15828.0,
        15828.0
    ]
}