{
    "elapsed_time": 3.3339481353759766,
    "best_objective": 14836.0,
    "best_solution": [
        0,
        8,
        6,
        4,
        5,
        9,
        1,
        2,
        10,
        3,
        7,
        11
    ],
    "average_objectives_list": [
        44272.86274509804,
        32723.44,
        22546.36,
        20916.92,
        19541.48,
        19385.44,
        20124.44,
        21461.24,
        20389.4,
        19366.28,
        19255.44,
        19238.56,
        20929.92,
        22022.92,
        21646.16,
        19320.88,
        17904.52,
        21370.72,
        19344.76,
        19265.96,
        19542.08
    ],
    "best_objective_list": [
        29648.0,
        18892.0,
        18892.0,
        18892.0,
        18698.0,
        17882.0,
        16468.0,
        15818.0,
        14836.0,
        14836.0,
        14836.0,
        14836.0,
        14836.0,
        14836.0,
        14836.0,
        14836.0,
        14836.0,
        14836.0,
        14836.0,
        14836.0,
        14836.0
    ]
}