{
    "elapsed_time": 1.6523802280426025,
    "best_objective": 12130.0,
    "best_solution": [
        4,
        3,
        8,
        6,
        10,
        7,
        0,
        5,
        2,
        1,
        9,
        11
    ],
    "average_objectives_list": [
        44558.705882352944,
        32603.32,
        26201.68,
        21458.36,
        21459.12,
        17843.96,
        18671.52,
        18030.84,
        18385.36,
        15756.88,
        16394.04
    ],
    "best_objective_list": [
        24474.0,
        23920.0,
        18482.0,
        18482.0,
        15814.0,
        15814.0,
        12130.0,
        12130.0,
        12130.0,
        12130.0,
        12130.0
    ]
}