{
    "elapsed_time": 3.1333045959472656,
    "best_objective": 16790.0,
    "best_solution": [
        0,
        2,
        3,
        4,
        5,
        10,
        1,
        9,
        11,
        7,
        8,
        6
    ],
    "average_objectives_list": [
        43695.354838709674,
        28593.466666666667,
        22470.4,
        20043.466666666667,
        18978.0,
        18965.266666666666,
        18669.866666666665,
        17956.066666666666,
        18158.133333333335,
        17348.8,
        16790.0,
        16935.866666666665,
        17180.0,
        16790.0,
        16790.0,
        16790.0,
        17361.266666666666,
        16790.0,
        17051.2,
        17446.4,
        17128.333333333332
    ],
    "best_objective_list": [
        23012.0,
        22636.0,
        18978.0,
        18978.0,
        18978.0,
        18596.0,
        17374.0,
        16790.0,
        16790.0,
        16790.0,
        16790.0,
        16790.0,
        16790.0,
        16790.0,
        16790.0,
        16790.0,
        16790.0,
        16790.0,
        16790.0,
        16790.0,
        16790.0
    ]
}