{
    "elapsed_time": 6.596433639526367,
    "best_objective": 18010.0,
    "best_solution": [
        5,
        4,
        11,
        8,
        9,
        10,
        1,
        2,
        3,
        6,
        7,
        0
    ],
    "average_objectives_list": [
        46722.07843137255,
        33440.24,
        27253.6,
        22839.0,
        23285.6,
        24204.12,
        23204.52,
        24446.12,
        24317.08,
        22886.64,
        23381.12,
        23832.44,
        23515.96,
        22454.56,
        23576.36,
        24687.96,
        24197.0,
        23658.56,
        24889.64,
        24103.68,
        21786.28,
        25771.96,
        23746.0,
        24284.28,
        22220.68,
        22942.92,
        24221.12,
        23473.6,
        22457.52,
        25298.4,
        22715.52,
        23503.32,
        23810.72,
        22864.96,
        23804.36,
        24370.56,
        23784.68,
        22061.8,
        23260.24,
        22440.64,
        23274.44
    ],
    "best_objective_list": [
        31896.0,
        21272.0,
        21272.0,
        19212.0,
        19212.0,
        19212.0,
        19212.0,
        19212.0,
        19212.0,
        19212.0,
        19212.0,
        18010.0,
        18010.0,
        18010.0,
        18010.0,
        18010.0,
        18010.0,
        18010.0,
        18010.0,
        18010.0,
        18010.0,
        18010.0,
        18010.0,
        18010.0,
        18010.0,
        18010.0,
        18010.0,
        18010.0,
        18010.0,
        18010.0,
        18010.0,
        18010.0,
        18010.0,
        18010.0,
        18010.0,
        18010.0,
        18010.0,
        18010.0,
        18010.0,
        18010.0,
        18010.0
    ]
}