{
    "elapsed_time": 6.698967695236206,
    "best_objective": 12386.0,
    "best_solution": [
        4,
        3,
        11,
        8,
        9,
        10,
        0,
        5,
        2,
        1,
        7,
        6
    ],
    "average_objectives_list": [
        44231.96078431373,
        32681.12,
        25948.04,
        21201.96,
        20352.52,
        20627.48,
        21022.16,
        20279.28,
        18632.88,
        20265.92,
        19826.84,
        18142.24,
        19312.96,
        17424.88,
        19691.12,
        19260.96,
        20647.96,
        22915.84,
        18520.24,
        19945.36,
        19319.52,
        18495.84,
        20468.88,
        20604.08,
        19524.48,
        18523.36,
        17982.24,
        17050.12,
        19687.56,
        19064.56,
        18723.92,
        16017.48,
        20211.04,
        16816.64,
        17733.56,
        19058.32,
        19982.04,
        17878.2,
        17434.12,
        19765.68,
        20250.88
    ],
    "best_objective_list": [
        29910.0,
        17586.0,
        16906.0,
        16906.0,
        16906.0,
        16906.0,
        16906.0,
        16906.0,
        14622.0,
        14622.0,
        14622.0,
        14622.0,
        14622.0,
        14622.0,
        14622.0,
        14622.0,
        12386.0,
        12386.0,
        12386.0,
        12386.0,
        12386.0,
        12386.0,
        12386.0,
        12386.0,
        12386.0,
        12386.0,
        12386.0,
        12386.0,
        12386.0,
        12386.0,
        12386.0,
        12386.0,
        12386.0,
        12386.0,
        12386.0,
        12386.0,
        12386.0,
        12386.0,
        12386.0,
        12386.0,
        12386.0
    ]
}