{
    "elapsed_time": 3.158006191253662,
    "best_objective": 14654.0,
    "best_solution": [
        5,
        8,
        4,
        6,
        0,
        7,
        1,
        11,
        3,
        2,
        9,
        10
    ],
    "average_objectives_list": [
        46764.3870967742,
        31638.466666666667,
        25877.8,
        25325.466666666667,
        24464.0,
        21650.466666666667,
        19728.666666666668,
        19790.733333333334,
        17834.133333333335,
        17297.4,
        16504.733333333334,
        16487.333333333332,
        16930.4,
        16488.733333333334,
        16628.4,
        17931.266666666666,
        17046.2,
        16462.066666666666,
        18321.933333333334,
        17793.4,
        18672.0
    ],
    "best_objective_list": [
        30344.0,
        25382.0,
        25382.0,
        24534.0,
        21052.0,
        18308.0,
        17670.0,
        17670.0,
        16428.0,
        16428.0,
        16246.0,
        16246.0,
        16246.0,
        16246.0,
        16246.0,
        16246.0,
        15636.0,
        15636.0,
        15080.0,
        15080.0,
        14654.0
    ]
}