{
    "elapsed_time": 3.3388054370880127,
    "best_objective": 12520.0,
    "best_solution": [
        3,
        2,
        5,
        6,
        1,
        7,
        0,
        8,
        4,
        10,
        9,
        11
    ],
    "average_objectives_list": [
        44607.529411764706,
        31078.64,
        26260.96,
        23307.04,
        24527.44,
        23900.24,
        22704.88,
        21142.04,
        21640.76,
        25485.56,
        23769.84,
        20422.4,
        19994.72,
        20416.16,
        18456.8,
        20716.92,
        21306.24,
        18955.16,
        16444.08,
        20255.28,
        15212.32
    ],
    "best_objective_list": [
        24542.0,
        21160.0,
        20438.0,
        19406.0,
        19406.0,
        17290.0,
        17290.0,
        17290.0,
        17290.0,
        17290.0,
        16468.0,
        16468.0,
        15210.0,
        14304.0,
        14304.0,
        14202.0,
        14202.0,
        14202.0,
        13046.0,
        13046.0,
        12520.0
    ]
}