{
    "elapsed_time": 3.329761266708374,
    "best_objective": 12968.0,
    "best_solution": [
        0,
        4,
        3,
        2,
        5,
        7,
        1,
        10,
        6,
        8,
        9,
        11
    ],
    "average_objectives_list": [
        43917.76470588235,
        31744.28,
        27554.68,
        24811.56,
        23436.96,
        21735.68,
        22511.28,
        18729.12,
        20081.8,
        16554.28,
        14282.36,
        13753.56,
        15358.04,
        15040.08,
        14569.72,
        15488.16,
        14461.88,
        15064.4,
        14438.28,
        15685.0,
        13973.0
    ],
    "best_objective_list": [
        25410.0,
        24046.0,
        23664.0,
        21724.0,
        17782.0,
        17782.0,
        16452.0,
        16452.0,
        13676.0,
        13676.0,
        13676.0,
        12968.0,
        12968.0,
        12968.0,
        12968.0,
        12968.0,
        12968.0,
        12968.0,
        12968.0,
        12968.0,
        12968.0
    ]
}