{
    "elapsed_time": 6.686450004577637,
    "best_objective": 16418.0,
    "best_solution": [
        8,
        10,
        5,
        1,
        9,
        0,
        11,
        2,
        4,
        6,
        7,
        3
    ],
    "average_objectives_list": [
        42560.901960784315,
        29625.16,
        23502.24,
        22547.96,
        21037.24,
        22002.28,
        20606.04,
        22734.32,
        23263.88,
        22621.44,
        22023.28,
        22238.68,
        21883.44,
        19831.92,
        21122.32,
        19462.52,
        19651.92,
        23174.52,
        22549.6,
        21453.16,
        24346.6,
        21298.24,
        19241.52,
        20227.88,
        21828.12,
        21311.84,
        22912.76,
        22295.96,
        20964.0,
        21670.0,
        22673.24,
        21752.08,
        21593.4,
        20318.68,
        24900.24,
        20625.72,
        21838.6,
        21835.36,
        21221.64,
        20813.12,
        21318.8
    ],
    "best_objective_list": [
        18468.0,
        18468.0,
        18430.0,
        18430.0,
        18430.0,
        18184.0,
        16418.0,
        16418.0,
        16418.0,
        16418.0,
        16418.0,
        16418.0,
        16418.0,
        16418.0,
        16418.0,
        16418.0,
        16418.0,
        16418.0,
        16418.0,
        16418.0,
        16418.0,
        16418.0,
        16418.0,
        16418.0,
        16418.0,
        16418.0,
        16418.0,
        16418.0,
        16418.0,
        16418.0,
        16418.0,
        16418.0,
        16418.0,
        16418.0,
        16418.0,
        16418.0,
        16418.0,
        16418.0,
        16418.0,
        16418.0,
        16418.0
    ]
}