{
    "elapsed_time": 3.3278284072875977,
    "best_objective": 14388.0,
    "best_solution": [
        11,
        4,
        5,
        2,
        1,
        6,
        0,
        7,
        3,
        9,
        8,
        10
    ],
    "average_objectives_list": [
        45945.686274509804,
        33626.48,
        28048.08,
        27977.84,
        25579.84,
        26467.72,
        23914.28,
        25509.56,
        26128.04,
        24632.08,
        24963.8,
        23423.56,
        23250.76,
        22912.84,
        23225.36,
        25096.8,
        22480.96,
        18235.76,
        16899.0,
        19497.04,
        20104.04
    ],
    "best_objective_list": [
        31752.0,
        25134.0,
        20802.0,
        20802.0,
        20544.0,
        20544.0,
        20544.0,
        20544.0,
        20544.0,
        20076.0,
        20076.0,
        18546.0,
        18546.0,
        18546.0,
        18546.0,
        15228.0,
        15228.0,
        14406.0,
        14406.0,
        14388.0,
        14388.0
    ]
}