{
    "elapsed_time": 3.181586980819702,
    "best_objective": 13524.0,
    "best_solution": [
        5,
        10,
        3,
        2,
        0,
        7,
        1,
        4,
        6,
        8,
        9,
        11
    ],
    "average_objectives_list": [
        44526.3870967742,
        28423.333333333332,
        23935.4,
        22595.466666666667,
        19114.4,
        17164.8,
        15059.933333333332,
        17179.133333333335,
        16194.733333333334,
        15175.933333333332,
        22451.133333333335,
        14484.666666666666,
        16977.0,
        16616.933333333334,
        16352.866666666667,
        17553.066666666666,
        17576.733333333334,
        15680.6,
        18676.0,
        15504.666666666666,
        16898.6
    ],
    "best_objective_list": [
        21846.0,
        21846.0,
        21238.0,
        13524.0,
        13524.0,
        13524.0,
        13524.0,
        13524.0,
        13524.0,
        13524.0,
        13524.0,
        13524.0,
        13524.0,
        13524.0,
        13524.0,
        13524.0,
        13524.0,
        13524.0,
        13524.0,
        13524.0,
        13524.0
    ]
}