{
    "elapsed_time": 1.6662352085113525,
    "best_objective": 15710.0,
    "best_solution": [
        0,
        2,
        3,
        4,
        10,
        7,
        1,
        8,
        6,
        5,
        9,
        11
    ],
    "average_objectives_list": [
        45482.58823529412,
        28680.36,
        21061.12,
        17298.36,
        18423.68,
        18862.64,
        17569.88,
        15710.0,
        19697.28,
        18949.04,
        18797.36
    ],
    "best_objective_list": [
        25926.0,
        15710.0,
        15710.0,
        15710.0,
        15710.0,
        15710.0,
        15710.0,
        15710.0,
        15710.0,
        15710.0,
        15710.0
    ]
}