{
    "elapsed_time": 3.307736396789551,
    "best_objective": 15380.0,
    "best_solution": [
        10,
        3,
        1,
        0,
        5,
        7,
        8,
        2,
        4,
        6,
        9,
        11
    ],
    "average_objectives_list": [
        44657.72549019608,
        33197.36,
        28927.4,
        26573.72,
        22980.48,
        21520.24,
        25479.08,
        22279.44,
        21941.8,
        23918.4,
        23218.12,
        22292.2,
        23231.12,
        22971.6,
        23255.72,
        21359.92,
        23712.6,
        21732.08,
        21171.96,
        23764.2,
        21432.96
    ],
    "best_objective_list": [
        18784.0,
        18664.0,
        18664.0,
        18664.0,
        18664.0,
        18664.0,
        18664.0,
        17352.0,
        17352.0,
        17352.0,
        17352.0,
        17352.0,
        17352.0,
        17352.0,
        17352.0,
        16184.0,
        16184.0,
        15380.0,
        15380.0,
        15380.0,
        15380.0
    ]
}