{
    "elapsed_time": 1.6594934463500977,
    "best_objective": 15292.0,
    "best_solution": [
        0,
        8,
        3,
        2,
        5,
        6,
        1,
        7,
        10,
        4,
        9,
        11
    ],
    "average_objectives_list": [
        44513.80392156863,
        29326.28,
        22854.96,
        21301.4,
        19967.0,
        18170.24,
        17605.0,
        17969.6,
        19530.84,
        17958.8,
        17752.76
    ],
    "best_objective_list": [
        24816.0,
        18524.0,
        18524.0,
        16276.0,
        15292.0,
        15292.0,
        15292.0,
        15292.0,
        15292.0,
        15292.0,
        15292.0
    ]
}