{
    "elapsed_time": 3.3058035373687744,
    "best_objective": 13002.0,
    "best_solution": [
        4,
        2,
        10,
        11,
        8,
        9,
        0,
        5,
        3,
        1,
        7,
        6
    ],
    "average_objectives_list": [
        45670.23529411765,
        32718.92,
        24962.12,
        21716.92,
        21621.68,
        22865.48,
        21431.44,
        18177.56,
        19439.84,
        19769.52,
        18871.84,
        20831.8,
        19218.04,
        19717.2,
        19949.84,
        19747.12,
        19005.68,
        18453.64,
        18075.32,
        17145.32,
        20373.4
    ],
    "best_objective_list": [
        28712.0,
        20272.0,
        19328.0,
        18350.0,
        17470.0,
        17470.0,
        17470.0,
        17270.0,
        17270.0,
        17270.0,
        17144.0,
        17144.0,
        17144.0,
        13010.0,
        13010.0,
        13010.0,
        13010.0,
        13010.0,
        13002.0,
        13002.0,
        13002.0
    ]
}