{
    "elapsed_time": 6.668666124343872,
    "best_objective": 15630.0,
    "best_solution": [
        1,
        10,
        3,
        0,
        7,
        11,
        5,
        6,
        4,
        2,
        9,
        8
    ],
    "average_objectives_list": [
        42442.666666666664,
        29253.36,
        24044.76,
        21687.8,
        22147.6,
        23237.96,
        21368.68,
        22180.68,
        20456.76,
        21877.8,
        21460.8,
        21229.48,
        21355.88,
        22183.0,
        21446.2,
        22667.04,
        21153.28,
        20398.24,
        20933.8,
        20732.6,
        20259.72,
        18607.16,
        19386.84,
        21537.96,
        21750.28,
        21911.76,
        20630.24,
        21561.88,
        20990.16,
        23676.2,
        20698.08,
        22126.68,
        23857.0,
        20905.08,
        21883.52,
        21046.68,
        21773.92,
        22000.96,
        21681.84,
        21923.2,
        20951.4
    ],
    "best_objective_list": [
        24042.0,
        20540.0,
        20540.0,
        20540.0,
        19308.0,
        18606.0,
        18606.0,
        18606.0,
        18300.0,
        17074.0,
        17074.0,
        16448.0,
        16448.0,
        16448.0,
        16448.0,
        16448.0,
        16448.0,
        16448.0,
        16448.0,
        16448.0,
        16448.0,
        16448.0,
        16448.0,
        16448.0,
        16448.0,
        16448.0,
        16448.0,
        16448.0,
        16448.0,
        16448.0,
        16448.0,
        16448.0,
        16448.0,
        15630.0,
        15630.0,
        15630.0,
        15630.0,
        15630.0,
        15630.0,
        15630.0,
        15630.0
    ]
}