{
    "elapsed_time": 3.319096803665161,
    "best_objective": 15232.0,
    "best_solution": [
        0,
        3,
        2,
        6,
        7,
        8,
        1,
        4,
        10,
        5,
        9,
        11
    ],
    "average_objectives_list": [
        45152.549019607846,
        29382.84,
        24285.32,
        23078.92,
        20979.04,
        20453.04,
        21497.68,
        18988.0,
        19943.96,
        19821.2,
        19570.8,
        19199.88,
        18988.0,
        20227.16,
        20165.92,
        18801.44,
        18124.08,
        19313.76,
        17154.36,
        18626.52,
        17705.36
    ],
    "best_objective_list": [
        21860.0,
        21834.0,
        20512.0,
        18988.0,
        18988.0,
        18988.0,
        18988.0,
        18988.0,
        18988.0,
        18988.0,
        18988.0,
        18988.0,
        18988.0,
        18988.0,
        15232.0,
        15232.0,
        15232.0,
        15232.0,
        15232.0,
        15232.0,
        15232.0
    ]
}