{
    "elapsed_time": 3.120042324066162,
    "best_objective": 16682.0,
    "best_solution": [
        0,
        2,
        3,
        4,
        5,
        8,
        1,
        9,
        6,
        7,
        11,
        10
    ],
    "average_objectives_list": [
        43197.87096774193,
        29245.0,
        23631.4,
        21026.066666666666,
        18878.4,
        18596.0,
        18596.0,
        18596.0,
        18596.0,
        18596.0,
        18596.0,
        18596.0,
        18596.0,
        18596.0,
        18596.0,
        18532.2,
        18001.133333333335,
        17056.466666666667,
        17657.733333333334,
        16711.733333333334,
        17507.333333333332
    ],
    "best_objective_list": [
        25380.0,
        22626.0,
        20008.0,
        18596.0,
        18596.0,
        18596.0,
        18596.0,
        18596.0,
        18596.0,
        18596.0,
        18596.0,
        18596.0,
        18596.0,
        18596.0,
        18596.0,
        16682.0,
        16682.0,
        16682.0,
        16682.0,
        16682.0,
        16682.0
    ]
}