{
    "elapsed_time": 3.400705337524414,
    "best_objective": 16526.0,
    "best_solution": [
        5,
        6,
        3,
        11,
        8,
        9,
        0,
        10,
        4,
        1,
        7,
        2
    ],
    "average_objectives_list": [
        46787.529411764706,
        34229.68,
        28389.56,
        24589.0,
        21674.84,
        21533.64,
        21543.84,
        21953.8,
        20447.04,
        21561.16,
        23566.12,
        23121.68,
        20711.0,
        20990.72,
        21481.56,
        20718.28,
        20675.12,
        20104.0,
        20989.96,
        23151.76,
        22493.56
    ],
    "best_objective_list": [
        30546.0,
        25366.0,
        21150.0,
        19120.0,
        19006.0,
        17372.0,
        17372.0,
        17372.0,
        17372.0,
        16640.0,
        16640.0,
        16640.0,
        16640.0,
        16640.0,
        16640.0,
        16640.0,
        16640.0,
        16640.0,
        16526.0,
        16526.0,
        16526.0
    ]
}