{
    "elapsed_time": 3.3562121391296387,
    "best_objective": 12968.0,
    "best_solution": [
        0,
        4,
        3,
        2,
        5,
        7,
        1,
        10,
        6,
        8,
        9,
        11
    ],
    "average_objectives_list": [
        46448.94117647059,
        32967.44,
        26897.16,
        26986.4,
        25846.2,
        24419.96,
        22708.0,
        24247.6,
        22753.6,
        21705.16,
        19667.24,
        15786.48,
        15194.6,
        17085.28,
        15083.16,
        14371.84,
        13966.56,
        13391.52,
        14518.36,
        14294.6,
        16141.84
    ],
    "best_objective_list": [
        31180.0,
        26106.0,
        23076.0,
        23076.0,
        22574.0,
        21470.0,
        20482.0,
        20474.0,
        18932.0,
        17976.0,
        13676.0,
        13676.0,
        13676.0,
        12968.0,
        12968.0,
        12968.0,
        12968.0,
        12968.0,
        12968.0,
        12968.0,
        12968.0
    ]
}