{
    "elapsed_time": 1.6682531833648682,
    "best_objective": 16838.0,
    "best_solution": [
        0,
        8,
        2,
        4,
        5,
        9,
        1,
        6,
        11,
        3,
        7,
        10
    ],
    "average_objectives_list": [
        43308.07843137255,
        31421.12,
        25538.08,
        24825.32,
        23855.0,
        24056.24,
        24058.76,
        22610.72,
        20819.92,
        21785.96,
        19384.52
    ],
    "best_objective_list": [
        28116.0,
        24134.0,
        22270.0,
        22270.0,
        21718.0,
        21296.0,
        18288.0,
        18288.0,
        18288.0,
        18288.0,
        16838.0
    ]
}