{
    "elapsed_time": 3.6999199390411377,
    "best_objective": 18394.0,
    "best_solution": [
        9,
        10,
        0,
        1,
        4,
        5,
        7,
        6,
        8,
        11,
        2,
        3
    ],
    "average_objectives_list": [
        44044.158415841586,
        35367.48,
        31279.38,
        31076.52,
        28859.24,
        28512.52,
        26865.24,
        27131.06,
        27276.16,
        27588.52,
        26683.18,
        29590.74,
        28697.5,
        27931.64,
        25027.5,
        26288.3,
        27754.84,
        26728.62,
        25459.3,
        25730.12,
        26610.36
    ],
    "best_objective_list": [
        25160.0,
        24094.0,
        23752.0,
        21066.0,
        20312.0,
        20134.0,
        20134.0,
        20134.0,
        20134.0,
        20134.0,
        19122.0,
        19122.0,
        18778.0,
        18778.0,
        18394.0,
        18394.0,
        18394.0,
        18394.0,
        18394.0,
        18394.0,
        18394.0
    ]
}