{
    "elapsed_time": 3.7085819244384766,
    "best_objective": 15440.0,
    "best_solution": [
        10,
        5,
        4,
        6,
        0,
        7,
        1,
        3,
        2,
        8,
        9,
        11
    ],
    "average_objectives_list": [
        42668.69306930693,
        32566.36,
        28775.54,
        26149.36,
        26286.2,
        26497.64,
        27092.92,
        24933.32,
        25151.8,
        26320.54,
        27795.44,
        26795.22,
        25411.06,
        26168.4,
        26698.38,
        25957.38,
        25258.86,
        24811.08,
        26012.0,
        27720.3,
        28010.2
    ],
    "best_objective_list": [
        21040.0,
        21040.0,
        21040.0,
        21040.0,
        21040.0,
        15440.0,
        15440.0,
        15440.0,
        15440.0,
        15440.0,
        15440.0,
        15440.0,
        15440.0,
        15440.0,
        15440.0,
        15440.0,
        15440.0,
        15440.0,
        15440.0,
        15440.0,
        15440.0
    ]
}