{
    "elapsed_time": 6.598391771316528,
    "best_objective": 12546.0,
    "best_solution": [
        3,
        10,
        6,
        5,
        2,
        1,
        11,
        7,
        8,
        9,
        0,
        4
    ],
    "average_objectives_list": [
        46291.05882352941,
        32435.56,
        26999.28,
        24731.6,
        28140.24,
        30214.08,
        25676.8,
        23635.72,
        26068.96,
        22627.12,
        24416.24,
        22995.44,
        25586.28,
        26333.48,
        25123.44,
        22465.12,
        26391.0,
        20686.84,
        24087.64,
        20653.32,
        24044.08,
        24019.52,
        24087.32,
        24873.76,
        22822.48,
        23551.24,
        23534.88,
        21778.96,
        23852.24,
        24171.52,
        21657.52,
        21392.68,
        21049.2,
        20394.8,
        23115.08,
        20180.68,
        19892.72,
        22380.48,
        21250.68,
        23609.4,
        20924.92
    ],
    "best_objective_list": [
        28794.0,
        21464.0,
        20234.0,
        17164.0,
        17164.0,
        17164.0,
        16644.0,
        16002.0,
        16002.0,
        16002.0,
        16002.0,
        16002.0,
        16002.0,
        16002.0,
        16002.0,
        15764.0,
        15764.0,
        15764.0,
        15764.0,
        15112.0,
        13928.0,
        13928.0,
        13928.0,
        13928.0,
        13928.0,
        13928.0,
        13928.0,
        12546.0,
        12546.0,
        12546.0,
        12546.0,
        12546.0,
        12546.0,
        12546.0,
        12546.0,
        12546.0,
        12546.0,
        12546.0,
        12546.0,
        12546.0,
        12546.0
    ]
}