{
    "elapsed_time": 3.3364999294281006,
    "best_objective": 14432.0,
    "best_solution": [
        1,
        3,
        11,
        8,
        9,
        10,
        5,
        4,
        2,
        0,
        7,
        6
    ],
    "average_objectives_list": [
        47464.98039215686,
        31789.72,
        23433.68,
        22144.12,
        18346.8,
        16473.52,
        18161.6,
        18721.84,
        17969.48,
        16953.0,
        16376.92,
        16757.2,
        18872.28,
        16166.0,
        18558.2,
        16304.2,
        17079.52,
        16596.56,
        18506.76,
        18123.88,
        16782.6
    ],
    "best_objective_list": [
        24856.0,
        19666.0,
        15386.0,
        15386.0,
        15386.0,
        15386.0,
        15386.0,
        15386.0,
        15386.0,
        15386.0,
        15386.0,
        15386.0,
        15386.0,
        15386.0,
        15386.0,
        15386.0,
        15386.0,
        15386.0,
        15386.0,
        14774.0,
        14432.0
    ]
}