{
    "elapsed_time": 3.2959413528442383,
    "best_objective": 10216.0,
    "best_solution": [
        9,
        8,
        6,
        5,
        2,
        1,
        7,
        3,
        10,
        11,
        0,
        4
    ],
    "average_objectives_list": [
        46095.098039215685,
        34700.24,
        30392.68,
        26348.76,
        27921.36,
        26336.64,
        24707.56,
        25731.08,
        23969.52,
        24323.4,
        24045.44,
        24118.76,
        22451.04,
        23278.16,
        23653.32,
        22056.08,
        24572.72,
        23161.0,
        23557.92,
        23461.64,
        21587.32
    ],
    "best_objective_list": [
        28202.0,
        23902.0,
        21250.0,
        21250.0,
        21250.0,
        21250.0,
        16086.0,
        16086.0,
        16086.0,
        16086.0,
        16086.0,
        16086.0,
        16086.0,
        13692.0,
        13692.0,
        12610.0,
        12610.0,
        12610.0,
        10216.0,
        10216.0,
        10216.0
    ]
}