{
    "elapsed_time": 3.336862564086914,
    "best_objective": 14388.0,
    "best_solution": [
        11,
        4,
        5,
        10,
        1,
        6,
        0,
        7,
        8,
        9,
        2,
        3
    ],
    "average_objectives_list": [
        46619.01960784314,
        32053.88,
        22197.0,
        19800.2,
        18617.56,
        19993.92,
        19843.24,
        18318.64,
        17931.32,
        20789.48,
        20133.6,
        18826.0,
        17917.48,
        18439.76,
        17531.0,
        19970.92,
        17491.36,
        20913.08,
        18266.76,
        19303.44,
        19823.28
    ],
    "best_objective_list": [
        24288.0,
        21026.0,
        17208.0,
        17208.0,
        17208.0,
        17208.0,
        17208.0,
        17208.0,
        17208.0,
        17208.0,
        17208.0,
        17208.0,
        15728.0,
        15728.0,
        15728.0,
        15728.0,
        15728.0,
        15728.0,
        15728.0,
        15728.0,
        14388.0
    ]
}