{
    "elapsed_time": 3.154419422149658,
    "best_objective": 17492.0,
    "best_solution": [
        0,
        2,
        5,
        1,
        10,
        7,
        4,
        3,
        6,
        8,
        9,
        11
    ],
    "average_objectives_list": [
        47124.45161290323,
        34462.46666666667,
        29432.133333333335,
        25796.333333333332,
        24975.733333333334,
        24852.533333333333,
        23730.133333333335,
        22221.066666666666,
        21886.133333333335,
        22087.066666666666,
        22378.6,
        22293.333333333332,
        20828.666666666668,
        20996.933333333334,
        20248.0,
        20248.0,
        20877.666666666668,
        20538.8,
        19237.466666666667,
        18946.866666666665,
        18220.333333333332
    ],
    "best_objective_list": [
        33182.0,
        28928.0,
        24976.0,
        24976.0,
        24968.0,
        22960.0,
        21028.0,
        21028.0,
        21028.0,
        21028.0,
        21028.0,
        20248.0,
        20248.0,
        20248.0,
        20248.0,
        20248.0,
        20248.0,
        17916.0,
        17916.0,
        17916.0,
        17492.0
    ]
}