{
    "elapsed_time": 3.320143938064575,
    "best_objective": 14830.0,
    "best_solution": [
        2,
        4,
        8,
        10,
        1,
        7,
        0,
        6,
        3,
        5,
        9,
        11
    ],
    "average_objectives_list": [
        43733.490196078434,
        31327.8,
        29289.12,
        24132.2,
        25141.2,
        22088.0,
        23772.56,
        23385.68,
        23258.08,
        22729.96,
        22763.36,
        20761.32,
        19074.28,
        18943.36,
        18258.8,
        22790.24,
        17510.92,
        19422.2,
        18368.84,
        17390.4,
        17403.2
    ],
    "best_objective_list": [
        24334.0,
        21500.0,
        18906.0,
        18906.0,
        18906.0,
        18906.0,
        18906.0,
        18906.0,
        18906.0,
        18590.0,
        16244.0,
        16244.0,
        16244.0,
        16244.0,
        16244.0,
        16244.0,
        15814.0,
        15814.0,
        14830.0,
        14830.0,
        14830.0
    ]
}