{
    "elapsed_time": 3.7828903198242188,
    "best_objective": 16246.0,
    "best_solution": [
        0,
        11,
        3,
        4,
        5,
        6,
        1,
        7,
        8,
        9,
        2,
        10
    ],
    "average_objectives_list": [
        45921.46534653466,
        35275.46,
        32308.44,
        29561.38,
        26030.02,
        24698.34,
        21709.04,
        22175.0,
        22768.84,
        22667.48,
        20051.48,
        23011.56,
        23252.02,
        20884.94,
        23248.06,
        21889.92,
        21333.98,
        23497.06,
        23978.88,
        23627.78,
        24757.92
    ],
    "best_objective_list": [
        25072.0,
        20014.0,
        20014.0,
        16246.0,
        16246.0,
        16246.0,
        16246.0,
        16246.0,
        16246.0,
        16246.0,
        16246.0,
        16246.0,
        16246.0,
        16246.0,
        16246.0,
        16246.0,
        16246.0,
        16246.0,
        16246.0,
        16246.0,
        16246.0
    ]
}