{
    "elapsed_time": 3.367203712463379,
    "best_objective": 17468.0,
    "best_solution": [
        1,
        3,
        7,
        8,
        9,
        10,
        0,
        5,
        6,
        4,
        11,
        2
    ],
    "average_objectives_list": [
        45662.78431372549,
        31221.36,
        26024.92,
        24139.16,
        20480.6,
        21067.96,
        21092.84,
        20070.88,
        20597.04,
        21539.4,
        21379.88,
        19674.52,
        19502.96,
        22236.2,
        18970.48,
        20169.16,
        19709.8,
        21130.84,
        20286.76,
        19563.96,
        21555.68
    ],
    "best_objective_list": [
        29064.0,
        21572.0,
        19842.0,
        18046.0,
        17620.0,
        17620.0,
        17620.0,
        17620.0,
        17620.0,
        17620.0,
        17620.0,
        17620.0,
        17620.0,
        17620.0,
        17620.0,
        17620.0,
        17620.0,
        17620.0,
        17620.0,
        17468.0,
        17468.0
    ]
}