{
    "elapsed_time": 6.649474620819092,
    "best_objective": 10506.0,
    "best_solution": [
        4,
        3,
        5,
        11,
        1,
        9,
        0,
        2,
        10,
        6,
        7,
        8
    ],
    "average_objectives_list": [
        45656.666666666664,
        32561.16,
        24453.64,
        20165.4,
        17285.8,
        17908.04,
        15853.32,
        20261.8,
        16560.8,
        15816.16,
        14848.48,
        15325.96,
        15758.12,
        16569.76,
        18392.64,
        15833.4,
        18966.8,
        18061.08,
        16619.04,
        16890.48,
        18148.56,
        14999.16,
        18566.72,
        13998.64,
        16569.32,
        15376.4,
        16627.92,
        16454.08,
        17089.88,
        17976.2,
        17437.6,
        19391.8,
        16596.56,
        17259.2,
        16861.84,
        18568.24,
        17073.08,
        16044.96,
        13976.84,
        18243.24,
        17048.2
    ],
    "best_objective_list": [
        24712.0,
        19988.0,
        16156.0,
        14986.0,
        11346.0,
        11346.0,
        11346.0,
        11346.0,
        11346.0,
        11346.0,
        11346.0,
        11346.0,
        11346.0,
        11346.0,
        11346.0,
        11346.0,
        11346.0,
        11334.0,
        11334.0,
        11334.0,
        10826.0,
        10826.0,
        10826.0,
        10826.0,
        10826.0,
        10826.0,
        10826.0,
        10826.0,
        10826.0,
        10826.0,
        10826.0,
        10826.0,
        10506.0,
        10506.0,
        10506.0,
        10506.0,
        10506.0,
        10506.0,
        10506.0,
        10506.0,
        10506.0
    ]
}