{
    "elapsed_time": 1.6596786975860596,
    "best_objective": 18438.0,
    "best_solution": [
        2,
        3,
        4,
        5,
        11,
        1,
        6,
        7,
        10,
        9,
        0,
        8
    ],
    "average_objectives_list": [
        43410.07843137255,
        33838.6,
        29420.24,
        27264.6,
        26100.48,
        24276.72,
        26478.52,
        24287.44,
        24607.56,
        25413.88,
        23656.16
    ],
    "best_objective_list": [
        21620.0,
        19710.0,
        19710.0,
        19710.0,
        19710.0,
        19710.0,
        19710.0,
        18438.0,
        18438.0,
        18438.0,
        18438.0
    ]
}