{
    "elapsed_time": 3.155543804168701,
    "best_objective": 21022.0,
    "best_solution": [
        8,
        7,
        6,
        2,
        4,
        1,
        9,
        3,
        5,
        10,
        0,
        11
    ],
    "average_objectives_list": [
        45507.6129032258,
        32360.133333333335,
        31306.933333333334,
        29279.066666666666,
        26135.8,
        24833.733333333334,
        25021.8,
        23165.666666666668,
        26073.933333333334,
        24466.733333333334,
        23814.4,
        24187.733333333334,
        23310.2,
        23885.866666666665,
        26656.933333333334,
        24969.866666666665,
        24707.533333333333,
        25636.0,
        24331.733333333334,
        25349.533333333333,
        24596.666666666668
    ],
    "best_objective_list": [
        26288.0,
        26288.0,
        25540.0,
        25540.0,
        22930.0,
        22930.0,
        22860.0,
        22860.0,
        22860.0,
        21022.0,
        21022.0,
        21022.0,
        21022.0,
        21022.0,
        21022.0,
        21022.0,
        21022.0,
        21022.0,
        21022.0,
        21022.0,
        21022.0
    ]
}