{
    "elapsed_time": 3.2877845764160156,
    "best_objective": 18526.0,
    "best_solution": [
        0,
        4,
        3,
        7,
        8,
        9,
        1,
        2,
        6,
        5,
        10,
        11
    ],
    "average_objectives_list": [
        45441.60784313725,
        32589.16,
        29058.2,
        26011.84,
        23025.52,
        20498.56,
        19689.52,
        20225.56,
        19609.04,
        20650.56,
        20319.92,
        19445.8,
        19961.56,
        19259.52,
        20577.84,
        21716.4,
        19716.52,
        19841.96,
        20364.88,
        19733.84,
        19895.64
    ],
    "best_objective_list": [
        26356.0,
        26356.0,
        22584.0,
        19246.0,
        19246.0,
        18566.0,
        18526.0,
        18526.0,
        18526.0,
        18526.0,
        18526.0,
        18526.0,
        18526.0,
        18526.0,
        18526.0,
        18526.0,
        18526.0,
        18526.0,
        18526.0,
        18526.0,
        18526.0
    ]
}