{
    "elapsed_time": 1.6385812759399414,
    "best_objective": 15962.0,
    "best_solution": [
        9,
        10,
        5,
        7,
        1,
        3,
        11,
        4,
        2,
        8,
        0,
        6
    ],
    "average_objectives_list": [
        43245.529411764706,
        30754.4,
        26187.72,
        24962.84,
        21843.08,
        24217.56,
        20799.92,
        22969.6,
        21276.2,
        22877.8,
        22513.24
    ],
    "best_objective_list": [
        25076.0,
        23348.0,
        18236.0,
        16046.0,
        16046.0,
        16046.0,
        15962.0,
        15962.0,
        15962.0,
        15962.0,
        15962.0
    ]
}