{
    "elapsed_time": 6.59168267250061,
    "best_objective": 16682.0,
    "best_solution": [
        0,
        2,
        3,
        4,
        5,
        8,
        1,
        9,
        6,
        7,
        11,
        10
    ],
    "average_objectives_list": [
        43864.470588235294,
        32761.36,
        26705.16,
        26501.84,
        23803.6,
        23956.0,
        22290.84,
        20088.96,
        19534.04,
        19429.16,
        19536.04,
        19352.8,
        21048.64,
        20136.96,
        17513.84,
        18279.04,
        17365.56,
        17328.76,
        17900.44,
        18033.92,
        17533.4,
        18044.24,
        18134.76,
        19157.04,
        18220.16,
        18063.56,
        18516.48,
        18971.08,
        17817.2,
        19518.92,
        17930.72,
        18879.84,
        17756.92,
        17476.64,
        17664.76,
        17572.44,
        18447.24,
        18580.72,
        18793.4,
        17476.64,
        17551.24
    ],
    "best_objective_list": [
        32408.0,
        24870.0,
        23322.0,
        23322.0,
        21694.0,
        19402.0,
        19402.0,
        19402.0,
        19402.0,
        19402.0,
        19402.0,
        16706.0,
        16706.0,
        16706.0,
        16682.0,
        16682.0,
        16682.0,
        16682.0,
        16682.0,
        16682.0,
        16682.0,
        16682.0,
        16682.0,
        16682.0,
        16682.0,
        16682.0,
        16682.0,
        16682.0,
        16682.0,
        16682.0,
        16682.0,
        16682.0,
        16682.0,
        16682.0,
        16682.0,
        16682.0,
        16682.0,
        16682.0,
        16682.0,
        16682.0,
        16682.0
    ]
}