{
    "elapsed_time": 3.3266210556030273,
    "best_objective": 14370.0,
    "best_solution": [
        9,
        11,
        6,
        2,
        1,
        4,
        5,
        3,
        8,
        7,
        0,
        10
    ],
    "average_objectives_list": [
        43933.56862745098,
        31613.28,
        27656.84,
        23742.84,
        23365.92,
        25002.88,
        20669.76,
        25480.04,
        26119.8,
        24803.04,
        27003.8,
        25072.08,
        24466.8,
        25398.2,
        25017.88,
        25595.24,
        25109.8,
        23346.4,
        25131.36,
        24729.32,
        24924.72
    ],
    "best_objective_list": [
        23658.0,
        18700.0,
        16816.0,
        16816.0,
        16806.0,
        16806.0,
        16806.0,
        16806.0,
        16806.0,
        16522.0,
        16522.0,
        16522.0,
        16522.0,
        16430.0,
        16430.0,
        16430.0,
        14370.0,
        14370.0,
        14370.0,
        14370.0,
        14370.0
    ]
}