{
    "elapsed_time": 3.335329294204712,
    "best_objective": 16416.0,
    "best_solution": [
        1,
        4,
        9,
        11,
        7,
        8,
        0,
        6,
        3,
        5,
        2,
        10
    ],
    "average_objectives_list": [
        46344.86274509804,
        32390.64,
        25900.2,
        23490.44,
        21661.6,
        21027.4,
        20927.8,
        19508.88,
        22094.76,
        19478.24,
        20309.08,
        20321.04,
        20250.12,
        21865.56,
        20610.64,
        20125.88,
        20965.04,
        20791.72,
        20885.04,
        19615.48,
        20981.12
    ],
    "best_objective_list": [
        25120.0,
        19768.0,
        19374.0,
        17724.0,
        17242.0,
        16416.0,
        16416.0,
        16416.0,
        16416.0,
        16416.0,
        16416.0,
        16416.0,
        16416.0,
        16416.0,
        16416.0,
        16416.0,
        16416.0,
        16416.0,
        16416.0,
        16416.0,
        16416.0
    ]
}