{
    "elapsed_time": 3.7231738567352295,
    "best_objective": 16488.0,
    "best_solution": [
        1,
        3,
        8,
        5,
        10,
        9,
        0,
        2,
        4,
        6,
        7,
        11
    ],
    "average_objectives_list": [
        46072.83168316832,
        33588.0,
        28663.3,
        27786.12,
        26109.4,
        26810.84,
        28207.74,
        26773.02,
        28404.06,
        26596.44,
        26854.92,
        26899.7,
        26956.82,
        26416.16,
        26586.78,
        25010.64,
        26171.44,
        26402.36,
        26344.36,
        26605.18,
        26041.42
    ],
    "best_objective_list": [
        24230.0,
        21092.0,
        21092.0,
        21092.0,
        21092.0,
        21092.0,
        19698.0,
        19698.0,
        19698.0,
        19698.0,
        19698.0,
        19698.0,
        19698.0,
        19698.0,
        19698.0,
        19698.0,
        19698.0,
        19698.0,
        16488.0,
        16488.0,
        16488.0
    ]
}