{
    "elapsed_time": 1.6627800464630127,
    "best_objective": 17492.0,
    "best_solution": [
        0,
        2,
        5,
        1,
        10,
        7,
        4,
        3,
        6,
        8,
        9,
        11
    ],
    "average_objectives_list": [
        47002.470588235294,
        31354.12,
        24367.76,
        22613.76,
        21054.0,
        21183.32,
        20520.8,
        19697.52,
        18460.6,
        17701.68,
        18007.12
    ],
    "best_objective_list": [
        25826.0,
        20410.0,
        20410.0,
        20410.0,
        18492.0,
        18492.0,
        18492.0,
        17492.0,
        17492.0,
        17492.0,
        17492.0
    ]
}