{
    "elapsed_time": 3.7440903186798096,
    "best_objective": 18402.0,
    "best_solution": [
        0,
        3,
        7,
        2,
        9,
        6,
        1,
        4,
        5,
        11,
        8,
        10
    ],
    "average_objectives_list": [
        44037.0297029703,
        33944.1,
        31942.36,
        28838.22,
        26130.48,
        26232.46,
        25457.64,
        25805.88,
        27759.6,
        23943.56,
        26077.8,
        26549.92,
        24931.22,
        27281.34,
        24865.84,
        24942.68,
        28296.52,
        26178.0,
        26675.26,
        29526.1,
        27348.72
    ],
    "best_objective_list": [
        26038.0,
        24958.0,
        21390.0,
        20054.0,
        20054.0,
        20054.0,
        20054.0,
        19974.0,
        19974.0,
        19974.0,
        19962.0,
        19962.0,
        19962.0,
        19962.0,
        19962.0,
        18402.0,
        18402.0,
        18402.0,
        18402.0,
        18402.0,
        18402.0
    ]
}