{
    "elapsed_time": 6.705213785171509,
    "best_objective": 13676.0,
    "best_solution": [
        0,
        2,
        3,
        4,
        5,
        7,
        1,
        10,
        6,
        8,
        9,
        11
    ],
    "average_objectives_list": [
        44446.94117647059,
        31198.2,
        25366.08,
        25332.2,
        24592.0,
        23530.64,
        21862.96,
        19269.48,
        19086.48,
        17122.52,
        17492.72,
        18343.16,
        17269.56,
        16466.8,
        16238.72,
        16052.6,
        14639.44,
        13676.0,
        13676.0,
        13726.8,
        13676.0,
        15569.68,
        13787.0,
        13680.4,
        16501.56,
        13676.0,
        14343.68,
        13676.0,
        13676.0,
        14795.12,
        15180.4,
        14642.04,
        13676.0,
        14408.88,
        13676.0,
        13937.12,
        13676.0,
        13676.0,
        13676.0,
        13676.0,
        13676.0
    ],
    "best_objective_list": [
        24572.0,
        21790.0,
        21790.0,
        21082.0,
        18210.0,
        18194.0,
        18194.0,
        16522.0,
        16522.0,
        15426.0,
        15426.0,
        15426.0,
        15426.0,
        15426.0,
        13676.0,
        13676.0,
        13676.0,
        13676.0,
        13676.0,
        13676.0,
        13676.0,
        13676.0,
        13676.0,
        13676.0,
        13676.0,
        13676.0,
        13676.0,
        13676.0,
        13676.0,
        13676.0,
        13676.0,
        13676.0,
        13676.0,
        13676.0,
        13676.0,
        13676.0,
        13676.0,
        13676.0,
        13676.0,
        13676.0,
        13676.0
    ]
}