{
    "elapsed_time": 3.3978734016418457,
    "best_objective": 18886.0,
    "best_solution": [
        0,
        8,
        10,
        1,
        7,
        5,
        4,
        2,
        6,
        3,
        9,
        11
    ],
    "average_objectives_list": [
        44727.92156862745,
        30566.12,
        26494.72,
        25589.12,
        25813.6,
        24878.92,
        24655.96,
        26142.96,
        23144.52,
        24246.6,
        21232.24,
        20313.96,
        20393.68,
        22878.16,
        20377.76,
        21294.68,
        20018.08,
        21392.0,
        22734.12,
        22375.28,
        21972.6
    ],
    "best_objective_list": [
        23364.0,
        22894.0,
        22894.0,
        22894.0,
        22894.0,
        22894.0,
        19952.0,
        19952.0,
        18886.0,
        18886.0,
        18886.0,
        18886.0,
        18886.0,
        18886.0,
        18886.0,
        18886.0,
        18886.0,
        18886.0,
        18886.0,
        18886.0,
        18886.0
    ]
}