{
    "elapsed_time": 3.2951500415802,
    "best_objective": 14850.0,
    "best_solution": [
        0,
        8,
        4,
        3,
        5,
        9,
        1,
        2,
        10,
        6,
        7,
        11
    ],
    "average_objectives_list": [
        43446.27450980392,
        31598.6,
        26252.32,
        22648.08,
        25243.92,
        22769.12,
        24065.84,
        26070.88,
        24434.08,
        23603.6,
        20174.48,
        18566.04,
        19066.28,
        20076.72,
        20128.8,
        19686.8,
        19426.16,
        20976.16,
        19319.92,
        20190.88,
        20387.84
    ],
    "best_objective_list": [
        25330.0,
        21318.0,
        20334.0,
        20334.0,
        20334.0,
        20334.0,
        20334.0,
        20334.0,
        17090.0,
        17090.0,
        17090.0,
        17090.0,
        17090.0,
        17090.0,
        17090.0,
        17090.0,
        17090.0,
        17090.0,
        15114.0,
        15114.0,
        14850.0
    ]
}