{
    "elapsed_time": 3.316822052001953,
    "best_objective": 14034.0,
    "best_solution": [
        2,
        3,
        5,
        7,
        1,
        9,
        0,
        6,
        11,
        4,
        8,
        10
    ],
    "average_objectives_list": [
        45076.313725490196,
        31763.24,
        24429.6,
        19184.48,
        17477.08,
        17969.4,
        18255.16,
        17269.4,
        18692.12,
        17481.08,
        17008.04,
        18843.88,
        16438.68,
        18788.28,
        18599.2,
        16089.36,
        18070.68,
        19694.44,
        17152.44,
        15624.12,
        16340.56
    ],
    "best_objective_list": [
        26984.0,
        19412.0,
        14956.0,
        14956.0,
        14034.0,
        14034.0,
        14034.0,
        14034.0,
        14034.0,
        14034.0,
        14034.0,
        14034.0,
        14034.0,
        14034.0,
        14034.0,
        14034.0,
        14034.0,
        14034.0,
        14034.0,
        14034.0,
        14034.0
    ]
}