{
    "elapsed_time": 3.3489420413970947,
    "best_objective": 16246.0,
    "best_solution": [
        0,
        11,
        3,
        4,
        5,
        6,
        1,
        7,
        8,
        9,
        2,
        10
    ],
    "average_objectives_list": [
        46137.60784313725,
        33981.84,
        27842.56,
        24755.04,
        24534.0,
        24132.84,
        21971.6,
        19784.24,
        17559.56,
        19426.48,
        19613.64,
        19659.88,
        19166.4,
        19655.56,
        18400.88,
        18717.16,
        19160.64,
        18687.8,
        19835.68,
        18758.48,
        18792.92
    ],
    "best_objective_list": [
        27510.0,
        25296.0,
        24534.0,
        24534.0,
        24534.0,
        16246.0,
        16246.0,
        16246.0,
        16246.0,
        16246.0,
        16246.0,
        16246.0,
        16246.0,
        16246.0,
        16246.0,
        16246.0,
        16246.0,
        16246.0,
        16246.0,
        16246.0,
        16246.0
    ]
}