{
    "elapsed_time": 3.7661550045013428,
    "best_objective": 17900.0,
    "best_solution": [
        5,
        3,
        6,
        7,
        8,
        9,
        1,
        4,
        2,
        0,
        10,
        11
    ],
    "average_objectives_list": [
        42955.64356435643,
        35388.44,
        30690.78,
        27345.24,
        24239.18,
        23080.32,
        24913.36,
        23399.8,
        23219.74,
        23941.08,
        24586.98,
        24568.94,
        24984.78,
        22951.58,
        22758.2,
        24932.52,
        23393.4,
        22243.56,
        24578.32,
        24411.7,
        24126.72
    ],
    "best_objective_list": [
        23704.0,
        20438.0,
        20320.0,
        19630.0,
        19630.0,
        19630.0,
        19630.0,
        19630.0,
        19630.0,
        17900.0,
        17900.0,
        17900.0,
        17900.0,
        17900.0,
        17900.0,
        17900.0,
        17900.0,
        17900.0,
        17900.0,
        17900.0,
        17900.0
    ]
}