{
    "elapsed_time": 3.751661539077759,
    "best_objective": 12986.0,
    "best_solution": [
        8,
        4,
        5,
        6,
        1,
        7,
        0,
        11,
        2,
        10,
        9,
        3
    ],
    "average_objectives_list": [
        45096.67326732673,
        34997.82,
        30543.82,
        27911.44,
        25147.94,
        25928.58,
        24961.2,
        25150.12,
        24127.52,
        22147.16,
        23644.34,
        23423.24,
        19202.54,
        21541.02,
        22315.1,
        20932.6,
        19738.3,
        22918.86,
        22438.68,
        23431.88,
        22225.78
    ],
    "best_objective_list": [
        27190.0,
        19208.0,
        19208.0,
        17676.0,
        15242.0,
        15242.0,
        15242.0,
        15242.0,
        15242.0,
        15242.0,
        13280.0,
        13280.0,
        13280.0,
        13280.0,
        13266.0,
        13266.0,
        13000.0,
        12986.0,
        12986.0,
        12986.0,
        12986.0
    ]
}