{
    "elapsed_time": 1.6531906127929688,
    "best_objective": 19672.0,
    "best_solution": [
        0,
        3,
        4,
        6,
        7,
        8,
        5,
        2,
        10,
        1,
        9,
        11
    ],
    "average_objectives_list": [
        43971.80392156863,
        33418.0,
        28303.2,
        25128.76,
        22694.04,
        21405.64,
        21140.48,
        21248.92,
        21136.64,
        20100.32,
        20884.56
    ],
    "best_objective_list": [
        22854.0,
        22854.0,
        20994.0,
        20994.0,
        20994.0,
        20994.0,
        19672.0,
        19672.0,
        19672.0,
        19672.0,
        19672.0
    ]
}