{
    "elapsed_time": 3.1481947898864746,
    "best_objective": 16246.0,
    "best_solution": [
        0,
        11,
        3,
        4,
        5,
        6,
        1,
        7,
        8,
        9,
        2,
        10
    ],
    "average_objectives_list": [
        45596.77419354839,
        30493.866666666665,
        25502.866666666665,
        24154.8,
        21238.733333333334,
        18096.533333333333,
        16963.133333333335,
        16687.933333333334,
        17470.533333333333,
        17178.266666666666,
        16246.0,
        18006.0,
        17141.533333333333,
        17182.133333333335,
        17061.2,
        16246.0,
        18144.2,
        17082.066666666666,
        17120.866666666665,
        19064.0,
        19223.6
    ],
    "best_objective_list": [
        30042.0,
        25334.0,
        24534.0,
        19470.0,
        16246.0,
        16246.0,
        16246.0,
        16246.0,
        16246.0,
        16246.0,
        16246.0,
        16246.0,
        16246.0,
        16246.0,
        16246.0,
        16246.0,
        16246.0,
        16246.0,
        16246.0,
        16246.0,
        16246.0
    ]
}