{
    "elapsed_time": 3.302098274230957,
    "best_objective": 16834.0,
    "best_solution": [
        0,
        4,
        3,
        7,
        5,
        9,
        1,
        2,
        11,
        6,
        8,
        10
    ],
    "average_objectives_list": [
        45187.529411764706,
        29433.52,
        22655.64,
        22433.24,
        24704.72,
        22644.76,
        23494.8,
        24733.84,
        24015.96,
        21721.96,
        21620.88,
        21344.28,
        22606.52,
        19502.08,
        18017.92,
        20591.76,
        18839.88,
        19701.08,
        18347.68,
        17922.04,
        18425.44
    ],
    "best_objective_list": [
        21048.0,
        20688.0,
        19574.0,
        19574.0,
        19574.0,
        19574.0,
        19574.0,
        19434.0,
        18904.0,
        18904.0,
        18904.0,
        16834.0,
        16834.0,
        16834.0,
        16834.0,
        16834.0,
        16834.0,
        16834.0,
        16834.0,
        16834.0,
        16834.0
    ]
}