{
    "elapsed_time": 3.733067274093628,
    "best_objective": 16720.0,
    "best_solution": [
        8,
        10,
        5,
        1,
        7,
        0,
        9,
        3,
        4,
        11,
        2,
        6
    ],
    "average_objectives_list": [
        46143.683168316835,
        35254.02,
        31024.76,
        28640.5,
        28612.12,
        27296.52,
        27477.04,
        29168.24,
        26479.56,
        26834.14,
        26150.08,
        25251.7,
        23717.48,
        24832.6,
        24477.74,
        25437.86,
        24281.2,
        24837.18,
        24783.8,
        24279.56,
        26578.76
    ],
    "best_objective_list": [
        22506.0,
        22506.0,
        20650.0,
        19710.0,
        18944.0,
        18944.0,
        18944.0,
        18944.0,
        16742.0,
        16742.0,
        16742.0,
        16742.0,
        16742.0,
        16742.0,
        16742.0,
        16742.0,
        16742.0,
        16742.0,
        16742.0,
        16720.0,
        16720.0
    ]
}