{
    "elapsed_time": 3.341068744659424,
    "best_objective": 12968.0,
    "best_solution": [
        0,
        4,
        3,
        2,
        5,
        7,
        1,
        10,
        6,
        8,
        9,
        11
    ],
    "average_objectives_list": [
        42265.686274509804,
        27824.2,
        22579.08,
        20376.64,
        14821.4,
        14532.88,
        15711.16,
        15199.52,
        15806.04,
        14032.92,
        15588.56,
        15519.92,
        14393.32,
        13469.16,
        13804.68,
        14071.8,
        17393.76,
        14333.04,
        14854.16,
        14242.52,
        14156.48
    ],
    "best_objective_list": [
        22188.0,
        21352.0,
        13676.0,
        13676.0,
        13676.0,
        13676.0,
        13676.0,
        13676.0,
        13676.0,
        12968.0,
        12968.0,
        12968.0,
        12968.0,
        12968.0,
        12968.0,
        12968.0,
        12968.0,
        12968.0,
        12968.0,
        12968.0,
        12968.0
    ]
}