{
    "elapsed_time": 3.3706634044647217,
    "best_objective": 15150.0,
    "best_solution": [
        10,
        2,
        1,
        5,
        0,
        7,
        4,
        3,
        6,
        8,
        9,
        11
    ],
    "average_objectives_list": [
        45904.35294117647,
        31245.36,
        26681.88,
        26274.8,
        26319.68,
        21280.84,
        21912.68,
        23853.56,
        24202.2,
        22485.24,
        22857.52,
        20330.24,
        23467.12,
        25871.28,
        22750.68,
        22918.2,
        22080.92,
        22391.56,
        24625.64,
        22169.68,
        22980.72
    ],
    "best_objective_list": [
        24016.0,
        22184.0,
        16148.0,
        16110.0,
        16110.0,
        16110.0,
        16110.0,
        15962.0,
        15962.0,
        15962.0,
        15962.0,
        15962.0,
        15962.0,
        15962.0,
        15962.0,
        15962.0,
        15962.0,
        15962.0,
        15522.0,
        15150.0,
        15150.0
    ]
}