{
    "elapsed_time": 6.5979039669036865,
    "best_objective": 15748.0,
    "best_solution": [
        1,
        4,
        3,
        5,
        7,
        11,
        0,
        6,
        8,
        2,
        9,
        10
    ],
    "average_objectives_list": [
        46448.901960784315,
        35120.6,
        30399.32,
        26819.84,
        24101.64,
        23084.12,
        23619.36,
        23167.36,
        22480.12,
        22440.08,
        22728.44,
        22116.8,
        22204.92,
        20709.4,
        20387.24,
        20986.48,
        20986.52,
        20591.4,
        20739.6,
        18568.52,
        18298.56,
        19318.56,
        20375.6,
        17921.84,
        17210.48,
        17926.32,
        17960.68,
        18529.48,
        16939.0,
        19197.16,
        18457.48,
        16768.04,
        19037.52,
        17766.16,
        17178.4,
        17330.0,
        18536.28,
        16798.52,
        17519.2,
        16727.2,
        17317.44
    ],
    "best_objective_list": [
        29156.0,
        27504.0,
        24976.0,
        20326.0,
        20326.0,
        20326.0,
        20326.0,
        20326.0,
        20326.0,
        19226.0,
        19226.0,
        19226.0,
        19226.0,
        19226.0,
        19226.0,
        19226.0,
        17604.0,
        17604.0,
        17604.0,
        17604.0,
        15748.0,
        15748.0,
        15748.0,
        15748.0,
        15748.0,
        15748.0,
        15748.0,
        15748.0,
        15748.0,
        15748.0,
        15748.0,
        15748.0,
        15748.0,
        15748.0,
        15748.0,
        15748.0,
        15748.0,
        15748.0,
        15748.0,
        15748.0,
        15748.0
    ]
}