{
    "elapsed_time": 1.6639878749847412,
    "best_objective": 17130.0,
    "best_solution": [
        2,
        3,
        6,
        7,
        5,
        9,
        1,
        4,
        8,
        0,
        10,
        11
    ],
    "average_objectives_list": [
        43471.72549019608,
        31576.04,
        27343.6,
        24019.2,
        21859.68,
        22467.64,
        22816.04,
        21536.52,
        19516.68,
        18951.96,
        18798.04
    ],
    "best_objective_list": [
        29442.0,
        24176.0,
        20506.0,
        20160.0,
        20160.0,
        20160.0,
        17130.0,
        17130.0,
        17130.0,
        17130.0,
        17130.0
    ]
}