{
    "elapsed_time": 3.29795241355896,
    "best_objective": 17534.0,
    "best_solution": [
        0,
        6,
        2,
        4,
        5,
        7,
        1,
        10,
        8,
        3,
        9,
        11
    ],
    "average_objectives_list": [
        43988.07843137255,
        31751.0,
        25154.8,
        25414.8,
        25283.28,
        26145.04,
        24345.68,
        24192.44,
        23502.96,
        25137.56,
        23828.16,
        22016.52,
        21148.0,
        21407.2,
        24171.04,
        21672.6,
        22349.84,
        20497.84,
        21073.2,
        18768.0,
        19657.76
    ],
    "best_objective_list": [
        27584.0,
        21906.0,
        21906.0,
        21906.0,
        21906.0,
        21906.0,
        21906.0,
        21906.0,
        21906.0,
        21148.0,
        21148.0,
        21148.0,
        21148.0,
        18768.0,
        18768.0,
        18768.0,
        18768.0,
        18768.0,
        18768.0,
        18768.0,
        17534.0
    ]
}