{
    "elapsed_time": 3.2926411628723145,
    "best_objective": 15232.0,
    "best_solution": [
        0,
        3,
        2,
        6,
        7,
        8,
        1,
        4,
        10,
        5,
        9,
        11
    ],
    "average_objectives_list": [
        45436.98039215686,
        33336.56,
        25646.44,
        21452.24,
        21758.88,
        19578.72,
        22026.2,
        22299.8,
        21937.12,
        21332.16,
        18376.72,
        19388.24,
        18457.2,
        17978.68,
        20871.52,
        18705.68,
        18399.76,
        18975.0,
        17946.0,
        18476.48,
        16956.2
    ],
    "best_objective_list": [
        27390.0,
        23676.0,
        19710.0,
        19470.0,
        19470.0,
        19470.0,
        19470.0,
        18148.0,
        18148.0,
        17092.0,
        15674.0,
        15674.0,
        15674.0,
        15232.0,
        15232.0,
        15232.0,
        15232.0,
        15232.0,
        15232.0,
        15232.0,
        15232.0
    ]
}