{
    "elapsed_time": 3.302804708480835,
    "best_objective": 15628.0,
    "best_solution": [
        11,
        7,
        3,
        9,
        0,
        5,
        4,
        8,
        6,
        10,
        1,
        2
    ],
    "average_objectives_list": [
        42598.82352941176,
        30738.24,
        27352.8,
        25130.68,
        23203.44,
        26398.8,
        24206.8,
        24396.48,
        23782.84,
        23803.44,
        22308.52,
        25518.72,
        23500.64,
        27798.72,
        23174.16,
        24459.56,
        23555.36,
        22522.04,
        24842.2,
        23416.0,
        24782.56
    ],
    "best_objective_list": [
        19360.0,
        19360.0,
        19360.0,
        19270.0,
        19270.0,
        17544.0,
        17544.0,
        17484.0,
        17484.0,
        17484.0,
        15628.0,
        15628.0,
        15628.0,
        15628.0,
        15628.0,
        15628.0,
        15628.0,
        15628.0,
        15628.0,
        15628.0,
        15628.0
    ]
}