{
    "elapsed_time": 3.3493354320526123,
    "best_objective": 17474.0,
    "best_solution": [
        0,
        2,
        5,
        1,
        10,
        7,
        4,
        8,
        6,
        3,
        9,
        11
    ],
    "average_objectives_list": [
        47483.72549019608,
        34341.16,
        26046.92,
        20065.4,
        19583.4,
        21295.48,
        19207.36,
        20216.36,
        20188.68,
        19594.56,
        20566.88,
        18331.68,
        19468.68,
        20221.28,
        21110.96,
        20138.96,
        19025.8,
        21265.56,
        18758.24,
        19323.52,
        19051.92
    ],
    "best_objective_list": [
        32996.0,
        18492.0,
        17794.0,
        17794.0,
        17794.0,
        17794.0,
        17794.0,
        17794.0,
        17794.0,
        17794.0,
        17794.0,
        17794.0,
        17794.0,
        17794.0,
        17794.0,
        17794.0,
        17474.0,
        17474.0,
        17474.0,
        17474.0,
        17474.0
    ]
}