{
    "elapsed_time": 3.137526512145996,
    "best_objective": 16956.0,
    "best_solution": [
        3,
        10,
        0,
        1,
        4,
        5,
        11,
        7,
        8,
        9,
        2,
        6
    ],
    "average_objectives_list": [
        46078.709677419356,
        33908.6,
        28021.933333333334,
        23916.4,
        22452.733333333334,
        22140.333333333332,
        20702.6,
        20655.533333333333,
        20437.333333333332,
        20625.933333333334,
        22573.666666666668,
        20679.733333333334,
        21614.333333333332,
        18991.733333333334,
        18975.933333333334,
        20028.0,
        18287.8,
        18162.2,
        18486.066666666666,
        19376.4,
        20679.0
    ],
    "best_objective_list": [
        33892.0,
        27814.0,
        23752.0,
        20134.0,
        20134.0,
        20134.0,
        19790.0,
        19434.0,
        19434.0,
        19434.0,
        17772.0,
        17772.0,
        17772.0,
        17772.0,
        17772.0,
        17772.0,
        17772.0,
        17772.0,
        17772.0,
        17772.0,
        16956.0
    ]
}