{
    "elapsed_time": 3.3429486751556396,
    "best_objective": 10828.0,
    "best_solution": [
        3,
        4,
        6,
        11,
        2,
        9,
        0,
        5,
        10,
        1,
        7,
        8
    ],
    "average_objectives_list": [
        44158.03921568627,
        32111.32,
        27402.8,
        26393.04,
        24918.68,
        23557.32,
        23627.64,
        23851.08,
        22670.6,
        23315.32,
        21627.04,
        16220.04,
        20438.96,
        18578.6,
        17038.08,
        17958.88,
        18156.28,
        16110.4,
        17147.56,
        17545.24,
        14914.96
    ],
    "best_objective_list": [
        24682.0,
        19828.0,
        19828.0,
        19266.0,
        19266.0,
        19266.0,
        16302.0,
        16302.0,
        16302.0,
        12608.0,
        12608.0,
        12608.0,
        10828.0,
        10828.0,
        10828.0,
        10828.0,
        10828.0,
        10828.0,
        10828.0,
        10828.0,
        10828.0
    ]
}