{
    "elapsed_time": 3.7517452239990234,
    "best_objective": 15166.0,
    "best_solution": [
        2,
        6,
        4,
        0,
        10,
        1,
        9,
        8,
        3,
        7,
        5,
        11
    ],
    "average_objectives_list": [
        45536.9504950495,
        34078.52,
        30156.92,
        28202.36,
        27095.76,
        29579.52,
        26671.2,
        27227.02,
        26994.44,
        26783.4,
        27128.84,
        25346.68,
        25448.16,
        24106.9,
        25084.32,
        26876.28,
        24914.66,
        24579.72,
        24984.64,
        23863.24,
        23832.56
    ],
    "best_objective_list": [
        21754.0,
        17716.0,
        17716.0,
        17716.0,
        15166.0,
        15166.0,
        15166.0,
        15166.0,
        15166.0,
        15166.0,
        15166.0,
        15166.0,
        15166.0,
        15166.0,
        15166.0,
        15166.0,
        15166.0,
        15166.0,
        15166.0,
        15166.0,
        15166.0
    ]
}