{
    "elapsed_time": 3.343264102935791,
    "best_objective": 17588.0,
    "best_solution": [
        8,
        3,
        4,
        0,
        7,
        1,
        10,
        2,
        5,
        6,
        9,
        11
    ],
    "average_objectives_list": [
        44283.72549019608,
        31880.32,
        23646.36,
        21790.28,
        21711.64,
        22226.48,
        20641.84,
        21527.64,
        22275.84,
        21534.36,
        21155.8,
        20578.28,
        21535.96,
        20825.4,
        21992.76,
        20306.68,
        20601.56,
        22705.12,
        21491.52,
        22514.52,
        20992.4
    ],
    "best_objective_list": [
        23484.0,
        19498.0,
        19498.0,
        19498.0,
        19498.0,
        18818.0,
        18818.0,
        18818.0,
        18818.0,
        18818.0,
        18818.0,
        17588.0,
        17588.0,
        17588.0,
        17588.0,
        17588.0,
        17588.0,
        17588.0,
        17588.0,
        17588.0,
        17588.0
    ]
}