{
    "elapsed_time": 3.1740365028381348,
    "best_objective": 11746.0,
    "best_solution": [
        3,
        4,
        5,
        8,
        1,
        7,
        0,
        6,
        10,
        2,
        9,
        11
    ],
    "average_objectives_list": [
        45180.06451612903,
        30784.0,
        23952.333333333332,
        21205.333333333332,
        20788.933333333334,
        19170.333333333332,
        18583.6,
        16348.2,
        18344.533333333333,
        16203.333333333334,
        17168.333333333332,
        18678.266666666666,
        16411.4,
        16236.333333333334,
        14894.0,
        15834.4,
        17116.866666666665,
        15696.6,
        17143.933333333334,
        17386.4,
        16607.266666666666
    ],
    "best_objective_list": [
        28950.0,
        20272.0,
        20272.0,
        19244.0,
        19244.0,
        16142.0,
        16142.0,
        16142.0,
        16142.0,
        16142.0,
        16142.0,
        14894.0,
        14894.0,
        14894.0,
        14894.0,
        14894.0,
        14894.0,
        14894.0,
        14894.0,
        14894.0,
        11746.0
    ]
}