{
    "elapsed_time": 1.6698668003082275,
    "best_objective": 20588.0,
    "best_solution": [
        1,
        3,
        2,
        0,
        7,
        4,
        10,
        5,
        6,
        8,
        9,
        11
    ],
    "average_objectives_list": [
        45621.450980392154,
        33304.44,
        26547.64,
        23140.44,
        22192.68,
        24857.88,
        22087.76,
        21976.2,
        21620.92,
        22426.48,
        22192.0
    ],
    "best_objective_list": [
        28114.0,
        21016.0,
        20588.0,
        20588.0,
        20588.0,
        20588.0,
        20588.0,
        20588.0,
        20588.0,
        20588.0,
        20588.0
    ]
}