{
    "elapsed_time": 3.176565408706665,
    "best_objective": 19208.0,
    "best_solution": [
        1,
        4,
        2,
        7,
        8,
        9,
        0,
        6,
        3,
        5,
        10,
        11
    ],
    "average_objectives_list": [
        45643.48387096774,
        32489.2,
        29157.733333333334,
        26842.0,
        23496.866666666665,
        21578.066666666666,
        20820.0,
        20813.066666666666,
        21149.8,
        20643.666666666668,
        20579.866666666665,
        20415.0,
        20293.466666666667,
        20375.866666666665,
        20010.866666666665,
        19978.6,
        20716.133333333335,
        19762.066666666666,
        19401.266666666666,
        19526.266666666666,
        19920.6
    ],
    "best_objective_list": [
        29878.0,
        26944.0,
        26944.0,
        22678.0,
        20820.0,
        20820.0,
        20820.0,
        20612.0,
        19208.0,
        19208.0,
        19208.0,
        19208.0,
        19208.0,
        19208.0,
        19208.0,
        19208.0,
        19208.0,
        19208.0,
        19208.0,
        19208.0,
        19208.0
    ]
}