{
    "elapsed_time": 3.279315710067749,
    "best_objective": 10790.0,
    "best_solution": [
        0,
        3,
        6,
        2,
        5,
        7,
        1,
        11,
        8,
        4,
        9,
        10
    ],
    "average_objectives_list": [
        45147.294117647056,
        30542.16,
        24792.32,
        23031.04,
        21256.72,
        19134.64,
        16633.4,
        16935.52,
        15649.04,
        18458.68,
        19947.36,
        14923.56,
        15587.92,
        14324.88,
        14369.52,
        14218.24,
        14736.84,
        15507.0,
        15347.04,
        13573.84,
        15944.6
    ],
    "best_objective_list": [
        23734.0,
        19108.0,
        17160.0,
        17160.0,
        15260.0,
        15260.0,
        14656.0,
        14656.0,
        12346.0,
        12346.0,
        10790.0,
        10790.0,
        10790.0,
        10790.0,
        10790.0,
        10790.0,
        10790.0,
        10790.0,
        10790.0,
        10790.0,
        10790.0
    ]
}