{
    "elapsed_time": 3.6760058403015137,
    "best_objective": 18066.0,
    "best_solution": [
        1,
        3,
        4,
        0,
        9,
        8,
        11,
        2,
        6,
        5,
        7,
        10
    ],
    "average_objectives_list": [
        46491.40594059406,
        34653.94,
        30493.96,
        26324.32,
        26702.44,
        25651.5,
        25990.32,
        25511.02,
        26277.04,
        25460.5,
        24968.46,
        25668.34,
        25709.38,
        25323.92,
        25887.24,
        26279.36,
        25675.72,
        23987.24,
        25583.34,
        25601.22,
        24164.48
    ],
    "best_objective_list": [
        30608.0,
        22552.0,
        19926.0,
        18066.0,
        18066.0,
        18066.0,
        18066.0,
        18066.0,
        18066.0,
        18066.0,
        18066.0,
        18066.0,
        18066.0,
        18066.0,
        18066.0,
        18066.0,
        18066.0,
        18066.0,
        18066.0,
        18066.0,
        18066.0
    ]
}