{
    "elapsed_time": 3.7652571201324463,
    "best_objective": 14104.0,
    "best_solution": [
        7,
        6,
        10,
        4,
        8,
        0,
        9,
        5,
        11,
        2,
        1,
        3
    ],
    "average_objectives_list": [
        44183.485148514854,
        34307.94,
        31671.02,
        29139.9,
        29519.46,
        28695.9,
        27123.76,
        29660.02,
        27209.06,
        27485.92,
        26682.72,
        27078.7,
        26332.94,
        27510.62,
        28582.72,
        26951.86,
        25107.82,
        27917.48,
        28141.98,
        26079.6,
        28491.08
    ],
    "best_objective_list": [
        17660.0,
        17660.0,
        17660.0,
        14432.0,
        14432.0,
        14432.0,
        14432.0,
        14432.0,
        14432.0,
        14432.0,
        14432.0,
        14432.0,
        14432.0,
        14432.0,
        14432.0,
        14432.0,
        14104.0,
        14104.0,
        14104.0,
        14104.0,
        14104.0
    ]
}