{
    "elapsed_time": 3.300591230392456,
    "best_objective": 12284.0,
    "best_solution": [
        5,
        3,
        2,
        6,
        7,
        11,
        1,
        4,
        8,
        0,
        9,
        10
    ],
    "average_objectives_list": [
        46888.86274509804,
        32735.84,
        27319.08,
        23985.84,
        22832.4,
        19632.0,
        20810.88,
        20371.6,
        19099.56,
        21307.0,
        19872.64,
        19775.12,
        19108.32,
        19940.6,
        18871.48,
        19035.84,
        18562.56,
        19440.6,
        20903.36,
        17893.16,
        18790.28
    ],
    "best_objective_list": [
        27098.0,
        24078.0,
        21334.0,
        16416.0,
        16416.0,
        15904.0,
        15904.0,
        15904.0,
        15904.0,
        15372.0,
        13564.0,
        13292.0,
        13292.0,
        13292.0,
        13292.0,
        13292.0,
        13292.0,
        13292.0,
        12284.0,
        12284.0,
        12284.0
    ]
}