{
    "elapsed_time": 3.7359046936035156,
    "best_objective": 17900.0,
    "best_solution": [
        0,
        4,
        3,
        10,
        7,
        8,
        1,
        6,
        5,
        2,
        9,
        11
    ],
    "average_objectives_list": [
        45025.60396039604,
        35337.68,
        32587.94,
        31950.72,
        30408.3,
        30626.2,
        27941.02,
        25787.76,
        28027.28,
        26605.5,
        26655.9,
        28474.68,
        27803.3,
        26040.12,
        23544.44,
        24516.7,
        23131.7,
        24859.92,
        23404.54,
        22254.3,
        23944.94
    ],
    "best_objective_list": [
        25886.0,
        25406.0,
        23504.0,
        23504.0,
        23504.0,
        22938.0,
        22882.0,
        21806.0,
        21806.0,
        21612.0,
        19788.0,
        19788.0,
        19376.0,
        18620.0,
        18620.0,
        18620.0,
        17900.0,
        17900.0,
        17900.0,
        17900.0,
        17900.0
    ]
}