{
    "elapsed_time": 6.7268385887146,
    "best_objective": 11080.0,
    "best_solution": [
        4,
        6,
        5,
        2,
        1,
        7,
        0,
        8,
        10,
        3,
        9,
        11
    ],
    "average_objectives_list": [
        43615.56862745098,
        32750.52,
        26550.52,
        23528.72,
        21810.28,
        20138.28,
        21574.16,
        18885.2,
        20449.6,
        18087.56,
        19067.32,
        17318.4,
        16387.12,
        18786.88,
        18501.36,
        17973.56,
        14123.48,
        16705.0,
        13556.04,
        16521.6,
        16422.84,
        17842.52,
        18742.88,
        16421.96,
        20453.76,
        16844.0,
        17239.56,
        16491.52,
        20334.24,
        16873.4,
        15681.96,
        14057.88,
        17535.6,
        15668.48,
        19466.24,
        15185.6,
        14700.6,
        19182.36,
        20900.92,
        18078.4,
        18563.64
    ],
    "best_objective_list": [
        29824.0,
        19294.0,
        17572.0,
        17572.0,
        17572.0,
        17572.0,
        16558.0,
        16444.0,
        14316.0,
        14316.0,
        11460.0,
        11460.0,
        11460.0,
        11460.0,
        11460.0,
        11460.0,
        11460.0,
        11460.0,
        11460.0,
        11460.0,
        11460.0,
        11460.0,
        11460.0,
        11460.0,
        11460.0,
        11080.0,
        11080.0,
        11080.0,
        11080.0,
        11080.0,
        11080.0,
        11080.0,
        11080.0,
        11080.0,
        11080.0,
        11080.0,
        11080.0,
        11080.0,
        11080.0,
        11080.0,
        11080.0
    ]
}