{
    "elapsed_time": 1.6977720260620117,
    "best_objective": 17844.0,
    "best_solution": [
        0,
        2,
        3,
        4,
        5,
        6,
        1,
        9,
        10,
        7,
        11,
        8
    ],
    "average_objectives_list": [
        44603.13725490196,
        32221.04,
        28282.68,
        27290.04,
        27205.24,
        22548.48,
        21152.24,
        18904.24,
        19605.96,
        20735.08,
        21402.28
    ],
    "best_objective_list": [
        26540.0,
        22998.0,
        22998.0,
        17844.0,
        17844.0,
        17844.0,
        17844.0,
        17844.0,
        17844.0,
        17844.0,
        17844.0
    ]
}