{
    "elapsed_time": 3.764937400817871,
    "best_objective": 14002.0,
    "best_solution": [
        2,
        4,
        5,
        10,
        1,
        7,
        0,
        8,
        3,
        6,
        9,
        11
    ],
    "average_objectives_list": [
        45727.16831683168,
        36165.66,
        31350.32,
        26088.0,
        25362.42,
        26441.66,
        24343.32,
        25187.26,
        24321.54,
        21198.56,
        23059.58,
        24475.38,
        21340.92,
        22678.48,
        23625.78,
        23081.16,
        21909.18,
        25921.5,
        23518.0,
        24778.82,
        26207.74
    ],
    "best_objective_list": [
        31020.0,
        21624.0,
        19118.0,
        19118.0,
        19118.0,
        15662.0,
        15662.0,
        15662.0,
        15662.0,
        15662.0,
        15662.0,
        15662.0,
        15110.0,
        15110.0,
        15110.0,
        15110.0,
        14002.0,
        14002.0,
        14002.0,
        14002.0,
        14002.0
    ]
}