{
    "elapsed_time": 6.603146314620972,
    "best_objective": 11670.0,
    "best_solution": [
        8,
        10,
        11,
        5,
        9,
        1,
        7,
        6,
        3,
        2,
        0,
        4
    ],
    "average_objectives_list": [
        44643.490196078434,
        31752.8,
        24779.84,
        24745.88,
        24226.56,
        25079.76,
        25510.48,
        24927.08,
        24911.68,
        24581.36,
        26405.76,
        26163.88,
        22311.32,
        23337.84,
        19009.4,
        19534.88,
        17434.72,
        19501.8,
        18837.72,
        21217.8,
        20971.6,
        20635.24,
        19413.76,
        18137.84,
        20516.08,
        19114.76,
        17696.32,
        17085.2,
        18790.28,
        16204.16,
        18199.04,
        18690.88,
        18334.72,
        17925.64,
        19947.96,
        17501.52,
        16517.2,
        17304.2,
        17492.56,
        18123.88,
        14753.08
    ],
    "best_objective_list": [
        21930.0,
        21930.0,
        21930.0,
        20444.0,
        20444.0,
        20444.0,
        20444.0,
        20444.0,
        20444.0,
        20444.0,
        20444.0,
        17700.0,
        17364.0,
        17364.0,
        14784.0,
        14784.0,
        14784.0,
        13950.0,
        13950.0,
        13950.0,
        13950.0,
        13950.0,
        13950.0,
        13950.0,
        13950.0,
        13950.0,
        13604.0,
        11858.0,
        11858.0,
        11858.0,
        11858.0,
        11858.0,
        11858.0,
        11858.0,
        11858.0,
        11858.0,
        11858.0,
        11670.0,
        11670.0,
        11670.0,
        11670.0
    ]
}