{
    "elapsed_time": 3.3425145149230957,
    "best_objective": 20368.0,
    "best_solution": [
        0,
        3,
        7,
        10,
        9,
        8,
        11,
        1,
        2,
        4,
        5,
        6
    ],
    "average_objectives_list": [
        47477.13725490196,
        32468.96,
        29728.68,
        30019.04,
        27373.52,
        25345.48,
        26384.08,
        24701.0,
        27796.92,
        28283.64,
        25931.96,
        25715.2,
        27867.48,
        27983.64,
        25926.36,
        26370.6,
        24759.4,
        23864.12,
        20787.84,
        20501.28,
        22193.36
    ],
    "best_objective_list": [
        24670.0,
        23454.0,
        21518.0,
        21518.0,
        21518.0,
        21518.0,
        21518.0,
        21518.0,
        21518.0,
        21518.0,
        21518.0,
        21518.0,
        20852.0,
        20852.0,
        20852.0,
        20564.0,
        20504.0,
        20504.0,
        20504.0,
        20368.0,
        20368.0
    ]
}