{
    "elapsed_time": 3.3663039207458496,
    "best_objective": 12390.0,
    "best_solution": [
        3,
        4,
        5,
        7,
        1,
        9,
        0,
        6,
        8,
        2,
        11,
        10
    ],
    "average_objectives_list": [
        45713.92156862745,
        30650.36,
        25431.36,
        25964.48,
        23431.8,
        24108.08,
        21845.72,
        20961.08,
        20527.84,
        21500.32,
        21236.12,
        18707.88,
        18953.76,
        18984.68,
        21720.24,
        17435.8,
        19490.88,
        20239.48,
        18894.08,
        18879.32,
        17265.32
    ],
    "best_objective_list": [
        23446.0,
        23178.0,
        21450.0,
        21450.0,
        19484.0,
        19484.0,
        18048.0,
        18048.0,
        17026.0,
        17026.0,
        14768.0,
        13574.0,
        13574.0,
        13574.0,
        13574.0,
        13574.0,
        12390.0,
        12390.0,
        12390.0,
        12390.0,
        12390.0
    ]
}