{
    "elapsed_time": 3.141179084777832,
    "best_objective": 16246.0,
    "best_solution": [
        0,
        11,
        3,
        4,
        5,
        6,
        1,
        7,
        8,
        9,
        2,
        10
    ],
    "average_objectives_list": [
        46234.06451612903,
        31877.6,
        26646.133333333335,
        22883.333333333332,
        20233.066666666666,
        17000.066666666666,
        17156.666666666668,
        17410.733333333334,
        17193.4,
        17915.333333333332,
        19561.2,
        18779.2,
        16246.0,
        16998.133333333335,
        17346.533333333333,
        17891.333333333332,
        17718.8,
        17755.533333333333,
        19041.466666666667,
        17523.333333333332,
        16568.4
    ],
    "best_objective_list": [
        29080.0,
        24912.0,
        22344.0,
        16246.0,
        16246.0,
        16246.0,
        16246.0,
        16246.0,
        16246.0,
        16246.0,
        16246.0,
        16246.0,
        16246.0,
        16246.0,
        16246.0,
        16246.0,
        16246.0,
        16246.0,
        16246.0,
        16246.0,
        16246.0
    ]
}