{
    "elapsed_time": 3.3205511569976807,
    "best_objective": 16242.0,
    "best_solution": [
        4,
        2,
        3,
        7,
        8,
        9,
        0,
        5,
        6,
        1,
        10,
        11
    ],
    "average_objectives_list": [
        46736.86274509804,
        31153.88,
        21833.2,
        20499.04,
        19767.6,
        19076.44,
        19447.92,
        18238.12,
        17349.52,
        17601.88,
        18043.68,
        21019.44,
        17350.96,
        18442.56,
        18579.56,
        20572.48,
        18399.04,
        17538.6,
        17991.32,
        19458.88,
        18207.68
    ],
    "best_objective_list": [
        21016.0,
        19122.0,
        19122.0,
        19122.0,
        18182.0,
        18110.0,
        17258.0,
        17258.0,
        17258.0,
        17258.0,
        17258.0,
        17258.0,
        17258.0,
        17258.0,
        17258.0,
        17258.0,
        17258.0,
        17258.0,
        17258.0,
        17258.0,
        16242.0
    ]
}