{
    "elapsed_time": 6.583982467651367,
    "best_objective": 12968.0,
    "best_solution": [
        0,
        4,
        3,
        2,
        5,
        7,
        1,
        10,
        6,
        8,
        9,
        11
    ],
    "average_objectives_list": [
        45072.117647058825,
        31171.36,
        25994.76,
        21537.36,
        21130.48,
        20917.72,
        20407.68,
        20558.48,
        20467.64,
        19882.0,
        19564.16,
        19951.96,
        19503.6,
        19454.76,
        18277.36,
        13983.68,
        13676.0,
        13680.92,
        13676.0,
        13696.08,
        13676.0,
        14640.04,
        14073.6,
        15585.2,
        15818.04,
        13237.04,
        14153.68,
        14501.84,
        13708.4,
        14159.76,
        13194.56,
        13351.52,
        13415.96,
        14300.64,
        13265.6,
        13279.52,
        13539.2,
        13860.44,
        14114.6,
        13641.08,
        13369.52
    ],
    "best_objective_list": [
        25572.0,
        21624.0,
        20472.0,
        19956.0,
        19956.0,
        19956.0,
        18804.0,
        18804.0,
        18804.0,
        18804.0,
        18804.0,
        18804.0,
        18804.0,
        13676.0,
        13676.0,
        13676.0,
        13676.0,
        13676.0,
        13676.0,
        13676.0,
        13676.0,
        12968.0,
        12968.0,
        12968.0,
        12968.0,
        12968.0,
        12968.0,
        12968.0,
        12968.0,
        12968.0,
        12968.0,
        12968.0,
        12968.0,
        12968.0,
        12968.0,
        12968.0,
        12968.0,
        12968.0,
        12968.0,
        12968.0,
        12968.0
    ]
}