{
    "elapsed_time": 3.122413396835327,
    "best_objective": 23578.0,
    "best_solution": [
        0,
        1,
        6,
        4,
        2,
        8,
        9,
        3,
        5,
        7,
        10,
        11
    ],
    "average_objectives_list": [
        45986.709677419356,
        30783.0,
        25327.8,
        24873.333333333332,
        24432.133333333335,
        23578.0,
        23846.0,
        23603.933333333334,
        23756.666666666668,
        23578.0,
        23578.0,
        23578.0,
        23890.666666666668,
        23888.666666666668,
        23801.333333333332,
        23578.0,
        23846.0,
        23600.0,
        23622.733333333334,
        23578.0,
        23801.333333333332
    ],
    "best_objective_list": [
        26382.0,
        24918.0,
        24918.0,
        23578.0,
        23578.0,
        23578.0,
        23578.0,
        23578.0,
        23578.0,
        23578.0,
        23578.0,
        23578.0,
        23578.0,
        23578.0,
        23578.0,
        23578.0,
        23578.0,
        23578.0,
        23578.0,
        23578.0,
        23578.0
    ]
}