{
    "elapsed_time": 3.338158369064331,
    "best_objective": 17012.0,
    "best_solution": [
        10,
        3,
        4,
        8,
        0,
        9,
        1,
        6,
        2,
        5,
        7,
        11
    ],
    "average_objectives_list": [
        43382.94117647059,
        28934.44,
        22857.44,
        19819.32,
        20034.52,
        20478.8,
        21200.4,
        21795.6,
        22621.48,
        21967.76,
        22100.16,
        22780.56,
        21503.64,
        21150.52,
        22974.32,
        22136.6,
        19232.64,
        19816.2,
        19020.64,
        19888.28,
        19065.64
    ],
    "best_objective_list": [
        22020.0,
        18662.0,
        18170.0,
        18170.0,
        18170.0,
        18170.0,
        18170.0,
        17402.0,
        17402.0,
        17402.0,
        17402.0,
        17402.0,
        17402.0,
        17402.0,
        17168.0,
        17014.0,
        17014.0,
        17014.0,
        17014.0,
        17012.0,
        17012.0
    ]
}