{
    "elapsed_time": 3.19634747505188,
    "best_objective": 18308.0,
    "best_solution": [
        0,
        11,
        3,
        4,
        5,
        8,
        1,
        7,
        6,
        9,
        2,
        10
    ],
    "average_objectives_list": [
        43495.93548387097,
        29397.933333333334,
        22669.4,
        21705.666666666668,
        20812.266666666666,
        20429.866666666665,
        20096.8,
        19374.133333333335,
        19260.0,
        19314.133333333335,
        19340.0,
        18308.0,
        19405.6,
        18765.333333333332,
        18662.466666666667,
        19157.066666666666,
        18519.933333333334,
        19340.0,
        19131.2,
        18765.333333333332,
        19131.2
    ],
    "best_objective_list": [
        31480.0,
        21152.0,
        21152.0,
        20590.0,
        20590.0,
        19084.0,
        18308.0,
        18308.0,
        18308.0,
        18308.0,
        18308.0,
        18308.0,
        18308.0,
        18308.0,
        18308.0,
        18308.0,
        18308.0,
        18308.0,
        18308.0,
        18308.0,
        18308.0
    ]
}