{
    "elapsed_time": 3.348853826522827,
    "best_objective": 17002.0,
    "best_solution": [
        0,
        10,
        5,
        1,
        7,
        11,
        4,
        2,
        6,
        3,
        9,
        8
    ],
    "average_objectives_list": [
        44050.313725490196,
        32431.0,
        26891.04,
        25818.56,
        23302.44,
        23086.56,
        23534.6,
        22954.48,
        21347.6,
        21684.04,
        22475.12,
        21073.12,
        20722.56,
        22552.44,
        20464.56,
        20981.52,
        20610.88,
        19527.16,
        19674.36,
        20299.96,
        20952.6
    ],
    "best_objective_list": [
        27352.0,
        21200.0,
        21200.0,
        19998.0,
        19998.0,
        19998.0,
        19998.0,
        19998.0,
        19998.0,
        19678.0,
        19678.0,
        17002.0,
        17002.0,
        17002.0,
        17002.0,
        17002.0,
        17002.0,
        17002.0,
        17002.0,
        17002.0,
        17002.0
    ]
}