{
    "elapsed_time": 3.1331520080566406,
    "best_objective": 17422.0,
    "best_solution": [
        1,
        4,
        3,
        8,
        9,
        10,
        0,
        11,
        2,
        5,
        7,
        6
    ],
    "average_objectives_list": [
        45097.032258064515,
        27575.266666666666,
        24027.666666666668,
        24392.133333333335,
        24320.266666666666,
        22699.4,
        22421.666666666668,
        22497.666666666668,
        21798.6,
        18766.133333333335,
        19681.6,
        21522.2,
        20559.0,
        19790.666666666668,
        19648.333333333332,
        19725.133333333335,
        18394.2,
        18810.0,
        19380.8,
        21049.0,
        17646.0
    ],
    "best_objective_list": [
        23366.0,
        23048.0,
        23048.0,
        22684.0,
        22604.0,
        22592.0,
        18542.0,
        18542.0,
        18542.0,
        18542.0,
        18542.0,
        18542.0,
        18542.0,
        18542.0,
        18542.0,
        17422.0,
        17422.0,
        17422.0,
        17422.0,
        17422.0,
        17422.0
    ]
}