{
    "elapsed_time": 1.655165672302246,
    "best_objective": 13680.0,
    "best_solution": [
        10,
        4,
        5,
        8,
        1,
        9,
        0,
        2,
        3,
        6,
        7,
        11
    ],
    "average_objectives_list": [
        45221.882352941175,
        30144.12,
        21419.84,
        18794.84,
        21327.72,
        19052.68,
        21008.72,
        16831.0,
        19395.52,
        18562.4,
        17482.4
    ],
    "best_objective_list": [
        22032.0,
        13746.0,
        13746.0,
        13746.0,
        13746.0,
        13746.0,
        13746.0,
        13746.0,
        13680.0,
        13680.0,
        13680.0
    ]
}