{
    "elapsed_time": 3.2916111946105957,
    "best_objective": 16234.0,
    "best_solution": [
        10,
        11,
        6,
        4,
        5,
        0,
        9,
        8,
        2,
        7,
        1,
        3
    ],
    "average_objectives_list": [
        44945.490196078434,
        33257.04,
        29455.56,
        27945.44,
        22506.88,
        23376.08,
        28083.64,
        23780.52,
        21381.52,
        21490.24,
        24558.48,
        27047.72,
        23954.52,
        25146.44,
        23799.0,
        22900.84,
        25513.0,
        26030.52,
        22894.2,
        21271.08,
        25586.48
    ],
    "best_objective_list": [
        24318.0,
        24318.0,
        17856.0,
        17232.0,
        16234.0,
        16234.0,
        16234.0,
        16234.0,
        16234.0,
        16234.0,
        16234.0,
        16234.0,
        16234.0,
        16234.0,
        16234.0,
        16234.0,
        16234.0,
        16234.0,
        16234.0,
        16234.0,
        16234.0
    ]
}