{
    "elapsed_time": 3.3559584617614746,
    "best_objective": 16300.0,
    "best_solution": [
        1,
        4,
        2,
        6,
        7,
        8,
        5,
        3,
        10,
        0,
        9,
        11
    ],
    "average_objectives_list": [
        45579.333333333336,
        31231.56,
        24186.92,
        24661.0,
        25310.84,
        23513.2,
        24883.32,
        23869.32,
        23600.12,
        27301.84,
        23239.08,
        22642.2,
        23932.08,
        24085.52,
        23944.92,
        22576.52,
        23304.96,
        21924.12,
        23652.24,
        20688.2,
        21572.64
    ],
    "best_objective_list": [
        30610.0,
        22422.0,
        20418.0,
        20418.0,
        20418.0,
        20418.0,
        20418.0,
        20418.0,
        20418.0,
        20418.0,
        20418.0,
        20418.0,
        20418.0,
        20418.0,
        20418.0,
        20418.0,
        20044.0,
        20044.0,
        16300.0,
        16300.0,
        16300.0
    ]
}