{
    "elapsed_time": 3.3843116760253906,
    "best_objective": 16246.0,
    "best_solution": [
        0,
        11,
        3,
        4,
        5,
        6,
        1,
        7,
        8,
        9,
        2,
        10
    ],
    "average_objectives_list": [
        45645.25490196078,
        33210.4,
        25892.56,
        24105.52,
        21669.2,
        19994.64,
        19800.12,
        19650.76,
        19361.72,
        20386.36,
        19862.44,
        19227.72,
        20202.88,
        18476.36,
        19399.4,
        18756.2,
        19242.24,
        20033.88,
        20028.88,
        19666.04,
        19171.52
    ],
    "best_objective_list": [
        27586.0,
        24534.0,
        20772.0,
        16246.0,
        16246.0,
        16246.0,
        16246.0,
        16246.0,
        16246.0,
        16246.0,
        16246.0,
        16246.0,
        16246.0,
        16246.0,
        16246.0,
        16246.0,
        16246.0,
        16246.0,
        16246.0,
        16246.0,
        16246.0
    ]
}