{
    "elapsed_time": 3.7166953086853027,
    "best_objective": 13676.0,
    "best_solution": [
        0,
        2,
        3,
        4,
        5,
        7,
        1,
        10,
        6,
        8,
        9,
        11
    ],
    "average_objectives_list": [
        46082.67326732673,
        34773.1,
        28855.62,
        29917.3,
        27363.6,
        23063.52,
        21892.76,
        23190.74,
        20997.78,
        22917.3,
        20259.9,
        17278.24,
        21864.88,
        20121.4,
        20548.5,
        20637.16,
        20080.76,
        20755.36,
        20230.44,
        19814.46,
        22875.94
    ],
    "best_objective_list": [
        27136.0,
        19522.0,
        19522.0,
        17746.0,
        17746.0,
        17746.0,
        13676.0,
        13676.0,
        13676.0,
        13676.0,
        13676.0,
        13676.0,
        13676.0,
        13676.0,
        13676.0,
        13676.0,
        13676.0,
        13676.0,
        13676.0,
        13676.0,
        13676.0
    ]
}