{
    "elapsed_time": 3.3197827339172363,
    "best_objective": 13470.0,
    "best_solution": [
        2,
        6,
        10,
        8,
        4,
        9,
        0,
        5,
        3,
        1,
        7,
        11
    ],
    "average_objectives_list": [
        43795.92156862745,
        29615.36,
        22392.72,
        21624.8,
        20994.52,
        19406.0,
        16864.96,
        18061.92,
        16991.92,
        15724.44,
        17089.2,
        17974.92,
        17821.96,
        18519.12,
        15990.52,
        16561.32,
        16584.72,
        17350.4,
        17196.76,
        18561.56,
        17326.08
    ],
    "best_objective_list": [
        24540.0,
        19548.0,
        19548.0,
        15228.0,
        15228.0,
        15228.0,
        15228.0,
        15228.0,
        15228.0,
        15220.0,
        15220.0,
        15220.0,
        13522.0,
        13522.0,
        13470.0,
        13470.0,
        13470.0,
        13470.0,
        13470.0,
        13470.0,
        13470.0
    ]
}