{
    "elapsed_time": 3.334246873855591,
    "best_objective": 12770.0,
    "best_solution": [
        5,
        2,
        4,
        6,
        0,
        7,
        1,
        11,
        10,
        3,
        9,
        8
    ],
    "average_objectives_list": [
        44734.58823529412,
        31259.36,
        25758.28,
        21317.72,
        22550.76,
        20372.0,
        19414.96,
        20094.0,
        18740.36,
        20050.32,
        19437.04,
        20654.04,
        19960.16,
        21606.84,
        19850.16,
        21301.08,
        20826.04,
        20869.08,
        19420.6,
        21788.36,
        19310.16
    ],
    "best_objective_list": [
        26212.0,
        17380.0,
        17380.0,
        14784.0,
        14784.0,
        14784.0,
        14018.0,
        13748.0,
        13010.0,
        12770.0,
        12770.0,
        12770.0,
        12770.0,
        12770.0,
        12770.0,
        12770.0,
        12770.0,
        12770.0,
        12770.0,
        12770.0,
        12770.0
    ]
}