{
    "elapsed_time": 43.13508152961731,
    "best_objective": 146.0,
    "neighbors": 1000,
    "best_solution": [
        0,
        3,
        4,
        6,
        7,
        20,
        21,
        8,
        9,
        10,
        11,
        12,
        13,
        14,
        18,
        19,
        23,
        24,
        27,
        29,
        31,
        32,
        33,
        34,
        36,
        37,
        41,
        2,
        43,
        45,
        5,
        16,
        1,
        15,
        17,
        22,
        25,
        26,
        28,
        30,
        35,
        38,
        39,
        40,
        42,
        44,
        46,
        47,
        48,
        49,
        50,
        51,
        52,
        53,
        54,
        55,
        56,
        57,
        58,
        59,
        60,
        61,
        62,
        63
    ],
    "average_objectives_list": [
        279.921568627451,
        233.88,
        202.56,
        179.72,
        169.76,
        160.32,
        157.08,
        156.04,
        159.72,
        153.96,
        157.0
    ],
    "best_objective_list": [
        226.0,
        188.0,
        162.0,
        162.0,
        158.0,
        156.0,
        154.0,
        150.0,
        146.0,
        146.0,
        146.0
    ]
}