{
    "elapsed_time": 96.88223838806152,
    "best_objective": 146.0,
    "neighbors": 2000,
    "best_solution": [
        0,
        1,
        2,
        3,
        4,
        5,
        6,
        7,
        8,
        10,
        13,
        14,
        15,
        16,
        17,
        18,
        20,
        21,
        29,
        22,
        23,
        24,
        25,
        27,
        28,
        47,
        30,
        31,
        33,
        11,
        57,
        36,
        37,
        38,
        39,
        26,
        34,
        12,
        32,
        9,
        40,
        44,
        42,
        19,
        35,
        43,
        41,
        45,
        46,
        48,
        49,
        50,
        51,
        52,
        53,
        54,
        55,
        56,
        58,
        59,
        60,
        61,
        62,
        63
    ],
    "average_objectives_list": [
        277.8217821782178,
        249.68,
        224.6,
        202.48,
        187.98,
        183.48,
        182.3,
        186.36,
        184.34,
        183.12,
        178.82,
        184.38,
        170.5,
        178.46,
        174.22,
        180.74,
        175.7,
        179.84,
        174.22,
        172.06,
        171.62
    ],
    "best_objective_list": [
        234.0,
        188.0,
        180.0,
        172.0,
        168.0,
        168.0,
        168.0,
        158.0,
        158.0,
        158.0,
        158.0,
        154.0,
        154.0,
        154.0,
        154.0,
        154.0,
        146.0,
        146.0,
        146.0,
        146.0,
        146.0
    ]
}