{
    "elapsed_time": 85.08572769165039,
    "best_objective": 136.0,
    "neighbors": 2000,
    "best_solution": [
        0,
        1,
        2,
        4,
        5,
        7,
        9,
        10,
        11,
        12,
        21,
        42,
        13,
        14,
        16,
        18,
        6,
        22,
        51,
        29,
        59,
        26,
        27,
        28,
        24,
        30,
        25,
        62,
        36,
        38,
        40,
        41,
        3,
        8,
        15,
        17,
        19,
        20,
        33,
        53,
        32,
        34,
        37,
        39,
        43,
        44,
        45,
        46,
        47,
        48,
        31,
        35,
        49,
        50,
        23,
        52,
        54,
        55,
        56,
        57,
        58,
        60,
        61,
        63
    ],
    "average_objectives_list": [
        279.1372549019608,
        246.48,
        214.08,
        179.56,
        165.44,
        156.36,
        154.44,
        151.44,
        149.28,
        151.48,
        152.76,
        154.2,
        159.68,
        156.12,
        161.4,
        162.24,
        156.32,
        156.92,
        155.04,
        159.16,
        150.72
    ],
    "best_objective_list": [
        248.0,
        192.0,
        170.0,
        156.0,
        156.0,
        152.0,
        150.0,
        148.0,
        148.0,
        146.0,
        144.0,
        142.0,
        142.0,
        142.0,
        142.0,
        142.0,
        140.0,
        138.0,
        138.0,
        138.0,
        136.0
    ]
}