{
    "elapsed_time": 96.52678680419922,
    "best_objective": 154.0,
    "neighbors": 2000,
    "best_solution": [
        0,
        1,
        2,
        3,
        4,
        5,
        6,
        7,
        9,
        10,
        11,
        13,
        40,
        16,
        17,
        18,
        20,
        22,
        23,
        24,
        25,
        27,
        28,
        29,
        30,
        31,
        32,
        33,
        34,
        41,
        8,
        12,
        15,
        19,
        21,
        26,
        35,
        36,
        37,
        38,
        39,
        14,
        42,
        43,
        44,
        45,
        46,
        47,
        48,
        49,
        50,
        51,
        52,
        53,
        54,
        55,
        56,
        57,
        58,
        59,
        60,
        61,
        62,
        63
    ],
    "average_objectives_list": [
        279.4257425742574,
        251.96,
        228.66,
        213.18,
        198.96,
        195.76,
        185.68,
        187.36,
        185.34,
        178.38,
        171.0,
        169.94,
        175.74,
        176.66,
        176.1,
        173.78,
        177.3,
        171.46,
        168.38,
        172.14,
        182.74
    ],
    "best_objective_list": [
        216.0,
        210.0,
        190.0,
        190.0,
        180.0,
        180.0,
        176.0,
        170.0,
        164.0,
        164.0,
        160.0,
        160.0,
        154.0,
        154.0,
        154.0,
        154.0,
        154.0,
        154.0,
        154.0,
        154.0,
        154.0
    ]
}