{
    "elapsed_time": 86.07401275634766,
    "best_objective": 164.0,
    "neighbors": 2000,
    "best_solution": [
        0,
        1,
        2,
        3,
        4,
        5,
        6,
        7,
        9,
        10,
        11,
        12,
        13,
        14,
        15,
        16,
        17,
        38,
        19,
        20,
        21,
        22,
        23,
        24,
        25,
        26,
        27,
        28,
        8,
        18,
        29,
        30,
        31,
        32,
        33,
        34,
        35,
        36,
        37,
        39,
        40,
        41,
        42,
        43,
        44,
        45,
        46,
        47,
        48,
        49,
        50,
        51,
        52,
        53,
        54,
        55,
        56,
        57,
        58,
        59,
        60,
        61,
        62,
        63
    ],
    "average_objectives_list": [
        277.2549019607843,
        238.04,
        209.08,
        196.52,
        182.64,
        173.88,
        164.44,
        165.52,
        164.0,
        164.16,
        164.0,
        164.0,
        164.48,
        164.72,
        170.48,
        164.0,
        164.0,
        165.4,
        164.36,
        164.0,
        164.4
    ],
    "best_objective_list": [
        234.0,
        204.0,
        190.0,
        178.0,
        164.0,
        164.0,
        164.0,
        164.0,
        164.0,
        164.0,
        164.0,
        164.0,
        164.0,
        164.0,
        164.0,
        164.0,
        164.0,
        164.0,
        164.0,
        164.0,
        164.0
    ]
}