{
    "elapsed_time": 167.4995141029358,
    "best_objective": 152.0,
    "neighbors": 4000,
    "best_solution": [
        2,
        5,
        4,
        3,
        6,
        7,
        8,
        9,
        13,
        14,
        16,
        43,
        17,
        18,
        19,
        20,
        21,
        22,
        37,
        12,
        0,
        1,
        54,
        57,
        45,
        10,
        11,
        15,
        23,
        24,
        25,
        35,
        27,
        28,
        29,
        30,
        31,
        32,
        33,
        34,
        26,
        36,
        38,
        39,
        40,
        41,
        42,
        44,
        46,
        47,
        48,
        49,
        50,
        51,
        52,
        53,
        55,
        56,
        58,
        59,
        60,
        61,
        62,
        63
    ],
    "average_objectives_list": [
        281.4117647058824,
        244.92,
        212.0,
        201.12,
        194.44,
        195.12,
        185.32,
        183.64,
        183.4,
        178.6,
        181.16,
        179.84,
        176.44,
        180.64,
        179.44,
        180.36,
        176.16,
        185.8,
        179.28,
        180.28,
        168.88,
        171.52,
        166.56,
        166.4,
        167.52,
        170.96,
        162.16,
        164.88,
        158.24,
        167.12,
        162.72,
        164.68,
        168.72,
        166.16,
        168.96,
        168.84,
        164.24,
        164.76,
        170.52,
        168.08,
        165.52
    ],
    "best_objective_list": [
        232.0,
        206.0,
        196.0,
        192.0,
        186.0,
        182.0,
        182.0,
        182.0,
        178.0,
        168.0,
        168.0,
        168.0,
        168.0,
        168.0,
        168.0,
        168.0,
        168.0,
        168.0,
        152.0,
        152.0,
        152.0,
        152.0,
        152.0,
        152.0,
        152.0,
        152.0,
        152.0,
        152.0,
        152.0,
        152.0,
        152.0,
        152.0,
        152.0,
        152.0,
        152.0,
        152.0,
        152.0,
        152.0,
        152.0,
        152.0,
        152.0
    ]
}