{
    "elapsed_time": 43.56564140319824,
    "best_objective": 164.0,
    "neighbors": 1000,
    "best_solution": [
        0,
        1,
        62,
        3,
        4,
        5,
        6,
        7,
        8,
        9,
        10,
        13,
        14,
        16,
        17,
        18,
        11,
        22,
        23,
        24,
        25,
        26,
        27,
        38,
        20,
        12,
        15,
        19,
        21,
        28,
        29,
        30,
        31,
        32,
        33,
        34,
        35,
        36,
        37,
        39,
        40,
        41,
        42,
        43,
        44,
        45,
        46,
        47,
        48,
        49,
        50,
        51,
        52,
        53,
        54,
        55,
        56,
        57,
        58,
        59,
        60,
        61,
        2,
        63
    ],
    "average_objectives_list": [
        278.5882352941176,
        236.28,
        202.36,
        184.68,
        181.2,
        179.92,
        184.08,
        177.28,
        176.04,
        172.28,
        169.12
    ],
    "best_objective_list": [
        222.0,
        184.0,
        184.0,
        180.0,
        180.0,
        176.0,
        176.0,
        168.0,
        168.0,
        164.0,
        164.0
    ]
}