{
    "elapsed_time": 81.81370711326599,
    "best_objective": 148.0,
    "neighbors": 2000,
    "best_solution": [
        0,
        1,
        2,
        3,
        4,
        5,
        36,
        7,
        8,
        10,
        11,
        12,
        13,
        14,
        18,
        9,
        21,
        24,
        30,
        31,
        32,
        33,
        34,
        6,
        37,
        53,
        62,
        35,
        15,
        16,
        17,
        19,
        20,
        22,
        23,
        25,
        41,
        49,
        28,
        29,
        38,
        60,
        40,
        26,
        42,
        43,
        44,
        45,
        46,
        47,
        48,
        27,
        50,
        51,
        52,
        54,
        55,
        56,
        57,
        58,
        59,
        39,
        61,
        63
    ],
    "average_objectives_list": [
        278.19354838709677,
        234.6,
        203.13333333333333,
        197.93333333333334,
        188.93333333333334,
        183.73333333333332,
        184.53333333333333,
        179.13333333333333,
        173.46666666666667,
        171.86666666666667,
        172.86666666666667,
        169.73333333333332,
        172.46666666666667,
        167.66666666666666,
        166.66666666666666,
        164.6,
        165.86666666666667,
        170.66666666666666,
        159.53333333333333,
        163.8,
        160.73333333333332
    ],
    "best_objective_list": [
        248.0,
        200.0,
        198.0,
        184.0,
        184.0,
        180.0,
        180.0,
        172.0,
        172.0,
        168.0,
        164.0,
        164.0,
        164.0,
        164.0,
        164.0,
        164.0,
        156.0,
        148.0,
        148.0,
        148.0,
        148.0
    ]
}