{
    "elapsed_time": 85.41884255409241,
    "best_objective": 140.0,
    "neighbors": 2000,
    "best_solution": [
        0,
        2,
        3,
        17,
        40,
        8,
        9,
        10,
        11,
        12,
        13,
        14,
        15,
        16,
        5,
        18,
        20,
        21,
        22,
        23,
        24,
        27,
        28,
        29,
        30,
        33,
        36,
        7,
        41,
        42,
        43,
        45,
        47,
        49,
        51,
        52,
        53,
        55,
        32,
        59,
        60,
        61,
        25,
        19,
        57,
        46,
        26,
        38,
        4,
        50,
        1,
        37,
        6,
        31,
        34,
        35,
        39,
        44,
        48,
        54,
        56,
        58,
        62,
        63
    ],
    "average_objectives_list": [
        278.3921568627451,
        233.52,
        199.96,
        194.2,
        201.88,
        202.92,
        192.96,
        183.96,
        183.76,
        176.96,
        176.6,
        166.56,
        170.92,
        172.4,
        169.64,
        175.24,
        170.0,
        171.28,
        172.68,
        173.84,
        169.68
    ],
    "best_objective_list": [
        220.0,
        182.0,
        182.0,
        178.0,
        178.0,
        178.0,
        174.0,
        170.0,
        154.0,
        154.0,
        154.0,
        154.0,
        154.0,
        154.0,
        152.0,
        152.0,
        152.0,
        152.0,
        152.0,
        152.0,
        140.0
    ]
}