{
    "elapsed_time": 85.56260752677917,
    "best_objective": 152.0,
    "neighbors": 2000,
    "best_solution": [
        1,
        2,
        3,
        4,
        5,
        7,
        8,
        9,
        18,
        10,
        11,
        12,
        13,
        14,
        15,
        16,
        0,
        20,
        34,
        55,
        42,
        48,
        32,
        17,
        6,
        30,
        21,
        22,
        23,
        24,
        25,
        37,
        27,
        28,
        29,
        19,
        31,
        59,
        35,
        36,
        26,
        38,
        39,
        40,
        41,
        43,
        44,
        45,
        33,
        46,
        47,
        49,
        50,
        51,
        52,
        53,
        54,
        56,
        57,
        58,
        60,
        61,
        62,
        63
    ],
    "average_objectives_list": [
        277.37254901960785,
        238.08,
        210.04,
        193.2,
        186.8,
        179.36,
        177.6,
        174.56,
        182.48,
        171.28,
        162.72,
        171.72,
        182.96,
        165.36,
        157.04,
        165.44,
        167.92,
        163.6,
        167.92,
        168.32,
        165.4
    ],
    "best_objective_list": [
        226.0,
        206.0,
        180.0,
        176.0,
        172.0,
        172.0,
        172.0,
        156.0,
        156.0,
        156.0,
        156.0,
        152.0,
        152.0,
        152.0,
        152.0,
        152.0,
        152.0,
        152.0,
        152.0,
        152.0,
        152.0
    ]
}