{
    "elapsed_time": 96.86652493476868,
    "best_objective": 148.0,
    "neighbors": 2000,
    "best_solution": [
        0,
        1,
        2,
        31,
        4,
        5,
        6,
        7,
        8,
        9,
        10,
        11,
        13,
        14,
        18,
        16,
        12,
        19,
        20,
        23,
        24,
        26,
        27,
        29,
        30,
        3,
        32,
        33,
        34,
        36,
        39,
        40,
        41,
        42,
        44,
        46,
        47,
        38,
        25,
        54,
        28,
        35,
        17,
        22,
        15,
        45,
        37,
        43,
        48,
        49,
        50,
        51,
        21,
        58,
        53,
        55,
        56,
        57,
        52,
        59,
        60,
        61,
        62,
        63
    ],
    "average_objectives_list": [
        277.54455445544556,
        246.56,
        227.02,
        216.3,
        210.12,
        210.52,
        204.92,
        195.22,
        195.78,
        184.62,
        183.84,
        184.18,
        182.26,
        183.56,
        183.04,
        182.06,
        185.0,
        178.94,
        176.04,
        177.18,
        182.54
    ],
    "best_objective_list": [
        228.0,
        208.0,
        196.0,
        196.0,
        196.0,
        156.0,
        156.0,
        156.0,
        154.0,
        154.0,
        154.0,
        154.0,
        154.0,
        154.0,
        148.0,
        148.0,
        148.0,
        148.0,
        148.0,
        148.0,
        148.0
    ]
}