{
    "elapsed_time": 86.70587396621704,
    "best_objective": 126.0,
    "neighbors": 2000,
    "best_solution": [
        0,
        1,
        2,
        3,
        4,
        6,
        33,
        35,
        9,
        10,
        13,
        14,
        15,
        16,
        5,
        18,
        19,
        20,
        42,
        22,
        26,
        24,
        38,
        23,
        27,
        28,
        29,
        30,
        31,
        32,
        52,
        34,
        53,
        41,
        8,
        11,
        12,
        54,
        25,
        39,
        17,
        7,
        21,
        43,
        44,
        45,
        46,
        36,
        37,
        40,
        47,
        48,
        49,
        50,
        51,
        55,
        56,
        57,
        58,
        59,
        60,
        61,
        62,
        63
    ],
    "average_objectives_list": [
        274.6666666666667,
        238.64,
        203.4,
        189.08,
        176.44,
        172.56,
        165.0,
        158.0,
        161.16,
        163.2,
        159.08,
        153.0,
        151.56,
        150.76,
        152.76,
        153.32,
        164.28,
        149.96,
        152.44,
        148.64,
        147.0
    ],
    "best_objective_list": [
        234.0,
        196.0,
        176.0,
        172.0,
        160.0,
        148.0,
        148.0,
        148.0,
        148.0,
        144.0,
        144.0,
        140.0,
        138.0,
        138.0,
        138.0,
        138.0,
        138.0,
        126.0,
        126.0,
        126.0,
        126.0
    ]
}