{
    "elapsed_time": 96.83263206481934,
    "best_objective": 150.0,
    "neighbors": 2000,
    "best_solution": [
        1,
        2,
        3,
        4,
        5,
        6,
        28,
        8,
        9,
        10,
        12,
        13,
        45,
        16,
        18,
        7,
        20,
        21,
        22,
        23,
        24,
        32,
        41,
        42,
        0,
        15,
        11,
        39,
        30,
        35,
        17,
        55,
        31,
        25,
        26,
        19,
        27,
        29,
        33,
        34,
        36,
        37,
        38,
        40,
        43,
        44,
        14,
        46,
        47,
        48,
        49,
        50,
        51,
        52,
        53,
        54,
        56,
        57,
        58,
        59,
        60,
        61,
        62,
        63
    ],
    "average_objectives_list": [
        277.54455445544556,
        243.8,
        216.34,
        202.36,
        209.12,
        200.92,
        198.68,
        194.74,
        188.5,
        187.24,
        188.96,
        196.22,
        182.42,
        182.12,
        192.14,
        175.04,
        185.62,
        174.46,
        178.52,
        177.7,
        177.96
    ],
    "best_objective_list": [
        226.0,
        192.0,
        192.0,
        184.0,
        184.0,
        182.0,
        168.0,
        168.0,
        164.0,
        164.0,
        164.0,
        160.0,
        156.0,
        150.0,
        150.0,
        150.0,
        150.0,
        150.0,
        150.0,
        150.0,
        150.0
    ]
}