{
    "elapsed_time": 85.54317307472229,
    "best_objective": 152.0,
    "neighbors": 2000,
    "best_solution": [
        7,
        8,
        9,
        13,
        14,
        15,
        16,
        23,
        24,
        58,
        59,
        33,
        30,
        6,
        29,
        50,
        36,
        57,
        18,
        21,
        45,
        10,
        5,
        62,
        42,
        48,
        17,
        2,
        1,
        0,
        3,
        4,
        11,
        12,
        19,
        20,
        22,
        25,
        26,
        27,
        28,
        31,
        32,
        34,
        35,
        37,
        38,
        39,
        40,
        41,
        43,
        44,
        46,
        47,
        49,
        51,
        52,
        53,
        54,
        55,
        56,
        60,
        61,
        63
    ],
    "average_objectives_list": [
        282.54901960784315,
        239.56,
        212.32,
        207.2,
        198.2,
        193.64,
        190.92,
        187.72,
        187.8,
        181.76,
        174.88,
        167.2,
        176.0,
        171.4,
        177.72,
        173.2,
        164.56,
        178.2,
        167.84,
        161.16,
        165.64
    ],
    "best_objective_list": [
        244.0,
        210.0,
        194.0,
        194.0,
        178.0,
        178.0,
        178.0,
        178.0,
        176.0,
        158.0,
        158.0,
        158.0,
        156.0,
        156.0,
        156.0,
        156.0,
        156.0,
        156.0,
        152.0,
        152.0,
        152.0
    ]
}