{
    "elapsed_time": 85.50118613243103,
    "best_objective": 148.0,
    "neighbors": 2000,
    "best_solution": [
        0,
        3,
        4,
        5,
        6,
        7,
        8,
        10,
        23,
        9,
        1,
        18,
        12,
        13,
        14,
        16,
        17,
        11,
        24,
        21,
        22,
        2,
        20,
        25,
        28,
        29,
        30,
        31,
        32,
        34,
        35,
        42,
        15,
        19,
        26,
        27,
        33,
        47,
        37,
        38,
        39,
        40,
        41,
        43,
        44,
        45,
        46,
        36,
        48,
        49,
        50,
        51,
        52,
        53,
        54,
        55,
        56,
        57,
        58,
        59,
        60,
        61,
        62,
        63
    ],
    "average_objectives_list": [
        279.01960784313724,
        232.6,
        205.84,
        199.92,
        192.68,
        185.68,
        182.4,
        176.04,
        167.8,
        173.64,
        166.16,
        167.52,
        173.72,
        175.56,
        170.4,
        174.48,
        174.0,
        162.16,
        170.8,
        168.28,
        168.56
    ],
    "best_objective_list": [
        210.0,
        190.0,
        190.0,
        186.0,
        186.0,
        174.0,
        164.0,
        160.0,
        160.0,
        160.0,
        160.0,
        156.0,
        156.0,
        156.0,
        156.0,
        156.0,
        148.0,
        148.0,
        148.0,
        148.0,
        148.0
    ]
}