{
    "elapsed_time": 96.22122073173523,
    "best_objective": 156.0,
    "neighbors": 2000,
    "best_solution": [
        0,
        1,
        2,
        3,
        4,
        5,
        6,
        7,
        8,
        9,
        44,
        11,
        12,
        13,
        14,
        18,
        19,
        22,
        23,
        24,
        26,
        38,
        47,
        52,
        27,
        28,
        29,
        30,
        31,
        32,
        33,
        34,
        35,
        36,
        37,
        55,
        15,
        16,
        17,
        21,
        25,
        39,
        40,
        41,
        42,
        43,
        10,
        45,
        46,
        48,
        20,
        49,
        50,
        51,
        53,
        54,
        56,
        57,
        58,
        59,
        60,
        61,
        62,
        63
    ],
    "average_objectives_list": [
        280.6930693069307,
        253.44,
        226.74,
        211.0,
        207.14,
        196.96,
        196.64,
        192.64,
        195.34,
        185.54,
        188.48,
        187.12,
        184.8,
        185.14,
        186.48,
        176.88,
        178.84,
        178.98,
        179.06,
        187.78,
        178.08
    ],
    "best_objective_list": [
        240.0,
        200.0,
        192.0,
        190.0,
        190.0,
        188.0,
        176.0,
        176.0,
        176.0,
        174.0,
        174.0,
        174.0,
        166.0,
        166.0,
        166.0,
        166.0,
        164.0,
        164.0,
        164.0,
        160.0,
        156.0
    ]
}