{
    "elapsed_time": 85.71476721763611,
    "best_objective": 170.0,
    "neighbors": 2000,
    "best_solution": [
        0,
        1,
        2,
        3,
        4,
        5,
        15,
        7,
        8,
        10,
        11,
        12,
        13,
        14,
        9,
        16,
        17,
        50,
        31,
        6,
        41,
        18,
        24,
        20,
        21,
        22,
        23,
        19,
        25,
        26,
        27,
        28,
        29,
        30,
        63,
        32,
        33,
        34,
        35,
        36,
        37,
        38,
        39,
        40,
        42,
        43,
        44,
        45,
        46,
        47,
        48,
        49,
        51,
        52,
        53,
        54,
        55,
        56,
        57,
        58,
        59,
        60,
        61,
        62
    ],
    "average_objectives_list": [
        275.84313725490193,
        235.16,
        212.16,
        199.36,
        193.84,
        191.0,
        192.84,
        189.6,
        190.88,
        189.12,
        182.08,
        183.36,
        187.36,
        180.92,
        182.68,
        181.32,
        185.0,
        183.76,
        183.88,
        182.92,
        184.6
    ],
    "best_objective_list": [
        230.0,
        204.0,
        188.0,
        188.0,
        188.0,
        176.0,
        176.0,
        176.0,
        176.0,
        176.0,
        176.0,
        176.0,
        174.0,
        174.0,
        174.0,
        172.0,
        170.0,
        170.0,
        170.0,
        170.0,
        170.0
    ]
}