{
    "elapsed_time": 43.42336082458496,
    "best_objective": 164.0,
    "neighbors": 1000,
    "best_solution": [
        0,
        1,
        2,
        3,
        4,
        5,
        6,
        8,
        9,
        10,
        11,
        12,
        13,
        14,
        16,
        18,
        19,
        20,
        21,
        22,
        44,
        24,
        26,
        27,
        28,
        30,
        29,
        31,
        7,
        15,
        17,
        23,
        25,
        32,
        33,
        34,
        35,
        36,
        37,
        38,
        39,
        40,
        41,
        42,
        43,
        45,
        46,
        47,
        48,
        49,
        50,
        51,
        52,
        53,
        54,
        55,
        56,
        57,
        58,
        59,
        60,
        61,
        62,
        63
    ],
    "average_objectives_list": [
        278.3921568627451,
        236.08,
        207.44,
        186.72,
        174.0,
        167.88,
        166.32,
        164.0,
        164.0,
        164.4,
        164.0
    ],
    "best_objective_list": [
        232.0,
        186.0,
        174.0,
        168.0,
        168.0,
        164.0,
        164.0,
        164.0,
        164.0,
        164.0,
        164.0
    ]
}