{
    "elapsed_time": 168.04487323760986,
    "best_objective": 158.0,
    "neighbors": 4000,
    "best_solution": [
        0,
        3,
        4,
        5,
        6,
        7,
        8,
        9,
        10,
        11,
        13,
        14,
        15,
        16,
        17,
        18,
        39,
        20,
        21,
        22,
        24,
        25,
        26,
        31,
        28,
        29,
        1,
        2,
        12,
        52,
        30,
        27,
        32,
        33,
        34,
        35,
        23,
        37,
        38,
        19,
        40,
        41,
        42,
        43,
        44,
        45,
        46,
        36,
        47,
        48,
        49,
        50,
        51,
        53,
        54,
        55,
        56,
        57,
        58,
        59,
        60,
        61,
        62,
        63
    ],
    "average_objectives_list": [
        277.80392156862746,
        240.48,
        213.48,
        198.08,
        191.8,
        190.2,
        188.64,
        187.0,
        184.4,
        187.32,
        185.04,
        184.16,
        189.68,
        187.2,
        185.56,
        183.28,
        186.36,
        186.64,
        187.32,
        186.84,
        184.6,
        183.52,
        183.24,
        182.68,
        179.0,
        173.36,
        163.68,
        170.04,
        166.16,
        164.84,
        164.28,
        165.04,
        165.44,
        164.52,
        162.56,
        165.64,
        161.6,
        168.68,
        167.68,
        167.04,
        164.12
    ],
    "best_objective_list": [
        220.0,
        196.0,
        194.0,
        190.0,
        190.0,
        182.0,
        182.0,
        182.0,
        178.0,
        178.0,
        178.0,
        178.0,
        178.0,
        178.0,
        178.0,
        178.0,
        178.0,
        178.0,
        178.0,
        178.0,
        170.0,
        166.0,
        166.0,
        166.0,
        162.0,
        162.0,
        162.0,
        160.0,
        160.0,
        160.0,
        160.0,
        160.0,
        160.0,
        158.0,
        158.0,
        158.0,
        158.0,
        158.0,
        158.0,
        158.0,
        158.0
    ]
}