{
    "elapsed_time": 85.64170336723328,
    "best_objective": 140.0,
    "neighbors": 2000,
    "best_solution": [
        1,
        2,
        8,
        3,
        4,
        5,
        6,
        7,
        0,
        9,
        13,
        14,
        15,
        16,
        18,
        10,
        20,
        58,
        23,
        32,
        25,
        26,
        28,
        30,
        39,
        24,
        33,
        34,
        35,
        38,
        37,
        36,
        57,
        42,
        11,
        12,
        17,
        19,
        21,
        22,
        27,
        29,
        31,
        40,
        41,
        43,
        44,
        45,
        46,
        47,
        48,
        49,
        50,
        51,
        52,
        53,
        54,
        55,
        56,
        59,
        60,
        61,
        62,
        63
    ],
    "average_objectives_list": [
        279.05882352941177,
        240.32,
        213.64,
        209.12,
        194.2,
        192.96,
        191.24,
        188.44,
        186.16,
        183.16,
        175.12,
        173.44,
        159.16,
        158.68,
        154.16,
        155.28,
        151.64,
        145.48,
        146.76,
        157.28,
        153.32
    ],
    "best_objective_list": [
        230.0,
        204.0,
        192.0,
        192.0,
        190.0,
        186.0,
        186.0,
        178.0,
        178.0,
        166.0,
        166.0,
        146.0,
        142.0,
        142.0,
        142.0,
        142.0,
        142.0,
        140.0,
        140.0,
        140.0,
        140.0
    ]
}