{
    "elapsed_time": 97.51418209075928,
    "best_objective": 148.0,
    "neighbors": 2000,
    "best_solution": [
        1,
        2,
        3,
        4,
        5,
        7,
        9,
        14,
        15,
        17,
        19,
        21,
        22,
        23,
        24,
        25,
        26,
        27,
        28,
        29,
        31,
        32,
        33,
        34,
        38,
        39,
        40,
        41,
        44,
        46,
        47,
        12,
        61,
        18,
        36,
        10,
        16,
        62,
        43,
        13,
        0,
        6,
        30,
        20,
        11,
        45,
        8,
        35,
        37,
        42,
        48,
        49,
        50,
        51,
        52,
        53,
        54,
        55,
        56,
        57,
        58,
        59,
        60,
        63
    ],
    "average_objectives_list": [
        277.54455445544556,
        243.18,
        214.32,
        201.72,
        195.98,
        192.1,
        186.04,
        183.24,
        176.2,
        178.84,
        185.36,
        176.48,
        173.24,
        169.48,
        176.82,
        174.54,
        166.66,
        174.04,
        172.02,
        174.58,
        177.72
    ],
    "best_objective_list": [
        202.0,
        186.0,
        174.0,
        174.0,
        170.0,
        160.0,
        160.0,
        158.0,
        152.0,
        148.0,
        148.0,
        148.0,
        148.0,
        148.0,
        148.0,
        148.0,
        148.0,
        148.0,
        148.0,
        148.0,
        148.0
    ]
}