{
    "elapsed_time": 81.9934651851654,
    "best_objective": 170.0,
    "neighbors": 2000,
    "best_solution": [
        0,
        1,
        2,
        3,
        4,
        5,
        6,
        30,
        11,
        13,
        19,
        26,
        29,
        10,
        33,
        34,
        35,
        36,
        43,
        44,
        45,
        7,
        8,
        9,
        12,
        14,
        15,
        16,
        17,
        18,
        20,
        21,
        22,
        23,
        24,
        25,
        27,
        28,
        31,
        32,
        37,
        38,
        39,
        40,
        41,
        42,
        46,
        47,
        48,
        49,
        50,
        51,
        55,
        53,
        54,
        52,
        56,
        57,
        58,
        59,
        60,
        61,
        62,
        63
    ],
    "average_objectives_list": [
        276.38709677419354,
        244.6,
        219.13333333333333,
        208.0,
        198.13333333333333,
        187.73333333333332,
        182.86666666666667,
        175.86666666666667,
        173.86666666666667,
        172.53333333333333,
        171.46666666666667,
        170.0,
        171.26666666666668,
        171.33333333333334,
        172.86666666666667,
        172.73333333333332,
        170.0,
        170.26666666666668,
        170.53333333333333,
        170.26666666666668,
        171.66666666666666
    ],
    "best_objective_list": [
        242.0,
        214.0,
        206.0,
        196.0,
        184.0,
        184.0,
        174.0,
        174.0,
        170.0,
        170.0,
        170.0,
        170.0,
        170.0,
        170.0,
        170.0,
        170.0,
        170.0,
        170.0,
        170.0,
        170.0,
        170.0
    ]
}