{
    "elapsed_time": 85.45028066635132,
    "best_objective": 156.0,
    "neighbors": 2000,
    "best_solution": [
        0,
        31,
        2,
        3,
        4,
        5,
        6,
        7,
        8,
        9,
        10,
        12,
        13,
        36,
        16,
        18,
        21,
        22,
        23,
        24,
        25,
        17,
        1,
        35,
        15,
        40,
        41,
        44,
        45,
        50,
        51,
        14,
        28,
        19,
        20,
        11,
        26,
        27,
        29,
        30,
        32,
        33,
        34,
        37,
        38,
        39,
        42,
        43,
        46,
        47,
        48,
        49,
        52,
        53,
        54,
        55,
        56,
        57,
        58,
        59,
        60,
        61,
        62,
        63
    ],
    "average_objectives_list": [
        279.29411764705884,
        243.08,
        225.84,
        209.44,
        202.96,
        196.36,
        188.88,
        172.48,
        171.04,
        162.08,
        160.0,
        159.64,
        163.68,
        167.84,
        163.48,
        162.88,
        166.04,
        164.68,
        166.0,
        163.8,
        157.64
    ],
    "best_objective_list": [
        240.0,
        206.0,
        202.0,
        202.0,
        188.0,
        160.0,
        160.0,
        156.0,
        156.0,
        156.0,
        156.0,
        156.0,
        156.0,
        156.0,
        156.0,
        156.0,
        156.0,
        156.0,
        156.0,
        156.0,
        156.0
    ]
}