{
    "elapsed_time": 81.92099666595459,
    "best_objective": 140.0,
    "neighbors": 2000,
    "best_solution": [
        0,
        1,
        2,
        3,
        6,
        15,
        11,
        12,
        9,
        10,
        5,
        7,
        13,
        14,
        16,
        18,
        19,
        20,
        21,
        22,
        23,
        24,
        25,
        8,
        27,
        28,
        29,
        30,
        31,
        32,
        34,
        35,
        4,
        37,
        39,
        40,
        41,
        33,
        26,
        38,
        17,
        36,
        42,
        43,
        44,
        45,
        46,
        47,
        48,
        49,
        50,
        51,
        52,
        53,
        54,
        55,
        56,
        57,
        58,
        59,
        60,
        61,
        62,
        63
    ],
    "average_objectives_list": [
        277.93548387096774,
        233.46666666666667,
        203.4,
        181.86666666666667,
        178.0,
        170.93333333333334,
        164.06666666666666,
        155.13333333333333,
        153.06666666666666,
        149.6,
        148.26666666666668,
        151.73333333333332,
        149.8,
        150.26666666666668,
        150.13333333333333,
        145.2,
        149.8,
        151.06666666666666,
        144.0,
        148.2,
        152.0
    ],
    "best_objective_list": [
        240.0,
        208.0,
        180.0,
        178.0,
        168.0,
        156.0,
        152.0,
        148.0,
        148.0,
        144.0,
        144.0,
        144.0,
        144.0,
        144.0,
        144.0,
        144.0,
        144.0,
        144.0,
        144.0,
        140.0,
        140.0
    ]
}