{
    "elapsed_time": 85.7890875339508,
    "best_objective": 174.0,
    "neighbors": 2000,
    "best_solution": [
        0,
        1,
        3,
        6,
        7,
        8,
        9,
        10,
        11,
        12,
        13,
        14,
        15,
        16,
        17,
        18,
        19,
        20,
        22,
        23,
        24,
        26,
        28,
        29,
        30,
        33,
        35,
        39,
        38,
        4,
        5,
        27,
        25,
        32,
        37,
        34,
        50,
        46,
        2,
        36,
        21,
        56,
        59,
        45,
        40,
        41,
        42,
        43,
        44,
        47,
        48,
        49,
        51,
        52,
        63,
        53,
        54,
        55,
        57,
        58,
        60,
        61,
        62,
        31
    ],
    "average_objectives_list": [
        276.8627450980392,
        237.24,
        201.08,
        183.4,
        182.8,
        182.88,
        179.72,
        182.36,
        185.4,
        178.08,
        176.76,
        180.4,
        176.64,
        176.24,
        176.0,
        178.8,
        181.96,
        176.52,
        178.32,
        179.72,
        180.28
    ],
    "best_objective_list": [
        216.0,
        182.0,
        180.0,
        180.0,
        180.0,
        178.0,
        178.0,
        174.0,
        174.0,
        174.0,
        174.0,
        174.0,
        174.0,
        174.0,
        174.0,
        174.0,
        174.0,
        174.0,
        174.0,
        174.0,
        174.0
    ]
}