{
    "elapsed_time": 81.53166222572327,
    "best_objective": 150.0,
    "neighbors": 2000,
    "best_solution": [
        0,
        1,
        2,
        3,
        4,
        5,
        6,
        8,
        21,
        10,
        11,
        12,
        13,
        14,
        15,
        16,
        17,
        19,
        20,
        22,
        32,
        33,
        34,
        37,
        39,
        49,
        41,
        9,
        43,
        18,
        7,
        36,
        23,
        24,
        25,
        26,
        27,
        28,
        29,
        30,
        31,
        35,
        38,
        42,
        44,
        45,
        46,
        47,
        48,
        40,
        50,
        51,
        52,
        53,
        54,
        55,
        56,
        57,
        58,
        59,
        60,
        61,
        62,
        63
    ],
    "average_objectives_list": [
        279.0967741935484,
        241.13333333333333,
        218.6,
        203.26666666666668,
        178.66666666666666,
        168.26666666666668,
        166.0,
        165.86666666666667,
        163.46666666666667,
        159.66666666666666,
        156.6,
        154.26666666666668,
        158.46666666666667,
        157.86666666666667,
        156.8,
        156.53333333333333,
        159.46666666666667,
        154.2,
        156.13333333333333,
        154.2,
        158.86666666666667
    ],
    "best_objective_list": [
        238.0,
        216.0,
        206.0,
        174.0,
        166.0,
        166.0,
        166.0,
        162.0,
        154.0,
        154.0,
        154.0,
        154.0,
        154.0,
        154.0,
        154.0,
        150.0,
        150.0,
        150.0,
        150.0,
        150.0,
        150.0
    ]
}