{
    "elapsed_time": 85.62012720108032,
    "best_objective": 148.0,
    "neighbors": 2000,
    "best_solution": [
        0,
        1,
        2,
        4,
        6,
        7,
        29,
        46,
        9,
        10,
        11,
        12,
        13,
        14,
        16,
        18,
        19,
        20,
        44,
        24,
        25,
        26,
        27,
        28,
        30,
        32,
        33,
        34,
        37,
        38,
        39,
        41,
        42,
        3,
        15,
        17,
        21,
        22,
        8,
        31,
        35,
        23,
        36,
        40,
        5,
        43,
        45,
        47,
        48,
        49,
        50,
        51,
        52,
        53,
        54,
        55,
        56,
        57,
        58,
        59,
        60,
        61,
        62,
        63
    ],
    "average_objectives_list": [
        279.45098039215685,
        238.2,
        214.36,
        188.6,
        174.36,
        168.44,
        165.0,
        159.8,
        156.96,
        158.24,
        166.64,
        161.84,
        167.92,
        162.4,
        160.76,
        161.12,
        160.2,
        159.0,
        164.96,
        162.36,
        161.76
    ],
    "best_objective_list": [
        236.0,
        204.0,
        180.0,
        168.0,
        168.0,
        162.0,
        152.0,
        152.0,
        152.0,
        152.0,
        152.0,
        152.0,
        152.0,
        152.0,
        152.0,
        148.0,
        148.0,
        148.0,
        148.0,
        148.0,
        148.0
    ]
}