{
    "elapsed_time": 374.57323718070984,
    "best_objective": 144.0,
    "neighbors": 4000,
    "best_solution": [
        0,
        1,
        3,
        4,
        5,
        6,
        7,
        9,
        10,
        12,
        13,
        14,
        16,
        17,
        18,
        36,
        20,
        50,
        22,
        30,
        8,
        11,
        15,
        23,
        24,
        21,
        46,
        27,
        28,
        29,
        2,
        31,
        32,
        33,
        34,
        35,
        19,
        37,
        26,
        38,
        39,
        40,
        41,
        42,
        43,
        44,
        45,
        47,
        48,
        49,
        25,
        51,
        52,
        53,
        54,
        55,
        56,
        57,
        58,
        59,
        60,
        61,
        62,
        63
    ],
    "average_objectives_list": [
        277.96078431372547,
        232.84,
        211.2,
        200.8,
        195.04,
        187.64,
        177.6,
        171.92,
        171.48,
        176.24,
        167.72,
        162.68,
        159.96,
        160.64,
        159.96,
        162.24,
        162.08,
        159.4,
        169.16,
        166.4,
        162.92,
        158.96,
        158.36,
        165.44,
        165.72,
        165.4,
        164.88,
        167.8,
        162.64,
        164.84,
        165.36,
        159.4,
        160.8,
        149.84,
        155.44,
        158.92,
        150.84,
        157.88,
        151.52,
        152.52,
        155.64
    ],
    "best_objective_list": [
        222.0,
        194.0,
        194.0,
        190.0,
        186.0,
        166.0,
        164.0,
        160.0,
        160.0,
        160.0,
        160.0,
        160.0,
        158.0,
        158.0,
        158.0,
        156.0,
        156.0,
        156.0,
        156.0,
        156.0,
        156.0,
        156.0,
        156.0,
        156.0,
        156.0,
        156.0,
        156.0,
        156.0,
        156.0,
        156.0,
        144.0,
        144.0,
        144.0,
        144.0,
        144.0,
        144.0,
        144.0,
        144.0,
        144.0,
        144.0,
        144.0
    ]
}