{
    "elapsed_time": 173.91435527801514,
    "best_objective": 140.0,
    "neighbors": 4000,
    "best_solution": [
        0,
        1,
        3,
        4,
        5,
        6,
        7,
        8,
        9,
        12,
        13,
        14,
        16,
        17,
        10,
        30,
        33,
        19,
        21,
        22,
        23,
        24,
        28,
        31,
        32,
        34,
        36,
        37,
        43,
        44,
        45,
        47,
        48,
        49,
        2,
        52,
        53,
        54,
        55,
        57,
        58,
        60,
        61,
        63,
        11,
        15,
        18,
        20,
        25,
        26,
        29,
        27,
        35,
        38,
        39,
        40,
        41,
        42,
        46,
        50,
        51,
        56,
        59,
        62
    ],
    "average_objectives_list": [
        279.72549019607845,
        243.68,
        215.48,
        191.88,
        191.36,
        181.44,
        176.2,
        176.36,
        176.44,
        170.84,
        171.84,
        168.84,
        174.6,
        174.24,
        173.8,
        175.16,
        168.52,
        166.56,
        167.48,
        168.72,
        175.84,
        172.8,
        165.64,
        162.0,
        153.12,
        157.8,
        155.84,
        162.44,
        167.28,
        155.2,
        163.08,
        162.36,
        156.64,
        162.88,
        151.96,
        158.72,
        150.76,
        168.0,
        152.44,
        159.76,
        166.44
    ],
    "best_objective_list": [
        242.0,
        214.0,
        178.0,
        176.0,
        170.0,
        170.0,
        166.0,
        166.0,
        166.0,
        166.0,
        166.0,
        164.0,
        164.0,
        164.0,
        160.0,
        152.0,
        152.0,
        152.0,
        152.0,
        152.0,
        152.0,
        152.0,
        148.0,
        148.0,
        144.0,
        144.0,
        144.0,
        144.0,
        144.0,
        140.0,
        140.0,
        140.0,
        140.0,
        140.0,
        140.0,
        140.0,
        140.0,
        140.0,
        140.0,
        140.0,
        140.0
    ]
}