{
    "elapsed_time": 86.0756459236145,
    "best_objective": 156.0,
    "neighbors": 2000,
    "best_solution": [
        0,
        2,
        3,
        4,
        5,
        7,
        8,
        18,
        9,
        10,
        11,
        12,
        13,
        14,
        16,
        17,
        6,
        19,
        20,
        62,
        27,
        28,
        29,
        30,
        55,
        32,
        33,
        34,
        1,
        36,
        15,
        22,
        23,
        24,
        25,
        26,
        31,
        35,
        37,
        38,
        39,
        40,
        41,
        42,
        21,
        43,
        44,
        45,
        46,
        47,
        48,
        49,
        50,
        51,
        52,
        53,
        54,
        56,
        57,
        58,
        59,
        60,
        61,
        63
    ],
    "average_objectives_list": [
        283.6862745098039,
        245.48,
        228.16,
        206.96,
        199.72,
        201.76,
        198.04,
        194.76,
        190.16,
        181.4,
        172.32,
        168.08,
        166.96,
        169.0,
        166.4,
        169.16,
        166.36,
        164.24,
        172.4,
        167.32,
        168.04
    ],
    "best_objective_list": [
        218.0,
        218.0,
        200.0,
        198.0,
        196.0,
        196.0,
        190.0,
        184.0,
        164.0,
        164.0,
        164.0,
        164.0,
        160.0,
        160.0,
        160.0,
        160.0,
        156.0,
        156.0,
        156.0,
        156.0,
        156.0
    ]
}