{
    "elapsed_time": 82.74678373336792,
    "best_objective": 168.0,
    "neighbors": 2000,
    "best_solution": [
        0,
        3,
        4,
        5,
        6,
        10,
        14,
        16,
        19,
        20,
        21,
        22,
        23,
        29,
        32,
        33,
        35,
        36,
        46,
        13,
        50,
        43,
        51,
        28,
        1,
        52,
        12,
        17,
        2,
        34,
        15,
        37,
        41,
        7,
        8,
        9,
        11,
        18,
        24,
        25,
        26,
        27,
        30,
        31,
        38,
        39,
        40,
        42,
        44,
        45,
        47,
        48,
        49,
        53,
        54,
        55,
        56,
        57,
        58,
        59,
        60,
        61,
        62,
        63
    ],
    "average_objectives_list": [
        279.741935483871,
        238.66666666666666,
        206.73333333333332,
        185.6,
        181.46666666666667,
        179.8,
        175.86666666666667,
        176.33333333333334,
        186.0,
        175.06666666666666,
        181.6,
        183.6,
        175.26666666666668,
        174.26666666666668,
        168.53333333333333,
        175.73333333333332,
        168.0,
        168.0,
        168.0,
        168.0,
        168.0
    ],
    "best_objective_list": [
        242.0,
        206.0,
        182.0,
        182.0,
        174.0,
        174.0,
        174.0,
        174.0,
        174.0,
        174.0,
        174.0,
        174.0,
        170.0,
        168.0,
        168.0,
        168.0,
        168.0,
        168.0,
        168.0,
        168.0,
        168.0
    ]
}