{
    "elapsed_time": 87.20385646820068,
    "best_objective": 178.0,
    "neighbors": 2000,
    "best_solution": [
        7,
        14,
        18,
        29,
        36,
        43,
        45,
        46,
        0,
        1,
        2,
        3,
        4,
        5,
        6,
        8,
        9,
        10,
        11,
        12,
        13,
        15,
        16,
        17,
        19,
        20,
        21,
        22,
        23,
        24,
        25,
        26,
        27,
        28,
        30,
        31,
        32,
        33,
        34,
        35,
        37,
        38,
        39,
        40,
        41,
        42,
        44,
        47,
        48,
        49,
        50,
        51,
        52,
        53,
        54,
        55,
        56,
        57,
        58,
        59,
        60,
        61,
        62,
        63
    ],
    "average_objectives_list": [
        276.54901960784315,
        236.04,
        205.72,
        191.92,
        200.36,
        200.52,
        203.72,
        202.44,
        197.0,
        192.64,
        193.64,
        192.36,
        188.88,
        194.4,
        199.08,
        194.6,
        192.04,
        197.52,
        202.28,
        192.32,
        196.6
    ],
    "best_objective_list": [
        220.0,
        194.0,
        180.0,
        178.0,
        178.0,
        178.0,
        178.0,
        178.0,
        178.0,
        178.0,
        178.0,
        178.0,
        178.0,
        178.0,
        178.0,
        178.0,
        178.0,
        178.0,
        178.0,
        178.0,
        178.0
    ]
}