{
    "elapsed_time": 85.22453808784485,
    "best_objective": 140.0,
    "neighbors": 2000,
    "best_solution": [
        0,
        1,
        3,
        4,
        5,
        6,
        7,
        8,
        9,
        10,
        11,
        12,
        13,
        14,
        16,
        18,
        19,
        25,
        26,
        27,
        28,
        29,
        30,
        31,
        35,
        37,
        38,
        39,
        50,
        2,
        41,
        42,
        15,
        17,
        24,
        20,
        21,
        22,
        23,
        62,
        32,
        34,
        36,
        40,
        43,
        44,
        45,
        33,
        46,
        47,
        48,
        49,
        51,
        52,
        53,
        54,
        55,
        56,
        57,
        58,
        59,
        60,
        61,
        63
    ],
    "average_objectives_list": [
        276.078431372549,
        236.0,
        214.68,
        208.12,
        199.8,
        187.32,
        186.0,
        196.08,
        186.04,
        188.96,
        190.32,
        189.24,
        190.2,
        187.56,
        180.24,
        161.32,
        149.2,
        148.12,
        147.84,
        147.4,
        146.56
    ],
    "best_objective_list": [
        196.0,
        196.0,
        196.0,
        174.0,
        174.0,
        174.0,
        174.0,
        174.0,
        174.0,
        170.0,
        164.0,
        164.0,
        164.0,
        160.0,
        150.0,
        148.0,
        148.0,
        148.0,
        144.0,
        142.0,
        140.0
    ]
}