{
    "elapsed_time": 96.16126823425293,
    "best_objective": 166.0,
    "neighbors": 2000,
    "best_solution": [
        0,
        3,
        4,
        5,
        6,
        7,
        9,
        10,
        11,
        12,
        13,
        14,
        15,
        16,
        18,
        20,
        21,
        19,
        24,
        25,
        29,
        30,
        33,
        34,
        35,
        22,
        1,
        2,
        39,
        17,
        8,
        32,
        55,
        23,
        59,
        43,
        27,
        28,
        31,
        36,
        26,
        37,
        38,
        40,
        41,
        42,
        44,
        45,
        46,
        47,
        48,
        49,
        50,
        51,
        52,
        53,
        54,
        56,
        57,
        58,
        60,
        61,
        62,
        63
    ],
    "average_objectives_list": [
        279.009900990099,
        252.18,
        231.94,
        211.3,
        202.1,
        199.58,
        207.04,
        211.32,
        194.36,
        194.88,
        196.24,
        198.14,
        192.14,
        188.42,
        182.86,
        192.8,
        188.66,
        183.94,
        183.22,
        187.5,
        190.54
    ],
    "best_objective_list": [
        236.0,
        204.0,
        192.0,
        190.0,
        190.0,
        184.0,
        184.0,
        184.0,
        176.0,
        176.0,
        168.0,
        168.0,
        168.0,
        168.0,
        168.0,
        168.0,
        168.0,
        166.0,
        166.0,
        166.0,
        166.0
    ]
}