{
    "elapsed_time": 169.80819058418274,
    "best_objective": 162.0,
    "neighbors": 4000,
    "best_solution": [
        0,
        1,
        3,
        4,
        5,
        6,
        39,
        8,
        9,
        57,
        10,
        11,
        14,
        16,
        17,
        18,
        19,
        20,
        21,
        22,
        23,
        24,
        25,
        26,
        27,
        28,
        29,
        30,
        31,
        32,
        33,
        34,
        61,
        37,
        59,
        12,
        13,
        15,
        36,
        38,
        7,
        40,
        41,
        42,
        43,
        44,
        45,
        46,
        47,
        48,
        49,
        50,
        51,
        52,
        53,
        54,
        55,
        56,
        2,
        58,
        60,
        35,
        62,
        63
    ],
    "average_objectives_list": [
        277.96078431372547,
        235.92,
        204.56,
        196.68,
        193.64,
        187.92,
        187.8,
        186.6,
        185.52,
        182.68,
        181.24,
        184.08,
        180.88,
        175.68,
        182.72,
        186.36,
        178.16,
        178.72,
        178.72,
        181.2,
        185.88,
        177.52,
        182.0,
        185.88,
        182.2,
        184.72,
        185.2,
        181.88,
        182.92,
        177.2,
        184.36,
        180.04,
        180.36,
        179.64,
        181.88,
        180.76,
        178.36,
        181.96,
        179.36,
        176.84,
        179.8
    ],
    "best_objective_list": [
        198.0,
        198.0,
        188.0,
        188.0,
        188.0,
        184.0,
        184.0,
        178.0,
        162.0,
        162.0,
        162.0,
        162.0,
        162.0,
        162.0,
        162.0,
        162.0,
        162.0,
        162.0,
        162.0,
        162.0,
        162.0,
        162.0,
        162.0,
        162.0,
        162.0,
        162.0,
        162.0,
        162.0,
        162.0,
        162.0,
        162.0,
        162.0,
        162.0,
        162.0,
        162.0,
        162.0,
        162.0,
        162.0,
        162.0,
        162.0,
        162.0
    ]
}