{
    "elapsed_time": 377.1893894672394,
    "best_objective": 146.0,
    "neighbors": 4000,
    "best_solution": [
        0,
        44,
        3,
        5,
        6,
        7,
        8,
        9,
        11,
        23,
        12,
        13,
        17,
        18,
        55,
        20,
        21,
        62,
        24,
        25,
        26,
        27,
        29,
        31,
        32,
        34,
        33,
        35,
        38,
        41,
        57,
        39,
        40,
        1,
        37,
        14,
        15,
        16,
        19,
        10,
        28,
        30,
        60,
        36,
        42,
        43,
        2,
        45,
        4,
        46,
        47,
        48,
        49,
        50,
        51,
        52,
        53,
        54,
        22,
        56,
        58,
        59,
        61,
        63
    ],
    "average_objectives_list": [
        271.96078431372547,
        236.36,
        209.36,
        194.32,
        195.32,
        189.24,
        190.32,
        191.52,
        190.0,
        194.48,
        191.28,
        191.4,
        194.64,
        191.32,
        187.84,
        187.08,
        186.76,
        174.0,
        179.44,
        175.24,
        175.8,
        176.0,
        177.8,
        186.88,
        178.96,
        167.8,
        184.48,
        178.08,
        181.16,
        184.88,
        179.36,
        182.48,
        171.04,
        175.56,
        180.72,
        177.04,
        178.0,
        175.76,
        176.72,
        178.24,
        179.68
    ],
    "best_objective_list": [
        220.0,
        192.0,
        192.0,
        186.0,
        186.0,
        186.0,
        184.0,
        184.0,
        184.0,
        184.0,
        184.0,
        182.0,
        182.0,
        154.0,
        154.0,
        154.0,
        154.0,
        152.0,
        152.0,
        152.0,
        150.0,
        150.0,
        150.0,
        150.0,
        150.0,
        150.0,
        150.0,
        150.0,
        150.0,
        150.0,
        150.0,
        150.0,
        150.0,
        150.0,
        150.0,
        146.0,
        146.0,
        146.0,
        146.0,
        146.0,
        146.0
    ]
}