{
    "elapsed_time": 167.89447832107544,
    "best_objective": 132.0,
    "neighbors": 4000,
    "best_solution": [
        0,
        1,
        2,
        3,
        5,
        7,
        8,
        9,
        12,
        15,
        17,
        19,
        21,
        22,
        28,
        32,
        29,
        30,
        31,
        35,
        60,
        46,
        49,
        50,
        54,
        55,
        27,
        59,
        58,
        52,
        33,
        20,
        36,
        4,
        6,
        11,
        13,
        14,
        16,
        18,
        23,
        24,
        25,
        26,
        40,
        10,
        34,
        38,
        37,
        39,
        41,
        42,
        43,
        45,
        44,
        47,
        48,
        51,
        53,
        56,
        57,
        61,
        62,
        63
    ],
    "average_objectives_list": [
        274.8627450980392,
        235.12,
        213.96,
        199.52,
        190.68,
        186.92,
        185.84,
        186.6,
        196.12,
        187.84,
        183.6,
        183.2,
        180.72,
        175.12,
        173.44,
        174.96,
        170.36,
        174.84,
        162.92,
        166.24,
        161.32,
        165.48,
        158.4,
        163.92,
        153.2,
        154.72,
        151.12,
        153.28,
        148.56,
        146.76,
        138.16,
        144.0,
        143.2,
        145.16,
        156.72,
        141.2,
        138.16,
        149.12,
        152.6,
        142.72,
        150.64
    ],
    "best_objective_list": [
        212.0,
        198.0,
        196.0,
        188.0,
        184.0,
        180.0,
        180.0,
        180.0,
        176.0,
        176.0,
        172.0,
        172.0,
        172.0,
        172.0,
        166.0,
        166.0,
        162.0,
        158.0,
        158.0,
        158.0,
        154.0,
        148.0,
        146.0,
        146.0,
        146.0,
        146.0,
        142.0,
        132.0,
        132.0,
        132.0,
        132.0,
        132.0,
        132.0,
        132.0,
        132.0,
        132.0,
        132.0,
        132.0,
        132.0,
        132.0,
        132.0
    ]
}