{
    "elapsed_time": 81.41809558868408,
    "best_objective": 168.0,
    "neighbors": 2000,
    "best_solution": [
        1,
        3,
        9,
        10,
        43,
        45,
        14,
        15,
        21,
        6,
        16,
        22,
        38,
        60,
        54,
        20,
        48,
        42,
        13,
        57,
        25,
        8,
        18,
        53,
        32,
        49,
        34,
        41,
        26,
        47,
        61,
        4,
        33,
        46,
        7,
        30,
        36,
        58,
        5,
        40,
        0,
        44,
        2,
        12,
        19,
        27,
        28,
        29,
        31,
        23,
        35,
        37,
        11,
        39,
        17,
        50,
        51,
        52,
        55,
        24,
        56,
        59,
        62,
        63
    ],
    "average_objectives_list": [
        278.4516129032258,
        234.73333333333332,
        209.26666666666668,
        202.66666666666666,
        201.66666666666666,
        196.4,
        199.66666666666666,
        192.26666666666668,
        188.86666666666667,
        188.26666666666668,
        188.4,
        188.6,
        186.6,
        185.2,
        191.46666666666667,
        186.6,
        182.6,
        198.2,
        185.26666666666668,
        184.46666666666667,
        177.93333333333334
    ],
    "best_objective_list": [
        230.0,
        202.0,
        196.0,
        186.0,
        186.0,
        186.0,
        186.0,
        180.0,
        178.0,
        176.0,
        170.0,
        170.0,
        170.0,
        170.0,
        170.0,
        170.0,
        168.0,
        168.0,
        168.0,
        168.0,
        168.0
    ]
}