{
    "elapsed_time": 81.96727728843689,
    "best_objective": 150.0,
    "neighbors": 2000,
    "best_solution": [
        1,
        2,
        3,
        26,
        4,
        5,
        6,
        7,
        8,
        9,
        11,
        12,
        15,
        16,
        17,
        18,
        19,
        20,
        21,
        22,
        23,
        24,
        25,
        47,
        27,
        28,
        29,
        0,
        31,
        32,
        33,
        34,
        35,
        36,
        37,
        38,
        53,
        10,
        13,
        14,
        30,
        39,
        40,
        41,
        42,
        43,
        44,
        45,
        46,
        48,
        49,
        50,
        51,
        52,
        54,
        55,
        56,
        57,
        58,
        59,
        60,
        61,
        62,
        63
    ],
    "average_objectives_list": [
        282.5806451612903,
        231.66666666666666,
        191.33333333333334,
        186.06666666666666,
        184.8,
        181.93333333333334,
        177.0,
        166.6,
        160.26666666666668,
        159.46666666666667,
        162.86666666666667,
        157.2,
        163.0,
        162.53333333333333,
        160.66666666666666,
        161.93333333333334,
        169.73333333333332,
        160.93333333333334,
        161.33333333333334,
        161.2,
        156.4
    ],
    "best_objective_list": [
        256.0,
        184.0,
        184.0,
        184.0,
        184.0,
        162.0,
        158.0,
        150.0,
        150.0,
        150.0,
        150.0,
        150.0,
        150.0,
        150.0,
        150.0,
        150.0,
        150.0,
        150.0,
        150.0,
        150.0,
        150.0
    ]
}