{
    "elapsed_time": 81.87840700149536,
    "best_objective": 152.0,
    "neighbors": 2000,
    "best_solution": [
        1,
        2,
        3,
        4,
        21,
        5,
        6,
        7,
        8,
        10,
        11,
        12,
        13,
        14,
        15,
        16,
        17,
        18,
        19,
        23,
        24,
        25,
        26,
        38,
        27,
        28,
        29,
        41,
        42,
        43,
        44,
        9,
        20,
        0,
        22,
        30,
        35,
        32,
        33,
        34,
        31,
        61,
        37,
        39,
        40,
        45,
        46,
        36,
        47,
        48,
        49,
        50,
        51,
        52,
        53,
        54,
        55,
        56,
        57,
        58,
        59,
        60,
        62,
        63
    ],
    "average_objectives_list": [
        283.4193548387097,
        238.4,
        207.33333333333334,
        192.06666666666666,
        184.53333333333333,
        181.33333333333334,
        173.66666666666666,
        172.6,
        168.8,
        168.33333333333334,
        163.2,
        160.33333333333334,
        162.93333333333334,
        162.46666666666667,
        160.53333333333333,
        169.66666666666666,
        162.53333333333333,
        162.06666666666666,
        166.66666666666666,
        169.13333333333333,
        162.66666666666666
    ],
    "best_objective_list": [
        226.0,
        204.0,
        186.0,
        182.0,
        174.0,
        174.0,
        168.0,
        162.0,
        162.0,
        160.0,
        158.0,
        158.0,
        154.0,
        154.0,
        154.0,
        152.0,
        152.0,
        152.0,
        152.0,
        152.0,
        152.0
    ]
}