{
    "elapsed_time": 86.59491324424744,
    "best_objective": 158.0,
    "neighbors": 2000,
    "best_solution": [
        0,
        1,
        2,
        18,
        4,
        5,
        6,
        7,
        8,
        9,
        12,
        13,
        14,
        16,
        17,
        45,
        29,
        63,
        25,
        30,
        42,
        3,
        11,
        10,
        15,
        19,
        20,
        21,
        22,
        23,
        24,
        26,
        27,
        28,
        31,
        32,
        33,
        34,
        35,
        36,
        37,
        61,
        39,
        40,
        41,
        43,
        44,
        38,
        46,
        47,
        48,
        49,
        50,
        51,
        52,
        53,
        54,
        55,
        56,
        57,
        58,
        59,
        60,
        62
    ],
    "average_objectives_list": [
        279.88235294117646,
        237.68,
        210.36,
        192.84,
        187.08,
        179.36,
        174.6,
        175.16,
        173.64,
        171.96,
        172.8,
        172.4,
        170.4,
        170.36,
        181.2,
        169.84,
        172.64,
        173.68,
        174.12,
        182.2,
        174.44
    ],
    "best_objective_list": [
        218.0,
        192.0,
        190.0,
        180.0,
        174.0,
        174.0,
        174.0,
        174.0,
        162.0,
        162.0,
        162.0,
        162.0,
        158.0,
        158.0,
        158.0,
        158.0,
        158.0,
        158.0,
        158.0,
        158.0,
        158.0
    ]
}