{
    "elapsed_time": 168.64958333969116,
    "best_objective": 150.0,
    "neighbors": 4000,
    "best_solution": [
        0,
        2,
        3,
        19,
        5,
        6,
        7,
        8,
        9,
        28,
        13,
        14,
        43,
        17,
        18,
        31,
        38,
        26,
        11,
        15,
        12,
        53,
        1,
        20,
        21,
        22,
        23,
        24,
        25,
        27,
        10,
        29,
        30,
        4,
        32,
        33,
        34,
        35,
        36,
        37,
        39,
        40,
        41,
        42,
        16,
        44,
        45,
        46,
        47,
        48,
        49,
        50,
        51,
        52,
        54,
        55,
        56,
        57,
        58,
        59,
        60,
        61,
        62,
        63
    ],
    "average_objectives_list": [
        280.94117647058823,
        239.12,
        204.04,
        196.52,
        194.88,
        195.56,
        190.84,
        175.68,
        170.04,
        173.4,
        171.72,
        169.64,
        169.12,
        168.6,
        174.72,
        170.64,
        172.84,
        168.08,
        174.0,
        169.08,
        179.04,
        173.28,
        171.08,
        175.08,
        166.96,
        166.4,
        176.04,
        166.48,
        174.76,
        167.24,
        159.16,
        165.0,
        164.64,
        162.12,
        163.6,
        158.24,
        171.28,
        167.96,
        173.52,
        177.04,
        170.0
    ],
    "best_objective_list": [
        252.0,
        184.0,
        184.0,
        182.0,
        178.0,
        178.0,
        170.0,
        170.0,
        170.0,
        170.0,
        168.0,
        168.0,
        168.0,
        168.0,
        168.0,
        166.0,
        160.0,
        160.0,
        160.0,
        160.0,
        160.0,
        160.0,
        160.0,
        160.0,
        160.0,
        160.0,
        154.0,
        154.0,
        154.0,
        154.0,
        154.0,
        154.0,
        154.0,
        154.0,
        154.0,
        150.0,
        150.0,
        150.0,
        150.0,
        150.0,
        150.0
    ]
}