{
    "elapsed_time": 379.3906590938568,
    "best_objective": 146.0,
    "neighbors": 4000,
    "best_solution": [
        0,
        3,
        4,
        6,
        5,
        15,
        7,
        8,
        9,
        10,
        11,
        12,
        13,
        14,
        16,
        18,
        17,
        19,
        1,
        22,
        29,
        27,
        25,
        31,
        32,
        34,
        35,
        44,
        2,
        20,
        21,
        23,
        24,
        26,
        28,
        30,
        33,
        36,
        37,
        38,
        39,
        40,
        41,
        42,
        43,
        45,
        46,
        47,
        48,
        49,
        50,
        51,
        52,
        53,
        54,
        55,
        56,
        57,
        58,
        59,
        60,
        61,
        62,
        63
    ],
    "average_objectives_list": [
        279.1372549019608,
        240.84,
        215.0,
        206.48,
        200.24,
        192.88,
        183.56,
        178.08,
        174.0,
        174.24,
        173.88,
        174.04,
        169.72,
        167.56,
        165.92,
        168.24,
        163.96,
        161.32,
        158.04,
        155.24,
        159.88,
        153.32,
        156.36,
        159.12,
        163.24,
        152.4,
        150.76,
        152.52,
        155.96,
        155.76,
        151.56,
        157.12,
        155.52,
        153.48,
        162.44,
        152.16,
        155.0,
        159.24,
        152.84,
        151.52,
        158.76
    ],
    "best_objective_list": [
        234.0,
        210.0,
        202.0,
        190.0,
        188.0,
        182.0,
        174.0,
        174.0,
        174.0,
        174.0,
        168.0,
        164.0,
        164.0,
        164.0,
        162.0,
        162.0,
        154.0,
        154.0,
        154.0,
        152.0,
        148.0,
        148.0,
        148.0,
        148.0,
        148.0,
        148.0,
        148.0,
        148.0,
        148.0,
        148.0,
        148.0,
        148.0,
        148.0,
        148.0,
        148.0,
        148.0,
        148.0,
        148.0,
        148.0,
        146.0,
        146.0
    ]
}