{
    "elapsed_time": 96.87054824829102,
    "best_objective": 148.0,
    "neighbors": 2000,
    "best_solution": [
        0,
        1,
        3,
        4,
        5,
        6,
        8,
        11,
        9,
        10,
        2,
        12,
        13,
        14,
        16,
        17,
        19,
        35,
        38,
        23,
        24,
        25,
        26,
        27,
        28,
        29,
        30,
        31,
        18,
        36,
        37,
        21,
        39,
        40,
        15,
        32,
        22,
        7,
        33,
        34,
        20,
        41,
        42,
        44,
        43,
        45,
        46,
        47,
        48,
        49,
        50,
        51,
        52,
        53,
        54,
        55,
        56,
        57,
        58,
        59,
        60,
        61,
        62,
        63
    ],
    "average_objectives_list": [
        279.94059405940595,
        250.36,
        235.18,
        212.82,
        196.52,
        185.26,
        183.78,
        185.86,
        184.7,
        176.6,
        174.56,
        183.34,
        174.88,
        177.4,
        181.6,
        179.1,
        165.56,
        170.7,
        170.78,
        171.74,
        172.22
    ],
    "best_objective_list": [
        236.0,
        210.0,
        192.0,
        184.0,
        174.0,
        174.0,
        166.0,
        166.0,
        166.0,
        162.0,
        162.0,
        162.0,
        154.0,
        154.0,
        154.0,
        152.0,
        152.0,
        152.0,
        148.0,
        148.0,
        148.0
    ]
}