{
    "elapsed_time": 85.19535493850708,
    "best_objective": 182.0,
    "neighbors": 2000,
    "best_solution": [
        0,
        1,
        45,
        3,
        5,
        6,
        7,
        8,
        9,
        10,
        11,
        12,
        14,
        15,
        16,
        17,
        18,
        20,
        21,
        22,
        23,
        24,
        25,
        26,
        34,
        35,
        36,
        37,
        44,
        38,
        13,
        19,
        42,
        39,
        4,
        27,
        28,
        29,
        30,
        31,
        60,
        33,
        40,
        41,
        43,
        2,
        46,
        47,
        48,
        49,
        50,
        51,
        52,
        53,
        54,
        55,
        56,
        57,
        58,
        59,
        32,
        61,
        62,
        63
    ],
    "average_objectives_list": [
        281.1372549019608,
        243.8,
        212.12,
        202.4,
        199.0,
        202.16,
        195.88,
        193.36,
        193.6,
        198.8,
        197.88,
        200.32,
        198.68,
        196.08,
        201.12,
        196.4,
        200.16,
        199.04,
        200.08,
        198.56,
        196.88
    ],
    "best_objective_list": [
        240.0,
        206.0,
        200.0,
        184.0,
        184.0,
        184.0,
        184.0,
        184.0,
        184.0,
        184.0,
        184.0,
        184.0,
        184.0,
        184.0,
        184.0,
        184.0,
        184.0,
        184.0,
        184.0,
        184.0,
        182.0
    ]
}