{
    "elapsed_time": 85.72765731811523,
    "best_objective": 146.0,
    "neighbors": 2000,
    "best_solution": [
        0,
        1,
        2,
        18,
        4,
        5,
        6,
        7,
        8,
        9,
        10,
        45,
        13,
        14,
        15,
        16,
        17,
        3,
        22,
        20,
        21,
        24,
        23,
        19,
        30,
        36,
        37,
        38,
        39,
        40,
        25,
        26,
        27,
        28,
        29,
        50,
        31,
        32,
        33,
        34,
        35,
        41,
        11,
        12,
        42,
        43,
        44,
        46,
        47,
        48,
        49,
        51,
        52,
        53,
        54,
        55,
        56,
        57,
        58,
        59,
        60,
        61,
        62,
        63
    ],
    "average_objectives_list": [
        277.1764705882353,
        236.88,
        208.04,
        195.4,
        180.04,
        177.84,
        182.56,
        175.28,
        171.12,
        173.96,
        175.88,
        173.24,
        171.48,
        171.4,
        182.64,
        175.04,
        174.92,
        181.96,
        169.44,
        170.6,
        166.6
    ],
    "best_objective_list": [
        228.0,
        206.0,
        178.0,
        178.0,
        176.0,
        176.0,
        164.0,
        164.0,
        164.0,
        164.0,
        160.0,
        160.0,
        160.0,
        160.0,
        160.0,
        158.0,
        158.0,
        158.0,
        146.0,
        146.0,
        146.0
    ]
}