{
    "elapsed_time": 96.22334027290344,
    "best_objective": 164.0,
    "neighbors": 2000,
    "best_solution": [
        0,
        1,
        2,
        3,
        4,
        6,
        19,
        8,
        10,
        11,
        43,
        16,
        15,
        14,
        18,
        5,
        42,
        21,
        38,
        27,
        24,
        12,
        26,
        61,
        17,
        7,
        9,
        13,
        20,
        45,
        23,
        53,
        28,
        29,
        30,
        31,
        22,
        32,
        33,
        34,
        35,
        36,
        37,
        39,
        40,
        41,
        44,
        46,
        47,
        48,
        49,
        50,
        51,
        52,
        54,
        55,
        56,
        25,
        58,
        59,
        60,
        63,
        62,
        57
    ],
    "average_objectives_list": [
        279.7227722772277,
        249.52,
        232.46,
        223.44,
        223.62,
        221.48,
        215.3,
        214.88,
        214.96,
        212.04,
        206.7,
        215.66,
        215.02,
        207.14,
        201.06,
        195.36,
        202.28,
        198.06,
        197.12,
        196.82,
        195.76
    ],
    "best_objective_list": [
        206.0,
        202.0,
        202.0,
        200.0,
        200.0,
        198.0,
        198.0,
        190.0,
        186.0,
        186.0,
        186.0,
        184.0,
        178.0,
        178.0,
        172.0,
        172.0,
        172.0,
        164.0,
        164.0,
        164.0,
        164.0
    ]
}