{
    "elapsed_time": 43.33751630783081,
    "best_objective": 150.0,
    "neighbors": 1000,
    "best_solution": [
        0,
        1,
        2,
        3,
        6,
        8,
        11,
        12,
        13,
        14,
        17,
        18,
        24,
        32,
        33,
        34,
        54,
        36,
        42,
        43,
        44,
        45,
        55,
        4,
        5,
        7,
        9,
        10,
        15,
        16,
        19,
        20,
        21,
        22,
        23,
        25,
        26,
        27,
        28,
        29,
        30,
        31,
        35,
        37,
        38,
        39,
        40,
        41,
        46,
        47,
        48,
        49,
        50,
        51,
        52,
        53,
        56,
        57,
        58,
        59,
        60,
        61,
        62,
        63
    ],
    "average_objectives_list": [
        280.3529411764706,
        238.64,
        210.08,
        193.0,
        183.84,
        184.16,
        178.12,
        171.88,
        164.36,
        158.76,
        160.2
    ],
    "best_objective_list": [
        228.0,
        204.0,
        176.0,
        176.0,
        176.0,
        170.0,
        168.0,
        158.0,
        156.0,
        156.0,
        150.0
    ]
}