{
    "elapsed_time": 96.51226735115051,
    "best_objective": 160.0,
    "neighbors": 2000,
    "best_solution": [
        3,
        2,
        0,
        4,
        5,
        38,
        7,
        8,
        9,
        10,
        11,
        12,
        13,
        14,
        16,
        17,
        19,
        20,
        21,
        24,
        25,
        26,
        27,
        28,
        23,
        1,
        53,
        15,
        18,
        22,
        29,
        30,
        31,
        6,
        32,
        33,
        34,
        35,
        36,
        37,
        39,
        40,
        41,
        42,
        43,
        44,
        45,
        46,
        47,
        48,
        49,
        50,
        51,
        52,
        54,
        55,
        56,
        57,
        58,
        59,
        60,
        61,
        62,
        63
    ],
    "average_objectives_list": [
        279.48514851485146,
        248.34,
        227.32,
        213.32,
        207.22,
        194.92,
        195.16,
        188.68,
        188.52,
        186.0,
        184.1,
        189.62,
        190.32,
        192.6,
        192.1,
        182.06,
        186.44,
        188.84,
        187.56,
        191.6,
        189.12
    ],
    "best_objective_list": [
        222.0,
        202.0,
        200.0,
        184.0,
        184.0,
        180.0,
        178.0,
        178.0,
        178.0,
        176.0,
        166.0,
        166.0,
        166.0,
        166.0,
        164.0,
        164.0,
        164.0,
        164.0,
        160.0,
        160.0,
        160.0
    ]
}