{
    "elapsed_time": 86.14397978782654,
    "best_objective": 160.0,
    "neighbors": 2000,
    "best_solution": [
        0,
        1,
        2,
        4,
        5,
        7,
        9,
        10,
        11,
        12,
        13,
        14,
        17,
        43,
        15,
        16,
        3,
        44,
        19,
        20,
        21,
        22,
        23,
        24,
        25,
        26,
        61,
        54,
        8,
        38,
        30,
        28,
        29,
        27,
        31,
        32,
        33,
        34,
        35,
        36,
        37,
        39,
        40,
        6,
        41,
        42,
        18,
        45,
        46,
        47,
        48,
        49,
        50,
        51,
        52,
        53,
        55,
        56,
        57,
        58,
        59,
        60,
        62,
        63
    ],
    "average_objectives_list": [
        279.4901960784314,
        235.48,
        197.56,
        189.0,
        187.96,
        187.36,
        182.32,
        175.84,
        178.32,
        177.92,
        176.68,
        176.48,
        175.32,
        181.6,
        174.28,
        177.28,
        177.68,
        181.36,
        176.92,
        182.48,
        176.16
    ],
    "best_objective_list": [
        236.0,
        188.0,
        188.0,
        188.0,
        186.0,
        176.0,
        176.0,
        172.0,
        172.0,
        172.0,
        172.0,
        168.0,
        168.0,
        168.0,
        168.0,
        168.0,
        168.0,
        168.0,
        168.0,
        168.0,
        160.0
    ]
}