{
    "elapsed_time": 96.15223145484924,
    "best_objective": 176.0,
    "neighbors": 2000,
    "best_solution": [
        0,
        2,
        3,
        4,
        5,
        6,
        9,
        10,
        11,
        12,
        14,
        17,
        18,
        19,
        45,
        26,
        44,
        20,
        13,
        60,
        49,
        62,
        48,
        30,
        15,
        1,
        43,
        25,
        16,
        42,
        7,
        21,
        22,
        23,
        24,
        8,
        27,
        28,
        29,
        31,
        32,
        33,
        34,
        35,
        36,
        37,
        38,
        39,
        40,
        41,
        46,
        47,
        50,
        51,
        52,
        53,
        54,
        55,
        56,
        57,
        58,
        59,
        61,
        63
    ],
    "average_objectives_list": [
        279.56435643564356,
        243.82,
        219.12,
        209.56,
        204.0,
        203.0,
        206.72,
        202.52,
        203.02,
        203.16,
        208.44,
        204.38,
        202.94,
        202.0,
        201.54,
        197.32,
        186.74,
        208.84,
        199.24,
        205.56,
        194.64
    ],
    "best_objective_list": [
        240.0,
        188.0,
        188.0,
        188.0,
        184.0,
        182.0,
        182.0,
        182.0,
        182.0,
        182.0,
        182.0,
        182.0,
        176.0,
        176.0,
        176.0,
        176.0,
        176.0,
        176.0,
        176.0,
        176.0,
        176.0
    ]
}