{
    "elapsed_time": 85.42894887924194,
    "best_objective": 142.0,
    "neighbors": 2000,
    "best_solution": [
        10,
        1,
        3,
        4,
        5,
        6,
        7,
        8,
        9,
        0,
        13,
        14,
        16,
        17,
        18,
        19,
        22,
        23,
        24,
        25,
        37,
        38,
        39,
        40,
        42,
        50,
        21,
        57,
        15,
        26,
        51,
        12,
        20,
        27,
        28,
        29,
        30,
        31,
        32,
        33,
        34,
        35,
        36,
        41,
        43,
        44,
        45,
        46,
        47,
        48,
        49,
        2,
        11,
        52,
        53,
        54,
        55,
        56,
        58,
        59,
        60,
        61,
        62,
        63
    ],
    "average_objectives_list": [
        280.98039215686276,
        241.36,
        214.16,
        198.28,
        190.84,
        183.28,
        178.68,
        171.08,
        165.68,
        164.28,
        167.84,
        166.08,
        167.4,
        168.8,
        157.6,
        163.6,
        163.44,
        166.08,
        154.08,
        160.76,
        160.48
    ],
    "best_objective_list": [
        244.0,
        200.0,
        192.0,
        188.0,
        178.0,
        176.0,
        162.0,
        160.0,
        160.0,
        154.0,
        154.0,
        152.0,
        146.0,
        146.0,
        146.0,
        146.0,
        146.0,
        146.0,
        142.0,
        142.0,
        142.0
    ]
}