{
    "elapsed_time": 84.66010284423828,
    "best_objective": 188.0,
    "neighbors": 2000,
    "best_solution": [
        0,
        2,
        4,
        7,
        1,
        37,
        3,
        55,
        54,
        38,
        8,
        6,
        12,
        32,
        28,
        53,
        30,
        5,
        36,
        43,
        34,
        9,
        10,
        11,
        13,
        14,
        15,
        16,
        17,
        18,
        19,
        20,
        21,
        22,
        23,
        24,
        25,
        26,
        27,
        29,
        31,
        33,
        62,
        35,
        39,
        40,
        41,
        42,
        44,
        45,
        46,
        47,
        48,
        49,
        50,
        51,
        52,
        56,
        57,
        58,
        59,
        60,
        61,
        63
    ],
    "average_objectives_list": [
        281.2549019607843,
        239.8,
        218.6,
        207.52,
        199.36,
        199.0,
        197.24,
        198.6,
        204.88,
        194.64,
        202.44,
        198.92,
        199.84,
        195.8,
        197.76,
        206.36,
        196.56,
        199.48,
        200.36,
        197.48,
        203.24
    ],
    "best_objective_list": [
        226.0,
        190.0,
        190.0,
        190.0,
        188.0,
        188.0,
        188.0,
        188.0,
        188.0,
        188.0,
        188.0,
        188.0,
        188.0,
        188.0,
        188.0,
        188.0,
        188.0,
        188.0,
        188.0,
        188.0,
        188.0
    ]
}