{
    "elapsed_time": 85.95200276374817,
    "best_objective": 150.0,
    "neighbors": 2000,
    "best_solution": [
        0,
        1,
        2,
        3,
        4,
        5,
        6,
        7,
        8,
        9,
        52,
        13,
        10,
        14,
        15,
        16,
        17,
        49,
        12,
        33,
        40,
        63,
        50,
        18,
        19,
        20,
        21,
        22,
        23,
        38,
        25,
        26,
        27,
        28,
        29,
        31,
        32,
        34,
        35,
        36,
        37,
        39,
        24,
        41,
        42,
        43,
        44,
        45,
        11,
        30,
        46,
        47,
        48,
        51,
        53,
        54,
        55,
        56,
        57,
        58,
        59,
        60,
        61,
        62
    ],
    "average_objectives_list": [
        279.6470588235294,
        237.16,
        200.64,
        188.68,
        185.36,
        190.68,
        183.36,
        183.04,
        177.32,
        178.0,
        170.4,
        171.28,
        172.2,
        169.96,
        169.88,
        168.68,
        168.12,
        172.92,
        170.32,
        173.72,
        166.6
    ],
    "best_objective_list": [
        224.0,
        184.0,
        184.0,
        184.0,
        166.0,
        166.0,
        166.0,
        162.0,
        158.0,
        158.0,
        158.0,
        158.0,
        158.0,
        158.0,
        158.0,
        158.0,
        158.0,
        150.0,
        150.0,
        150.0,
        150.0
    ]
}