{
    "elapsed_time": 96.29424262046814,
    "best_objective": 166.0,
    "neighbors": 2000,
    "best_solution": [
        0,
        1,
        2,
        27,
        4,
        6,
        9,
        10,
        11,
        12,
        13,
        14,
        15,
        16,
        17,
        18,
        19,
        20,
        21,
        22,
        23,
        24,
        25,
        26,
        3,
        28,
        30,
        31,
        32,
        33,
        34,
        38,
        35,
        51,
        29,
        39,
        40,
        41,
        7,
        36,
        8,
        62,
        5,
        42,
        37,
        43,
        44,
        45,
        46,
        47,
        48,
        49,
        50,
        52,
        53,
        54,
        55,
        56,
        57,
        58,
        59,
        60,
        61,
        63
    ],
    "average_objectives_list": [
        277.18811881188117,
        247.1,
        232.12,
        207.28,
        193.12,
        199.7,
        197.22,
        194.44,
        196.56,
        199.98,
        194.22,
        189.06,
        184.4,
        188.68,
        177.66,
        187.62,
        184.94,
        182.62,
        177.74,
        185.4,
        177.08
    ],
    "best_objective_list": [
        210.0,
        186.0,
        186.0,
        184.0,
        182.0,
        182.0,
        182.0,
        182.0,
        182.0,
        182.0,
        174.0,
        170.0,
        166.0,
        166.0,
        166.0,
        166.0,
        166.0,
        166.0,
        166.0,
        166.0,
        166.0
    ]
}