{
    "elapsed_time": 81.72109508514404,
    "best_objective": 154.0,
    "neighbors": 2000,
    "best_solution": [
        0,
        1,
        2,
        3,
        4,
        5,
        6,
        8,
        9,
        10,
        11,
        12,
        13,
        14,
        15,
        16,
        17,
        18,
        19,
        20,
        21,
        22,
        28,
        31,
        36,
        45,
        24,
        25,
        7,
        43,
        29,
        23,
        26,
        34,
        30,
        32,
        33,
        27,
        35,
        37,
        38,
        39,
        40,
        41,
        42,
        44,
        46,
        47,
        48,
        49,
        50,
        51,
        52,
        53,
        54,
        55,
        56,
        57,
        58,
        59,
        60,
        61,
        62,
        63
    ],
    "average_objectives_list": [
        281.2903225806452,
        235.26666666666668,
        209.6,
        206.33333333333334,
        204.13333333333333,
        202.0,
        202.0,
        201.86666666666667,
        199.86666666666667,
        195.93333333333334,
        193.06666666666666,
        185.0,
        178.86666666666667,
        177.8,
        180.86666666666667,
        186.53333333333333,
        171.6,
        166.66666666666666,
        165.6,
        161.4,
        159.8
    ],
    "best_objective_list": [
        246.0,
        208.0,
        206.0,
        202.0,
        202.0,
        202.0,
        202.0,
        198.0,
        194.0,
        194.0,
        178.0,
        176.0,
        176.0,
        176.0,
        172.0,
        172.0,
        166.0,
        166.0,
        160.0,
        160.0,
        154.0
    ]
}