{
    "elapsed_time": 85.3742527961731,
    "best_objective": 184.0,
    "neighbors": 2000,
    "best_solution": [
        0,
        1,
        28,
        4,
        5,
        6,
        7,
        8,
        9,
        10,
        13,
        14,
        15,
        16,
        17,
        18,
        19,
        20,
        21,
        23,
        40,
        47,
        11,
        12,
        3,
        22,
        24,
        25,
        26,
        27,
        2,
        29,
        30,
        31,
        32,
        33,
        34,
        35,
        36,
        37,
        38,
        39,
        41,
        42,
        43,
        44,
        45,
        46,
        48,
        49,
        50,
        51,
        52,
        53,
        54,
        55,
        56,
        57,
        58,
        59,
        60,
        61,
        62,
        63
    ],
    "average_objectives_list": [
        279.45098039215685,
        243.76,
        199.52,
        188.88,
        196.56,
        192.84,
        194.72,
        188.8,
        193.92,
        189.96,
        191.68,
        192.0,
        189.72,
        189.24,
        190.32,
        189.24,
        194.6,
        194.6,
        191.84,
        192.92,
        189.48
    ],
    "best_objective_list": [
        256.0,
        190.0,
        184.0,
        184.0,
        184.0,
        184.0,
        184.0,
        184.0,
        184.0,
        184.0,
        184.0,
        184.0,
        184.0,
        184.0,
        184.0,
        184.0,
        184.0,
        184.0,
        184.0,
        184.0,
        184.0
    ]
}