{
    "elapsed_time": 85.87288689613342,
    "best_objective": 162.0,
    "neighbors": 2000,
    "best_solution": [
        0,
        1,
        2,
        3,
        4,
        5,
        6,
        8,
        9,
        10,
        11,
        12,
        13,
        14,
        21,
        16,
        17,
        18,
        19,
        20,
        35,
        36,
        40,
        41,
        43,
        7,
        15,
        22,
        23,
        24,
        25,
        53,
        27,
        28,
        29,
        30,
        31,
        32,
        33,
        34,
        37,
        38,
        39,
        42,
        44,
        45,
        46,
        47,
        48,
        26,
        49,
        50,
        51,
        52,
        54,
        55,
        56,
        57,
        58,
        59,
        60,
        61,
        62,
        63
    ],
    "average_objectives_list": [
        277.6078431372549,
        242.4,
        220.96,
        202.84,
        185.96,
        180.4,
        176.24,
        171.56,
        172.04,
        168.72,
        167.56,
        172.52,
        171.28,
        173.24,
        174.8,
        170.04,
        167.32,
        173.24,
        171.36,
        174.16,
        173.36
    ],
    "best_objective_list": [
        236.0,
        222.0,
        186.0,
        186.0,
        178.0,
        174.0,
        162.0,
        162.0,
        162.0,
        162.0,
        162.0,
        162.0,
        162.0,
        162.0,
        162.0,
        162.0,
        162.0,
        162.0,
        162.0,
        162.0,
        162.0
    ]
}