{
    "elapsed_time": 96.3495876789093,
    "best_objective": 146.0,
    "neighbors": 2000,
    "best_solution": [
        0,
        20,
        3,
        4,
        5,
        6,
        7,
        8,
        9,
        10,
        36,
        12,
        13,
        14,
        16,
        18,
        17,
        51,
        27,
        15,
        1,
        38,
        19,
        2,
        21,
        22,
        23,
        24,
        25,
        26,
        28,
        29,
        30,
        31,
        32,
        33,
        34,
        35,
        11,
        37,
        39,
        40,
        41,
        42,
        43,
        44,
        45,
        46,
        47,
        48,
        49,
        50,
        52,
        53,
        54,
        55,
        56,
        57,
        58,
        59,
        60,
        61,
        62,
        63
    ],
    "average_objectives_list": [
        278.91089108910893,
        246.08,
        220.26,
        208.66,
        198.84,
        184.08,
        184.32,
        186.78,
        192.66,
        187.64,
        191.16,
        188.78,
        184.98,
        190.96,
        186.98,
        185.26,
        182.66,
        185.92,
        177.52,
        185.46,
        177.22
    ],
    "best_objective_list": [
        208.0,
        180.0,
        180.0,
        168.0,
        168.0,
        168.0,
        168.0,
        164.0,
        160.0,
        160.0,
        158.0,
        158.0,
        158.0,
        158.0,
        146.0,
        146.0,
        146.0,
        146.0,
        146.0,
        146.0,
        146.0
    ]
}