{
    "elapsed_time": 85.80996775627136,
    "best_objective": 158.0,
    "neighbors": 2000,
    "best_solution": [
        0,
        1,
        2,
        3,
        6,
        63,
        21,
        33,
        35,
        37,
        41,
        44,
        38,
        46,
        51,
        52,
        32,
        60,
        8,
        27,
        34,
        17,
        54,
        57,
        48,
        53,
        30,
        42,
        26,
        4,
        39,
        47,
        49,
        7,
        9,
        10,
        11,
        12,
        13,
        14,
        15,
        18,
        19,
        20,
        22,
        23,
        24,
        25,
        28,
        29,
        36,
        5,
        40,
        43,
        45,
        16,
        50,
        55,
        56,
        58,
        59,
        61,
        62,
        31
    ],
    "average_objectives_list": [
        278.27450980392155,
        243.28,
        219.36,
        206.4,
        197.64,
        196.8,
        197.6,
        188.28,
        188.96,
        186.56,
        184.52,
        186.36,
        192.28,
        187.64,
        178.84,
        182.28,
        175.84,
        172.76,
        178.92,
        174.32,
        176.72
    ],
    "best_objective_list": [
        238.0,
        206.0,
        198.0,
        196.0,
        170.0,
        170.0,
        170.0,
        170.0,
        170.0,
        170.0,
        170.0,
        170.0,
        166.0,
        166.0,
        164.0,
        162.0,
        158.0,
        158.0,
        158.0,
        158.0,
        158.0
    ]
}