{
    "elapsed_time": 43.475733280181885,
    "best_objective": 160.0,
    "neighbors": 1000,
    "best_solution": [
        0,
        2,
        3,
        4,
        6,
        8,
        9,
        10,
        11,
        54,
        13,
        14,
        15,
        16,
        17,
        18,
        19,
        20,
        21,
        23,
        24,
        25,
        26,
        28,
        29,
        31,
        32,
        33,
        34,
        35,
        38,
        39,
        40,
        41,
        42,
        44,
        46,
        45,
        30,
        36,
        22,
        27,
        63,
        37,
        52,
        7,
        5,
        43,
        1,
        47,
        48,
        49,
        50,
        51,
        53,
        12,
        55,
        56,
        57,
        58,
        59,
        60,
        61,
        62
    ],
    "average_objectives_list": [
        279.4901960784314,
        238.04,
        208.32,
        179.08,
        174.88,
        170.6,
        177.08,
        169.6,
        165.8,
        165.04,
        164.84
    ],
    "best_objective_list": [
        238.0,
        170.0,
        170.0,
        168.0,
        162.0,
        162.0,
        162.0,
        160.0,
        160.0,
        160.0,
        160.0
    ]
}