{
    "elapsed_time": 96.28061008453369,
    "best_objective": 164.0,
    "neighbors": 2000,
    "best_solution": [
        0,
        1,
        2,
        3,
        5,
        6,
        7,
        8,
        9,
        10,
        11,
        12,
        13,
        14,
        16,
        18,
        20,
        21,
        22,
        23,
        24,
        25,
        26,
        28,
        29,
        31,
        32,
        51,
        4,
        27,
        15,
        19,
        30,
        33,
        34,
        35,
        36,
        37,
        38,
        17,
        39,
        40,
        41,
        42,
        43,
        44,
        45,
        46,
        47,
        48,
        49,
        50,
        52,
        53,
        54,
        55,
        56,
        57,
        58,
        59,
        60,
        61,
        62,
        63
    ],
    "average_objectives_list": [
        280.0990099009901,
        247.8,
        230.86,
        219.74,
        201.64,
        200.3,
        193.0,
        192.7,
        188.34,
        183.36,
        182.64,
        181.76,
        188.38,
        181.34,
        184.22,
        179.68,
        170.44,
        176.72,
        172.96,
        178.32,
        185.16
    ],
    "best_objective_list": [
        216.0,
        210.0,
        194.0,
        192.0,
        190.0,
        184.0,
        174.0,
        174.0,
        174.0,
        174.0,
        174.0,
        174.0,
        170.0,
        164.0,
        164.0,
        164.0,
        164.0,
        164.0,
        164.0,
        164.0,
        164.0
    ]
}