{
    "elapsed_time": 81.17590951919556,
    "best_objective": 162.0,
    "neighbors": 2000,
    "best_solution": [
        0,
        1,
        2,
        3,
        4,
        5,
        6,
        7,
        8,
        9,
        10,
        11,
        13,
        14,
        16,
        17,
        53,
        19,
        21,
        22,
        23,
        24,
        25,
        26,
        27,
        28,
        29,
        30,
        31,
        35,
        37,
        38,
        44,
        39,
        40,
        41,
        42,
        43,
        12,
        20,
        15,
        32,
        33,
        34,
        36,
        18,
        45,
        46,
        47,
        48,
        49,
        50,
        51,
        52,
        54,
        55,
        56,
        57,
        58,
        59,
        60,
        61,
        62,
        63
    ],
    "average_objectives_list": [
        274.258064516129,
        232.73333333333332,
        209.86666666666667,
        203.8,
        200.66666666666666,
        199.0,
        198.0,
        197.4,
        188.73333333333332,
        178.6,
        165.66666666666666,
        162.0,
        163.26666666666668,
        162.2,
        165.46666666666667,
        162.8,
        162.0,
        162.93333333333334,
        162.0,
        164.13333333333333,
        162.26666666666668
    ],
    "best_objective_list": [
        224.0,
        210.0,
        202.0,
        200.0,
        198.0,
        198.0,
        198.0,
        186.0,
        178.0,
        162.0,
        162.0,
        162.0,
        162.0,
        162.0,
        162.0,
        162.0,
        162.0,
        162.0,
        162.0,
        162.0,
        162.0
    ]
}