{
    "elapsed_time": 42.92854928970337,
    "best_objective": 158.0,
    "neighbors": 1000,
    "best_solution": [
        0,
        1,
        3,
        4,
        5,
        6,
        7,
        8,
        9,
        10,
        13,
        14,
        16,
        17,
        18,
        45,
        19,
        20,
        21,
        22,
        25,
        23,
        24,
        2,
        26,
        27,
        28,
        29,
        30,
        32,
        33,
        34,
        12,
        31,
        61,
        11,
        40,
        35,
        36,
        37,
        38,
        39,
        41,
        42,
        43,
        44,
        15,
        46,
        47,
        48,
        49,
        50,
        51,
        52,
        53,
        54,
        55,
        56,
        57,
        58,
        59,
        60,
        62,
        63
    ],
    "average_objectives_list": [
        277.6470588235294,
        242.08,
        219.04,
        209.84,
        193.32,
        179.04,
        182.48,
        182.36,
        178.2,
        169.64,
        166.84
    ],
    "best_objective_list": [
        236.0,
        214.0,
        206.0,
        180.0,
        178.0,
        178.0,
        166.0,
        166.0,
        158.0,
        158.0,
        158.0
    ]
}