{
    "elapsed_time": 96.65880465507507,
    "best_objective": 170.0,
    "neighbors": 2000,
    "best_solution": [
        0,
        1,
        3,
        4,
        5,
        6,
        7,
        8,
        9,
        11,
        12,
        28,
        14,
        15,
        16,
        10,
        39,
        2,
        17,
        50,
        18,
        19,
        20,
        21,
        22,
        23,
        24,
        25,
        26,
        27,
        13,
        29,
        30,
        55,
        32,
        33,
        34,
        35,
        36,
        37,
        38,
        40,
        41,
        42,
        43,
        44,
        45,
        46,
        47,
        48,
        49,
        63,
        51,
        52,
        53,
        54,
        56,
        57,
        58,
        59,
        60,
        61,
        62,
        31
    ],
    "average_objectives_list": [
        276.05940594059405,
        249.58,
        228.78,
        217.26,
        209.66,
        204.36,
        210.7,
        206.58,
        207.72,
        201.62,
        195.8,
        195.8,
        201.86,
        200.04,
        203.14,
        207.26,
        208.36,
        207.54,
        207.08,
        197.34,
        200.66
    ],
    "best_objective_list": [
        226.0,
        202.0,
        194.0,
        194.0,
        190.0,
        188.0,
        174.0,
        174.0,
        174.0,
        172.0,
        172.0,
        170.0,
        170.0,
        170.0,
        170.0,
        170.0,
        170.0,
        170.0,
        170.0,
        170.0,
        170.0
    ]
}