{
    "elapsed_time": 81.89934992790222,
    "best_objective": 160.0,
    "neighbors": 2000,
    "best_solution": [
        1,
        2,
        3,
        5,
        6,
        7,
        8,
        10,
        11,
        12,
        13,
        14,
        15,
        16,
        17,
        18,
        57,
        20,
        21,
        22,
        24,
        32,
        59,
        27,
        28,
        29,
        30,
        31,
        33,
        34,
        35,
        36,
        38,
        39,
        40,
        41,
        56,
        4,
        23,
        25,
        0,
        26,
        37,
        9,
        42,
        43,
        44,
        45,
        46,
        47,
        48,
        49,
        50,
        51,
        52,
        53,
        54,
        55,
        19,
        58,
        60,
        61,
        62,
        63
    ],
    "average_objectives_list": [
        284.96774193548384,
        233.33333333333334,
        192.26666666666668,
        182.0,
        182.0,
        182.0,
        182.0,
        182.0,
        182.0,
        181.13333333333333,
        175.53333333333333,
        170.13333333333333,
        167.86666666666667,
        166.26666666666668,
        163.53333333333333,
        162.0,
        162.33333333333334,
        163.46666666666667,
        165.86666666666667,
        162.13333333333333,
        160.93333333333334
    ],
    "best_objective_list": [
        226.0,
        182.0,
        182.0,
        182.0,
        182.0,
        182.0,
        182.0,
        182.0,
        182.0,
        174.0,
        168.0,
        168.0,
        166.0,
        160.0,
        160.0,
        160.0,
        160.0,
        160.0,
        160.0,
        160.0,
        160.0
    ]
}