{
    "elapsed_time": 86.30458855628967,
    "best_objective": 164.0,
    "neighbors": 2000,
    "best_solution": [
        0,
        1,
        2,
        3,
        4,
        5,
        29,
        7,
        8,
        9,
        12,
        13,
        15,
        16,
        17,
        18,
        19,
        20,
        22,
        23,
        24,
        25,
        35,
        28,
        6,
        30,
        31,
        21,
        33,
        34,
        27,
        36,
        37,
        10,
        11,
        14,
        26,
        32,
        38,
        39,
        40,
        41,
        42,
        43,
        44,
        45,
        46,
        47,
        48,
        49,
        50,
        51,
        52,
        53,
        54,
        55,
        56,
        57,
        58,
        59,
        60,
        61,
        62,
        63
    ],
    "average_objectives_list": [
        276.6666666666667,
        239.12,
        212.36,
        206.0,
        206.2,
        206.08,
        206.48,
        208.68,
        205.64,
        197.68,
        189.6,
        190.44,
        186.72,
        186.88,
        186.56,
        184.96,
        180.48,
        171.44,
        168.0,
        168.4,
        168.0
    ],
    "best_objective_list": [
        242.0,
        206.0,
        206.0,
        206.0,
        206.0,
        206.0,
        206.0,
        204.0,
        190.0,
        186.0,
        186.0,
        186.0,
        186.0,
        186.0,
        182.0,
        182.0,
        168.0,
        168.0,
        168.0,
        164.0,
        164.0
    ]
}