{
    "elapsed_time": 81.63642525672913,
    "best_objective": 164.0,
    "neighbors": 2000,
    "best_solution": [
        0,
        1,
        3,
        4,
        5,
        6,
        7,
        8,
        9,
        44,
        11,
        12,
        13,
        14,
        16,
        17,
        19,
        38,
        2,
        20,
        21,
        22,
        23,
        24,
        18,
        26,
        27,
        29,
        28,
        30,
        53,
        15,
        25,
        31,
        32,
        33,
        34,
        35,
        36,
        37,
        39,
        40,
        41,
        42,
        43,
        10,
        45,
        46,
        47,
        48,
        49,
        50,
        51,
        52,
        54,
        55,
        56,
        57,
        58,
        59,
        60,
        61,
        62,
        63
    ],
    "average_objectives_list": [
        278.0,
        232.33333333333334,
        209.53333333333333,
        205.46666666666667,
        200.26666666666668,
        198.0,
        197.86666666666667,
        194.86666666666667,
        189.46666666666667,
        187.46666666666667,
        185.46666666666667,
        178.0,
        176.33333333333334,
        169.13333333333333,
        167.93333333333334,
        167.13333333333333,
        166.73333333333332,
        176.26666666666668,
        165.33333333333334,
        165.86666666666667,
        171.73333333333332
    ],
    "best_objective_list": [
        230.0,
        206.0,
        206.0,
        198.0,
        198.0,
        198.0,
        194.0,
        188.0,
        188.0,
        184.0,
        172.0,
        168.0,
        168.0,
        168.0,
        166.0,
        164.0,
        164.0,
        164.0,
        164.0,
        164.0,
        164.0
    ]
}