{
    "elapsed_time": 84.83991312980652,
    "best_objective": 162.0,
    "neighbors": 2000,
    "best_solution": [
        0,
        1,
        2,
        3,
        4,
        6,
        21,
        9,
        11,
        12,
        19,
        14,
        15,
        17,
        18,
        13,
        20,
        8,
        22,
        23,
        24,
        25,
        26,
        28,
        29,
        30,
        33,
        34,
        35,
        37,
        38,
        39,
        41,
        42,
        44,
        45,
        48,
        49,
        51,
        52,
        47,
        5,
        10,
        16,
        36,
        7,
        46,
        43,
        63,
        27,
        31,
        32,
        40,
        50,
        53,
        54,
        55,
        56,
        57,
        58,
        59,
        60,
        61,
        62
    ],
    "average_objectives_list": [
        279.2156862745098,
        241.84,
        216.08,
        202.64,
        186.36,
        182.0,
        172.04,
        171.96,
        170.44,
        181.04,
        171.36,
        181.96,
        170.0,
        167.84,
        176.84,
        168.12,
        170.24,
        175.64,
        169.72,
        168.92,
        168.72
    ],
    "best_objective_list": [
        224.0,
        212.0,
        186.0,
        186.0,
        170.0,
        170.0,
        170.0,
        170.0,
        170.0,
        170.0,
        166.0,
        166.0,
        166.0,
        166.0,
        162.0,
        162.0,
        162.0,
        162.0,
        162.0,
        162.0,
        162.0
    ]
}