{
    "elapsed_time": 84.9823043346405,
    "best_objective": 152.0,
    "neighbors": 2000,
    "best_solution": [
        0,
        1,
        2,
        3,
        4,
        5,
        6,
        7,
        8,
        9,
        11,
        12,
        13,
        14,
        47,
        16,
        17,
        18,
        19,
        20,
        42,
        45,
        24,
        25,
        26,
        27,
        28,
        29,
        31,
        10,
        15,
        22,
        23,
        30,
        32,
        33,
        34,
        36,
        35,
        37,
        38,
        39,
        40,
        41,
        21,
        43,
        44,
        46,
        48,
        49,
        50,
        51,
        52,
        53,
        54,
        55,
        56,
        57,
        58,
        59,
        60,
        61,
        62,
        63
    ],
    "average_objectives_list": [
        275.921568627451,
        233.76,
        201.76,
        187.48,
        186.6,
        188.04,
        185.88,
        185.44,
        185.36,
        186.92,
        181.44,
        191.24,
        188.52,
        186.32,
        183.4,
        187.48,
        184.2,
        175.76,
        176.76,
        158.08,
        168.32
    ],
    "best_objective_list": [
        240.0,
        184.0,
        180.0,
        180.0,
        180.0,
        180.0,
        180.0,
        180.0,
        180.0,
        180.0,
        168.0,
        168.0,
        168.0,
        168.0,
        168.0,
        168.0,
        154.0,
        154.0,
        154.0,
        152.0,
        152.0
    ]
}