{
    "elapsed_time": 85.10472559928894,
    "best_objective": 152.0,
    "neighbors": 2000,
    "best_solution": [
        0,
        1,
        3,
        4,
        5,
        30,
        7,
        8,
        9,
        10,
        13,
        14,
        16,
        17,
        18,
        20,
        21,
        23,
        24,
        25,
        27,
        28,
        29,
        2,
        31,
        32,
        33,
        34,
        47,
        35,
        36,
        6,
        11,
        12,
        15,
        19,
        22,
        26,
        37,
        38,
        39,
        40,
        41,
        42,
        43,
        44,
        45,
        46,
        48,
        49,
        50,
        51,
        52,
        53,
        54,
        55,
        56,
        57,
        58,
        59,
        60,
        61,
        62,
        63
    ],
    "average_objectives_list": [
        273.6470588235294,
        238.44,
        217.4,
        207.32,
        199.92,
        187.64,
        177.96,
        175.32,
        175.0,
        171.12,
        169.76,
        166.24,
        167.72,
        167.16,
        167.0,
        165.04,
        160.68,
        160.4,
        163.48,
        162.12,
        159.24
    ],
    "best_objective_list": [
        220.0,
        210.0,
        202.0,
        188.0,
        176.0,
        174.0,
        174.0,
        172.0,
        170.0,
        166.0,
        166.0,
        166.0,
        166.0,
        164.0,
        152.0,
        152.0,
        152.0,
        152.0,
        152.0,
        152.0,
        152.0
    ]
}