{
    "elapsed_time": 86.32614326477051,
    "best_objective": 150.0,
    "neighbors": 2000,
    "best_solution": [
        0,
        1,
        2,
        4,
        5,
        6,
        7,
        8,
        9,
        10,
        11,
        12,
        13,
        14,
        16,
        18,
        19,
        23,
        24,
        26,
        27,
        28,
        29,
        30,
        31,
        38,
        40,
        41,
        3,
        47,
        15,
        17,
        20,
        21,
        22,
        25,
        32,
        33,
        34,
        35,
        36,
        37,
        39,
        42,
        43,
        44,
        45,
        46,
        48,
        49,
        50,
        51,
        52,
        53,
        54,
        55,
        56,
        57,
        58,
        59,
        60,
        61,
        62,
        63
    ],
    "average_objectives_list": [
        279.84313725490193,
        238.32,
        215.6,
        203.44,
        187.68,
        173.92,
        172.84,
        169.88,
        165.4,
        161.84,
        161.24,
        159.32,
        155.76,
        152.4,
        150.0,
        150.0,
        150.0,
        150.0,
        150.0,
        150.0,
        150.0
    ],
    "best_objective_list": [
        232.0,
        210.0,
        200.0,
        174.0,
        174.0,
        172.0,
        168.0,
        162.0,
        162.0,
        158.0,
        158.0,
        154.0,
        150.0,
        150.0,
        150.0,
        150.0,
        150.0,
        150.0,
        150.0,
        150.0,
        150.0
    ]
}