{
    "elapsed_time": 86.2313141822815,
    "best_objective": 156.0,
    "neighbors": 2000,
    "best_solution": [
        0,
        3,
        4,
        52,
        5,
        6,
        7,
        8,
        9,
        10,
        11,
        12,
        13,
        14,
        16,
        18,
        19,
        23,
        34,
        25,
        27,
        31,
        29,
        30,
        32,
        1,
        2,
        15,
        17,
        20,
        21,
        22,
        24,
        26,
        28,
        33,
        35,
        36,
        37,
        38,
        39,
        40,
        41,
        42,
        43,
        44,
        45,
        46,
        47,
        48,
        49,
        50,
        51,
        53,
        54,
        55,
        56,
        57,
        58,
        59,
        60,
        61,
        62,
        63
    ],
    "average_objectives_list": [
        272.8627450980392,
        235.4,
        209.16,
        208.4,
        200.44,
        200.72,
        190.32,
        185.12,
        184.08,
        183.92,
        183.16,
        181.4,
        180.04,
        179.08,
        177.0,
        177.2,
        176.24,
        172.12,
        171.48,
        167.68,
        167.8
    ],
    "best_objective_list": [
        242.0,
        198.0,
        196.0,
        196.0,
        196.0,
        186.0,
        184.0,
        184.0,
        184.0,
        180.0,
        180.0,
        180.0,
        178.0,
        162.0,
        162.0,
        162.0,
        162.0,
        156.0,
        156.0,
        156.0,
        156.0
    ]
}