{
    "elapsed_time": 169.81910228729248,
    "best_objective": 158.0,
    "neighbors": 4000,
    "best_solution": [
        1,
        2,
        3,
        4,
        5,
        6,
        8,
        58,
        9,
        10,
        14,
        15,
        16,
        17,
        18,
        19,
        20,
        23,
        24,
        25,
        62,
        27,
        28,
        29,
        30,
        31,
        32,
        35,
        36,
        37,
        38,
        39,
        40,
        41,
        42,
        44,
        45,
        46,
        47,
        21,
        7,
        0,
        13,
        11,
        43,
        33,
        34,
        49,
        12,
        48,
        50,
        51,
        52,
        53,
        22,
        54,
        55,
        56,
        57,
        59,
        60,
        61,
        26,
        63
    ],
    "average_objectives_list": [
        276.62745098039215,
        229.12,
        193.04,
        183.24,
        185.48,
        185.52,
        189.24,
        185.84,
        184.96,
        187.76,
        185.4,
        181.56,
        184.16,
        188.96,
        191.04,
        180.96,
        181.36,
        182.16,
        180.48,
        184.76,
        186.64,
        184.12,
        184.96,
        187.48,
        181.84,
        189.16,
        182.96,
        186.96,
        177.0,
        180.12,
        178.6,
        177.64,
        177.52,
        197.12,
        184.4,
        180.6,
        184.4,
        189.32,
        180.08,
        173.0,
        179.96
    ],
    "best_objective_list": [
        222.0,
        182.0,
        182.0,
        178.0,
        166.0,
        166.0,
        166.0,
        166.0,
        166.0,
        166.0,
        166.0,
        166.0,
        166.0,
        166.0,
        166.0,
        166.0,
        166.0,
        158.0,
        158.0,
        158.0,
        158.0,
        158.0,
        158.0,
        158.0,
        158.0,
        158.0,
        158.0,
        158.0,
        158.0,
        158.0,
        158.0,
        158.0,
        158.0,
        158.0,
        158.0,
        158.0,
        158.0,
        158.0,
        158.0,
        158.0,
        158.0
    ]
}