{
    "elapsed_time": 85.49932813644409,
    "best_objective": 170.0,
    "neighbors": 2000,
    "best_solution": [
        0,
        1,
        4,
        7,
        11,
        15,
        23,
        25,
        42,
        43,
        44,
        45,
        46,
        49,
        48,
        8,
        12,
        14,
        47,
        2,
        3,
        5,
        6,
        9,
        10,
        13,
        16,
        18,
        20,
        21,
        36,
        19,
        56,
        24,
        31,
        27,
        28,
        29,
        17,
        26,
        30,
        22,
        32,
        33,
        34,
        35,
        37,
        38,
        39,
        40,
        41,
        50,
        51,
        52,
        53,
        54,
        55,
        57,
        58,
        59,
        60,
        61,
        62,
        63
    ],
    "average_objectives_list": [
        278.3529411764706,
        243.6,
        219.0,
        208.04,
        205.12,
        207.2,
        202.44,
        203.64,
        197.84,
        205.12,
        201.68,
        195.84,
        196.64,
        197.88,
        193.12,
        193.72,
        186.84,
        185.72,
        185.4,
        191.64,
        182.2
    ],
    "best_objective_list": [
        250.0,
        208.0,
        202.0,
        198.0,
        194.0,
        190.0,
        190.0,
        190.0,
        190.0,
        190.0,
        190.0,
        190.0,
        182.0,
        182.0,
        178.0,
        178.0,
        176.0,
        176.0,
        174.0,
        170.0,
        170.0
    ]
}