{
    "elapsed_time": 167.08013582229614,
    "best_objective": 158.0,
    "neighbors": 4000,
    "best_solution": [
        0,
        1,
        3,
        4,
        6,
        17,
        38,
        8,
        9,
        10,
        11,
        27,
        14,
        15,
        18,
        19,
        20,
        21,
        22,
        23,
        42,
        25,
        26,
        12,
        28,
        29,
        30,
        31,
        32,
        33,
        34,
        35,
        36,
        37,
        2,
        39,
        40,
        41,
        24,
        61,
        5,
        13,
        16,
        7,
        43,
        44,
        45,
        46,
        47,
        48,
        49,
        50,
        51,
        52,
        53,
        54,
        55,
        56,
        57,
        58,
        59,
        60,
        62,
        63
    ],
    "average_objectives_list": [
        278.5882352941176,
        234.12,
        212.8,
        208.0,
        199.44,
        198.16,
        197.92,
        192.4,
        199.08,
        196.16,
        191.84,
        193.64,
        194.76,
        184.24,
        183.64,
        184.64,
        184.24,
        181.24,
        179.24,
        185.08,
        182.6,
        177.8,
        185.64,
        175.12,
        186.16,
        178.2,
        169.88,
        176.84,
        181.24,
        182.8,
        180.64,
        173.8,
        171.2,
        173.12,
        178.44,
        176.64,
        182.48,
        181.6,
        172.76,
        176.4,
        175.2
    ],
    "best_objective_list": [
        222.0,
        204.0,
        192.0,
        190.0,
        190.0,
        190.0,
        188.0,
        186.0,
        186.0,
        186.0,
        186.0,
        184.0,
        184.0,
        182.0,
        172.0,
        168.0,
        168.0,
        168.0,
        162.0,
        162.0,
        162.0,
        158.0,
        158.0,
        158.0,
        158.0,
        158.0,
        158.0,
        158.0,
        158.0,
        158.0,
        158.0,
        158.0,
        158.0,
        158.0,
        158.0,
        158.0,
        158.0,
        158.0,
        158.0,
        158.0,
        158.0
    ]
}