{
    "elapsed_time": 85.45454835891724,
    "best_objective": 158.0,
    "neighbors": 2000,
    "best_solution": [
        2,
        3,
        4,
        6,
        8,
        9,
        12,
        15,
        17,
        19,
        20,
        22,
        25,
        26,
        27,
        59,
        13,
        10,
        35,
        45,
        16,
        36,
        18,
        32,
        7,
        5,
        39,
        52,
        23,
        14,
        0,
        47,
        44,
        61,
        40,
        1,
        11,
        34,
        21,
        28,
        29,
        31,
        33,
        58,
        37,
        38,
        41,
        42,
        48,
        43,
        46,
        30,
        49,
        50,
        51,
        53,
        54,
        55,
        24,
        57,
        56,
        60,
        62,
        63
    ],
    "average_objectives_list": [
        280.19607843137254,
        234.04,
        208.2,
        193.0,
        175.24,
        167.04,
        176.36,
        175.68,
        166.56,
        176.12,
        169.72,
        170.8,
        179.2,
        163.08,
        167.8,
        165.8,
        166.92,
        177.0,
        168.92,
        172.52,
        171.8
    ],
    "best_objective_list": [
        216.0,
        198.0,
        164.0,
        164.0,
        162.0,
        160.0,
        160.0,
        160.0,
        160.0,
        160.0,
        158.0,
        158.0,
        158.0,
        158.0,
        158.0,
        158.0,
        158.0,
        158.0,
        158.0,
        158.0,
        158.0
    ]
}