{
    "elapsed_time": 86.0639967918396,
    "best_objective": 166.0,
    "neighbors": 2000,
    "best_solution": [
        0,
        1,
        2,
        3,
        4,
        5,
        38,
        7,
        39,
        10,
        11,
        12,
        13,
        14,
        17,
        18,
        19,
        20,
        21,
        22,
        23,
        24,
        25,
        26,
        27,
        28,
        29,
        30,
        31,
        32,
        33,
        34,
        35,
        36,
        37,
        8,
        15,
        16,
        6,
        9,
        40,
        41,
        42,
        43,
        44,
        45,
        46,
        47,
        48,
        49,
        50,
        51,
        52,
        53,
        54,
        55,
        56,
        57,
        58,
        59,
        60,
        61,
        62,
        63
    ],
    "average_objectives_list": [
        278.5882352941176,
        242.2,
        215.0,
        209.52,
        213.56,
        192.88,
        190.0,
        190.0,
        189.92,
        188.2,
        181.56,
        174.52,
        179.36,
        181.88,
        178.04,
        179.52,
        177.44,
        177.24,
        182.88,
        181.6,
        178.08
    ],
    "best_objective_list": [
        240.0,
        206.0,
        202.0,
        202.0,
        190.0,
        190.0,
        190.0,
        190.0,
        188.0,
        176.0,
        170.0,
        170.0,
        170.0,
        170.0,
        170.0,
        170.0,
        170.0,
        170.0,
        170.0,
        170.0,
        166.0
    ]
}