{
    "elapsed_time": 96.61862754821777,
    "best_objective": 160.0,
    "neighbors": 2000,
    "best_solution": [
        0,
        2,
        3,
        4,
        5,
        7,
        8,
        9,
        10,
        11,
        12,
        46,
        13,
        14,
        15,
        16,
        17,
        19,
        20,
        56,
        22,
        23,
        24,
        44,
        26,
        27,
        28,
        29,
        30,
        31,
        1,
        33,
        34,
        35,
        6,
        39,
        18,
        25,
        36,
        37,
        38,
        40,
        41,
        42,
        43,
        45,
        21,
        47,
        48,
        49,
        32,
        50,
        51,
        52,
        53,
        54,
        55,
        57,
        58,
        59,
        60,
        61,
        62,
        63
    ],
    "average_objectives_list": [
        280.3762376237624,
        248.18,
        226.76,
        216.38,
        210.7,
        214.86,
        206.92,
        210.5,
        202.78,
        201.4,
        197.12,
        193.06,
        193.38,
        190.76,
        192.86,
        185.16,
        182.8,
        185.08,
        191.18,
        189.2,
        186.84
    ],
    "best_objective_list": [
        234.0,
        204.0,
        202.0,
        196.0,
        196.0,
        186.0,
        186.0,
        184.0,
        184.0,
        184.0,
        180.0,
        170.0,
        170.0,
        166.0,
        162.0,
        162.0,
        162.0,
        160.0,
        160.0,
        160.0,
        160.0
    ]
}