{
    "elapsed_time": 85.69338917732239,
    "best_objective": 142.0,
    "neighbors": 2000,
    "best_solution": [
        0,
        1,
        2,
        3,
        4,
        5,
        6,
        8,
        9,
        10,
        11,
        12,
        13,
        14,
        36,
        16,
        17,
        19,
        20,
        54,
        21,
        23,
        35,
        37,
        40,
        28,
        42,
        48,
        15,
        7,
        22,
        24,
        25,
        26,
        27,
        29,
        30,
        31,
        32,
        33,
        34,
        38,
        39,
        41,
        43,
        18,
        44,
        45,
        46,
        47,
        49,
        50,
        51,
        52,
        53,
        55,
        56,
        57,
        58,
        59,
        60,
        61,
        62,
        63
    ],
    "average_objectives_list": [
        279.05882352941177,
        243.6,
        214.76,
        192.64,
        186.0,
        185.8,
        183.48,
        181.96,
        181.12,
        177.44,
        171.36,
        166.32,
        157.8,
        157.8,
        150.36,
        151.08,
        151.8,
        152.04,
        148.6,
        150.32,
        154.44
    ],
    "best_objective_list": [
        244.0,
        196.0,
        186.0,
        186.0,
        186.0,
        182.0,
        182.0,
        180.0,
        176.0,
        164.0,
        162.0,
        146.0,
        146.0,
        146.0,
        146.0,
        146.0,
        146.0,
        146.0,
        142.0,
        142.0,
        142.0
    ]
}