{
    "elapsed_time": 43.3096227645874,
    "best_objective": 164.0,
    "neighbors": 1000,
    "best_solution": [
        0,
        58,
        2,
        3,
        4,
        5,
        6,
        7,
        8,
        10,
        11,
        13,
        14,
        16,
        17,
        18,
        20,
        22,
        23,
        25,
        26,
        27,
        29,
        30,
        31,
        32,
        33,
        36,
        38,
        45,
        40,
        9,
        12,
        15,
        19,
        21,
        1,
        28,
        35,
        34,
        37,
        41,
        24,
        39,
        42,
        43,
        44,
        46,
        47,
        48,
        49,
        50,
        51,
        52,
        53,
        54,
        55,
        56,
        57,
        59,
        60,
        61,
        62,
        63
    ],
    "average_objectives_list": [
        272.4313725490196,
        236.2,
        209.0,
        191.76,
        183.36,
        177.56,
        176.08,
        178.2,
        182.2,
        186.12,
        177.44
    ],
    "best_objective_list": [
        228.0,
        198.0,
        186.0,
        178.0,
        176.0,
        176.0,
        172.0,
        164.0,
        164.0,
        164.0,
        164.0
    ]
}