{
    "elapsed_time": 43.1275110244751,
    "best_objective": 158.0,
    "neighbors": 1000,
    "best_solution": [
        0,
        1,
        2,
        3,
        4,
        5,
        6,
        8,
        9,
        10,
        11,
        12,
        13,
        14,
        15,
        16,
        17,
        19,
        20,
        22,
        23,
        24,
        25,
        26,
        27,
        28,
        29,
        30,
        31,
        32,
        33,
        34,
        35,
        36,
        37,
        38,
        39,
        40,
        41,
        42,
        7,
        18,
        46,
        43,
        44,
        45,
        21,
        47,
        48,
        49,
        50,
        51,
        52,
        53,
        54,
        55,
        56,
        57,
        58,
        59,
        60,
        61,
        62,
        63
    ],
    "average_objectives_list": [
        275.6862745098039,
        241.64,
        215.68,
        198.16,
        192.32,
        183.76,
        170.0,
        170.0,
        170.76,
        166.8,
        162.92
    ],
    "best_objective_list": [
        238.0,
        198.0,
        198.0,
        192.0,
        170.0,
        170.0,
        170.0,
        170.0,
        160.0,
        158.0,
        158.0
    ]
}