{
    "elapsed_time": 43.22274398803711,
    "best_objective": 160.0,
    "neighbors": 1000,
    "best_solution": [
        0,
        1,
        2,
        3,
        4,
        5,
        6,
        7,
        9,
        10,
        11,
        12,
        13,
        14,
        15,
        16,
        17,
        19,
        20,
        21,
        22,
        38,
        24,
        26,
        27,
        28,
        29,
        30,
        31,
        44,
        8,
        18,
        25,
        32,
        33,
        34,
        35,
        36,
        37,
        23,
        39,
        40,
        41,
        42,
        43,
        45,
        46,
        47,
        48,
        49,
        50,
        51,
        52,
        53,
        54,
        55,
        56,
        57,
        58,
        59,
        60,
        61,
        62,
        63
    ],
    "average_objectives_list": [
        274.4313725490196,
        237.2,
        212.36,
        188.6,
        181.44,
        180.28,
        178.32,
        175.0,
        177.8,
        177.72,
        167.24
    ],
    "best_objective_list": [
        240.0,
        208.0,
        182.0,
        182.0,
        170.0,
        166.0,
        166.0,
        166.0,
        166.0,
        166.0,
        160.0
    ]
}