{
    "elapsed_time": 85.5004243850708,
    "best_objective": 174.0,
    "neighbors": 2000,
    "best_solution": [
        0,
        3,
        4,
        5,
        9,
        10,
        11,
        12,
        13,
        14,
        15,
        16,
        18,
        19,
        20,
        36,
        21,
        23,
        24,
        25,
        26,
        28,
        30,
        32,
        33,
        35,
        17,
        37,
        38,
        39,
        40,
        41,
        42,
        43,
        1,
        2,
        6,
        7,
        8,
        22,
        27,
        29,
        31,
        34,
        44,
        45,
        46,
        47,
        48,
        49,
        50,
        51,
        52,
        53,
        54,
        55,
        56,
        57,
        58,
        59,
        60,
        61,
        62,
        63
    ],
    "average_objectives_list": [
        277.6078431372549,
        237.08,
        209.24,
        200.2,
        198.56,
        195.72,
        189.48,
        186.16,
        176.64,
        183.72,
        179.84,
        182.24,
        177.84,
        185.44,
        174.6,
        179.84,
        182.88,
        181.0,
        174.96,
        180.12,
        179.28
    ],
    "best_objective_list": [
        232.0,
        200.0,
        200.0,
        198.0,
        176.0,
        176.0,
        174.0,
        174.0,
        174.0,
        174.0,
        174.0,
        174.0,
        174.0,
        174.0,
        174.0,
        174.0,
        174.0,
        174.0,
        174.0,
        174.0,
        174.0
    ]
}