{
    "elapsed_time": 85.38951706886292,
    "best_objective": 162.0,
    "neighbors": 2000,
    "best_solution": [
        0,
        35,
        37,
        39,
        11,
        44,
        48,
        18,
        50,
        52,
        22,
        54,
        58,
        24,
        6,
        33,
        14,
        51,
        47,
        10,
        9,
        45,
        7,
        36,
        8,
        12,
        42,
        34,
        3,
        13,
        55,
        57,
        4,
        2,
        49,
        41,
        60,
        20,
        61,
        30,
        28,
        25,
        15,
        53,
        21,
        1,
        19,
        56,
        23,
        32,
        17,
        63,
        43,
        5,
        40,
        16,
        59,
        38,
        46,
        26,
        27,
        29,
        62,
        31
    ],
    "average_objectives_list": [
        277.2549019607843,
        231.32,
        202.8,
        194.6,
        200.72,
        191.28,
        187.64,
        188.12,
        187.36,
        187.96,
        186.92,
        191.48,
        189.76,
        196.6,
        196.12,
        192.56,
        185.28,
        189.56,
        188.48,
        184.92,
        190.04
    ],
    "best_objective_list": [
        196.0,
        192.0,
        178.0,
        170.0,
        170.0,
        168.0,
        168.0,
        168.0,
        168.0,
        168.0,
        168.0,
        168.0,
        168.0,
        168.0,
        168.0,
        164.0,
        164.0,
        164.0,
        164.0,
        162.0,
        162.0
    ]
}