{
    "elapsed_time": 85.70729351043701,
    "best_objective": 148.0,
    "neighbors": 2000,
    "best_solution": [
        0,
        2,
        3,
        8,
        7,
        5,
        9,
        10,
        11,
        12,
        13,
        23,
        14,
        36,
        45,
        43,
        1,
        48,
        62,
        52,
        57,
        60,
        39,
        49,
        6,
        25,
        47,
        4,
        15,
        16,
        17,
        18,
        19,
        20,
        21,
        22,
        61,
        24,
        26,
        27,
        28,
        29,
        30,
        31,
        32,
        33,
        34,
        35,
        37,
        40,
        41,
        42,
        38,
        44,
        46,
        50,
        51,
        53,
        54,
        55,
        56,
        58,
        59,
        63
    ],
    "average_objectives_list": [
        278.27450980392155,
        234.52,
        206.96,
        196.52,
        195.08,
        201.44,
        186.2,
        172.92,
        176.8,
        169.76,
        172.36,
        171.76,
        171.52,
        169.24,
        169.64,
        170.0,
        167.24,
        164.52,
        162.64,
        159.8,
        160.0
    ],
    "best_objective_list": [
        232.0,
        190.0,
        190.0,
        184.0,
        184.0,
        164.0,
        164.0,
        164.0,
        164.0,
        164.0,
        160.0,
        160.0,
        160.0,
        160.0,
        148.0,
        148.0,
        148.0,
        148.0,
        148.0,
        148.0,
        148.0
    ]
}