{
    "elapsed_time": 42.87408757209778,
    "best_objective": 168.0,
    "neighbors": 1000,
    "best_solution": [
        0,
        1,
        2,
        3,
        4,
        5,
        6,
        7,
        8,
        9,
        10,
        13,
        14,
        16,
        17,
        18,
        15,
        23,
        44,
        25,
        27,
        29,
        30,
        11,
        12,
        19,
        20,
        21,
        22,
        24,
        57,
        28,
        31,
        32,
        33,
        34,
        35,
        36,
        37,
        38,
        39,
        40,
        41,
        42,
        43,
        45,
        46,
        47,
        48,
        49,
        50,
        51,
        52,
        26,
        53,
        54,
        55,
        56,
        58,
        59,
        60,
        61,
        62,
        63
    ],
    "average_objectives_list": [
        280.62745098039215,
        240.6,
        210.6,
        199.28,
        188.76,
        184.2,
        183.04,
        180.08,
        180.0,
        187.28,
        179.76
    ],
    "best_objective_list": [
        244.0,
        198.0,
        198.0,
        184.0,
        184.0,
        180.0,
        180.0,
        176.0,
        168.0,
        168.0,
        168.0
    ]
}