{
    "elapsed_time": 97.49926280975342,
    "best_objective": 164.0,
    "neighbors": 2000,
    "best_solution": [
        0,
        1,
        4,
        5,
        43,
        7,
        9,
        10,
        11,
        12,
        13,
        14,
        16,
        17,
        18,
        19,
        20,
        22,
        21,
        56,
        2,
        3,
        8,
        15,
        23,
        24,
        25,
        27,
        28,
        29,
        30,
        31,
        32,
        33,
        34,
        35,
        36,
        37,
        38,
        26,
        39,
        40,
        41,
        42,
        6,
        44,
        45,
        46,
        47,
        48,
        49,
        50,
        51,
        52,
        53,
        54,
        55,
        57,
        58,
        59,
        60,
        61,
        62,
        63
    ],
    "average_objectives_list": [
        277.44554455445547,
        244.42,
        227.54,
        220.26,
        218.6,
        211.24,
        211.56,
        211.66,
        206.88,
        208.38,
        206.2,
        201.76,
        204.5,
        209.38,
        201.58,
        203.12,
        200.78,
        190.88,
        190.04,
        194.36,
        188.92
    ],
    "best_objective_list": [
        212.0,
        198.0,
        198.0,
        196.0,
        196.0,
        192.0,
        192.0,
        192.0,
        192.0,
        190.0,
        190.0,
        188.0,
        188.0,
        184.0,
        178.0,
        176.0,
        176.0,
        176.0,
        164.0,
        164.0,
        164.0
    ]
}