{
    "elapsed_time": 81.42045307159424,
    "best_objective": 154.0,
    "neighbors": 2000,
    "best_solution": [
        0,
        1,
        3,
        8,
        5,
        6,
        7,
        54,
        9,
        10,
        12,
        13,
        14,
        16,
        36,
        18,
        19,
        20,
        21,
        22,
        23,
        25,
        26,
        11,
        15,
        17,
        24,
        27,
        28,
        29,
        30,
        31,
        32,
        33,
        34,
        35,
        4,
        37,
        38,
        39,
        40,
        2,
        41,
        42,
        43,
        44,
        45,
        46,
        47,
        48,
        49,
        50,
        51,
        52,
        53,
        55,
        56,
        57,
        58,
        59,
        60,
        61,
        62,
        63
    ],
    "average_objectives_list": [
        282.51612903225805,
        235.8,
        200.2,
        185.26666666666668,
        175.93333333333334,
        172.66666666666666,
        171.8,
        169.0,
        165.8,
        167.26666666666668,
        165.46666666666667,
        165.73333333333332,
        162.4,
        160.46666666666667,
        158.53333333333333,
        163.0,
        162.86666666666667,
        161.66666666666666,
        160.13333333333333,
        167.13333333333333,
        159.66666666666666
    ],
    "best_objective_list": [
        256.0,
        198.0,
        184.0,
        172.0,
        172.0,
        172.0,
        166.0,
        166.0,
        160.0,
        160.0,
        156.0,
        156.0,
        156.0,
        156.0,
        156.0,
        156.0,
        156.0,
        156.0,
        156.0,
        154.0,
        154.0
    ]
}