{
    "elapsed_time": 97.59170961380005,
    "best_objective": 164.0,
    "neighbors": 2000,
    "best_solution": [
        0,
        2,
        5,
        4,
        3,
        6,
        7,
        9,
        10,
        11,
        13,
        15,
        16,
        17,
        18,
        8,
        62,
        19,
        28,
        46,
        44,
        35,
        1,
        31,
        21,
        24,
        14,
        12,
        20,
        33,
        22,
        23,
        25,
        26,
        27,
        29,
        30,
        32,
        36,
        34,
        37,
        38,
        39,
        40,
        41,
        42,
        43,
        45,
        47,
        48,
        49,
        50,
        51,
        52,
        53,
        54,
        55,
        56,
        57,
        58,
        59,
        60,
        61,
        63
    ],
    "average_objectives_list": [
        280.8514851485148,
        248.28,
        221.16,
        212.0,
        202.82,
        204.86,
        199.66,
        195.74,
        193.06,
        197.8,
        189.38,
        191.92,
        191.38,
        192.32,
        196.14,
        185.56,
        196.38,
        194.38,
        186.94,
        189.4,
        191.86
    ],
    "best_objective_list": [
        224.0,
        208.0,
        196.0,
        188.0,
        186.0,
        176.0,
        176.0,
        176.0,
        172.0,
        172.0,
        172.0,
        172.0,
        172.0,
        172.0,
        168.0,
        168.0,
        168.0,
        168.0,
        168.0,
        168.0,
        164.0
    ]
}