{
    "elapsed_time": 85.13128447532654,
    "best_objective": 150.0,
    "neighbors": 2000,
    "best_solution": [
        0,
        2,
        3,
        4,
        5,
        6,
        7,
        8,
        9,
        27,
        11,
        12,
        13,
        14,
        18,
        16,
        21,
        38,
        19,
        20,
        17,
        22,
        23,
        61,
        1,
        24,
        25,
        26,
        10,
        31,
        15,
        28,
        29,
        30,
        32,
        33,
        34,
        35,
        36,
        37,
        54,
        40,
        41,
        42,
        43,
        44,
        45,
        46,
        47,
        48,
        49,
        50,
        51,
        52,
        53,
        39,
        55,
        56,
        57,
        58,
        59,
        60,
        62,
        63
    ],
    "average_objectives_list": [
        276.62745098039215,
        241.04,
        220.64,
        211.6,
        200.96,
        188.32,
        185.24,
        179.88,
        179.0,
        182.08,
        180.2,
        174.84,
        167.12,
        167.2,
        164.56,
        162.72,
        162.4,
        158.56,
        157.56,
        156.52,
        156.12
    ],
    "best_objective_list": [
        242.0,
        214.0,
        210.0,
        178.0,
        178.0,
        174.0,
        174.0,
        174.0,
        174.0,
        174.0,
        168.0,
        164.0,
        156.0,
        156.0,
        156.0,
        152.0,
        152.0,
        150.0,
        150.0,
        150.0,
        150.0
    ]
}