{
    "elapsed_time": 97.48087549209595,
    "best_objective": 156.0,
    "neighbors": 2000,
    "best_solution": [
        0,
        1,
        2,
        3,
        5,
        13,
        7,
        9,
        10,
        11,
        12,
        6,
        14,
        15,
        16,
        18,
        20,
        23,
        24,
        25,
        26,
        27,
        28,
        29,
        31,
        32,
        34,
        35,
        38,
        39,
        41,
        44,
        51,
        61,
        58,
        4,
        22,
        55,
        36,
        21,
        8,
        30,
        37,
        19,
        43,
        33,
        45,
        40,
        42,
        17,
        46,
        47,
        48,
        49,
        50,
        52,
        53,
        54,
        56,
        57,
        59,
        60,
        62,
        63
    ],
    "average_objectives_list": [
        278.41584158415844,
        249.98,
        230.24,
        210.92,
        204.68,
        191.36,
        188.26,
        181.32,
        181.28,
        179.66,
        184.22,
        186.0,
        180.12,
        190.64,
        181.9,
        180.1,
        186.28,
        183.26,
        183.62,
        190.34,
        178.66
    ],
    "best_objective_list": [
        230.0,
        196.0,
        196.0,
        182.0,
        168.0,
        168.0,
        162.0,
        156.0,
        156.0,
        156.0,
        156.0,
        156.0,
        156.0,
        156.0,
        156.0,
        156.0,
        156.0,
        156.0,
        156.0,
        156.0,
        156.0
    ]
}