{
    "elapsed_time": 85.79189205169678,
    "best_objective": 144.0,
    "neighbors": 2000,
    "best_solution": [
        0,
        3,
        2,
        1,
        4,
        5,
        6,
        7,
        8,
        9,
        14,
        13,
        10,
        16,
        36,
        18,
        19,
        20,
        40,
        22,
        24,
        28,
        26,
        29,
        30,
        31,
        32,
        27,
        34,
        35,
        38,
        21,
        42,
        17,
        12,
        15,
        23,
        25,
        33,
        11,
        37,
        39,
        41,
        43,
        44,
        45,
        46,
        47,
        48,
        49,
        50,
        51,
        52,
        53,
        54,
        55,
        56,
        57,
        58,
        59,
        60,
        61,
        62,
        63
    ],
    "average_objectives_list": [
        281.29411764705884,
        238.92,
        215.32,
        197.32,
        190.96,
        185.56,
        180.64,
        175.4,
        171.2,
        171.68,
        165.68,
        164.12,
        165.68,
        165.84,
        165.04,
        159.88,
        159.36,
        154.92,
        155.6,
        151.28,
        150.16
    ],
    "best_objective_list": [
        228.0,
        202.0,
        194.0,
        186.0,
        186.0,
        174.0,
        172.0,
        168.0,
        166.0,
        164.0,
        164.0,
        164.0,
        160.0,
        160.0,
        160.0,
        148.0,
        144.0,
        144.0,
        144.0,
        144.0,
        144.0
    ]
}