{
    "elapsed_time": 82.08351111412048,
    "best_objective": 138.0,
    "neighbors": 2000,
    "best_solution": [
        0,
        1,
        2,
        3,
        9,
        59,
        12,
        63,
        52,
        21,
        22,
        23,
        36,
        39,
        45,
        11,
        43,
        20,
        56,
        4,
        5,
        6,
        7,
        8,
        10,
        13,
        14,
        15,
        16,
        17,
        18,
        33,
        27,
        28,
        29,
        30,
        31,
        32,
        19,
        34,
        35,
        37,
        38,
        40,
        24,
        25,
        26,
        41,
        42,
        44,
        46,
        47,
        48,
        49,
        50,
        51,
        53,
        54,
        55,
        57,
        58,
        60,
        61,
        62
    ],
    "average_objectives_list": [
        278.96774193548384,
        235.66666666666666,
        204.8,
        179.26666666666668,
        174.13333333333333,
        171.4,
        162.86666666666667,
        162.0,
        157.6,
        153.06666666666666,
        151.13333333333333,
        147.93333333333334,
        152.46666666666667,
        150.93333333333334,
        151.06666666666666,
        145.86666666666667,
        139.73333333333332,
        142.13333333333333,
        143.66666666666666,
        141.8,
        159.53333333333333
    ],
    "best_objective_list": [
        240.0,
        196.0,
        174.0,
        174.0,
        168.0,
        158.0,
        152.0,
        152.0,
        152.0,
        152.0,
        146.0,
        146.0,
        146.0,
        146.0,
        138.0,
        138.0,
        138.0,
        138.0,
        138.0,
        138.0,
        138.0
    ]
}