{
    "elapsed_time": 168.73167443275452,
    "best_objective": 150.0,
    "neighbors": 4000,
    "best_solution": [
        0,
        13,
        2,
        3,
        4,
        5,
        6,
        7,
        8,
        10,
        11,
        12,
        1,
        14,
        17,
        18,
        20,
        21,
        22,
        23,
        24,
        38,
        25,
        26,
        27,
        28,
        29,
        35,
        31,
        32,
        33,
        34,
        36,
        19,
        39,
        40,
        42,
        43,
        44,
        45,
        46,
        9,
        48,
        49,
        15,
        16,
        30,
        37,
        41,
        47,
        50,
        51,
        52,
        53,
        54,
        55,
        56,
        57,
        58,
        59,
        60,
        61,
        62,
        63
    ],
    "average_objectives_list": [
        279.6470588235294,
        238.28,
        216.64,
        198.12,
        197.8,
        195.96,
        196.56,
        199.88,
        196.36,
        196.56,
        192.64,
        195.56,
        191.96,
        192.28,
        196.48,
        191.04,
        186.8,
        185.52,
        183.56,
        181.16,
        174.28,
        166.8,
        164.84,
        163.8,
        167.64,
        164.2,
        164.48,
        169.6,
        164.0,
        168.32,
        171.36,
        168.88,
        172.24,
        170.36,
        172.68,
        175.2,
        170.28,
        172.44,
        169.2,
        170.48,
        168.92
    ],
    "best_objective_list": [
        226.0,
        196.0,
        196.0,
        196.0,
        196.0,
        194.0,
        188.0,
        188.0,
        188.0,
        188.0,
        188.0,
        188.0,
        188.0,
        188.0,
        186.0,
        186.0,
        182.0,
        182.0,
        170.0,
        170.0,
        166.0,
        162.0,
        162.0,
        162.0,
        162.0,
        162.0,
        162.0,
        162.0,
        162.0,
        160.0,
        160.0,
        160.0,
        158.0,
        158.0,
        150.0,
        150.0,
        150.0,
        150.0,
        150.0,
        150.0,
        150.0
    ]
}