{
    "elapsed_time": 81.8140435218811,
    "best_objective": 156.0,
    "neighbors": 2000,
    "best_solution": [
        33,
        3,
        5,
        6,
        7,
        9,
        16,
        18,
        19,
        26,
        27,
        35,
        36,
        38,
        43,
        48,
        47,
        37,
        23,
        50,
        10,
        22,
        44,
        8,
        49,
        32,
        41,
        51,
        45,
        29,
        28,
        34,
        63,
        17,
        52,
        56,
        13,
        1,
        53,
        60,
        46,
        12,
        61,
        0,
        14,
        11,
        4,
        2,
        39,
        40,
        42,
        15,
        20,
        21,
        54,
        55,
        24,
        25,
        58,
        59,
        57,
        62,
        30,
        31
    ],
    "average_objectives_list": [
        278.258064516129,
        237.33333333333334,
        213.46666666666667,
        203.53333333333333,
        185.4,
        185.73333333333332,
        192.0,
        180.6,
        187.2,
        183.86666666666667,
        179.33333333333334,
        182.4,
        174.73333333333332,
        163.26666666666668,
        175.6,
        166.73333333333332,
        185.66666666666666,
        163.8,
        169.73333333333332,
        174.13333333333333,
        170.66666666666666
    ],
    "best_objective_list": [
        244.0,
        202.0,
        186.0,
        176.0,
        176.0,
        176.0,
        176.0,
        176.0,
        164.0,
        164.0,
        164.0,
        164.0,
        158.0,
        156.0,
        156.0,
        156.0,
        156.0,
        156.0,
        156.0,
        156.0,
        156.0
    ]
}