{
    "elapsed_time": 85.16278266906738,
    "best_objective": 164.0,
    "neighbors": 2000,
    "best_solution": [
        0,
        19,
        2,
        3,
        4,
        5,
        6,
        7,
        8,
        9,
        11,
        12,
        36,
        13,
        17,
        18,
        1,
        20,
        21,
        22,
        23,
        24,
        25,
        26,
        27,
        28,
        29,
        30,
        31,
        32,
        33,
        34,
        35,
        10,
        37,
        38,
        39,
        14,
        15,
        16,
        40,
        41,
        42,
        43,
        44,
        45,
        46,
        47,
        48,
        49,
        50,
        51,
        52,
        53,
        54,
        55,
        56,
        57,
        58,
        59,
        60,
        61,
        62,
        63
    ],
    "average_objectives_list": [
        271.1764705882353,
        235.8,
        203.32,
        190.12,
        190.2,
        179.04,
        175.12,
        172.6,
        176.96,
        171.84,
        175.48,
        178.8,
        191.0,
        182.56,
        184.2,
        184.04,
        190.12,
        180.44,
        178.84,
        187.68,
        185.88
    ],
    "best_objective_list": [
        230.0,
        190.0,
        186.0,
        180.0,
        172.0,
        172.0,
        172.0,
        172.0,
        172.0,
        164.0,
        164.0,
        164.0,
        164.0,
        164.0,
        164.0,
        164.0,
        164.0,
        164.0,
        164.0,
        164.0,
        164.0
    ]
}