{
    "elapsed_time": 167.2830047607422,
    "best_objective": 142.0,
    "neighbors": 4000,
    "best_solution": [
        0,
        1,
        2,
        47,
        5,
        6,
        7,
        8,
        9,
        10,
        11,
        12,
        13,
        14,
        16,
        18,
        19,
        20,
        31,
        22,
        23,
        24,
        25,
        37,
        27,
        3,
        29,
        30,
        21,
        32,
        33,
        34,
        4,
        15,
        17,
        26,
        28,
        35,
        46,
        38,
        39,
        40,
        41,
        42,
        43,
        44,
        45,
        36,
        48,
        49,
        50,
        51,
        52,
        53,
        54,
        55,
        56,
        57,
        58,
        59,
        60,
        61,
        62,
        63
    ],
    "average_objectives_list": [
        275.96078431372547,
        240.88,
        210.12,
        187.2,
        178.52,
        174.08,
        174.84,
        172.92,
        172.36,
        168.44,
        166.76,
        164.92,
        166.16,
        165.12,
        167.08,
        160.52,
        159.32,
        159.4,
        166.24,
        162.64,
        158.44,
        156.2,
        158.52,
        158.04,
        158.0,
        163.68,
        157.88,
        155.84,
        153.96,
        151.92,
        151.56,
        152.68,
        153.76,
        159.92,
        157.04,
        151.28,
        150.0,
        151.96,
        153.32,
        154.8,
        160.24
    ],
    "best_objective_list": [
        232.0,
        192.0,
        180.0,
        172.0,
        168.0,
        168.0,
        164.0,
        152.0,
        152.0,
        152.0,
        152.0,
        152.0,
        152.0,
        152.0,
        152.0,
        148.0,
        148.0,
        148.0,
        148.0,
        146.0,
        146.0,
        146.0,
        146.0,
        142.0,
        142.0,
        142.0,
        142.0,
        142.0,
        142.0,
        142.0,
        142.0,
        142.0,
        142.0,
        142.0,
        142.0,
        142.0,
        142.0,
        142.0,
        142.0,
        142.0,
        142.0
    ]
}