{
    "elapsed_time": 85.14218926429749,
    "best_objective": 138.0,
    "neighbors": 2000,
    "best_solution": [
        0,
        1,
        3,
        4,
        5,
        6,
        7,
        8,
        9,
        12,
        14,
        15,
        16,
        17,
        18,
        23,
        20,
        22,
        19,
        24,
        25,
        26,
        28,
        30,
        35,
        31,
        32,
        33,
        34,
        27,
        37,
        38,
        39,
        40,
        41,
        42,
        43,
        44,
        45,
        46,
        21,
        2,
        10,
        11,
        13,
        29,
        36,
        47,
        48,
        49,
        50,
        51,
        52,
        53,
        54,
        55,
        56,
        57,
        58,
        59,
        60,
        61,
        62,
        63
    ],
    "average_objectives_list": [
        279.6078431372549,
        238.76,
        210.48,
        188.76,
        186.36,
        173.6,
        169.76,
        170.92,
        172.96,
        169.16,
        159.72,
        156.56,
        163.88,
        165.28,
        160.0,
        156.64,
        152.68,
        146.12,
        150.36,
        144.52,
        143.52
    ],
    "best_objective_list": [
        242.0,
        190.0,
        186.0,
        174.0,
        170.0,
        166.0,
        154.0,
        154.0,
        154.0,
        150.0,
        150.0,
        148.0,
        148.0,
        148.0,
        148.0,
        146.0,
        146.0,
        142.0,
        142.0,
        138.0,
        138.0
    ]
}