{
    "elapsed_time": 86.88130950927734,
    "best_objective": 160.0,
    "neighbors": 2000,
    "best_solution": [
        0,
        49,
        5,
        16,
        7,
        8,
        9,
        10,
        11,
        12,
        13,
        14,
        15,
        6,
        18,
        21,
        22,
        23,
        24,
        25,
        26,
        27,
        28,
        29,
        30,
        31,
        32,
        37,
        38,
        39,
        40,
        41,
        43,
        44,
        45,
        46,
        19,
        1,
        3,
        4,
        17,
        2,
        20,
        33,
        34,
        35,
        36,
        42,
        47,
        48,
        50,
        51,
        52,
        53,
        54,
        55,
        56,
        57,
        58,
        59,
        60,
        61,
        62,
        63
    ],
    "average_objectives_list": [
        283.6470588235294,
        237.84,
        214.4,
        205.72,
        205.16,
        204.88,
        209.8,
        198.76,
        194.68,
        190.08,
        182.32,
        181.84,
        180.64,
        181.68,
        181.92,
        180.12,
        180.64,
        182.2,
        180.64,
        180.64,
        179.56
    ],
    "best_objective_list": [
        242.0,
        202.0,
        202.0,
        200.0,
        200.0,
        200.0,
        196.0,
        194.0,
        186.0,
        174.0,
        174.0,
        174.0,
        174.0,
        174.0,
        174.0,
        174.0,
        174.0,
        174.0,
        174.0,
        174.0,
        160.0
    ]
}