{
    "elapsed_time": 96.42534852027893,
    "best_objective": 156.0,
    "neighbors": 2000,
    "best_solution": [
        0,
        2,
        3,
        14,
        4,
        5,
        6,
        7,
        8,
        10,
        12,
        13,
        15,
        16,
        17,
        18,
        19,
        53,
        21,
        22,
        23,
        24,
        25,
        27,
        55,
        29,
        30,
        31,
        32,
        33,
        34,
        36,
        37,
        9,
        11,
        1,
        26,
        35,
        38,
        20,
        28,
        39,
        40,
        41,
        42,
        43,
        44,
        45,
        46,
        47,
        48,
        49,
        50,
        51,
        52,
        54,
        62,
        57,
        58,
        59,
        60,
        61,
        56,
        63
    ],
    "average_objectives_list": [
        275.4257425742574,
        242.92,
        223.12,
        210.4,
        196.26,
        190.62,
        189.86,
        186.26,
        186.72,
        195.18,
        201.0,
        188.68,
        190.94,
        189.7,
        190.36,
        191.68,
        189.72,
        194.86,
        192.64,
        189.5,
        190.76
    ],
    "best_objective_list": [
        206.0,
        196.0,
        182.0,
        182.0,
        174.0,
        174.0,
        166.0,
        166.0,
        160.0,
        160.0,
        160.0,
        160.0,
        160.0,
        160.0,
        160.0,
        160.0,
        160.0,
        160.0,
        160.0,
        156.0,
        156.0
    ]
}