{
    "elapsed_time": 22.59973430633545,
    "best_objective": 112030.0,
    "best_solution": [
        2,
        3,
        4,
        0,
        21,
        6,
        7,
        8,
        9,
        10,
        11,
        12,
        13,
        15,
        16,
        18,
        23,
        24,
        27,
        28,
        25,
        14,
        1,
        19,
        17,
        5,
        20,
        22,
        26,
        29,
        30,
        31
    ],
    "average_objectives_list": [
        136438.82352941178,
        125419.2,
        118658.0,
        117532.0,
        117601.0,
        115993.4,
        116545.0,
        115736.0,
        115734.8,
        115725.4,
        114695.2,
        115189.0,
        116087.0,
        116045.2,
        115513.2,
        114712.0,
        115840.6,
        115115.6,
        114673.4,
        115335.4,
        115646.8
    ],
    "best_objective_list": [
        126390.0,
        117620.0,
        117190.0,
        116110.0,
        115620.0,
        114730.0,
        114730.0,
        113930.0,
        113930.0,
        113930.0,
        113930.0,
        113930.0,
        112830.0,
        112830.0,
        112430.0,
        112430.0,
        112430.0,
        112030.0,
        112030.0,
        112030.0,
        112030.0
    ]
}