{
    "elapsed_time": 22.560161352157593,
    "best_objective": 110620.0,
    "best_solution": [
        0,
        1,
        2,
        3,
        4,
        5,
        16,
        7,
        27,
        19,
        6,
        8,
        9,
        10,
        11,
        12,
        25,
        14,
        15,
        17,
        18,
        20,
        21,
        13,
        22,
        23,
        24,
        26,
        29,
        28,
        30,
        31
    ],
    "average_objectives_list": [
        137618.03921568627,
        126529.2,
        118283.2,
        115726.8,
        115396.0,
        114982.4,
        113478.0,
        112984.2,
        113213.6,
        112811.6,
        112347.6,
        112850.4,
        112526.4,
        113247.0,
        113021.6,
        111456.6,
        112904.6,
        112662.0,
        112418.0,
        112474.0,
        112185.2
    ],
    "best_objective_list": [
        125980.0,
        115720.0,
        115720.0,
        113320.0,
        113320.0,
        113320.0,
        111520.0,
        111520.0,
        111520.0,
        111520.0,
        111520.0,
        111520.0,
        110620.0,
        110620.0,
        110620.0,
        110620.0,
        110620.0,
        110620.0,
        110620.0,
        110620.0,
        110620.0
    ]
}