{
    "elapsed_time": 22.55233597755432,
    "best_objective": 109700.0,
    "best_solution": [
        1,
        10,
        4,
        11,
        5,
        16,
        6,
        7,
        0,
        3,
        12,
        14,
        15,
        2,
        19,
        8,
        17,
        13,
        9,
        18,
        20,
        21,
        22,
        23,
        24,
        25,
        26,
        27,
        28,
        29,
        30,
        31
    ],
    "average_objectives_list": [
        136312.35294117648,
        127211.0,
        122288.8,
        119276.2,
        117056.2,
        115562.2,
        115099.8,
        114439.8,
        114506.0,
        114338.4,
        114048.0,
        114519.2,
        114170.0,
        114100.6,
        113940.0,
        113518.0,
        112718.0,
        112676.6,
        112298.0,
        112464.4,
        113020.6
    ],
    "best_objective_list": [
        126720.0,
        121770.0,
        118250.0,
        116530.0,
        115200.0,
        114500.0,
        113800.0,
        113800.0,
        113800.0,
        113800.0,
        113800.0,
        113700.0,
        113400.0,
        113400.0,
        111700.0,
        111700.0,
        111300.0,
        111300.0,
        110800.0,
        110800.0,
        109700.0
    ]
}