{
    "elapsed_time": 11.408860921859741,
    "best_objective": 112360.0,
    "best_solution": [
        0,
        1,
        2,
        3,
        4,
        5,
        6,
        7,
        8,
        9,
        10,
        11,
        13,
        12,
        15,
        16,
        28,
        22,
        30,
        18,
        19,
        20,
        21,
        14,
        23,
        24,
        25,
        26,
        27,
        29,
        17,
        31
    ],
    "average_objectives_list": [
        136898.6274509804,
        127658.0,
        119827.0,
        117368.6,
        116166.6,
        115185.8,
        114478.0,
        113529.8,
        113793.4,
        114480.0,
        114092.8
    ],
    "best_objective_list": [
        127470.0,
        118160.0,
        114160.0,
        114160.0,
        112560.0,
        112360.0,
        112360.0,
        112360.0,
        112360.0,
        112360.0,
        112360.0
    ]
}