{
    "elapsed_time": 45.70842003822327,
    "best_objective": 104930.0,
    "best_solution": [
        1,
        3,
        21,
        22,
        6,
        7,
        11,
        4,
        8,
        15,
        10,
        0,
        12,
        19,
        16,
        31,
        27,
        23,
        14,
        28,
        9,
        20,
        5,
        24,
        13,
        17,
        2,
        25,
        18,
        26,
        29,
        30
    ],
    "average_objectives_list": [
        137065.29411764705,
        127255.0,
        121710.8,
        118667.0,
        116888.2,
        115706.0,
        115501.4,
        114882.2,
        114821.6,
        114799.8,
        114094.4,
        113557.2,
        112541.4,
        111674.2,
        111515.4,
        110526.4,
        109799.2,
        110938.4,
        110107.8,
        109612.0,
        109626.4,
        108566.4,
        110699.4,
        109898.0,
        111058.4,
        109613.0,
        108210.6,
        108673.0,
        110665.0,
        109751.4,
        108118.0,
        110114.8,
        109924.6,
        109197.4,
        110147.4,
        108930.8,
        110207.2,
        109111.2,
        108650.6,
        109062.4,
        110355.4
    ],
    "best_objective_list": [
        124240.0,
        118930.0,
        117950.0,
        115740.0,
        115740.0,
        114440.0,
        114440.0,
        114440.0,
        113320.0,
        111620.0,
        111220.0,
        111220.0,
        111220.0,
        108520.0,
        108520.0,
        108520.0,
        107520.0,
        107520.0,
        107520.0,
        107520.0,
        107520.0,
        107520.0,
        107520.0,
        107520.0,
        107520.0,
        107520.0,
        107320.0,
        107320.0,
        106670.0,
        106570.0,
        106570.0,
        106570.0,
        106330.0,
        106330.0,
        106330.0,
        106330.0,
        106330.0,
        106330.0,
        105130.0,
        105130.0,
        104930.0
    ]
}