{
    "elapsed_time": 21.633293867111206,
    "best_objective": 107240.0,
    "best_solution": [
        0,
        1,
        2,
        4,
        5,
        6,
        7,
        25,
        19,
        10,
        15,
        13,
        14,
        3,
        16,
        17,
        23,
        20,
        28,
        22,
        18,
        11,
        8,
        29,
        9,
        12,
        21,
        24,
        26,
        27,
        30,
        31
    ],
    "average_objectives_list": [
        136080.96774193548,
        124425.0,
        119599.33333333333,
        118335.0,
        117578.66666666667,
        116090.0,
        116073.33333333333,
        116521.0,
        116196.66666666667,
        116187.0,
        115135.0,
        114223.66666666667,
        113603.33333333333,
        113779.33333333333,
        114079.66666666667,
        112381.66666666667,
        112026.33333333333,
        111614.0,
        112160.66666666667,
        109629.66666666667,
        108496.66666666667
    ],
    "best_objective_list": [
        122610.0,
        119070.0,
        115930.0,
        115930.0,
        115930.0,
        115930.0,
        115930.0,
        115930.0,
        113630.0,
        113230.0,
        113030.0,
        113030.0,
        113030.0,
        111830.0,
        111830.0,
        111830.0,
        109340.0,
        109340.0,
        109340.0,
        107240.0,
        107240.0
    ]
}