{
    "elapsed_time": 25.39198064804077,
    "best_objective": 108900.0,
    "best_solution": [
        0,
        1,
        3,
        14,
        4,
        5,
        6,
        7,
        8,
        11,
        10,
        12,
        19,
        2,
        15,
        16,
        17,
        13,
        21,
        9,
        26,
        25,
        20,
        18,
        22,
        23,
        24,
        27,
        28,
        29,
        30,
        31
    ],
    "average_objectives_list": [
        137101.8811881188,
        128160.2,
        121692.9,
        119827.5,
        118166.4,
        115909.3,
        114718.4,
        115937.8,
        113711.5,
        113376.1,
        112835.8,
        115945.4,
        114540.5,
        113034.8,
        113797.9,
        112955.8,
        113722.8,
        113731.9,
        112806.2,
        113706.8,
        114989.0
    ],
    "best_objective_list": [
        124790.0,
        117360.0,
        117360.0,
        113500.0,
        111300.0,
        111300.0,
        109100.0,
        109100.0,
        109100.0,
        109100.0,
        109100.0,
        109100.0,
        109100.0,
        109100.0,
        108900.0,
        108900.0,
        108900.0,
        108900.0,
        108900.0,
        108900.0,
        108900.0
    ]
}