{
    "elapsed_time": 21.64286518096924,
    "best_objective": 109180.0,
    "best_solution": [
        12,
        1,
        2,
        14,
        15,
        16,
        3,
        4,
        5,
        6,
        7,
        8,
        27,
        10,
        11,
        0,
        13,
        17,
        18,
        29,
        22,
        19,
        21,
        25,
        9,
        20,
        23,
        24,
        26,
        28,
        30,
        31
    ],
    "average_objectives_list": [
        137852.5806451613,
        125597.0,
        118272.33333333333,
        115857.66666666667,
        115092.66666666667,
        115011.66666666667,
        113958.33333333333,
        112228.33333333333,
        112420.0,
        112601.0,
        112076.33333333333,
        111800.0,
        112790.0,
        112561.0,
        112206.66666666667,
        112654.0,
        112057.33333333333,
        111582.0,
        112192.33333333333,
        111352.33333333333,
        111357.0
    ],
    "best_objective_list": [
        122200.0,
        116730.0,
        115530.0,
        114430.0,
        113730.0,
        112380.0,
        111380.0,
        111380.0,
        111380.0,
        111380.0,
        111380.0,
        111380.0,
        111380.0,
        111380.0,
        109980.0,
        109180.0,
        109180.0,
        109180.0,
        109180.0,
        109180.0,
        109180.0
    ]
}