{
    "elapsed_time": 22.736205577850342,
    "best_objective": 107020.0,
    "best_solution": [
        0,
        2,
        3,
        11,
        4,
        5,
        6,
        7,
        8,
        10,
        1,
        19,
        14,
        15,
        16,
        18,
        23,
        21,
        22,
        28,
        13,
        17,
        12,
        20,
        24,
        25,
        9,
        26,
        27,
        29,
        30,
        31
    ],
    "average_objectives_list": [
        136280.78431372548,
        127477.4,
        121574.8,
        118803.6,
        117342.6,
        116231.2,
        115698.0,
        115206.8,
        114515.8,
        113690.8,
        112762.0,
        112787.6,
        110951.0,
        111296.8,
        110390.4,
        110847.0,
        112328.8,
        110802.8,
        111258.0,
        110999.6,
        110493.2
    ],
    "best_objective_list": [
        127640.0,
        120270.0,
        117930.0,
        116460.0,
        115500.0,
        115460.0,
        115000.0,
        113200.0,
        112400.0,
        112400.0,
        109900.0,
        109700.0,
        109120.0,
        109120.0,
        108620.0,
        108320.0,
        108320.0,
        107020.0,
        107020.0,
        107020.0,
        107020.0
    ]
}