{
    "elapsed_time": 45.328022718429565,
    "best_objective": 107530.0,
    "best_solution": [
        0,
        3,
        6,
        8,
        4,
        5,
        1,
        21,
        2,
        10,
        16,
        12,
        26,
        15,
        11,
        17,
        19,
        7,
        9,
        31,
        23,
        20,
        22,
        14,
        18,
        24,
        25,
        27,
        28,
        29,
        13,
        30
    ],
    "average_objectives_list": [
        138148.431372549,
        127252.0,
        121540.4,
        118390.2,
        116096.8,
        114461.8,
        114405.8,
        113916.0,
        114313.0,
        114016.6,
        113836.8,
        114042.0,
        113830.8,
        113706.6,
        113865.2,
        113863.4,
        113901.8,
        113419.2,
        113616.0,
        113606.4,
        113449.2,
        113113.2,
        113078.6,
        112043.6,
        112723.6,
        112035.8,
        112990.0,
        113430.2,
        111643.2,
        111751.2,
        112133.0,
        111875.2,
        113097.0,
        112334.8,
        111363.8,
        111958.4,
        112608.2,
        111564.2,
        112699.0,
        112169.8,
        112005.2
    ],
    "best_objective_list": [
        126710.0,
        120950.0,
        117590.0,
        114760.0,
        113370.0,
        113370.0,
        113370.0,
        113370.0,
        113370.0,
        113370.0,
        113370.0,
        112770.0,
        112770.0,
        112770.0,
        112770.0,
        112770.0,
        112770.0,
        112770.0,
        112770.0,
        112570.0,
        110570.0,
        110570.0,
        110570.0,
        110170.0,
        109270.0,
        109070.0,
        109070.0,
        109070.0,
        109070.0,
        109070.0,
        109070.0,
        109070.0,
        109070.0,
        109070.0,
        109070.0,
        109070.0,
        109070.0,
        109070.0,
        109070.0,
        108270.0,
        107530.0
    ]
}