{
    "elapsed_time": 22.944778442382812,
    "best_objective": 104810.0,
    "best_solution": [
        1,
        2,
        21,
        8,
        4,
        5,
        6,
        0,
        18,
        15,
        16,
        7,
        23,
        10,
        11,
        12,
        28,
        14,
        19,
        22,
        17,
        3,
        20,
        9,
        24,
        25,
        13,
        27,
        26,
        29,
        30,
        31
    ],
    "average_objectives_list": [
        137895.6862745098,
        126798.8,
        120958.8,
        118409.6,
        117097.6,
        114920.4,
        113076.4,
        112861.4,
        111633.4,
        112304.6,
        111965.8,
        111497.6,
        111221.2,
        110202.8,
        110431.6,
        109214.4,
        110287.8,
        110596.6,
        110826.2,
        111425.8,
        111454.2
    ],
    "best_objective_list": [
        129530.0,
        118210.0,
        117360.0,
        116440.0,
        112610.0,
        112610.0,
        108810.0,
        108810.0,
        108810.0,
        108810.0,
        108210.0,
        108110.0,
        107310.0,
        107310.0,
        107310.0,
        107310.0,
        106210.0,
        106210.0,
        105210.0,
        105210.0,
        104810.0
    ]
}