{
    "elapsed_time": 22.518720388412476,
    "best_objective": 110320.0,
    "best_solution": [
        0,
        1,
        3,
        5,
        6,
        16,
        10,
        11,
        19,
        4,
        15,
        2,
        9,
        21,
        20,
        14,
        29,
        18,
        30,
        13,
        7,
        8,
        12,
        17,
        22,
        23,
        24,
        25,
        26,
        27,
        28,
        31
    ],
    "average_objectives_list": [
        137477.45098039217,
        126999.6,
        121374.4,
        120400.2,
        119428.4,
        117003.8,
        116290.2,
        116997.2,
        116442.0,
        116444.4,
        116466.6,
        116213.8,
        115608.0,
        115241.4,
        113442.0,
        114263.8,
        112928.6,
        113614.8,
        113569.0,
        111363.8,
        111332.0
    ],
    "best_objective_list": [
        126660.0,
        120730.0,
        116630.0,
        116130.0,
        116130.0,
        116130.0,
        116130.0,
        116030.0,
        116030.0,
        114740.0,
        114740.0,
        114740.0,
        112940.0,
        112250.0,
        112250.0,
        112250.0,
        111450.0,
        111220.0,
        110320.0,
        110320.0,
        110320.0
    ]
}