{
    "elapsed_time": 22.758838891983032,
    "best_objective": 111100.0,
    "best_solution": [
        0,
        1,
        2,
        3,
        19,
        5,
        6,
        7,
        10,
        16,
        4,
        9,
        8,
        11,
        12,
        15,
        13,
        25,
        17,
        18,
        20,
        21,
        22,
        14,
        23,
        24,
        26,
        27,
        28,
        29,
        30,
        31
    ],
    "average_objectives_list": [
        137140.98039215687,
        128192.0,
        123820.8,
        121780.2,
        119560.2,
        117405.2,
        116100.0,
        116246.8,
        115992.0,
        115617.6,
        115456.8,
        114240.0,
        112992.0,
        113389.8,
        112656.8,
        111850.0,
        112748.0,
        112335.8,
        112583.6,
        112078.6,
        112667.4
    ],
    "best_objective_list": [
        126440.0,
        122460.0,
        121060.0,
        118720.0,
        116100.0,
        116100.0,
        116100.0,
        115600.0,
        115600.0,
        115400.0,
        112500.0,
        112500.0,
        112500.0,
        111600.0,
        111600.0,
        111100.0,
        111100.0,
        111100.0,
        111100.0,
        111100.0,
        111100.0
    ]
}