{
    "elapsed_time": 22.890629053115845,
    "best_objective": 113330.0,
    "best_solution": [
        0,
        1,
        4,
        8,
        2,
        5,
        6,
        7,
        3,
        10,
        12,
        13,
        14,
        15,
        16,
        17,
        19,
        9,
        11,
        18,
        20,
        21,
        22,
        23,
        24,
        25,
        26,
        28,
        27,
        29,
        30,
        31
    ],
    "average_objectives_list": [
        138072.35294117648,
        127500.0,
        121874.2,
        118990.2,
        118411.8,
        118170.6,
        117202.8,
        117075.8,
        116805.2,
        117466.8,
        117143.8,
        116740.0,
        116710.0,
        116801.4,
        116206.8,
        116646.0,
        116635.0,
        116705.6,
        116220.8,
        116062.6,
        115490.8
    ],
    "best_objective_list": [
        129910.0,
        119290.0,
        118190.0,
        116690.0,
        116320.0,
        115990.0,
        115990.0,
        115990.0,
        115390.0,
        115390.0,
        115330.0,
        115330.0,
        115330.0,
        115330.0,
        115130.0,
        115130.0,
        113960.0,
        113960.0,
        113330.0,
        113330.0,
        113330.0
    ]
}