{
    "elapsed_time": 22.868922472000122,
    "best_objective": 111240.0,
    "best_solution": [
        3,
        4,
        10,
        5,
        6,
        15,
        11,
        2,
        7,
        1,
        19,
        23,
        29,
        0,
        22,
        28,
        9,
        25,
        12,
        13,
        14,
        16,
        17,
        18,
        20,
        21,
        24,
        26,
        27,
        8,
        30,
        31
    ],
    "average_objectives_list": [
        137018.23529411765,
        125807.4,
        119899.8,
        119220.8,
        117509.2,
        117667.6,
        118189.6,
        116206.8,
        116673.0,
        115838.0,
        116723.6,
        115705.2,
        114538.4,
        116139.4,
        114582.6,
        114296.0,
        114560.6,
        114693.2,
        114823.4,
        114633.4,
        115083.0
    ],
    "best_objective_list": [
        121900.0,
        117090.0,
        117090.0,
        115590.0,
        114560.0,
        114560.0,
        114040.0,
        114040.0,
        114040.0,
        113900.0,
        111240.0,
        111240.0,
        111240.0,
        111240.0,
        111240.0,
        111240.0,
        111240.0,
        111240.0,
        111240.0,
        111240.0,
        111240.0
    ]
}