{
    "elapsed_time": 21.64042854309082,
    "best_objective": 108700.0,
    "best_solution": [
        0,
        1,
        3,
        14,
        4,
        5,
        6,
        7,
        8,
        10,
        15,
        12,
        2,
        11,
        16,
        18,
        20,
        19,
        21,
        27,
        23,
        24,
        9,
        17,
        22,
        25,
        13,
        26,
        28,
        29,
        30,
        31
    ],
    "average_objectives_list": [
        136583.87096774194,
        125744.0,
        120748.33333333333,
        119159.0,
        118021.66666666667,
        116961.66666666667,
        115883.0,
        114837.33333333333,
        114226.66666666667,
        113614.33333333333,
        111950.0,
        112134.33333333333,
        112676.33333333333,
        112171.0,
        111605.66666666667,
        111260.0,
        111794.33333333333,
        111933.33333333333,
        110893.33333333333,
        110896.33333333333,
        111988.66666666667
    ],
    "best_objective_list": [
        128410.0,
        120440.0,
        118660.0,
        118030.0,
        116530.0,
        115180.0,
        114600.0,
        114200.0,
        111800.0,
        110000.0,
        109900.0,
        109900.0,
        109900.0,
        109900.0,
        109900.0,
        109900.0,
        109900.0,
        109900.0,
        109900.0,
        109900.0,
        108700.0
    ]
}