{
    "elapsed_time": 25.78655767440796,
    "best_objective": 107420.0,
    "best_solution": [
        1,
        2,
        4,
        11,
        14,
        15,
        16,
        21,
        0,
        3,
        17,
        5,
        24,
        25,
        10,
        30,
        8,
        29,
        12,
        27,
        6,
        7,
        9,
        13,
        18,
        19,
        20,
        22,
        23,
        26,
        28,
        31
    ],
    "average_objectives_list": [
        137331.08910891088,
        128513.8,
        123502.0,
        120381.4,
        117594.3,
        118873.0,
        118092.5,
        118056.0,
        116339.4,
        116086.2,
        116340.2,
        115627.9,
        116550.2,
        115183.3,
        114921.9,
        116721.4,
        116539.9,
        115181.0,
        114887.1,
        115512.4,
        113787.7
    ],
    "best_objective_list": [
        124170.0,
        118990.0,
        115960.0,
        114790.0,
        114690.0,
        114190.0,
        113040.0,
        112990.0,
        112080.0,
        110590.0,
        110590.0,
        110590.0,
        110590.0,
        110310.0,
        110310.0,
        109010.0,
        109010.0,
        109010.0,
        107420.0,
        107420.0,
        107420.0
    ]
}