{
    "elapsed_time": 11.458585262298584,
    "best_objective": 111330.0,
    "best_solution": [
        0,
        1,
        2,
        3,
        4,
        5,
        6,
        9,
        21,
        15,
        16,
        12,
        7,
        8,
        10,
        11,
        13,
        14,
        17,
        18,
        19,
        20,
        22,
        28,
        24,
        25,
        26,
        27,
        23,
        29,
        30,
        31
    ],
    "average_objectives_list": [
        136284.11764705883,
        126292.8,
        119916.6,
        116839.0,
        114608.0,
        114510.0,
        114121.6,
        113442.4,
        113390.8,
        113288.8,
        113117.2
    ],
    "best_objective_list": [
        123390.0,
        119260.0,
        114630.0,
        114530.0,
        114530.0,
        113430.0,
        113430.0,
        113430.0,
        111330.0,
        111330.0,
        111330.0
    ]
}