{
    "elapsed_time": 21.755113124847412,
    "best_objective": 110770.0,
    "best_solution": [
        2,
        3,
        5,
        9,
        13,
        22,
        18,
        19,
        14,
        21,
        20,
        23,
        24,
        26,
        27,
        28,
        15,
        16,
        7,
        11,
        1,
        0,
        4,
        6,
        25,
        8,
        10,
        12,
        17,
        29,
        30,
        31
    ],
    "average_objectives_list": [
        138413.87096774194,
        126518.0,
        119983.0,
        117782.66666666667,
        116649.33333333333,
        116372.66666666667,
        116567.33333333333,
        115074.66666666667,
        115654.66666666667,
        114627.33333333333,
        114082.33333333333,
        113264.33333333333,
        113491.0,
        113369.33333333333,
        113498.66666666667,
        114569.66666666667,
        112162.0,
        112317.66666666667,
        112724.66666666667,
        111016.66666666667,
        111669.33333333333
    ],
    "best_objective_list": [
        122930.0,
        117530.0,
        116600.0,
        115800.0,
        114300.0,
        114300.0,
        114300.0,
        114200.0,
        112680.0,
        112280.0,
        112280.0,
        112280.0,
        112280.0,
        111770.0,
        110970.0,
        110970.0,
        110970.0,
        110970.0,
        110970.0,
        110770.0,
        110770.0
    ]
}