{
    "elapsed_time": 45.79312038421631,
    "best_objective": 105630.0,
    "best_solution": [
        0,
        1,
        2,
        3,
        6,
        5,
        4,
        7,
        8,
        10,
        15,
        16,
        19,
        11,
        12,
        13,
        9,
        14,
        31,
        23,
        20,
        21,
        22,
        28,
        24,
        25,
        17,
        18,
        26,
        29,
        27,
        30
    ],
    "average_objectives_list": [
        136980.98039215687,
        127233.0,
        119529.8,
        116704.8,
        115266.0,
        114302.2,
        113469.2,
        112941.6,
        111568.4,
        111016.4,
        111509.6,
        110080.8,
        110886.2,
        109660.0,
        109943.0,
        110186.8,
        110241.0,
        110239.4,
        108930.6,
        109079.8,
        109072.0,
        108738.8,
        108695.2,
        109171.4,
        109278.0,
        108495.2,
        109680.8,
        109141.8,
        108706.6,
        108804.2,
        109562.6,
        108518.6,
        108457.2,
        107450.6,
        109441.8,
        108173.4,
        108018.8,
        107626.8,
        108722.4,
        107664.6,
        107448.0
    ],
    "best_objective_list": [
        128380.0,
        117320.0,
        115560.0,
        114460.0,
        114060.0,
        113330.0,
        112730.0,
        109530.0,
        108830.0,
        108430.0,
        108430.0,
        108430.0,
        108030.0,
        108030.0,
        108030.0,
        108030.0,
        107830.0,
        107830.0,
        107830.0,
        107830.0,
        107830.0,
        107730.0,
        107730.0,
        107730.0,
        107330.0,
        107330.0,
        107330.0,
        107330.0,
        107130.0,
        105630.0,
        105630.0,
        105630.0,
        105630.0,
        105630.0,
        105630.0,
        105630.0,
        105630.0,
        105630.0,
        105630.0,
        105630.0,
        105630.0
    ]
}