{
    "elapsed_time": 22.747459650039673,
    "best_objective": 103680.0,
    "best_solution": [
        5,
        1,
        2,
        3,
        4,
        0,
        6,
        7,
        8,
        15,
        16,
        19,
        22,
        10,
        11,
        12,
        24,
        25,
        14,
        26,
        18,
        20,
        21,
        9,
        23,
        13,
        17,
        27,
        28,
        29,
        30,
        31
    ],
    "average_objectives_list": [
        137092.9411764706,
        127549.2,
        121644.4,
        115793.4,
        113580.0,
        112486.0,
        112031.2,
        111229.4,
        110741.8,
        111638.6,
        110011.4,
        110270.4,
        108940.6,
        107546.4,
        108984.2,
        107624.4,
        107151.0,
        107571.2,
        106325.4,
        105949.8,
        106132.6
    ],
    "best_objective_list": [
        128560.0,
        117350.0,
        112700.0,
        112700.0,
        109100.0,
        109100.0,
        108900.0,
        107500.0,
        107500.0,
        107500.0,
        106580.0,
        105580.0,
        105580.0,
        105180.0,
        105180.0,
        105180.0,
        104680.0,
        104680.0,
        103680.0,
        103680.0,
        103680.0
    ]
}