{
    "elapsed_time": 25.41073989868164,
    "best_objective": 110780.0,
    "best_solution": [
        0,
        2,
        3,
        21,
        4,
        1,
        6,
        8,
        10,
        11,
        12,
        13,
        7,
        15,
        16,
        17,
        18,
        19,
        9,
        14,
        20,
        5,
        22,
        23,
        24,
        25,
        26,
        27,
        28,
        29,
        30,
        31
    ],
    "average_objectives_list": [
        137609.40594059406,
        129568.3,
        124696.7,
        122343.2,
        121091.2,
        121224.0,
        119284.4,
        116250.2,
        115935.1,
        115935.0,
        118269.3,
        115646.7,
        115291.2,
        115195.2,
        117257.0,
        114724.8,
        114485.6,
        115064.6,
        115514.4,
        115310.7,
        114275.4
    ],
    "best_objective_list": [
        126030.0,
        121550.0,
        120450.0,
        118170.0,
        118170.0,
        115560.0,
        114560.0,
        113960.0,
        113960.0,
        113960.0,
        113960.0,
        112960.0,
        112960.0,
        110780.0,
        110780.0,
        110780.0,
        110780.0,
        110780.0,
        110780.0,
        110780.0,
        110780.0
    ]
}