{
    "elapsed_time": 25.72664451599121,
    "best_objective": 108030.0,
    "best_solution": [
        0,
        1,
        2,
        3,
        4,
        5,
        6,
        9,
        15,
        16,
        7,
        21,
        8,
        10,
        11,
        12,
        13,
        14,
        19,
        18,
        17,
        20,
        22,
        23,
        24,
        25,
        28,
        27,
        26,
        29,
        30,
        31
    ],
    "average_objectives_list": [
        136261.9801980198,
        127655.0,
        122946.0,
        121310.9,
        118390.3,
        116769.0,
        115494.3,
        115043.8,
        114949.2,
        115843.3,
        115856.1,
        115025.6,
        114758.1,
        114203.4,
        113555.2,
        113925.6,
        111517.8,
        113218.6,
        112883.5,
        113673.2,
        113820.4
    ],
    "best_objective_list": [
        124950.0,
        116150.0,
        116150.0,
        114130.0,
        114130.0,
        112770.0,
        112770.0,
        112770.0,
        112770.0,
        112670.0,
        108030.0,
        108030.0,
        108030.0,
        108030.0,
        108030.0,
        108030.0,
        108030.0,
        108030.0,
        108030.0,
        108030.0,
        108030.0
    ]
}