{
    "elapsed_time": 22.59626340866089,
    "best_objective": 104740.0,
    "best_solution": [
        0,
        1,
        2,
        21,
        4,
        5,
        6,
        7,
        8,
        15,
        16,
        9,
        10,
        11,
        12,
        27,
        23,
        22,
        14,
        26,
        19,
        3,
        20,
        17,
        24,
        25,
        18,
        13,
        28,
        29,
        30,
        31
    ],
    "average_objectives_list": [
        136752.35294117648,
        125879.4,
        121323.0,
        118079.0,
        116673.8,
        115388.8,
        114917.4,
        113916.2,
        112669.0,
        112116.6,
        112528.6,
        111963.2,
        110724.0,
        111347.8,
        111220.0,
        111479.8,
        112273.6,
        110293.0,
        110543.6,
        111458.4,
        109349.2
    ],
    "best_objective_list": [
        121230.0,
        118960.0,
        117260.0,
        115260.0,
        114260.0,
        113160.0,
        110180.0,
        110180.0,
        109780.0,
        109780.0,
        109780.0,
        109780.0,
        108980.0,
        108980.0,
        107780.0,
        107780.0,
        107780.0,
        107780.0,
        105740.0,
        105740.0,
        104740.0
    ]
}