{
    "elapsed_time": 11.412856340408325,
    "best_objective": 113000.0,
    "best_solution": [
        4,
        1,
        2,
        3,
        0,
        5,
        6,
        7,
        8,
        19,
        10,
        11,
        12,
        14,
        15,
        16,
        30,
        9,
        13,
        17,
        18,
        20,
        21,
        22,
        23,
        24,
        25,
        26,
        27,
        28,
        29,
        31
    ],
    "average_objectives_list": [
        138044.9019607843,
        127668.6,
        121524.6,
        118524.2,
        117514.4,
        117470.4,
        117258.4,
        117332.6,
        116268.8,
        114062.0,
        113328.0
    ],
    "best_objective_list": [
        128580.0,
        119230.0,
        116930.0,
        116930.0,
        116530.0,
        116530.0,
        116530.0,
        113800.0,
        113300.0,
        113300.0,
        113000.0
    ]
}