{
    "elapsed_time": 45.17134237289429,
    "best_objective": 106260.0,
    "best_solution": [
        0,
        2,
        3,
        19,
        4,
        5,
        6,
        21,
        10,
        11,
        12,
        7,
        15,
        16,
        1,
        8,
        9,
        14,
        28,
        18,
        20,
        13,
        22,
        23,
        24,
        25,
        17,
        26,
        27,
        29,
        30,
        31
    ],
    "average_objectives_list": [
        137598.431372549,
        127925.6,
        122244.4,
        119589.8,
        117336.2,
        115721.0,
        115921.8,
        115491.0,
        114121.8,
        112086.0,
        111713.6,
        110527.0,
        109931.2,
        110939.8,
        111027.2,
        110210.6,
        111301.4,
        111057.0,
        111045.6,
        111135.4,
        109669.6,
        110165.0,
        109875.6,
        109932.8,
        111029.8,
        109975.0,
        109907.0,
        110793.2,
        108771.0,
        109873.4,
        109404.8,
        110325.8,
        109421.0,
        110775.2,
        110190.0,
        110446.4,
        108118.4,
        108290.0,
        109611.8,
        109797.6,
        109667.0
    ],
    "best_objective_list": [
        127370.0,
        120040.0,
        118560.0,
        114330.0,
        114330.0,
        113430.0,
        112230.0,
        108130.0,
        107330.0,
        106630.0,
        106630.0,
        106630.0,
        106630.0,
        106630.0,
        106630.0,
        106630.0,
        106630.0,
        106630.0,
        106630.0,
        106630.0,
        106560.0,
        106560.0,
        106560.0,
        106560.0,
        106560.0,
        106560.0,
        106560.0,
        106560.0,
        106560.0,
        106260.0,
        106260.0,
        106260.0,
        106260.0,
        106260.0,
        106260.0,
        106260.0,
        106260.0,
        106260.0,
        106260.0,
        106260.0,
        106260.0
    ]
}