{
    "elapsed_time": 22.524109363555908,
    "best_objective": 112580.0,
    "best_solution": [
        0,
        1,
        2,
        3,
        4,
        5,
        6,
        11,
        10,
        25,
        12,
        13,
        14,
        15,
        16,
        17,
        19,
        7,
        8,
        9,
        18,
        20,
        21,
        22,
        23,
        24,
        26,
        27,
        28,
        29,
        30,
        31
    ],
    "average_objectives_list": [
        136261.568627451,
        127524.8,
        122524.8,
        119092.8,
        118423.8,
        117884.0,
        116904.6,
        115248.2,
        114365.8,
        115184.4,
        114970.4,
        115787.0,
        114449.4,
        113295.6,
        113026.0,
        114144.4,
        114670.0,
        113053.4,
        113757.8,
        113980.2,
        113067.6
    ],
    "best_objective_list": [
        123720.0,
        119240.0,
        118640.0,
        118440.0,
        115040.0,
        115040.0,
        114350.0,
        113880.0,
        113580.0,
        113580.0,
        113180.0,
        113180.0,
        112580.0,
        112580.0,
        112580.0,
        112580.0,
        112580.0,
        112580.0,
        112580.0,
        112580.0,
        112580.0
    ]
}