{
    "elapsed_time": 21.44419527053833,
    "best_objective": 106460.0,
    "best_solution": [
        0,
        1,
        2,
        3,
        4,
        5,
        6,
        7,
        15,
        16,
        8,
        19,
        10,
        11,
        12,
        21,
        14,
        25,
        18,
        9,
        23,
        13,
        28,
        20,
        24,
        17,
        22,
        26,
        27,
        29,
        30,
        31
    ],
    "average_objectives_list": [
        137680.96774193548,
        127006.33333333333,
        122080.66666666667,
        119660.0,
        117262.66666666667,
        115988.0,
        115100.0,
        114296.66666666667,
        114363.33333333333,
        114148.66666666667,
        113451.0,
        112644.0,
        112727.66666666667,
        113009.0,
        112042.33333333333,
        110680.0,
        110879.0,
        109926.0,
        109269.0,
        107237.66666666667,
        106797.33333333333
    ],
    "best_objective_list": [
        128010.0,
        121380.0,
        118960.0,
        116760.0,
        115660.0,
        113860.0,
        113860.0,
        113860.0,
        113560.0,
        112960.0,
        111360.0,
        110260.0,
        110260.0,
        110260.0,
        110060.0,
        110060.0,
        110030.0,
        107030.0,
        107030.0,
        106460.0,
        106460.0
    ]
}