{
    "elapsed_time": 22.713302850723267,
    "best_objective": 110770.0,
    "best_solution": [
        0,
        1,
        2,
        3,
        4,
        5,
        6,
        7,
        8,
        10,
        11,
        12,
        13,
        15,
        16,
        31,
        23,
        18,
        14,
        9,
        19,
        20,
        21,
        22,
        24,
        25,
        26,
        27,
        28,
        17,
        29,
        30
    ],
    "average_objectives_list": [
        137013.72549019608,
        128545.8,
        122086.6,
        118634.2,
        116595.4,
        114860.0,
        114860.0,
        114824.0,
        114568.0,
        114302.2,
        114047.4,
        114550.8,
        113589.4,
        113760.4,
        112928.2,
        113765.0,
        113003.4,
        112643.0,
        112978.0,
        112859.8,
        112092.0
    ],
    "best_objective_list": [
        128330.0,
        120320.0,
        117420.0,
        114860.0,
        114860.0,
        114860.0,
        114860.0,
        113860.0,
        113660.0,
        112970.0,
        112570.0,
        112570.0,
        110970.0,
        110970.0,
        110970.0,
        110770.0,
        110770.0,
        110770.0,
        110770.0,
        110770.0,
        110770.0
    ]
}