{
    "elapsed_time": 46.30767512321472,
    "best_objective": 109230.0,
    "best_solution": [
        0,
        1,
        2,
        11,
        4,
        5,
        6,
        8,
        10,
        3,
        12,
        21,
        15,
        16,
        26,
        17,
        28,
        19,
        20,
        22,
        23,
        7,
        9,
        31,
        14,
        24,
        25,
        27,
        18,
        29,
        30,
        13
    ],
    "average_objectives_list": [
        136229.41176470587,
        126959.8,
        121134.2,
        118440.4,
        116772.0,
        117480.8,
        116743.2,
        116518.8,
        116132.4,
        115484.6,
        114879.8,
        115417.4,
        114547.8,
        114179.2,
        114172.8,
        114573.6,
        114511.4,
        114182.6,
        114937.6,
        113658.2,
        113865.2,
        114815.8,
        114230.0,
        114363.6,
        114552.4,
        113834.0,
        114465.2,
        114086.8,
        114354.4,
        113928.4,
        114416.4,
        114896.2,
        114086.2,
        113965.8,
        114181.8,
        113037.8,
        112817.2,
        113446.6,
        112998.6,
        111818.2,
        112632.2
    ],
    "best_objective_list": [
        127650.0,
        119710.0,
        116770.0,
        116770.0,
        116770.0,
        116770.0,
        116170.0,
        115870.0,
        113970.0,
        113470.0,
        112370.0,
        112370.0,
        112370.0,
        112370.0,
        112370.0,
        112370.0,
        112370.0,
        112370.0,
        112370.0,
        112370.0,
        112370.0,
        112370.0,
        112370.0,
        112370.0,
        112370.0,
        112370.0,
        112370.0,
        112370.0,
        112370.0,
        112070.0,
        112070.0,
        112070.0,
        110030.0,
        110030.0,
        110030.0,
        110030.0,
        110030.0,
        110030.0,
        110030.0,
        110030.0,
        109230.0
    ]
}