{
    "elapsed_time": 22.553666830062866,
    "best_objective": 110430.0,
    "best_solution": [
        0,
        1,
        2,
        21,
        4,
        5,
        6,
        8,
        11,
        10,
        7,
        12,
        23,
        15,
        16,
        19,
        20,
        24,
        13,
        17,
        18,
        3,
        9,
        14,
        22,
        25,
        27,
        26,
        28,
        29,
        30,
        31
    ],
    "average_objectives_list": [
        137234.70588235295,
        127351.8,
        120937.6,
        118520.2,
        117420.0,
        116505.8,
        115771.2,
        114817.6,
        114661.6,
        113210.6,
        112962.0,
        112795.0,
        112654.4,
        112050.0,
        112420.8,
        112124.0,
        112612.4,
        111858.2,
        112496.8,
        111996.8,
        111685.6
    ],
    "best_objective_list": [
        125000.0,
        119290.0,
        117500.0,
        117500.0,
        116100.0,
        114800.0,
        113570.0,
        112810.0,
        112610.0,
        112610.0,
        112210.0,
        111610.0,
        111610.0,
        110530.0,
        110530.0,
        110530.0,
        110430.0,
        110430.0,
        110430.0,
        110430.0,
        110430.0
    ]
}