{
    "elapsed_time": 22.620699167251587,
    "best_objective": 108090.0,
    "best_solution": [
        0,
        2,
        4,
        7,
        1,
        5,
        6,
        15,
        8,
        10,
        11,
        12,
        19,
        20,
        21,
        22,
        23,
        24,
        9,
        13,
        3,
        14,
        16,
        17,
        18,
        25,
        26,
        27,
        28,
        29,
        30,
        31
    ],
    "average_objectives_list": [
        137224.11764705883,
        127206.8,
        120641.4,
        116531.6,
        115755.4,
        113985.4,
        112820.4,
        112060.0,
        112060.0,
        112472.4,
        112034.4,
        111811.6,
        111389.6,
        110754.0,
        111123.0,
        111455.4,
        110617.6,
        110905.4,
        109769.2,
        109267.0,
        109667.2
    ],
    "best_objective_list": [
        122800.0,
        116330.0,
        116010.0,
        113600.0,
        113200.0,
        112060.0,
        112060.0,
        112060.0,
        112060.0,
        112060.0,
        111280.0,
        110580.0,
        110580.0,
        110580.0,
        110580.0,
        108490.0,
        108490.0,
        108490.0,
        108490.0,
        108490.0,
        108090.0
    ]
}