{
    "elapsed_time": 45.380863904953,
    "best_objective": 107720.0,
    "best_solution": [
        0,
        1,
        2,
        4,
        6,
        7,
        16,
        8,
        10,
        12,
        15,
        21,
        27,
        14,
        11,
        9,
        23,
        5,
        18,
        26,
        20,
        19,
        28,
        22,
        13,
        25,
        3,
        17,
        24,
        29,
        30,
        31
    ],
    "average_objectives_list": [
        136939.80392156861,
        127552.8,
        121379.4,
        119178.4,
        117780.2,
        117083.0,
        116801.6,
        116627.8,
        116364.0,
        116034.8,
        116045.0,
        116091.4,
        115763.2,
        115809.4,
        115676.2,
        114857.6,
        115144.0,
        114847.2,
        114548.2,
        114049.8,
        113187.2,
        114650.2,
        114336.8,
        111850.2,
        112210.2,
        113280.6,
        111444.4,
        111175.6,
        110719.0,
        111598.8,
        110380.4,
        111962.8,
        111031.2,
        111416.0,
        110757.6,
        110633.6,
        111177.4,
        111889.6,
        112749.2,
        112668.4,
        109716.4
    ],
    "best_objective_list": [
        126690.0,
        120500.0,
        118790.0,
        116970.0,
        116590.0,
        116590.0,
        116590.0,
        115790.0,
        115390.0,
        114990.0,
        114990.0,
        114990.0,
        113890.0,
        113890.0,
        113090.0,
        113090.0,
        111980.0,
        111970.0,
        111970.0,
        110770.0,
        110770.0,
        110770.0,
        110220.0,
        109720.0,
        109720.0,
        109720.0,
        109020.0,
        109020.0,
        108820.0,
        108820.0,
        108820.0,
        108820.0,
        108820.0,
        108820.0,
        108820.0,
        108820.0,
        108820.0,
        108820.0,
        108820.0,
        108820.0,
        107720.0
    ]
}