{
    "elapsed_time": 11.46586799621582,
    "best_objective": 112880.0,
    "best_solution": [
        0,
        1,
        2,
        3,
        5,
        4,
        6,
        7,
        10,
        25,
        12,
        13,
        14,
        15,
        16,
        17,
        18,
        20,
        8,
        9,
        21,
        11,
        19,
        22,
        23,
        24,
        26,
        27,
        28,
        29,
        30,
        31
    ],
    "average_objectives_list": [
        137417.25490196078,
        126045.0,
        118977.4,
        116864.2,
        115646.0,
        114591.2,
        114213.2,
        114232.0,
        113919.8,
        113879.8,
        113554.4
    ],
    "best_objective_list": [
        125280.0,
        116740.0,
        116380.0,
        114280.0,
        113880.0,
        113680.0,
        113280.0,
        112880.0,
        112880.0,
        112880.0,
        112880.0
    ]
}