{
    "elapsed_time": 21.3566734790802,
    "best_objective": 109730.0,
    "best_solution": [
        8,
        1,
        2,
        15,
        6,
        3,
        10,
        11,
        12,
        14,
        5,
        16,
        20,
        22,
        23,
        18,
        19,
        31,
        0,
        7,
        9,
        25,
        4,
        21,
        13,
        17,
        24,
        26,
        27,
        28,
        29,
        30
    ],
    "average_objectives_list": [
        137462.25806451612,
        127930.0,
        122542.66666666667,
        118406.66666666667,
        117805.0,
        117605.0,
        116737.33333333333,
        115234.66666666667,
        114913.66666666667,
        113725.0,
        113432.66666666667,
        112886.0,
        112929.66666666667,
        112520.0,
        111741.33333333333,
        111663.0,
        111637.33333333333,
        111515.33333333333,
        112411.33333333333,
        111872.0,
        111638.33333333333
    ],
    "best_objective_list": [
        127560.0,
        120870.0,
        117420.0,
        117420.0,
        117420.0,
        115290.0,
        115290.0,
        113630.0,
        113630.0,
        113230.0,
        109830.0,
        109830.0,
        109830.0,
        109730.0,
        109730.0,
        109730.0,
        109730.0,
        109730.0,
        109730.0,
        109730.0,
        109730.0
    ]
}