{
    "elapsed_time": 11.248198509216309,
    "best_objective": 112600.0,
    "best_solution": [
        0,
        1,
        3,
        5,
        6,
        7,
        15,
        8,
        10,
        11,
        2,
        16,
        20,
        22,
        23,
        24,
        14,
        4,
        18,
        31,
        9,
        12,
        13,
        17,
        19,
        21,
        25,
        26,
        27,
        28,
        29,
        30
    ],
    "average_objectives_list": [
        136805.0980392157,
        126885.4,
        121155.8,
        118529.8,
        117775.4,
        117080.0,
        115812.6,
        114911.0,
        115278.2,
        114406.4,
        114002.0
    ],
    "best_objective_list": [
        126450.0,
        120050.0,
        117790.0,
        116700.0,
        114500.0,
        114500.0,
        114470.0,
        114400.0,
        113500.0,
        112600.0,
        112600.0
    ]
}