{
    "elapsed_time": 22.854228019714355,
    "best_objective": 109850.0,
    "best_solution": [
        0,
        1,
        2,
        26,
        4,
        5,
        6,
        8,
        10,
        11,
        12,
        13,
        15,
        16,
        25,
        17,
        18,
        7,
        14,
        19,
        20,
        21,
        3,
        9,
        22,
        23,
        24,
        27,
        28,
        29,
        30,
        31
    ],
    "average_objectives_list": [
        136212.54901960783,
        127372.4,
        122246.8,
        121844.0,
        120642.0,
        119725.8,
        118513.0,
        116252.2,
        114425.8,
        113146.8,
        113014.2,
        112646.0,
        112773.0,
        112719.2,
        112147.0,
        112191.8,
        112466.2,
        112813.0,
        112013.4,
        112790.6,
        113736.8
    ],
    "best_objective_list": [
        124290.0,
        120750.0,
        119890.0,
        119890.0,
        119170.0,
        117300.0,
        114880.0,
        112680.0,
        112680.0,
        112680.0,
        111880.0,
        111280.0,
        111280.0,
        110450.0,
        109850.0,
        109850.0,
        109850.0,
        109850.0,
        109850.0,
        109850.0,
        109850.0
    ]
}