{
    "elapsed_time": 45.23568272590637,
    "best_objective": 108340.0,
    "best_solution": [
        4,
        1,
        2,
        5,
        6,
        7,
        10,
        11,
        21,
        0,
        12,
        13,
        14,
        15,
        16,
        17,
        18,
        19,
        20,
        23,
        9,
        3,
        22,
        28,
        8,
        25,
        24,
        26,
        27,
        29,
        30,
        31
    ],
    "average_objectives_list": [
        137872.74509803922,
        127902.0,
        121424.6,
        119018.2,
        117583.2,
        116485.0,
        115316.2,
        115358.8,
        115154.6,
        115391.6,
        113755.6,
        113755.6,
        112681.2,
        112520.6,
        111640.8,
        113240.6,
        112492.2,
        111647.6,
        110791.2,
        111834.0,
        112239.0,
        111935.8,
        112188.6,
        112205.2,
        111042.2,
        110230.0,
        110396.4,
        113273.0,
        110786.0,
        111522.4,
        111119.2,
        111538.8,
        110597.0,
        110283.4,
        111438.8,
        110734.6,
        110970.4,
        110358.0,
        111197.0,
        110607.6,
        110557.8
    ],
    "best_objective_list": [
        129960.0,
        120040.0,
        118220.0,
        117040.0,
        114940.0,
        114940.0,
        114840.0,
        114840.0,
        114840.0,
        112640.0,
        112640.0,
        111040.0,
        110840.0,
        110840.0,
        110250.0,
        109750.0,
        108950.0,
        108840.0,
        108840.0,
        108840.0,
        108840.0,
        108840.0,
        108840.0,
        108840.0,
        108840.0,
        108840.0,
        108340.0,
        108340.0,
        108340.0,
        108340.0,
        108340.0,
        108340.0,
        108340.0,
        108340.0,
        108340.0,
        108340.0,
        108340.0,
        108340.0,
        108340.0,
        108340.0,
        108340.0
    ]
}