{
    "elapsed_time": 22.713074445724487,
    "best_objective": 104920.0,
    "best_solution": [
        0,
        1,
        2,
        3,
        4,
        5,
        10,
        21,
        14,
        15,
        16,
        17,
        23,
        24,
        25,
        26,
        27,
        7,
        6,
        8,
        9,
        11,
        12,
        19,
        18,
        20,
        13,
        22,
        28,
        29,
        30,
        31
    ],
    "average_objectives_list": [
        136638.6274509804,
        125772.0,
        121089.6,
        118895.0,
        116755.0,
        115313.6,
        113945.4,
        110885.0,
        108449.2,
        109592.0,
        108330.0,
        108330.0,
        108330.0,
        108330.0,
        108274.0,
        107948.0,
        107076.4,
        107952.4,
        109077.0,
        107192.0,
        107041.8
    ],
    "best_objective_list": [
        121160.0,
        118810.0,
        118010.0,
        115910.0,
        114530.0,
        112810.0,
        108330.0,
        108330.0,
        108330.0,
        108330.0,
        108330.0,
        108330.0,
        108330.0,
        108330.0,
        106730.0,
        106730.0,
        106730.0,
        106730.0,
        106730.0,
        106730.0,
        104920.0
    ]
}