{
    "elapsed_time": 25.63715147972107,
    "best_objective": 108840.0,
    "best_solution": [
        0,
        1,
        2,
        3,
        4,
        6,
        21,
        7,
        8,
        10,
        15,
        16,
        12,
        27,
        11,
        9,
        30,
        14,
        17,
        18,
        19,
        20,
        5,
        22,
        23,
        24,
        25,
        26,
        28,
        29,
        13,
        31
    ],
    "average_objectives_list": [
        137162.9702970297,
        129322.5,
        124052.9,
        120831.8,
        118049.0,
        118931.4,
        117166.9,
        117215.6,
        116275.3,
        115007.6,
        115645.6,
        115309.7,
        113875.9,
        114450.9,
        114106.6,
        114232.6,
        113644.1,
        114528.3,
        114852.2,
        115400.7,
        113496.0
    ],
    "best_objective_list": [
        123820.0,
        119790.0,
        115860.0,
        115060.0,
        114340.0,
        114340.0,
        112740.0,
        112740.0,
        112740.0,
        110840.0,
        110840.0,
        110840.0,
        110840.0,
        110840.0,
        110840.0,
        110640.0,
        110640.0,
        110640.0,
        110640.0,
        109840.0,
        108840.0
    ]
}