{
    "elapsed_time": 11.384834289550781,
    "best_objective": 113140.0,
    "best_solution": [
        0,
        1,
        2,
        10,
        4,
        5,
        6,
        7,
        8,
        3,
        12,
        13,
        14,
        15,
        16,
        31,
        22,
        28,
        11,
        9,
        18,
        19,
        20,
        21,
        23,
        24,
        25,
        26,
        27,
        29,
        30,
        17
    ],
    "average_objectives_list": [
        136720.58823529413,
        126579.6,
        119511.2,
        116314.0,
        115649.8,
        115450.6,
        115286.4,
        115597.0,
        114777.6,
        114605.4,
        114588.6
    ],
    "best_objective_list": [
        125490.0,
        116630.0,
        115830.0,
        115230.0,
        115230.0,
        114760.0,
        113830.0,
        113360.0,
        113360.0,
        113360.0,
        113140.0
    ]
}