{
    "elapsed_time": 22.86113953590393,
    "best_objective": 107650.0,
    "best_solution": [
        0,
        1,
        2,
        4,
        6,
        7,
        15,
        16,
        19,
        21,
        8,
        9,
        10,
        11,
        12,
        13,
        14,
        3,
        25,
        24,
        23,
        5,
        17,
        18,
        20,
        22,
        26,
        27,
        28,
        29,
        30,
        31
    ],
    "average_objectives_list": [
        136629.41176470587,
        126436.8,
        120277.6,
        118457.2,
        117408.4,
        115821.2,
        116171.8,
        115041.4,
        114782.2,
        112368.0,
        112561.4,
        111865.2,
        111837.6,
        112235.2,
        111623.8,
        108533.0,
        108598.8,
        109862.8,
        109975.6,
        109127.0,
        109225.0
    ],
    "best_objective_list": [
        129680.0,
        118100.0,
        116940.0,
        115240.0,
        115240.0,
        114240.0,
        113040.0,
        112240.0,
        111240.0,
        111040.0,
        111040.0,
        110640.0,
        107850.0,
        107850.0,
        107650.0,
        107650.0,
        107650.0,
        107650.0,
        107650.0,
        107650.0,
        107650.0
    ]
}