{
    "elapsed_time": 21.428332567214966,
    "best_objective": 108160.0,
    "best_solution": [
        0,
        1,
        2,
        18,
        6,
        7,
        8,
        9,
        10,
        11,
        12,
        13,
        15,
        16,
        17,
        26,
        23,
        19,
        20,
        28,
        3,
        4,
        21,
        22,
        14,
        5,
        25,
        24,
        27,
        29,
        30,
        31
    ],
    "average_objectives_list": [
        137106.7741935484,
        126394.33333333333,
        118960.66666666667,
        116996.66666666667,
        115019.33333333333,
        113914.0,
        113365.33333333333,
        112640.0,
        112618.66666666667,
        111922.66666666667,
        110882.66666666667,
        111528.66666666667,
        110599.66666666667,
        110789.66666666667,
        110599.0,
        111564.0,
        112452.66666666667,
        110869.66666666667,
        109950.33333333333,
        111438.0,
        111766.66666666667
    ],
    "best_objective_list": [
        129510.0,
        117880.0,
        117010.0,
        114650.0,
        113150.0,
        112690.0,
        111490.0,
        110690.0,
        110490.0,
        110490.0,
        109570.0,
        109570.0,
        108620.0,
        108160.0,
        108160.0,
        108160.0,
        108160.0,
        108160.0,
        108160.0,
        108160.0,
        108160.0
    ]
}