{
    "elapsed_time": 21.706894159317017,
    "best_objective": 108680.0,
    "best_solution": [
        26,
        4,
        6,
        7,
        8,
        10,
        11,
        19,
        20,
        21,
        13,
        22,
        18,
        12,
        9,
        28,
        3,
        15,
        0,
        1,
        24,
        25,
        16,
        2,
        14,
        17,
        5,
        23,
        27,
        29,
        30,
        31
    ],
    "average_objectives_list": [
        135770.64516129033,
        125477.66666666667,
        120768.0,
        119159.66666666667,
        117580.66666666667,
        116810.0,
        114959.0,
        114299.66666666667,
        114242.66666666667,
        112353.33333333333,
        112737.66666666667,
        111964.0,
        112120.66666666667,
        111417.66666666667,
        109849.66666666667,
        110231.33333333333,
        110447.33333333333,
        109904.66666666667,
        110741.66666666667,
        111140.33333333333,
        111395.66666666667
    ],
    "best_objective_list": [
        126530.0,
        118890.0,
        118280.0,
        117200.0,
        116700.0,
        112740.0,
        112740.0,
        112030.0,
        112030.0,
        111230.0,
        111110.0,
        110710.0,
        110710.0,
        108710.0,
        108680.0,
        108680.0,
        108680.0,
        108680.0,
        108680.0,
        108680.0,
        108680.0
    ]
}