{
    "elapsed_time": 45.82407236099243,
    "best_objective": 105310.0,
    "best_solution": [
        2,
        3,
        5,
        7,
        14,
        15,
        16,
        17,
        18,
        24,
        25,
        26,
        27,
        13,
        29,
        31,
        11,
        10,
        21,
        0,
        1,
        4,
        6,
        8,
        22,
        12,
        19,
        20,
        9,
        23,
        28,
        30
    ],
    "average_objectives_list": [
        137832.9411764706,
        126924.8,
        121643.0,
        119451.2,
        119380.2,
        118844.2,
        118246.6,
        119673.0,
        119679.0,
        118131.6,
        115879.0,
        113219.0,
        114091.2,
        111918.6,
        111811.0,
        112354.0,
        111755.8,
        112724.6,
        110758.0,
        111961.0,
        113249.6,
        113444.0,
        113270.2,
        111282.6,
        109677.2,
        111364.6,
        110567.4,
        110241.8,
        108089.2,
        109195.0,
        111744.4,
        110763.0,
        108850.4,
        111059.6,
        108475.0,
        108215.6,
        108905.0,
        111203.0,
        108320.6,
        108952.8,
        110080.8
    ],
    "best_objective_list": [
        124390.0,
        118430.0,
        116960.0,
        116960.0,
        116960.0,
        116500.0,
        116500.0,
        116500.0,
        113640.0,
        112140.0,
        110240.0,
        110240.0,
        110240.0,
        110040.0,
        109840.0,
        109840.0,
        109740.0,
        109740.0,
        109740.0,
        109240.0,
        108710.0,
        108710.0,
        108710.0,
        107710.0,
        107710.0,
        107710.0,
        106110.0,
        106110.0,
        105910.0,
        105910.0,
        105910.0,
        105910.0,
        105910.0,
        105310.0,
        105310.0,
        105310.0,
        105310.0,
        105310.0,
        105310.0,
        105310.0,
        105310.0
    ]
}