{
    "elapsed_time": 22.485351085662842,
    "best_objective": 110250.0,
    "best_solution": [
        0,
        1,
        2,
        3,
        4,
        5,
        6,
        7,
        8,
        15,
        16,
        9,
        22,
        11,
        10,
        12,
        26,
        14,
        17,
        13,
        18,
        19,
        20,
        21,
        23,
        24,
        25,
        27,
        28,
        29,
        30,
        31
    ],
    "average_objectives_list": [
        136743.33333333334,
        127152.4,
        121460.4,
        118353.0,
        117111.8,
        116082.6,
        115842.4,
        115205.8,
        113412.6,
        113238.2,
        112678.0,
        112346.0,
        112030.0,
        111941.6,
        111642.6,
        111450.0,
        111554.0,
        111512.0,
        111184.0,
        110570.0,
        110744.4
    ],
    "best_objective_list": [
        128610.0,
        120620.0,
        117420.0,
        115970.0,
        115910.0,
        115310.0,
        114010.0,
        112950.0,
        112450.0,
        112050.0,
        112050.0,
        112050.0,
        111050.0,
        111050.0,
        111050.0,
        111050.0,
        110850.0,
        110250.0,
        110250.0,
        110250.0,
        110250.0
    ]
}