{
    "elapsed_time": 21.522345304489136,
    "best_objective": 111100.0,
    "best_solution": [
        0,
        1,
        2,
        10,
        4,
        5,
        11,
        12,
        7,
        8,
        15,
        16,
        19,
        6,
        3,
        9,
        13,
        14,
        17,
        18,
        20,
        21,
        22,
        23,
        24,
        25,
        26,
        27,
        28,
        29,
        30,
        31
    ],
    "average_objectives_list": [
        138001.93548387097,
        125956.33333333333,
        119637.66666666667,
        117560.66666666667,
        116207.33333333333,
        115392.0,
        115363.33333333333,
        115244.33333333333,
        114868.0,
        114386.66666666667,
        113546.66666666667,
        113203.33333333333,
        112946.66666666667,
        113250.0,
        112986.66666666667,
        112756.66666666667,
        113156.66666666667,
        113266.66666666667,
        111693.33333333333,
        111870.66666666667,
        111806.66666666667
    ],
    "best_objective_list": [
        126780.0,
        119540.0,
        117190.0,
        115790.0,
        115290.0,
        115290.0,
        115290.0,
        114800.0,
        113800.0,
        113000.0,
        113000.0,
        113000.0,
        112800.0,
        112500.0,
        112500.0,
        112500.0,
        112200.0,
        111100.0,
        111100.0,
        111100.0,
        111100.0
    ]
}