{
    "elapsed_time": 22.905722618103027,
    "best_objective": 102710.0,
    "best_solution": [
        0,
        1,
        3,
        19,
        4,
        5,
        6,
        7,
        8,
        15,
        16,
        9,
        10,
        11,
        12,
        13,
        23,
        14,
        28,
        18,
        2,
        20,
        21,
        22,
        24,
        25,
        17,
        26,
        30,
        29,
        27,
        31
    ],
    "average_objectives_list": [
        138661.3725490196,
        127986.0,
        122424.6,
        120293.4,
        118379.6,
        116999.8,
        114280.4,
        113521.2,
        113501.8,
        112921.6,
        112030.8,
        111997.8,
        113107.0,
        112292.4,
        111751.2,
        110557.8,
        109832.2,
        110207.0,
        109405.4,
        109053.2,
        108599.8
    ],
    "best_objective_list": [
        129470.0,
        121320.0,
        117360.0,
        117360.0,
        114460.0,
        112960.0,
        112960.0,
        110460.0,
        110460.0,
        109230.0,
        109230.0,
        109230.0,
        109230.0,
        106910.0,
        105610.0,
        104310.0,
        104310.0,
        102710.0,
        102710.0,
        102710.0,
        102710.0
    ]
}