{
    "elapsed_time": 25.649341583251953,
    "best_objective": 110870.0,
    "best_solution": [
        1,
        2,
        3,
        7,
        4,
        6,
        0,
        8,
        9,
        10,
        11,
        12,
        19,
        20,
        21,
        13,
        23,
        15,
        16,
        31,
        18,
        5,
        22,
        14,
        24,
        25,
        26,
        27,
        28,
        29,
        17,
        30
    ],
    "average_objectives_list": [
        137102.57425742573,
        128881.3,
        122754.2,
        120514.5,
        118935.1,
        118347.2,
        117588.7,
        117514.3,
        116964.9,
        117607.8,
        117156.1,
        116506.5,
        116542.7,
        116348.4,
        115932.1,
        116023.3,
        115569.4,
        116356.4,
        115197.7,
        114479.9,
        116123.8
    ],
    "best_objective_list": [
        125260.0,
        120260.0,
        117030.0,
        116670.0,
        114770.0,
        114770.0,
        114470.0,
        114470.0,
        114470.0,
        114470.0,
        112570.0,
        112570.0,
        111270.0,
        111270.0,
        111270.0,
        111270.0,
        110870.0,
        110870.0,
        110870.0,
        110870.0,
        110870.0
    ]
}