{
    "elapsed_time": 22.85532522201538,
    "best_objective": 108110.0,
    "best_solution": [
        2,
        3,
        4,
        5,
        6,
        7,
        15,
        16,
        8,
        0,
        1,
        19,
        31,
        10,
        11,
        12,
        9,
        21,
        14,
        17,
        18,
        20,
        13,
        22,
        23,
        24,
        25,
        26,
        27,
        28,
        29,
        30
    ],
    "average_objectives_list": [
        137326.86274509804,
        127565.8,
        120691.2,
        118423.6,
        115821.0,
        114160.0,
        113864.4,
        113345.8,
        112955.8,
        112241.8,
        111571.8,
        111536.4,
        110947.8,
        110606.0,
        110662.0,
        111198.8,
        109610.2,
        109565.6,
        110259.0,
        109893.4,
        110193.2
    ],
    "best_objective_list": [
        127810.0,
        118950.0,
        116640.0,
        114800.0,
        112610.0,
        112610.0,
        112510.0,
        111710.0,
        111510.0,
        111210.0,
        110310.0,
        110310.0,
        110210.0,
        110210.0,
        109210.0,
        108910.0,
        108910.0,
        108910.0,
        108110.0,
        108110.0,
        108110.0
    ]
}