{
    "elapsed_time": 11.389364004135132,
    "best_objective": 110590.0,
    "best_solution": [
        0,
        1,
        2,
        4,
        5,
        7,
        10,
        11,
        25,
        3,
        12,
        13,
        14,
        15,
        16,
        17,
        18,
        6,
        8,
        9,
        19,
        20,
        21,
        22,
        23,
        24,
        26,
        27,
        28,
        29,
        30,
        31
    ],
    "average_objectives_list": [
        137251.568627451,
        126458.4,
        120175.0,
        117554.2,
        116616.8,
        116249.2,
        115240.2,
        113737.0,
        112686.8,
        111729.6,
        111031.8
    ],
    "best_objective_list": [
        124850.0,
        119020.0,
        116190.0,
        115440.0,
        113990.0,
        112690.0,
        112690.0,
        110590.0,
        110590.0,
        110590.0,
        110590.0
    ]
}