{
    "elapsed_time": 22.494765758514404,
    "best_objective": 107480.0,
    "best_solution": [
        0,
        1,
        4,
        6,
        10,
        15,
        7,
        8,
        21,
        2,
        11,
        12,
        18,
        19,
        20,
        22,
        23,
        25,
        26,
        13,
        24,
        3,
        16,
        17,
        5,
        9,
        14,
        27,
        28,
        29,
        30,
        31
    ],
    "average_objectives_list": [
        137304.3137254902,
        126133.6,
        120415.6,
        117220.4,
        116943.6,
        115905.6,
        114898.0,
        113555.6,
        112943.8,
        113203.6,
        112113.2,
        113063.4,
        112927.2,
        112161.2,
        112129.4,
        112148.2,
        111429.8,
        110860.4,
        112885.8,
        112316.0,
        109599.4
    ],
    "best_objective_list": [
        127450.0,
        117120.0,
        116170.0,
        115440.0,
        114340.0,
        113440.0,
        109780.0,
        109780.0,
        109780.0,
        109780.0,
        109780.0,
        109480.0,
        109480.0,
        109480.0,
        108980.0,
        108980.0,
        108180.0,
        107480.0,
        107480.0,
        107480.0,
        107480.0
    ]
}