{
    "elapsed_time": 22.957785606384277,
    "best_objective": 109860.0,
    "best_solution": [
        0,
        1,
        3,
        4,
        2,
        5,
        6,
        7,
        14,
        15,
        16,
        19,
        20,
        28,
        22,
        30,
        11,
        10,
        12,
        13,
        18,
        21,
        8,
        17,
        23,
        24,
        25,
        26,
        27,
        9,
        29,
        31
    ],
    "average_objectives_list": [
        136683.5294117647,
        126787.4,
        121037.0,
        118159.2,
        117271.6,
        116296.0,
        115864.0,
        114479.6,
        114181.0,
        115885.2,
        114891.8,
        115134.6,
        114400.6,
        113037.0,
        112979.8,
        112097.8,
        112757.2,
        112723.2,
        112892.0,
        112528.2,
        112657.6
    ],
    "best_objective_list": [
        126420.0,
        119310.0,
        117670.0,
        116490.0,
        115450.0,
        114800.0,
        113460.0,
        112960.0,
        111560.0,
        111560.0,
        111560.0,
        111160.0,
        111160.0,
        110060.0,
        110060.0,
        109860.0,
        109860.0,
        109860.0,
        109860.0,
        109860.0,
        109860.0
    ]
}