{
    "elapsed_time": 22.677618265151978,
    "best_objective": 109590.0,
    "best_solution": [
        0,
        1,
        2,
        15,
        4,
        6,
        3,
        8,
        22,
        10,
        16,
        12,
        23,
        7,
        11,
        19,
        17,
        5,
        14,
        18,
        20,
        21,
        9,
        13,
        24,
        25,
        26,
        27,
        28,
        29,
        30,
        31
    ],
    "average_objectives_list": [
        137879.21568627452,
        128408.4,
        121905.2,
        118167.2,
        116742.0,
        115530.8,
        115183.4,
        114861.4,
        114470.8,
        114137.0,
        113611.4,
        113706.0,
        113727.6,
        113965.2,
        112578.8,
        114012.2,
        112662.8,
        112812.8,
        112505.4,
        113180.0,
        112592.0
    ],
    "best_objective_list": [
        126810.0,
        120620.0,
        117420.0,
        115560.0,
        115560.0,
        113940.0,
        113940.0,
        113940.0,
        113140.0,
        113140.0,
        112540.0,
        111940.0,
        111940.0,
        110740.0,
        110740.0,
        110740.0,
        110740.0,
        110740.0,
        110740.0,
        110740.0,
        109590.0
    ]
}