{
    "elapsed_time": 11.329446077346802,
    "best_objective": 112030.0,
    "best_solution": [
        1,
        2,
        3,
        14,
        0,
        5,
        6,
        7,
        8,
        10,
        11,
        12,
        4,
        15,
        16,
        9,
        23,
        13,
        17,
        18,
        19,
        20,
        21,
        22,
        24,
        25,
        26,
        27,
        28,
        29,
        30,
        31
    ],
    "average_objectives_list": [
        136651.3725490196,
        126708.4,
        120916.0,
        119901.2,
        118110.6,
        117180.6,
        116082.6,
        114820.0,
        114724.0,
        114676.0,
        114335.4
    ],
    "best_objective_list": [
        124600.0,
        118610.0,
        117330.0,
        117330.0,
        114830.0,
        114830.0,
        114730.0,
        114730.0,
        114430.0,
        113830.0,
        112030.0
    ]
}