{
    "elapsed_time": 22.63102698326111,
    "best_objective": 114080.0,
    "best_solution": [
        0,
        1,
        11,
        21,
        4,
        5,
        6,
        7,
        8,
        10,
        12,
        13,
        14,
        15,
        16,
        17,
        19,
        20,
        3,
        22,
        23,
        9,
        2,
        18,
        24,
        25,
        27,
        26,
        30,
        28,
        29,
        31
    ],
    "average_objectives_list": [
        136753.72549019608,
        126704.6,
        121430.8,
        119582.0,
        117993.8,
        117851.4,
        117998.4,
        117531.8,
        117567.6,
        117904.0,
        117687.6,
        117310.6,
        117419.6,
        117332.6,
        117774.4,
        117178.6,
        118189.2,
        117228.2,
        117441.4,
        116403.0,
        115657.6
    ],
    "best_objective_list": [
        124710.0,
        120270.0,
        117770.0,
        117770.0,
        117430.0,
        117430.0,
        116630.0,
        116630.0,
        116230.0,
        116230.0,
        116230.0,
        116230.0,
        116230.0,
        116230.0,
        116230.0,
        116230.0,
        116230.0,
        114850.0,
        114850.0,
        114080.0,
        114080.0
    ]
}