{
    "elapsed_time": 22.797104597091675,
    "best_objective": 108430.0,
    "best_solution": [
        0,
        1,
        2,
        11,
        4,
        5,
        6,
        10,
        7,
        25,
        3,
        12,
        26,
        17,
        15,
        16,
        18,
        19,
        8,
        9,
        14,
        20,
        21,
        22,
        23,
        28,
        13,
        27,
        24,
        29,
        30,
        31
    ],
    "average_objectives_list": [
        138123.72549019608,
        127184.6,
        121743.6,
        119722.2,
        118251.4,
        116927.6,
        115029.2,
        114442.6,
        113244.2,
        112822.6,
        113875.4,
        112532.0,
        111839.0,
        113726.6,
        113161.8,
        112811.6,
        113263.2,
        113342.8,
        113365.0,
        112472.6,
        112831.4
    ],
    "best_objective_list": [
        128010.0,
        120250.0,
        119540.0,
        115350.0,
        112950.0,
        112950.0,
        112550.0,
        112550.0,
        110350.0,
        110350.0,
        109250.0,
        108830.0,
        108830.0,
        108830.0,
        108830.0,
        108830.0,
        108830.0,
        108830.0,
        108830.0,
        108830.0,
        108430.0
    ]
}