{
    "elapsed_time": 11.373510599136353,
    "best_objective": 113160.0,
    "best_solution": [
        0,
        1,
        2,
        3,
        4,
        5,
        6,
        7,
        8,
        15,
        11,
        12,
        13,
        10,
        21,
        16,
        18,
        19,
        14,
        22,
        24,
        25,
        27,
        31,
        30,
        29,
        20,
        9,
        17,
        23,
        26,
        28
    ],
    "average_objectives_list": [
        136758.03921568627,
        128201.8,
        123327.6,
        119193.6,
        117323.8,
        115871.6,
        116052.0,
        114744.6,
        115053.0,
        114957.2,
        114788.0
    ],
    "best_objective_list": [
        128310.0,
        117960.0,
        117960.0,
        116160.0,
        113860.0,
        113860.0,
        113860.0,
        113560.0,
        113560.0,
        113560.0,
        113160.0
    ]
}