{
    "elapsed_time": 22.92190933227539,
    "best_objective": 110150.0,
    "best_solution": [
        0,
        1,
        3,
        4,
        5,
        6,
        7,
        8,
        10,
        15,
        16,
        12,
        13,
        25,
        17,
        26,
        19,
        20,
        21,
        22,
        23,
        2,
        11,
        9,
        14,
        24,
        18,
        27,
        28,
        29,
        30,
        31
    ],
    "average_objectives_list": [
        137199.21568627452,
        126740.0,
        121136.0,
        118882.6,
        117852.8,
        116869.2,
        115709.6,
        115663.2,
        115356.4,
        114006.4,
        114667.2,
        112766.4,
        113676.0,
        113052.6,
        113028.8,
        112804.8,
        113571.2,
        112520.0,
        112263.6,
        111660.4,
        111488.0
    ],
    "best_objective_list": [
        121660.0,
        120140.0,
        117520.0,
        116140.0,
        115440.0,
        115440.0,
        115040.0,
        112230.0,
        112230.0,
        112230.0,
        112230.0,
        112230.0,
        112230.0,
        112230.0,
        112230.0,
        112230.0,
        111230.0,
        111230.0,
        111230.0,
        110150.0,
        110150.0
    ]
}