{
    "elapsed_time": 11.422648429870605,
    "best_objective": 113360.0,
    "best_solution": [
        0,
        1,
        2,
        4,
        5,
        6,
        15,
        7,
        8,
        10,
        11,
        12,
        14,
        3,
        16,
        13,
        9,
        17,
        26,
        19,
        20,
        21,
        22,
        23,
        24,
        25,
        28,
        18,
        27,
        29,
        30,
        31
    ],
    "average_objectives_list": [
        136741.3725490196,
        127324.0,
        120855.6,
        118054.0,
        117924.2,
        116328.4,
        115697.8,
        116436.8,
        115653.4,
        116004.8,
        114986.8
    ],
    "best_objective_list": [
        127130.0,
        119760.0,
        116660.0,
        115660.0,
        115260.0,
        115260.0,
        115260.0,
        114660.0,
        114460.0,
        113760.0,
        113360.0
    ]
}