{
    "elapsed_time": 21.945439100265503,
    "best_objective": 107550.0,
    "best_solution": [
        1,
        2,
        3,
        5,
        7,
        15,
        10,
        11,
        0,
        16,
        4,
        9,
        17,
        13,
        25,
        30,
        18,
        8,
        14,
        31,
        6,
        12,
        27,
        21,
        23,
        19,
        20,
        22,
        26,
        24,
        28,
        29
    ],
    "average_objectives_list": [
        137342.25806451612,
        123857.0,
        115725.33333333333,
        114320.33333333333,
        113136.33333333333,
        112656.66666666667,
        112795.33333333333,
        113017.0,
        112113.66666666667,
        111667.66666666667,
        109641.33333333333,
        108408.66666666667,
        109710.0,
        109386.66666666667,
        109362.0,
        108494.66666666667,
        108396.66666666667,
        108360.33333333333,
        108719.0,
        108820.0,
        108490.0
    ],
    "best_objective_list": [
        122260.0,
        113440.0,
        113440.0,
        113440.0,
        112140.0,
        112140.0,
        112140.0,
        111140.0,
        111140.0,
        107950.0,
        107950.0,
        107950.0,
        107950.0,
        107550.0,
        107550.0,
        107550.0,
        107550.0,
        107550.0,
        107550.0,
        107550.0,
        107550.0
    ]
}