{
    "elapsed_time": 11.31659746170044,
    "best_objective": 111740.0,
    "best_solution": [
        21,
        2,
        4,
        5,
        6,
        3,
        15,
        1,
        0,
        20,
        22,
        14,
        9,
        24,
        28,
        23,
        7,
        8,
        10,
        11,
        12,
        13,
        16,
        17,
        18,
        19,
        25,
        26,
        27,
        29,
        30,
        31
    ],
    "average_objectives_list": [
        136110.19607843139,
        125501.0,
        120849.8,
        119274.4,
        117476.6,
        114626.2,
        115381.6,
        114482.2,
        114176.4,
        113792.0,
        115018.6
    ],
    "best_objective_list": [
        123710.0,
        120380.0,
        114540.0,
        114540.0,
        114540.0,
        112740.0,
        111740.0,
        111740.0,
        111740.0,
        111740.0,
        111740.0
    ]
}