{
    "elapsed_time": 22.790802240371704,
    "best_objective": 109440.0,
    "best_solution": [
        1,
        2,
        3,
        7,
        4,
        5,
        6,
        0,
        23,
        11,
        15,
        16,
        22,
        9,
        10,
        12,
        29,
        14,
        17,
        26,
        19,
        25,
        21,
        8,
        24,
        20,
        13,
        18,
        27,
        28,
        30,
        31
    ],
    "average_objectives_list": [
        138840.98039215687,
        126751.8,
        119316.8,
        116884.0,
        115182.4,
        114707.8,
        114346.4,
        113785.8,
        113687.4,
        114730.2,
        113901.8,
        114204.0,
        114423.0,
        114676.4,
        114987.2,
        114624.0,
        114111.6,
        112214.2,
        112662.2,
        111848.0,
        113188.6
    ],
    "best_objective_list": [
        126030.0,
        118100.0,
        115150.0,
        114450.0,
        112440.0,
        112440.0,
        112440.0,
        112440.0,
        111840.0,
        111840.0,
        111840.0,
        111740.0,
        110840.0,
        110540.0,
        110540.0,
        110540.0,
        110540.0,
        110540.0,
        110540.0,
        109440.0,
        109440.0
    ]
}