{
    "elapsed_time": 22.65079402923584,
    "best_objective": 109470.0,
    "best_solution": [
        9,
        21,
        4,
        5,
        6,
        8,
        10,
        15,
        17,
        11,
        16,
        0,
        13,
        12,
        7,
        29,
        28,
        3,
        2,
        14,
        18,
        19,
        20,
        1,
        22,
        23,
        24,
        25,
        26,
        27,
        30,
        31
    ],
    "average_objectives_list": [
        136555.6862745098,
        126581.0,
        121640.2,
        120257.4,
        119239.8,
        119219.2,
        119691.8,
        118020.2,
        117670.4,
        117329.2,
        117433.8,
        117215.6,
        116880.0,
        116097.2,
        115646.4,
        116493.8,
        116385.6,
        116435.4,
        115822.8,
        114904.0,
        115296.0
    ],
    "best_objective_list": [
        125960.0,
        120280.0,
        118470.0,
        117270.0,
        117270.0,
        117270.0,
        116930.0,
        116930.0,
        116870.0,
        116410.0,
        115750.0,
        115450.0,
        115250.0,
        115250.0,
        115190.0,
        115190.0,
        115190.0,
        113670.0,
        113670.0,
        109470.0,
        109470.0
    ]
}