{
    "elapsed_time": 22.895683526992798,
    "best_objective": 108600.0,
    "best_solution": [
        0,
        1,
        2,
        3,
        6,
        5,
        4,
        7,
        8,
        15,
        16,
        9,
        19,
        10,
        11,
        12,
        13,
        14,
        17,
        26,
        20,
        25,
        22,
        18,
        23,
        24,
        21,
        27,
        28,
        29,
        30,
        31
    ],
    "average_objectives_list": [
        136185.49019607843,
        127964.0,
        122550.2,
        119895.0,
        116679.2,
        115237.6,
        114262.4,
        113402.0,
        112356.0,
        112048.2,
        111714.2,
        111476.0,
        111425.4,
        111082.0,
        110790.2,
        110651.6,
        110610.0,
        110626.0,
        109970.8,
        110026.0,
        109767.8
    ],
    "best_objective_list": [
        124640.0,
        120630.0,
        117710.0,
        116200.0,
        114000.0,
        114000.0,
        112400.0,
        112400.0,
        111400.0,
        111400.0,
        111000.0,
        110000.0,
        110000.0,
        110000.0,
        109960.0,
        109960.0,
        108600.0,
        108600.0,
        108600.0,
        108600.0,
        108600.0
    ]
}