{
    "elapsed_time": 22.904507875442505,
    "best_objective": 110980.0,
    "best_solution": [
        0,
        1,
        2,
        4,
        5,
        6,
        10,
        11,
        3,
        25,
        12,
        13,
        8,
        15,
        16,
        17,
        19,
        20,
        21,
        9,
        23,
        7,
        14,
        18,
        22,
        24,
        26,
        27,
        28,
        29,
        30,
        31
    ],
    "average_objectives_list": [
        136769.41176470587,
        126457.0,
        122863.6,
        119189.6,
        117208.4,
        116512.4,
        115864.8,
        115305.0,
        115297.0,
        114156.0,
        113806.2,
        113818.8,
        113144.8,
        112969.8,
        112370.2,
        112218.2,
        111546.0,
        112023.2,
        111987.0,
        111592.2,
        111067.6
    ],
    "best_objective_list": [
        120170.0,
        120170.0,
        118530.0,
        116860.0,
        115960.0,
        115460.0,
        114960.0,
        114410.0,
        113510.0,
        112810.0,
        111710.0,
        111710.0,
        111610.0,
        111610.0,
        111010.0,
        111010.0,
        111010.0,
        111010.0,
        111010.0,
        110980.0,
        110980.0
    ]
}