{
    "elapsed_time": 25.49989604949951,
    "best_objective": 110600.0,
    "best_solution": [
        0,
        1,
        2,
        3,
        4,
        15,
        6,
        7,
        8,
        10,
        12,
        16,
        18,
        19,
        20,
        22,
        25,
        30,
        9,
        29,
        13,
        5,
        11,
        14,
        17,
        21,
        23,
        24,
        26,
        27,
        28,
        31
    ],
    "average_objectives_list": [
        136852.67326732673,
        128633.7,
        123889.9,
        120908.0,
        118091.1,
        116862.5,
        115611.3,
        115274.4,
        115096.4,
        114881.6,
        115164.4,
        114248.3,
        114395.6,
        114903.2,
        113975.5,
        114423.6,
        114360.2,
        115013.8,
        113844.3,
        115335.3,
        115151.4
    ],
    "best_objective_list": [
        124000.0,
        118430.0,
        116330.0,
        115350.0,
        115130.0,
        112200.0,
        112200.0,
        112200.0,
        111500.0,
        111500.0,
        111500.0,
        111500.0,
        111500.0,
        111500.0,
        111500.0,
        111500.0,
        111500.0,
        111500.0,
        111500.0,
        111500.0,
        110600.0
    ]
}