{
    "elapsed_time": 11.35485315322876,
    "best_objective": 111960.0,
    "best_solution": [
        0,
        1,
        2,
        3,
        4,
        5,
        6,
        7,
        8,
        16,
        11,
        12,
        15,
        10,
        17,
        13,
        23,
        19,
        14,
        9,
        18,
        20,
        21,
        22,
        24,
        25,
        26,
        27,
        28,
        29,
        30,
        31
    ],
    "average_objectives_list": [
        137791.76470588235,
        127260.8,
        122626.0,
        121123.4,
        120215.0,
        118408.0,
        116685.2,
        115886.0,
        115484.0,
        114019.6,
        112404.0
    ],
    "best_objective_list": [
        126170.0,
        121720.0,
        120600.0,
        119260.0,
        116060.0,
        115960.0,
        115760.0,
        114960.0,
        112760.0,
        112160.0,
        111960.0
    ]
}