{
    "elapsed_time": 22.557218074798584,
    "best_objective": 107960.0,
    "best_solution": [
        0,
        5,
        15,
        16,
        21,
        2,
        10,
        6,
        23,
        14,
        3,
        1,
        24,
        25,
        4,
        7,
        8,
        9,
        11,
        12,
        26,
        17,
        18,
        19,
        20,
        22,
        13,
        27,
        28,
        29,
        30,
        31
    ],
    "average_objectives_list": [
        137061.17647058822,
        127227.2,
        121863.8,
        118683.4,
        115140.0,
        110912.0,
        111832.6,
        111831.6,
        112544.8,
        110832.4,
        110878.0,
        110808.8,
        110536.4,
        112214.8,
        109920.8,
        111227.4,
        110612.4,
        109581.0,
        110211.2,
        110290.4,
        109945.8
    ],
    "best_objective_list": [
        130230.0,
        118970.0,
        116910.0,
        110760.0,
        110760.0,
        109460.0,
        109460.0,
        109460.0,
        109460.0,
        108360.0,
        108360.0,
        108360.0,
        108360.0,
        108360.0,
        108360.0,
        108360.0,
        107960.0,
        107960.0,
        107960.0,
        107960.0,
        107960.0
    ]
}