{
    "elapsed_time": 22.713512182235718,
    "best_objective": 110650.0,
    "best_solution": [
        4,
        1,
        2,
        3,
        0,
        5,
        6,
        10,
        7,
        15,
        16,
        17,
        18,
        20,
        21,
        30,
        23,
        14,
        27,
        13,
        11,
        8,
        9,
        12,
        19,
        22,
        25,
        26,
        28,
        24,
        29,
        31
    ],
    "average_objectives_list": [
        137457.45098039217,
        126743.2,
        120459.6,
        116777.0,
        114472.0,
        114593.6,
        115422.0,
        113864.8,
        113540.4,
        113628.0,
        112664.8,
        112770.0,
        113413.6,
        112914.6,
        112530.0,
        112222.0,
        112406.4,
        112264.0,
        112619.6,
        112648.2,
        112497.4
    ],
    "best_objective_list": [
        125290.0,
        119730.0,
        114480.0,
        114480.0,
        114080.0,
        113020.0,
        112670.0,
        111350.0,
        111350.0,
        111350.0,
        111350.0,
        111350.0,
        111350.0,
        111350.0,
        111350.0,
        111350.0,
        111350.0,
        110950.0,
        110650.0,
        110650.0,
        110650.0
    ]
}