{
    "elapsed_time": 25.49335289001465,
    "best_objective": 105910.0,
    "best_solution": [
        1,
        3,
        4,
        5,
        6,
        7,
        16,
        0,
        8,
        15,
        10,
        11,
        30,
        19,
        12,
        2,
        9,
        29,
        14,
        17,
        18,
        20,
        21,
        22,
        23,
        24,
        25,
        26,
        27,
        28,
        13,
        31
    ],
    "average_objectives_list": [
        137109.900990099,
        129623.2,
        124598.7,
        120947.3,
        119268.5,
        119389.7,
        118105.9,
        117943.9,
        115139.2,
        113908.5,
        113664.1,
        112441.6,
        112842.0,
        112059.1,
        110540.2,
        111549.8,
        110575.7,
        110976.1,
        111743.7,
        112010.6,
        112589.9
    ],
    "best_objective_list": [
        127180.0,
        118480.0,
        118480.0,
        115030.0,
        115030.0,
        114730.0,
        110720.0,
        110720.0,
        110510.0,
        110510.0,
        108710.0,
        107310.0,
        106510.0,
        106410.0,
        106410.0,
        106410.0,
        106410.0,
        105910.0,
        105910.0,
        105910.0,
        105910.0
    ]
}