{
    "elapsed_time": 21.404221057891846,
    "best_objective": 111040.0,
    "best_solution": [
        0,
        1,
        2,
        4,
        5,
        6,
        15,
        7,
        8,
        10,
        11,
        12,
        14,
        3,
        16,
        31,
        19,
        20,
        21,
        22,
        24,
        17,
        13,
        9,
        23,
        25,
        26,
        27,
        28,
        29,
        18,
        30
    ],
    "average_objectives_list": [
        138810.32258064515,
        127660.66666666667,
        119634.0,
        117913.33333333333,
        116765.33333333333,
        115950.0,
        114986.66666666667,
        113803.33333333333,
        112473.33333333333,
        112350.0,
        112583.33333333333,
        111753.33333333333,
        112016.66666666667,
        112202.0,
        112535.66666666667,
        111710.0,
        112526.66666666667,
        112230.0,
        112299.0,
        111904.66666666667,
        112220.0
    ],
    "best_objective_list": [
        134190.0,
        118140.0,
        117940.0,
        116400.0,
        115900.0,
        114900.0,
        113300.0,
        111700.0,
        111700.0,
        111700.0,
        111700.0,
        111700.0,
        111700.0,
        111700.0,
        111700.0,
        111700.0,
        111700.0,
        111700.0,
        111700.0,
        111240.0,
        111040.0
    ]
}