{
    "elapsed_time": 22.73750638961792,
    "best_objective": 105980.0,
    "best_solution": [
        0,
        1,
        4,
        5,
        6,
        15,
        16,
        7,
        12,
        25,
        10,
        11,
        8,
        14,
        3,
        2,
        13,
        18,
        23,
        20,
        19,
        28,
        21,
        22,
        9,
        17,
        24,
        26,
        27,
        29,
        30,
        31
    ],
    "average_objectives_list": [
        137185.88235294117,
        126828.4,
        118989.0,
        116056.4,
        115998.6,
        115002.8,
        115216.4,
        112908.0,
        112681.4,
        112479.4,
        111815.2,
        111720.0,
        112655.8,
        112016.8,
        110531.0,
        111520.0,
        110710.6,
        110026.0,
        109218.0,
        110015.2,
        110521.2
    ],
    "best_objective_list": [
        126180.0,
        115280.0,
        113680.0,
        113380.0,
        112380.0,
        110880.0,
        109880.0,
        109880.0,
        109680.0,
        109680.0,
        109680.0,
        109280.0,
        109180.0,
        109180.0,
        108580.0,
        108580.0,
        106880.0,
        105980.0,
        105980.0,
        105980.0,
        105980.0
    ]
}