{
    "elapsed_time": 11.523873805999756,
    "best_objective": 110820.0,
    "best_solution": [
        0,
        1,
        3,
        4,
        5,
        16,
        6,
        8,
        10,
        2,
        12,
        14,
        23,
        15,
        11,
        18,
        19,
        20,
        7,
        9,
        13,
        17,
        21,
        22,
        24,
        25,
        26,
        27,
        28,
        29,
        30,
        31
    ],
    "average_objectives_list": [
        137806.66666666666,
        126076.4,
        119586.4,
        117157.8,
        115822.2,
        114631.4,
        114094.0,
        114318.4,
        113653.6,
        112975.8,
        113051.6
    ],
    "best_objective_list": [
        127990.0,
        118030.0,
        116220.0,
        115120.0,
        114120.0,
        114120.0,
        112820.0,
        112620.0,
        112620.0,
        112620.0,
        110820.0
    ]
}