{
    "elapsed_time": 22.68298077583313,
    "best_objective": 106960.0,
    "best_solution": [
        0,
        1,
        3,
        8,
        4,
        5,
        6,
        7,
        2,
        15,
        16,
        9,
        10,
        11,
        12,
        13,
        23,
        28,
        18,
        19,
        22,
        21,
        20,
        14,
        24,
        25,
        17,
        26,
        27,
        29,
        30,
        31
    ],
    "average_objectives_list": [
        136279.60784313726,
        126824.6,
        123392.8,
        121013.6,
        118075.8,
        116510.2,
        116072.8,
        115030.0,
        114086.0,
        112775.4,
        113524.0,
        112415.8,
        110991.6,
        111760.6,
        111280.6,
        110472.4,
        110508.0,
        110612.6,
        110940.2,
        110448.8,
        110612.2
    ],
    "best_objective_list": [
        127300.0,
        121050.0,
        119960.0,
        116660.0,
        114860.0,
        114540.0,
        114040.0,
        111660.0,
        111360.0,
        110260.0,
        110160.0,
        109960.0,
        109160.0,
        109160.0,
        109160.0,
        107760.0,
        107760.0,
        107760.0,
        107760.0,
        106960.0,
        106960.0
    ]
}