{
    "elapsed_time": 25.56878638267517,
    "best_objective": 108680.0,
    "best_solution": [
        0,
        1,
        2,
        3,
        4,
        5,
        6,
        7,
        8,
        25,
        10,
        16,
        12,
        14,
        15,
        11,
        18,
        28,
        19,
        29,
        30,
        20,
        21,
        22,
        23,
        24,
        9,
        26,
        27,
        13,
        17,
        31
    ],
    "average_objectives_list": [
        137054.9504950495,
        128378.4,
        124323.6,
        122335.6,
        122216.7,
        120251.7,
        118773.2,
        120795.3,
        119135.0,
        120022.6,
        119430.0,
        119238.0,
        118246.9,
        118664.3,
        119642.5,
        117659.6,
        116520.7,
        115316.0,
        116148.4,
        115106.0,
        115057.6
    ],
    "best_objective_list": [
        125030.0,
        120630.0,
        120030.0,
        116330.0,
        116330.0,
        116330.0,
        116330.0,
        114930.0,
        114330.0,
        113030.0,
        113030.0,
        113030.0,
        112430.0,
        112430.0,
        112430.0,
        109330.0,
        109330.0,
        108680.0,
        108680.0,
        108680.0,
        108680.0
    ]
}