{
    "elapsed_time": 21.480705976486206,
    "best_objective": 105580.0,
    "best_solution": [
        1,
        3,
        4,
        5,
        0,
        6,
        7,
        8,
        10,
        15,
        16,
        21,
        9,
        11,
        12,
        13,
        14,
        2,
        28,
        18,
        23,
        20,
        22,
        19,
        24,
        25,
        17,
        26,
        27,
        29,
        30,
        31
    ],
    "average_objectives_list": [
        135766.4516129032,
        126034.33333333333,
        119480.33333333333,
        116685.0,
        113836.66666666667,
        112926.0,
        112004.66666666667,
        110203.33333333333,
        109163.33333333333,
        109760.0,
        108855.33333333333,
        108276.66666666667,
        108478.0,
        108086.66666666667,
        107534.66666666667,
        106768.0,
        106920.66666666667,
        107244.66666666667,
        107293.33333333333,
        107565.66666666667,
        107384.33333333333
    ],
    "best_objective_list": [
        126010.0,
        118450.0,
        113380.0,
        113380.0,
        111720.0,
        108780.0,
        108580.0,
        108580.0,
        107880.0,
        107880.0,
        107880.0,
        107880.0,
        106680.0,
        105880.0,
        105880.0,
        105880.0,
        105880.0,
        105780.0,
        105780.0,
        105780.0,
        105580.0
    ]
}