{
    "elapsed_time": 22.70935344696045,
    "best_objective": 111930.0,
    "best_solution": [
        0,
        1,
        2,
        3,
        4,
        6,
        7,
        15,
        9,
        10,
        11,
        12,
        31,
        19,
        8,
        13,
        14,
        5,
        21,
        29,
        18,
        20,
        16,
        22,
        23,
        24,
        25,
        30,
        27,
        28,
        17,
        26
    ],
    "average_objectives_list": [
        136752.9411764706,
        128008.0,
        124665.2,
        121051.0,
        117817.8,
        117303.6,
        116340.0,
        115101.8,
        114042.4,
        113901.2,
        113402.2,
        113789.4,
        113773.0,
        113918.6,
        114594.2,
        114392.6,
        114652.8,
        114564.6,
        114395.4,
        114120.6,
        114053.0
    ],
    "best_objective_list": [
        128200.0,
        124350.0,
        117980.0,
        116330.0,
        116060.0,
        113230.0,
        112930.0,
        112930.0,
        112930.0,
        112930.0,
        112930.0,
        112330.0,
        112330.0,
        112330.0,
        112330.0,
        112330.0,
        112330.0,
        112330.0,
        112330.0,
        111930.0,
        111930.0
    ]
}