{
    "elapsed_time": 45.2130343914032,
    "best_objective": 110330.0,
    "best_solution": [
        4,
        1,
        2,
        3,
        0,
        5,
        6,
        7,
        9,
        10,
        11,
        12,
        21,
        15,
        16,
        8,
        30,
        14,
        18,
        19,
        20,
        13,
        28,
        23,
        22,
        25,
        24,
        26,
        27,
        29,
        17,
        31
    ],
    "average_objectives_list": [
        138272.74509803922,
        127282.2,
        122364.2,
        119432.0,
        117751.6,
        117136.0,
        116238.0,
        116114.0,
        115679.0,
        115672.0,
        115326.4,
        115304.8,
        115235.6,
        115176.0,
        115129.0,
        114694.0,
        114566.0,
        114935.0,
        114545.8,
        114754.0,
        114104.0,
        114342.0,
        114355.4,
        114366.4,
        114177.8,
        114091.8,
        114815.6,
        114331.2,
        114750.0,
        113662.6,
        113803.6,
        113212.0,
        114066.8,
        113410.0,
        114517.0,
        113510.0,
        113588.8,
        112706.4,
        113291.4,
        112284.0,
        113071.8
    ],
    "best_objective_list": [
        126200.0,
        121140.0,
        117860.0,
        117460.0,
        116060.0,
        115760.0,
        115160.0,
        114660.0,
        114060.0,
        114060.0,
        114060.0,
        114060.0,
        114060.0,
        114060.0,
        113760.0,
        113760.0,
        113160.0,
        113160.0,
        113160.0,
        113160.0,
        113160.0,
        112660.0,
        112660.0,
        112660.0,
        112660.0,
        112660.0,
        112660.0,
        112660.0,
        112360.0,
        112160.0,
        112160.0,
        112160.0,
        111960.0,
        111960.0,
        111030.0,
        111030.0,
        111030.0,
        111030.0,
        111030.0,
        110330.0,
        110330.0
    ]
}