{
    "elapsed_time": 22.852822065353394,
    "best_objective": 110100.0,
    "best_solution": [
        5,
        1,
        2,
        3,
        15,
        4,
        6,
        7,
        8,
        10,
        11,
        12,
        18,
        16,
        0,
        9,
        13,
        14,
        20,
        19,
        17,
        21,
        22,
        28,
        24,
        25,
        26,
        27,
        23,
        29,
        30,
        31
    ],
    "average_objectives_list": [
        137693.72549019608,
        128113.8,
        121750.6,
        119740.6,
        118367.8,
        117261.0,
        116039.0,
        115366.4,
        115044.6,
        115230.4,
        114386.8,
        114132.0,
        113419.6,
        113764.2,
        114347.6,
        113224.4,
        113726.6,
        113883.2,
        113873.2,
        114219.8,
        114097.6
    ],
    "best_objective_list": [
        129150.0,
        120070.0,
        119460.0,
        117400.0,
        116100.0,
        115100.0,
        114600.0,
        112400.0,
        112400.0,
        112400.0,
        112400.0,
        112400.0,
        111300.0,
        111300.0,
        111300.0,
        111300.0,
        111100.0,
        111100.0,
        111000.0,
        110100.0,
        110100.0
    ]
}