{
    "elapsed_time": 22.866081476211548,
    "best_objective": 109450.0,
    "best_solution": [
        0,
        1,
        2,
        3,
        4,
        5,
        6,
        14,
        10,
        25,
        12,
        13,
        8,
        15,
        16,
        17,
        18,
        19,
        7,
        9,
        11,
        20,
        21,
        22,
        28,
        24,
        26,
        27,
        23,
        29,
        30,
        31
    ],
    "average_objectives_list": [
        135870.78431372548,
        125883.8,
        120818.0,
        118019.6,
        115371.6,
        113424.0,
        112986.6,
        113065.8,
        112840.6,
        112854.6,
        112468.0,
        112578.8,
        112392.0,
        112170.0,
        112291.6,
        112076.6,
        112149.8,
        111297.6,
        110198.0,
        110420.4,
        111296.4
    ],
    "best_objective_list": [
        125270.0,
        120180.0,
        116850.0,
        112950.0,
        112950.0,
        112950.0,
        112050.0,
        112050.0,
        111750.0,
        111750.0,
        111750.0,
        111750.0,
        111750.0,
        111350.0,
        111350.0,
        109950.0,
        109950.0,
        109450.0,
        109450.0,
        109450.0,
        109450.0
    ]
}