{
    "elapsed_time": 25.896894454956055,
    "best_objective": 112300.0,
    "best_solution": [
        0,
        1,
        2,
        3,
        4,
        5,
        6,
        7,
        25,
        10,
        11,
        12,
        13,
        15,
        16,
        31,
        28,
        9,
        14,
        19,
        20,
        21,
        22,
        23,
        24,
        8,
        26,
        27,
        29,
        17,
        18,
        30
    ],
    "average_objectives_list": [
        137095.0495049505,
        129048.6,
        123805.3,
        120640.1,
        118689.8,
        118632.4,
        119061.8,
        117588.9,
        118258.7,
        117371.4,
        116779.7,
        117420.7,
        117359.0,
        116631.9,
        117003.6,
        117141.4,
        117010.0,
        117399.3,
        116887.7,
        117775.8,
        116709.2
    ],
    "best_objective_list": [
        123330.0,
        117160.0,
        117160.0,
        117160.0,
        116470.0,
        114470.0,
        113070.0,
        113070.0,
        113070.0,
        113070.0,
        112670.0,
        112670.0,
        112670.0,
        112600.0,
        112600.0,
        112600.0,
        112600.0,
        112600.0,
        112600.0,
        112300.0,
        112300.0
    ]
}