{
    "elapsed_time": 22.803568124771118,
    "best_objective": 105070.0,
    "best_solution": [
        0,
        2,
        3,
        5,
        8,
        10,
        16,
        15,
        20,
        1,
        6,
        4,
        11,
        21,
        19,
        7,
        26,
        13,
        14,
        9,
        22,
        12,
        17,
        18,
        23,
        24,
        25,
        27,
        28,
        29,
        30,
        31
    ],
    "average_objectives_list": [
        137007.8431372549,
        126020.0,
        120756.8,
        118204.8,
        115984.4,
        113891.2,
        112245.2,
        112339.4,
        111776.2,
        111828.6,
        111293.4,
        111567.2,
        110604.2,
        109799.8,
        106906.4,
        107409.4,
        106589.2,
        106783.6,
        105831.8,
        107299.6,
        106673.8
    ],
    "best_objective_list": [
        127210.0,
        118590.0,
        117780.0,
        113500.0,
        110850.0,
        110850.0,
        110850.0,
        110850.0,
        109400.0,
        109400.0,
        108700.0,
        108700.0,
        106460.0,
        105460.0,
        105070.0,
        105070.0,
        105070.0,
        105070.0,
        105070.0,
        105070.0,
        105070.0
    ]
}