{
    "elapsed_time": 21.455142498016357,
    "best_objective": 110530.0,
    "best_solution": [
        15,
        1,
        2,
        3,
        16,
        5,
        6,
        14,
        8,
        7,
        0,
        4,
        18,
        19,
        20,
        23,
        24,
        25,
        26,
        9,
        10,
        11,
        12,
        13,
        17,
        21,
        22,
        27,
        28,
        29,
        30,
        31
    ],
    "average_objectives_list": [
        138082.25806451612,
        126053.33333333333,
        120122.33333333333,
        116566.66666666667,
        115002.66666666667,
        114304.33333333333,
        113493.33333333333,
        113752.33333333333,
        113573.33333333333,
        113330.0,
        113380.0,
        113673.33333333333,
        113256.66666666667,
        112423.33333333333,
        111870.0,
        111803.33333333333,
        111763.33333333333,
        111910.0,
        112047.0,
        111708.66666666667,
        112054.33333333333
    ],
    "best_objective_list": [
        122620.0,
        119640.0,
        115250.0,
        114750.0,
        114330.0,
        113330.0,
        113330.0,
        113330.0,
        113330.0,
        113330.0,
        113330.0,
        113330.0,
        111130.0,
        111130.0,
        111130.0,
        111130.0,
        110530.0,
        110530.0,
        110530.0,
        110530.0,
        110530.0
    ]
}