{
    "elapsed_time": 25.40207004547119,
    "best_objective": 113050.0,
    "best_solution": [
        0,
        1,
        2,
        21,
        4,
        5,
        6,
        7,
        8,
        10,
        12,
        3,
        26,
        15,
        16,
        17,
        18,
        20,
        14,
        11,
        28,
        19,
        9,
        22,
        23,
        24,
        25,
        13,
        27,
        29,
        30,
        31
    ],
    "average_objectives_list": [
        136538.71287128713,
        127552.1,
        122889.4,
        119633.9,
        118092.1,
        116268.3,
        116941.8,
        116043.6,
        117092.1,
        116716.4,
        116192.5,
        116467.5,
        116759.6,
        115367.3,
        115973.0,
        116751.6,
        116087.9,
        116172.2,
        117793.6,
        116157.3,
        117445.5
    ],
    "best_objective_list": [
        122750.0,
        118330.0,
        115790.0,
        114990.0,
        114570.0,
        113570.0,
        113570.0,
        113340.0,
        113170.0,
        113170.0,
        113170.0,
        113170.0,
        113170.0,
        113050.0,
        113050.0,
        113050.0,
        113050.0,
        113050.0,
        113050.0,
        113050.0,
        113050.0
    ]
}