{
    "elapsed_time": 21.88128399848938,
    "best_objective": 106890.0,
    "best_solution": [
        0,
        1,
        2,
        5,
        7,
        16,
        10,
        21,
        9,
        6,
        11,
        12,
        18,
        19,
        20,
        27,
        23,
        3,
        25,
        13,
        14,
        15,
        4,
        17,
        8,
        22,
        24,
        26,
        28,
        29,
        30,
        31
    ],
    "average_objectives_list": [
        137294.83870967742,
        126319.0,
        119006.0,
        116150.66666666667,
        114349.0,
        112910.0,
        112940.0,
        112814.0,
        113019.66666666667,
        113079.0,
        111253.33333333333,
        111020.0,
        111020.0,
        110996.66666666667,
        110860.0,
        111022.66666666667,
        109540.0,
        109600.33333333333,
        108713.33333333333,
        108506.66666666667,
        109050.33333333333
    ],
    "best_objective_list": [
        129240.0,
        117650.0,
        115960.0,
        112910.0,
        112910.0,
        112910.0,
        112810.0,
        111660.0,
        111660.0,
        111020.0,
        111020.0,
        111020.0,
        111020.0,
        110620.0,
        109520.0,
        108520.0,
        108520.0,
        108520.0,
        108520.0,
        108290.0,
        106890.0
    ]
}