{
    "elapsed_time": 22.83417510986328,
    "best_objective": 113870.0,
    "best_solution": [
        19,
        1,
        2,
        3,
        5,
        6,
        16,
        14,
        24,
        4,
        17,
        7,
        28,
        20,
        23,
        22,
        8,
        9,
        10,
        11,
        12,
        13,
        15,
        0,
        18,
        21,
        25,
        26,
        27,
        29,
        30,
        31
    ],
    "average_objectives_list": [
        135875.88235294117,
        126681.8,
        121695.8,
        119556.4,
        118647.2,
        119246.0,
        118198.0,
        118657.6,
        119021.6,
        119521.2,
        118372.8,
        118682.2,
        118877.0,
        118133.6,
        117801.6,
        118895.2,
        118595.4,
        118422.0,
        117891.4,
        118094.4,
        118007.0
    ],
    "best_objective_list": [
        123250.0,
        118930.0,
        117330.0,
        117330.0,
        117330.0,
        117330.0,
        117330.0,
        117330.0,
        117330.0,
        117330.0,
        117330.0,
        116830.0,
        116830.0,
        116830.0,
        116830.0,
        116830.0,
        116830.0,
        116670.0,
        113870.0,
        113870.0,
        113870.0
    ]
}