{
    "elapsed_time": 25.314634084701538,
    "best_objective": 110820.0,
    "best_solution": [
        0,
        1,
        2,
        11,
        4,
        5,
        6,
        7,
        8,
        10,
        3,
        12,
        23,
        15,
        16,
        22,
        18,
        21,
        9,
        14,
        19,
        20,
        17,
        13,
        24,
        25,
        26,
        27,
        28,
        29,
        30,
        31
    ],
    "average_objectives_list": [
        136466.33663366336,
        128740.6,
        124035.3,
        121277.5,
        119923.9,
        118643.1,
        117274.6,
        116765.3,
        116351.7,
        114954.4,
        115515.8,
        115077.9,
        116506.8,
        116060.2,
        115401.0,
        114967.0,
        113977.7,
        114326.2,
        114378.9,
        113711.9,
        113780.5
    ],
    "best_objective_list": [
        124860.0,
        120580.0,
        118480.0,
        116880.0,
        115560.0,
        115560.0,
        114560.0,
        113280.0,
        113280.0,
        113280.0,
        113280.0,
        113280.0,
        113280.0,
        112940.0,
        111720.0,
        111720.0,
        111720.0,
        111720.0,
        110820.0,
        110820.0,
        110820.0
    ]
}