{
    "elapsed_time": 21.48977756500244,
    "best_objective": 109780.0,
    "best_solution": [
        0,
        1,
        2,
        7,
        5,
        6,
        4,
        8,
        21,
        15,
        16,
        9,
        10,
        11,
        12,
        13,
        14,
        23,
        18,
        19,
        20,
        3,
        28,
        17,
        24,
        25,
        26,
        27,
        29,
        22,
        30,
        31
    ],
    "average_objectives_list": [
        136400.64516129033,
        125984.33333333333,
        121017.33333333333,
        118090.0,
        117003.33333333333,
        115650.0,
        114976.66666666667,
        114868.33333333333,
        113795.66666666667,
        113425.33333333333,
        112490.0,
        113378.0,
        112470.0,
        112638.33333333333,
        112960.0,
        112724.66666666667,
        112651.66666666667,
        112615.33333333333,
        112550.0,
        112481.66666666667,
        111896.66666666667
    ],
    "best_objective_list": [
        128030.0,
        120600.0,
        117260.0,
        117260.0,
        114960.0,
        114960.0,
        114960.0,
        112380.0,
        112080.0,
        112080.0,
        112080.0,
        112080.0,
        112080.0,
        112080.0,
        112080.0,
        112080.0,
        111580.0,
        111580.0,
        111580.0,
        109780.0,
        109780.0
    ]
}