{
    "elapsed_time": 44.98744606971741,
    "best_objective": 105750.0,
    "best_solution": [
        19,
        1,
        2,
        3,
        6,
        5,
        4,
        7,
        8,
        15,
        10,
        11,
        12,
        9,
        16,
        14,
        28,
        0,
        20,
        18,
        23,
        24,
        25,
        29,
        13,
        17,
        21,
        22,
        26,
        27,
        30,
        31
    ],
    "average_objectives_list": [
        137165.88235294117,
        126216.8,
        120381.8,
        118729.8,
        117094.0,
        116212.4,
        115480.0,
        114970.0,
        114704.0,
        115020.8,
        114723.2,
        114348.0,
        111393.4,
        111013.2,
        110302.6,
        110077.8,
        110373.0,
        111304.6,
        110532.8,
        108930.0,
        109592.0,
        109300.0,
        108584.0,
        108467.2,
        108300.2,
        107895.8,
        109432.2,
        109140.2,
        109424.4,
        111009.0,
        109913.0,
        111203.8,
        110983.8,
        111352.0,
        110305.8,
        110247.4,
        110478.2,
        111715.2,
        109803.8,
        109449.6,
        110957.2
    ],
    "best_objective_list": [
        122080.0,
        119260.0,
        117950.0,
        116470.0,
        114670.0,
        114670.0,
        114270.0,
        114270.0,
        113470.0,
        112870.0,
        109130.0,
        109130.0,
        109130.0,
        109130.0,
        109130.0,
        108130.0,
        108130.0,
        108130.0,
        107330.0,
        107330.0,
        107330.0,
        107330.0,
        107130.0,
        106830.0,
        106830.0,
        105750.0,
        105750.0,
        105750.0,
        105750.0,
        105750.0,
        105750.0,
        105750.0,
        105750.0,
        105750.0,
        105750.0,
        105750.0,
        105750.0,
        105750.0,
        105750.0,
        105750.0,
        105750.0
    ]
}