{
    "elapsed_time": 22.742409229278564,
    "best_objective": 108410.0,
    "best_solution": [
        0,
        1,
        2,
        3,
        13,
        14,
        15,
        21,
        24,
        5,
        16,
        17,
        18,
        23,
        25,
        29,
        11,
        7,
        6,
        8,
        9,
        4,
        10,
        19,
        22,
        20,
        12,
        26,
        27,
        28,
        30,
        31
    ],
    "average_objectives_list": [
        136752.9411764706,
        127625.8,
        121994.8,
        116694.6,
        114995.6,
        114050.0,
        113958.8,
        113155.4,
        112843.0,
        114114.6,
        113417.0,
        112632.0,
        113357.4,
        112489.8,
        111809.4,
        111753.4,
        113147.4,
        112267.2,
        113138.8,
        111842.2,
        111336.6
    ],
    "best_objective_list": [
        126790.0,
        120220.0,
        115120.0,
        113410.0,
        112210.0,
        111810.0,
        111810.0,
        111810.0,
        111810.0,
        111210.0,
        111210.0,
        110730.0,
        110730.0,
        110730.0,
        109730.0,
        109730.0,
        109730.0,
        109030.0,
        109030.0,
        109030.0,
        108410.0
    ]
}