{
    "elapsed_time": 21.692474842071533,
    "best_objective": 108950.0,
    "best_solution": [
        1,
        2,
        3,
        21,
        4,
        5,
        6,
        7,
        8,
        10,
        11,
        12,
        13,
        15,
        16,
        9,
        14,
        29,
        18,
        19,
        23,
        0,
        22,
        20,
        24,
        25,
        28,
        27,
        26,
        17,
        30,
        31
    ],
    "average_objectives_list": [
        138390.32258064515,
        127050.0,
        121599.33333333333,
        118661.0,
        117129.33333333333,
        115617.0,
        113383.66666666667,
        113326.66666666667,
        111533.33333333333,
        111974.33333333333,
        111193.33333333333,
        111915.66666666667,
        111267.66666666667,
        111913.66666666667,
        114097.0,
        112740.0,
        112330.66666666667,
        112764.0,
        113676.0,
        113117.66666666667,
        114445.33333333333
    ],
    "best_objective_list": [
        131560.0,
        120940.0,
        118110.0,
        116410.0,
        115060.0,
        111160.0,
        111160.0,
        111160.0,
        110560.0,
        110560.0,
        110560.0,
        110560.0,
        109350.0,
        108950.0,
        108950.0,
        108950.0,
        108950.0,
        108950.0,
        108950.0,
        108950.0,
        108950.0
    ]
}