{
    "elapsed_time": 22.672003269195557,
    "best_objective": 108880.0,
    "best_solution": [
        0,
        1,
        2,
        3,
        6,
        7,
        15,
        16,
        9,
        8,
        10,
        11,
        27,
        18,
        12,
        13,
        5,
        4,
        14,
        17,
        19,
        20,
        25,
        21,
        22,
        23,
        24,
        26,
        28,
        29,
        30,
        31
    ],
    "average_objectives_list": [
        137090.98039215687,
        126396.6,
        121087.0,
        118932.2,
        117910.4,
        117228.6,
        116023.6,
        114810.8,
        114309.4,
        114285.4,
        113831.4,
        113800.6,
        112968.4,
        113579.6,
        113590.6,
        112403.0,
        111534.2,
        112055.4,
        111616.6,
        111022.2,
        110472.2
    ],
    "best_objective_list": [
        127720.0,
        119900.0,
        117080.0,
        116380.0,
        115680.0,
        114730.0,
        113730.0,
        113630.0,
        113630.0,
        113030.0,
        113030.0,
        113030.0,
        111680.0,
        111280.0,
        110780.0,
        110580.0,
        110580.0,
        110280.0,
        108880.0,
        108880.0,
        108880.0
    ]
}