{
    "elapsed_time": 21.501787424087524,
    "best_objective": 109420.0,
    "best_solution": [
        0,
        2,
        4,
        5,
        6,
        7,
        15,
        9,
        10,
        11,
        12,
        13,
        8,
        16,
        19,
        27,
        18,
        23,
        21,
        22,
        20,
        1,
        3,
        14,
        24,
        25,
        17,
        26,
        28,
        29,
        30,
        31
    ],
    "average_objectives_list": [
        136900.64516129033,
        125478.66666666667,
        119560.66666666667,
        115970.0,
        115713.33333333333,
        115617.66666666667,
        114585.66666666667,
        113173.33333333333,
        113206.66666666667,
        112766.66666666667,
        112840.0,
        113053.33333333333,
        112267.66666666667,
        112482.0,
        112717.66666666667,
        112668.33333333333,
        112568.66666666667,
        112642.66666666667,
        111904.66666666667,
        111430.0,
        111136.0
    ],
    "best_objective_list": [
        124850.0,
        120390.0,
        115690.0,
        115690.0,
        115690.0,
        113520.0,
        112820.0,
        112820.0,
        112620.0,
        112620.0,
        112620.0,
        111220.0,
        111220.0,
        111220.0,
        111220.0,
        111220.0,
        111220.0,
        111220.0,
        111220.0,
        110620.0,
        109420.0
    ]
}