{
    "elapsed_time": 22.903640270233154,
    "best_objective": 104730.0,
    "best_solution": [
        0,
        2,
        3,
        4,
        5,
        10,
        16,
        14,
        21,
        1,
        15,
        22,
        24,
        25,
        17,
        26,
        23,
        11,
        6,
        8,
        20,
        19,
        12,
        13,
        18,
        7,
        9,
        27,
        28,
        29,
        30,
        31
    ],
    "average_objectives_list": [
        137710.58823529413,
        127504.0,
        121912.4,
        118630.8,
        116005.6,
        115234.8,
        114973.4,
        113390.0,
        112836.2,
        112282.0,
        111818.8,
        111354.8,
        111776.8,
        111472.6,
        111501.6,
        110505.4,
        108979.0,
        108078.2,
        107747.6,
        107684.2,
        107094.8
    ],
    "best_objective_list": [
        126100.0,
        120520.0,
        116940.0,
        115160.0,
        113210.0,
        113060.0,
        111680.0,
        111280.0,
        111180.0,
        110280.0,
        110280.0,
        109380.0,
        109380.0,
        109380.0,
        106330.0,
        106330.0,
        106330.0,
        105930.0,
        105930.0,
        104730.0,
        104730.0
    ]
}