{
    "elapsed_time": 11.528478145599365,
    "best_objective": 111210.0,
    "best_solution": [
        0,
        1,
        2,
        4,
        6,
        7,
        10,
        11,
        12,
        15,
        16,
        21,
        22,
        3,
        5,
        8,
        23,
        13,
        14,
        26,
        18,
        19,
        20,
        9,
        24,
        25,
        17,
        27,
        28,
        29,
        30,
        31
    ],
    "average_objectives_list": [
        135598.03921568627,
        126285.4,
        121497.0,
        118869.2,
        117137.0,
        115714.8,
        115360.0,
        114861.8,
        115144.2,
        113701.4,
        112484.6
    ],
    "best_objective_list": [
        124760.0,
        119640.0,
        118700.0,
        116300.0,
        114710.0,
        114710.0,
        114530.0,
        113810.0,
        112610.0,
        111210.0,
        111210.0
    ]
}