{
    "elapsed_time": 46.02786636352539,
    "best_objective": 110840.0,
    "best_solution": [
        0,
        1,
        3,
        6,
        4,
        5,
        2,
        8,
        10,
        11,
        15,
        12,
        7,
        16,
        17,
        18,
        28,
        20,
        21,
        9,
        19,
        22,
        13,
        14,
        24,
        25,
        26,
        27,
        23,
        29,
        30,
        31
    ],
    "average_objectives_list": [
        137394.11764705883,
        127986.8,
        121089.8,
        117842.2,
        116810.0,
        115462.4,
        115039.4,
        114858.0,
        114790.0,
        114713.8,
        114814.6,
        114471.2,
        114756.0,
        114152.8,
        113929.4,
        114371.6,
        114412.0,
        114481.0,
        113515.6,
        114273.8,
        113343.8,
        113478.4,
        114177.0,
        113691.0,
        113974.0,
        113530.4,
        114518.0,
        114209.4,
        113765.4,
        112830.0,
        113535.6,
        113834.0,
        113564.4,
        113534.0,
        112771.2,
        114048.0,
        113344.8,
        113685.8,
        113202.4,
        113388.6,
        113489.8
    ],
    "best_objective_list": [
        125260.0,
        119840.0,
        117340.0,
        115340.0,
        114940.0,
        114940.0,
        113940.0,
        113940.0,
        113940.0,
        113940.0,
        113940.0,
        113940.0,
        113440.0,
        113440.0,
        113340.0,
        113340.0,
        113040.0,
        112740.0,
        112660.0,
        112660.0,
        110840.0,
        110840.0,
        110840.0,
        110840.0,
        110840.0,
        110840.0,
        110840.0,
        110840.0,
        110840.0,
        110840.0,
        110840.0,
        110840.0,
        110840.0,
        110840.0,
        110840.0,
        110840.0,
        110840.0,
        110840.0,
        110840.0,
        110840.0,
        110840.0
    ]
}