{
    "elapsed_time": 22.898491144180298,
    "best_objective": 110570.0,
    "best_solution": [
        0,
        1,
        3,
        5,
        6,
        7,
        11,
        4,
        8,
        10,
        2,
        16,
        18,
        15,
        20,
        22,
        30,
        26,
        21,
        14,
        19,
        12,
        13,
        17,
        9,
        23,
        24,
        25,
        27,
        28,
        29,
        31
    ],
    "average_objectives_list": [
        137215.88235294117,
        126080.2,
        121299.0,
        119901.4,
        118799.8,
        118085.2,
        117301.2,
        116439.6,
        116675.8,
        115790.4,
        115592.2,
        114530.0,
        115989.0,
        115563.4,
        115673.4,
        115695.2,
        113839.0,
        115367.0,
        113588.2,
        114829.8,
        114287.4
    ],
    "best_objective_list": [
        126880.0,
        118910.0,
        118910.0,
        118140.0,
        117920.0,
        116410.0,
        116410.0,
        116170.0,
        115770.0,
        114270.0,
        113670.0,
        113670.0,
        113670.0,
        113670.0,
        113370.0,
        113370.0,
        113370.0,
        113070.0,
        112370.0,
        110570.0,
        110570.0
    ]
}