{
    "elapsed_time": 21.739840269088745,
    "best_objective": 107010.0,
    "best_solution": [
        0,
        1,
        3,
        19,
        5,
        6,
        10,
        11,
        15,
        16,
        4,
        7,
        8,
        9,
        12,
        13,
        14,
        31,
        18,
        28,
        20,
        2,
        22,
        23,
        24,
        25,
        21,
        26,
        27,
        29,
        30,
        17
    ],
    "average_objectives_list": [
        136751.61290322582,
        125342.0,
        119883.33333333333,
        118292.33333333333,
        116126.33333333333,
        113640.0,
        113543.33333333333,
        113360.0,
        113477.33333333333,
        113094.33333333333,
        111391.33333333333,
        111745.0,
        111185.0,
        111106.66666666667,
        110902.0,
        110725.0,
        110656.0,
        110227.0,
        110282.66666666667,
        110608.66666666667,
        108741.33333333333
    ],
    "best_objective_list": [
        124970.0,
        119370.0,
        118070.0,
        117160.0,
        113160.0,
        113160.0,
        113160.0,
        113160.0,
        110780.0,
        110780.0,
        110780.0,
        110780.0,
        109780.0,
        109780.0,
        109780.0,
        109780.0,
        109780.0,
        107010.0,
        107010.0,
        107010.0,
        107010.0
    ]
}