{
    "elapsed_time": 22.663273334503174,
    "best_objective": 103970.0,
    "best_solution": [
        1,
        2,
        3,
        19,
        4,
        5,
        6,
        0,
        15,
        16,
        7,
        8,
        18,
        10,
        11,
        12,
        13,
        14,
        28,
        9,
        20,
        21,
        22,
        23,
        24,
        25,
        26,
        27,
        17,
        29,
        30,
        31
    ],
    "average_objectives_list": [
        136656.86274509804,
        126771.0,
        120200.4,
        116135.0,
        114765.6,
        113434.0,
        111631.0,
        111283.6,
        109813.6,
        110092.6,
        109934.0,
        110018.0,
        109802.0,
        110303.2,
        109371.2,
        109927.0,
        109121.4,
        109288.2,
        110907.4,
        108833.6,
        108346.8
    ],
    "best_objective_list": [
        124340.0,
        116900.0,
        115730.0,
        114500.0,
        110300.0,
        108770.0,
        108770.0,
        108770.0,
        108770.0,
        106570.0,
        106570.0,
        106570.0,
        106570.0,
        106570.0,
        106570.0,
        106570.0,
        103970.0,
        103970.0,
        103970.0,
        103970.0,
        103970.0
    ]
}