{
    "elapsed_time": 11.499963283538818,
    "best_objective": 111470.0,
    "best_solution": [
        0,
        1,
        2,
        19,
        4,
        6,
        7,
        8,
        9,
        11,
        15,
        12,
        26,
        10,
        16,
        17,
        30,
        3,
        5,
        14,
        18,
        20,
        21,
        22,
        23,
        24,
        25,
        13,
        27,
        28,
        29,
        31
    ],
    "average_objectives_list": [
        137459.01960784313,
        127899.4,
        122397.0,
        118193.6,
        117003.8,
        116074.2,
        115540.0,
        115182.0,
        115020.0,
        114850.6,
        114602.8
    ],
    "best_objective_list": [
        126330.0,
        120740.0,
        117220.0,
        116820.0,
        115620.0,
        115420.0,
        115020.0,
        114420.0,
        112620.0,
        112620.0,
        111470.0
    ]
}