{
    "elapsed_time": 44.941935777664185,
    "best_objective": 105570.0,
    "best_solution": [
        0,
        1,
        8,
        11,
        4,
        5,
        6,
        7,
        2,
        10,
        15,
        12,
        14,
        3,
        16,
        21,
        23,
        13,
        17,
        9,
        22,
        19,
        20,
        18,
        24,
        25,
        26,
        27,
        28,
        29,
        30,
        31
    ],
    "average_objectives_list": [
        138592.1568627451,
        127601.4,
        121763.6,
        119894.8,
        118891.0,
        117988.4,
        117401.0,
        116673.8,
        116190.0,
        116018.4,
        114688.0,
        112757.4,
        112762.0,
        112070.0,
        111963.2,
        111336.8,
        110844.6,
        111501.4,
        110834.0,
        110767.2,
        110442.0,
        110608.2,
        109659.8,
        109195.0,
        109901.6,
        109830.4,
        110357.6,
        109743.4,
        109502.8,
        109391.8,
        109462.2,
        109654.8,
        109205.0,
        108223.4,
        108836.8,
        106921.4,
        109298.4,
        107721.2,
        108137.4,
        108962.4,
        108497.0
    ],
    "best_objective_list": [
        128580.0,
        120210.0,
        118780.0,
        118250.0,
        115450.0,
        115450.0,
        115230.0,
        115230.0,
        114900.0,
        113000.0,
        112470.0,
        112470.0,
        109970.0,
        109570.0,
        109570.0,
        109570.0,
        109470.0,
        109470.0,
        109470.0,
        109470.0,
        107470.0,
        107470.0,
        107470.0,
        106570.0,
        106570.0,
        106570.0,
        106570.0,
        106570.0,
        106570.0,
        106570.0,
        105670.0,
        105670.0,
        105670.0,
        105570.0,
        105570.0,
        105570.0,
        105570.0,
        105570.0,
        105570.0,
        105570.0,
        105570.0
    ]
}