{
    "elapsed_time": 45.19067716598511,
    "best_objective": 107880.0,
    "best_solution": [
        1,
        2,
        3,
        21,
        4,
        5,
        6,
        7,
        8,
        0,
        10,
        11,
        19,
        15,
        16,
        31,
        14,
        20,
        9,
        22,
        23,
        12,
        13,
        27,
        28,
        24,
        25,
        17,
        18,
        26,
        29,
        30
    ],
    "average_objectives_list": [
        138456.86274509804,
        127322.4,
        121532.6,
        119283.2,
        118544.4,
        118030.8,
        117849.8,
        117699.4,
        117457.6,
        116734.2,
        116269.2,
        115266.0,
        115085.0,
        115191.6,
        114903.6,
        114207.6,
        113560.8,
        113998.8,
        114223.0,
        113533.8,
        113997.4,
        114278.2,
        114099.6,
        113679.6,
        114183.8,
        114389.6,
        113369.2,
        113029.2,
        112507.2,
        112354.2,
        110883.6,
        111475.6,
        112232.8,
        111876.4,
        111209.8,
        112027.6,
        111258.6,
        112001.2,
        111867.2,
        112255.8,
        111222.2
    ],
    "best_objective_list": [
        124560.0,
        119930.0,
        118730.0,
        117530.0,
        117530.0,
        117470.0,
        116430.0,
        116430.0,
        114770.0,
        113970.0,
        113970.0,
        113970.0,
        112570.0,
        112570.0,
        112570.0,
        111960.0,
        111770.0,
        111770.0,
        111770.0,
        111770.0,
        111770.0,
        111770.0,
        111770.0,
        111770.0,
        110860.0,
        110860.0,
        109860.0,
        109860.0,
        108380.0,
        108380.0,
        108380.0,
        108380.0,
        108380.0,
        108380.0,
        108380.0,
        108380.0,
        107980.0,
        107980.0,
        107880.0,
        107880.0,
        107880.0
    ]
}