{
    "elapsed_time": 25.760634660720825,
    "best_objective": 109070.0,
    "best_solution": [
        1,
        2,
        3,
        5,
        11,
        4,
        6,
        8,
        10,
        0,
        12,
        16,
        18,
        19,
        15,
        7,
        13,
        22,
        14,
        9,
        17,
        20,
        21,
        23,
        24,
        25,
        26,
        27,
        28,
        29,
        30,
        31
    ],
    "average_objectives_list": [
        137338.41584158415,
        128577.2,
        122796.7,
        119796.3,
        118457.2,
        116458.2,
        117150.0,
        115966.0,
        115724.3,
        115040.3,
        114276.8,
        114732.4,
        113884.2,
        114007.2,
        114001.8,
        113317.2,
        112699.3,
        112375.1,
        112790.6,
        111686.6,
        111121.5
    ],
    "best_objective_list": [
        123840.0,
        119130.0,
        117040.0,
        114770.0,
        114770.0,
        114470.0,
        112970.0,
        112070.0,
        111370.0,
        111370.0,
        111070.0,
        111070.0,
        109930.0,
        109070.0,
        109070.0,
        109070.0,
        109070.0,
        109070.0,
        109070.0,
        109070.0,
        109070.0
    ]
}