{
    "elapsed_time": 22.819989681243896,
    "best_objective": 113060.0,
    "best_solution": [
        0,
        1,
        2,
        3,
        4,
        5,
        6,
        7,
        8,
        10,
        11,
        12,
        13,
        15,
        16,
        17,
        23,
        19,
        14,
        18,
        20,
        21,
        22,
        9,
        24,
        25,
        26,
        27,
        28,
        29,
        30,
        31
    ],
    "average_objectives_list": [
        137879.21568627452,
        126084.8,
        120707.4,
        119616.8,
        118853.2,
        118379.4,
        117597.0,
        117089.2,
        116276.2,
        116676.0,
        115772.8,
        115628.2,
        115552.0,
        114719.0,
        113333.2,
        113260.0,
        113531.2,
        113325.0,
        113240.0,
        113412.0,
        114250.4
    ],
    "best_objective_list": [
        124650.0,
        119810.0,
        119170.0,
        116670.0,
        116670.0,
        116670.0,
        116460.0,
        116260.0,
        115020.0,
        115020.0,
        114290.0,
        114290.0,
        113260.0,
        113260.0,
        113260.0,
        113260.0,
        113060.0,
        113060.0,
        113060.0,
        113060.0,
        113060.0
    ]
}