{
    "elapsed_time": 45.34728932380676,
    "best_objective": 107510.0,
    "best_solution": [
        1,
        5,
        3,
        19,
        4,
        0,
        6,
        7,
        8,
        10,
        11,
        12,
        13,
        15,
        16,
        17,
        18,
        2,
        9,
        20,
        14,
        21,
        22,
        28,
        24,
        25,
        23,
        27,
        26,
        29,
        30,
        31
    ],
    "average_objectives_list": [
        136189.60784313726,
        126294.6,
        122287.6,
        119051.8,
        116542.8,
        115868.4,
        116014.8,
        115765.8,
        115519.6,
        115946.8,
        114524.6,
        113896.2,
        113639.8,
        113949.6,
        113478.4,
        113789.0,
        113157.8,
        113654.0,
        113527.6,
        112973.0,
        113188.2,
        112918.0,
        112672.4,
        113217.8,
        112447.0,
        112639.8,
        112000.4,
        112881.0,
        112669.4,
        112737.4,
        112870.0,
        112294.0,
        112111.6,
        113083.0,
        113090.6,
        112212.2,
        111955.0,
        111276.2,
        111588.0,
        112045.8,
        111036.0
    ],
    "best_objective_list": [
        122080.0,
        120350.0,
        117470.0,
        115960.0,
        114850.0,
        114850.0,
        114250.0,
        114250.0,
        114250.0,
        112780.0,
        112780.0,
        111110.0,
        111110.0,
        111110.0,
        111110.0,
        111110.0,
        111110.0,
        110110.0,
        110110.0,
        110110.0,
        110110.0,
        110110.0,
        110110.0,
        110110.0,
        110110.0,
        110110.0,
        110110.0,
        110110.0,
        110110.0,
        110110.0,
        110110.0,
        109110.0,
        109110.0,
        109110.0,
        109110.0,
        107510.0,
        107510.0,
        107510.0,
        107510.0,
        107510.0,
        107510.0
    ]
}