{
    "elapsed_time": 22.583396434783936,
    "best_objective": 107120.0,
    "best_solution": [
        1,
        2,
        4,
        5,
        6,
        10,
        13,
        15,
        19,
        0,
        16,
        7,
        8,
        11,
        12,
        30,
        14,
        3,
        23,
        18,
        20,
        21,
        28,
        17,
        24,
        25,
        22,
        26,
        27,
        29,
        9,
        31
    ],
    "average_objectives_list": [
        137031.17647058822,
        127302.0,
        122000.2,
        119050.2,
        116092.2,
        114302.4,
        112733.2,
        112846.2,
        112814.6,
        112503.0,
        111179.2,
        112541.8,
        113006.8,
        112224.8,
        112734.0,
        112102.0,
        111057.2,
        112084.0,
        112188.8,
        111889.4,
        111515.6
    ],
    "best_objective_list": [
        125260.0,
        122220.0,
        117360.0,
        115660.0,
        111810.0,
        111810.0,
        109910.0,
        109410.0,
        109310.0,
        109310.0,
        108770.0,
        108770.0,
        108770.0,
        108770.0,
        107520.0,
        107520.0,
        107320.0,
        107320.0,
        107320.0,
        107120.0,
        107120.0
    ]
}