{
    "elapsed_time": 22.95133352279663,
    "best_objective": 112220.0,
    "best_solution": [
        0,
        1,
        2,
        3,
        4,
        5,
        6,
        7,
        8,
        14,
        15,
        19,
        24,
        25,
        18,
        29,
        30,
        21,
        13,
        9,
        10,
        16,
        12,
        11,
        17,
        26,
        20,
        22,
        23,
        27,
        28,
        31
    ],
    "average_objectives_list": [
        136201.3725490196,
        127738.8,
        121864.2,
        119454.2,
        118225.8,
        118224.2,
        118088.8,
        117637.8,
        117730.0,
        118013.0,
        117038.2,
        116975.4,
        116231.0,
        115646.2,
        114863.6,
        114192.0,
        114561.0,
        114179.2,
        114657.2,
        114650.2,
        113946.0
    ],
    "best_objective_list": [
        128840.0,
        119710.0,
        116900.0,
        116700.0,
        116300.0,
        116300.0,
        116300.0,
        116300.0,
        116300.0,
        116060.0,
        116060.0,
        115460.0,
        113880.0,
        113880.0,
        113880.0,
        113880.0,
        113880.0,
        113480.0,
        113480.0,
        113480.0,
        112220.0
    ]
}