{
    "elapsed_time": 22.79209041595459,
    "best_objective": 110590.0,
    "best_solution": [
        0,
        1,
        3,
        25,
        4,
        5,
        15,
        7,
        8,
        9,
        10,
        11,
        12,
        6,
        16,
        29,
        13,
        14,
        17,
        26,
        19,
        20,
        21,
        2,
        18,
        22,
        23,
        24,
        27,
        28,
        30,
        31
    ],
    "average_objectives_list": [
        137758.6274509804,
        127711.8,
        122894.6,
        119007.4,
        116597.2,
        116820.4,
        115824.8,
        115467.2,
        115551.2,
        115775.4,
        114724.6,
        114857.8,
        114774.6,
        114979.2,
        115231.2,
        114261.4,
        113791.8,
        113738.6,
        114747.8,
        114638.6,
        114015.2
    ],
    "best_objective_list": [
        128440.0,
        121710.0,
        116960.0,
        116140.0,
        114960.0,
        114960.0,
        114960.0,
        113760.0,
        113760.0,
        113760.0,
        113760.0,
        113760.0,
        113760.0,
        112590.0,
        112590.0,
        112590.0,
        112590.0,
        111290.0,
        110590.0,
        110590.0,
        110590.0
    ]
}