{
    "elapsed_time": 22.816861391067505,
    "best_objective": 106980.0,
    "best_solution": [
        0,
        1,
        2,
        3,
        19,
        5,
        6,
        7,
        8,
        15,
        16,
        10,
        26,
        17,
        25,
        9,
        11,
        23,
        22,
        14,
        28,
        4,
        20,
        21,
        18,
        12,
        24,
        27,
        30,
        13,
        29,
        31
    ],
    "average_objectives_list": [
        136500.78431372548,
        124836.6,
        118267.6,
        115711.6,
        114995.4,
        114153.6,
        113555.8,
        114195.0,
        113154.8,
        112580.0,
        113697.0,
        113271.8,
        113024.6,
        112655.0,
        112563.4,
        112622.6,
        111751.2,
        111965.0,
        113203.2,
        110836.8,
        112183.2
    ],
    "best_objective_list": [
        121090.0,
        116370.0,
        115060.0,
        113170.0,
        113170.0,
        112270.0,
        112270.0,
        112270.0,
        112270.0,
        110370.0,
        110370.0,
        110370.0,
        110370.0,
        109770.0,
        109770.0,
        109370.0,
        108770.0,
        107270.0,
        107270.0,
        107270.0,
        106980.0
    ]
}