{
    "elapsed_time": 11.42593502998352,
    "best_objective": 110990.0,
    "best_solution": [
        1,
        2,
        3,
        19,
        4,
        5,
        6,
        7,
        8,
        10,
        11,
        12,
        14,
        15,
        16,
        17,
        28,
        0,
        20,
        22,
        23,
        24,
        21,
        9,
        13,
        25,
        26,
        27,
        18,
        29,
        30,
        31
    ],
    "average_objectives_list": [
        137011.568627451,
        125910.4,
        118506.8,
        115998.2,
        115343.2,
        114317.0,
        114549.0,
        113582.4,
        115135.2,
        115023.0,
        114038.0
    ],
    "best_objective_list": [
        127000.0,
        116270.0,
        115160.0,
        112570.0,
        112570.0,
        112570.0,
        112090.0,
        110990.0,
        110990.0,
        110990.0,
        110990.0
    ]
}