{
    "elapsed_time": 22.672876596450806,
    "best_objective": 110920.0,
    "best_solution": [
        0,
        1,
        2,
        4,
        5,
        16,
        6,
        7,
        8,
        10,
        15,
        18,
        29,
        11,
        12,
        13,
        14,
        21,
        3,
        17,
        9,
        25,
        19,
        20,
        23,
        22,
        24,
        26,
        27,
        28,
        30,
        31
    ],
    "average_objectives_list": [
        137492.35294117648,
        127315.4,
        122369.6,
        119746.2,
        118790.8,
        118125.0,
        117379.4,
        116241.8,
        115514.4,
        115355.6,
        114636.6,
        113606.2,
        113920.6,
        113109.4,
        113519.6,
        113423.0,
        113427.4,
        112266.0,
        112895.2,
        112756.8,
        111882.0
    ],
    "best_objective_list": [
        121200.0,
        119920.0,
        119420.0,
        117920.0,
        117600.0,
        116550.0,
        115550.0,
        114750.0,
        113750.0,
        112120.0,
        112120.0,
        112020.0,
        112020.0,
        112020.0,
        112020.0,
        112020.0,
        111020.0,
        111020.0,
        110920.0,
        110920.0,
        110920.0
    ]
}