{
    "elapsed_time": 45.57965111732483,
    "best_objective": 107710.0,
    "best_solution": [
        0,
        1,
        4,
        14,
        7,
        5,
        25,
        2,
        8,
        10,
        3,
        15,
        21,
        16,
        17,
        18,
        19,
        28,
        23,
        30,
        20,
        6,
        24,
        9,
        11,
        12,
        13,
        22,
        26,
        27,
        29,
        31
    ],
    "average_objectives_list": [
        135823.5294117647,
        126684.2,
        121768.4,
        119311.8,
        118202.4,
        117062.8,
        116436.8,
        117576.4,
        115877.8,
        116335.2,
        116649.6,
        116761.8,
        116460.6,
        116869.4,
        117308.4,
        116203.6,
        116113.8,
        116241.6,
        115897.0,
        115901.6,
        114305.2,
        114419.8,
        114467.4,
        113723.0,
        114530.2,
        114243.4,
        113946.8,
        112910.6,
        113817.2,
        114160.0,
        111855.0,
        112614.2,
        112754.2,
        111687.8,
        114017.8,
        112787.8,
        113513.2,
        112253.0,
        111961.8,
        112600.4,
        111822.2
    ],
    "best_objective_list": [
        127770.0,
        119660.0,
        116520.0,
        115520.0,
        114720.0,
        114720.0,
        114720.0,
        114720.0,
        114720.0,
        114720.0,
        114720.0,
        114720.0,
        114720.0,
        114720.0,
        114720.0,
        114720.0,
        114120.0,
        114120.0,
        112620.0,
        112620.0,
        112020.0,
        111620.0,
        111620.0,
        111620.0,
        111620.0,
        111020.0,
        111020.0,
        111020.0,
        111020.0,
        111020.0,
        110820.0,
        110820.0,
        110410.0,
        110410.0,
        110410.0,
        110210.0,
        108910.0,
        108710.0,
        107710.0,
        107710.0,
        107710.0
    ]
}