{
    "elapsed_time": 25.64029812812805,
    "best_objective": 103700.0,
    "best_solution": [
        0,
        1,
        2,
        3,
        4,
        5,
        15,
        16,
        19,
        6,
        7,
        8,
        9,
        10,
        11,
        12,
        23,
        14,
        17,
        24,
        20,
        21,
        25,
        13,
        18,
        22,
        26,
        27,
        28,
        29,
        30,
        31
    ],
    "average_objectives_list": [
        136609.60396039605,
        127565.9,
        122629.1,
        121550.2,
        118329.0,
        116559.7,
        113229.7,
        111333.7,
        111894.7,
        112068.1,
        112702.7,
        111858.5,
        111469.8,
        111934.8,
        112094.7,
        109460.8,
        108767.1,
        108992.4,
        110135.8,
        110257.7,
        109822.0
    ],
    "best_objective_list": [
        124250.0,
        119650.0,
        115240.0,
        113640.0,
        110900.0,
        109900.0,
        107500.0,
        107500.0,
        107500.0,
        107500.0,
        107500.0,
        105500.0,
        105500.0,
        105000.0,
        105000.0,
        105000.0,
        105000.0,
        105000.0,
        105000.0,
        103800.0,
        103700.0
    ]
}