{
    "elapsed_time": 25.34685969352722,
    "best_objective": 110210.0,
    "best_solution": [
        0,
        2,
        3,
        11,
        4,
        5,
        6,
        7,
        25,
        10,
        1,
        12,
        13,
        14,
        15,
        16,
        30,
        18,
        19,
        8,
        20,
        21,
        9,
        22,
        23,
        24,
        26,
        27,
        28,
        17,
        29,
        31
    ],
    "average_objectives_list": [
        137065.0495049505,
        129240.4,
        124652.3,
        121489.6,
        119935.8,
        119117.7,
        119630.4,
        118702.5,
        118047.1,
        117379.6,
        117162.1,
        117446.3,
        116818.3,
        118429.7,
        116564.8,
        116613.6,
        116778.1,
        116813.8,
        116280.4,
        117200.4,
        117830.3
    ],
    "best_objective_list": [
        126590.0,
        122430.0,
        117610.0,
        116710.0,
        116710.0,
        113410.0,
        113410.0,
        113410.0,
        113210.0,
        113010.0,
        113010.0,
        112510.0,
        112510.0,
        112510.0,
        110410.0,
        110410.0,
        110210.0,
        110210.0,
        110210.0,
        110210.0,
        110210.0
    ]
}