{
    "elapsed_time": 22.714378118515015,
    "best_objective": 110570.0,
    "best_solution": [
        0,
        1,
        3,
        4,
        5,
        21,
        6,
        7,
        8,
        10,
        11,
        12,
        13,
        15,
        16,
        29,
        18,
        19,
        9,
        14,
        20,
        2,
        22,
        23,
        24,
        25,
        28,
        27,
        26,
        17,
        30,
        31
    ],
    "average_objectives_list": [
        136776.66666666666,
        126415.6,
        118561.4,
        116387.2,
        116065.6,
        115960.0,
        115918.0,
        115740.0,
        115320.0,
        114870.0,
        114736.0,
        114476.4,
        114352.8,
        113873.0,
        113294.0,
        112636.0,
        112926.4,
        112561.0,
        112755.6,
        112844.4,
        112515.4
    ],
    "best_objective_list": [
        122140.0,
        116690.0,
        116210.0,
        115960.0,
        115960.0,
        115960.0,
        114260.0,
        114260.0,
        114260.0,
        114260.0,
        114260.0,
        111880.0,
        111280.0,
        111280.0,
        111280.0,
        111280.0,
        111280.0,
        111280.0,
        111280.0,
        110570.0,
        110570.0
    ]
}