{
    "elapsed_time": 22.876790285110474,
    "best_objective": 109950.0,
    "best_solution": [
        0,
        1,
        4,
        19,
        20,
        6,
        15,
        8,
        9,
        10,
        11,
        12,
        31,
        7,
        16,
        17,
        22,
        3,
        5,
        14,
        27,
        25,
        2,
        21,
        18,
        23,
        24,
        26,
        28,
        29,
        30,
        13
    ],
    "average_objectives_list": [
        136779.21568627452,
        127914.2,
        120322.8,
        117963.4,
        116887.6,
        116575.8,
        116375.2,
        114446.2,
        114054.4,
        114034.4,
        114640.0,
        113421.6,
        113260.8,
        114630.4,
        114056.2,
        114494.0,
        115319.6,
        114948.2,
        112636.0,
        114340.4,
        112231.4
    ],
    "best_objective_list": [
        126720.0,
        118320.0,
        116750.0,
        115780.0,
        115780.0,
        112780.0,
        112780.0,
        112040.0,
        111230.0,
        111230.0,
        111230.0,
        109950.0,
        109950.0,
        109950.0,
        109950.0,
        109950.0,
        109950.0,
        109950.0,
        109950.0,
        109950.0,
        109950.0
    ]
}