{
    "elapsed_time": 22.62190842628479,
    "best_objective": 107880.0,
    "best_solution": [
        0,
        1,
        8,
        21,
        4,
        5,
        6,
        7,
        15,
        3,
        16,
        20,
        18,
        14,
        19,
        9,
        10,
        11,
        12,
        13,
        23,
        2,
        17,
        22,
        24,
        25,
        26,
        27,
        28,
        29,
        30,
        31
    ],
    "average_objectives_list": [
        136572.35294117648,
        127392.2,
        122736.8,
        119913.2,
        118725.4,
        117386.4,
        115793.8,
        115766.8,
        114869.2,
        114399.6,
        114186.6,
        113597.6,
        114097.6,
        113458.4,
        113930.0,
        113114.2,
        112030.0,
        112609.8,
        110759.8,
        111080.6,
        112345.8
    ],
    "best_objective_list": [
        129280.0,
        120580.0,
        118830.0,
        116930.0,
        116130.0,
        115640.0,
        114840.0,
        114340.0,
        113810.0,
        112870.0,
        111470.0,
        111470.0,
        111470.0,
        109770.0,
        107970.0,
        107970.0,
        107880.0,
        107880.0,
        107880.0,
        107880.0,
        107880.0
    ]
}