{
    "elapsed_time": 11.43611478805542,
    "best_objective": 112310.0,
    "best_solution": [
        0,
        1,
        15,
        3,
        4,
        5,
        10,
        11,
        14,
        2,
        16,
        25,
        6,
        7,
        8,
        9,
        22,
        21,
        17,
        18,
        19,
        20,
        12,
        13,
        23,
        24,
        26,
        27,
        28,
        29,
        30,
        31
    ],
    "average_objectives_list": [
        137125.0980392157,
        126197.4,
        118613.8,
        116023.6,
        115243.6,
        115256.4,
        113746.0,
        114495.6,
        114214.0,
        114253.0,
        113386.0
    ],
    "best_objective_list": [
        124890.0,
        116030.0,
        114910.0,
        114910.0,
        113610.0,
        113610.0,
        113610.0,
        113610.0,
        113270.0,
        112610.0,
        112310.0
    ]
}