{
    "elapsed_time": 21.38884449005127,
    "best_objective": 107060.0,
    "best_solution": [
        19,
        1,
        2,
        3,
        4,
        5,
        6,
        7,
        8,
        21,
        10,
        11,
        12,
        15,
        16,
        0,
        9,
        23,
        24,
        30,
        13,
        14,
        17,
        18,
        20,
        22,
        25,
        26,
        27,
        28,
        29,
        31
    ],
    "average_objectives_list": [
        136966.4516129032,
        125518.33333333333,
        119645.33333333333,
        117404.0,
        116669.0,
        115944.33333333333,
        114824.0,
        114118.66666666667,
        113663.33333333333,
        113157.33333333333,
        113000.0,
        112960.0,
        112720.0,
        113241.0,
        111757.33333333333,
        109970.0,
        109030.0,
        108364.0,
        108333.33333333333,
        107980.0,
        108657.33333333333
    ],
    "best_objective_list": [
        125490.0,
        119150.0,
        116740.0,
        116740.0,
        115360.0,
        114580.0,
        113780.0,
        112510.0,
        112510.0,
        112510.0,
        112510.0,
        112510.0,
        111610.0,
        110360.0,
        109460.0,
        107060.0,
        107060.0,
        107060.0,
        107060.0,
        107060.0,
        107060.0
    ]
}