{
    "elapsed_time": 11.273114681243896,
    "best_objective": 108100.0,
    "best_solution": [
        0,
        1,
        2,
        3,
        5,
        4,
        10,
        11,
        12,
        14,
        15,
        16,
        19,
        6,
        7,
        8,
        28,
        13,
        17,
        18,
        31,
        20,
        21,
        22,
        23,
        24,
        25,
        26,
        27,
        9,
        29,
        30
    ],
    "average_objectives_list": [
        136109.41176470587,
        126855.6,
        121455.2,
        116755.0,
        114455.0,
        111290.0,
        110180.0,
        110923.6,
        109810.0,
        109466.0,
        110986.8
    ],
    "best_objective_list": [
        129710.0,
        118660.0,
        116030.0,
        110300.0,
        108500.0,
        108500.0,
        108500.0,
        108500.0,
        108100.0,
        108100.0,
        108100.0
    ]
}