{
    "elapsed_time": 11.423614025115967,
    "best_objective": 110330.0,
    "best_solution": [
        0,
        1,
        2,
        3,
        6,
        8,
        10,
        11,
        19,
        12,
        13,
        18,
        9,
        20,
        21,
        22,
        23,
        16,
        15,
        26,
        7,
        4,
        5,
        14,
        24,
        25,
        17,
        27,
        28,
        29,
        30,
        31
    ],
    "average_objectives_list": [
        136948.23529411765,
        126245.0,
        120188.6,
        117387.2,
        113642.2,
        113538.2,
        113481.6,
        111993.6,
        113393.0,
        112460.0,
        112395.6
    ],
    "best_objective_list": [
        123680.0,
        118590.0,
        114930.0,
        111930.0,
        111330.0,
        111330.0,
        111330.0,
        110930.0,
        110930.0,
        110330.0,
        110330.0
    ]
}