{
    "elapsed_time": 22.665005445480347,
    "best_objective": 109290.0,
    "best_solution": [
        0,
        1,
        2,
        15,
        4,
        6,
        21,
        8,
        9,
        10,
        11,
        12,
        19,
        20,
        7,
        22,
        5,
        25,
        13,
        14,
        3,
        16,
        17,
        18,
        23,
        24,
        26,
        27,
        28,
        29,
        30,
        31
    ],
    "average_objectives_list": [
        137125.29411764705,
        126436.0,
        122529.4,
        120318.4,
        118892.2,
        118482.8,
        116926.4,
        115335.4,
        114952.6,
        114525.4,
        114524.4,
        113375.6,
        113050.2,
        113439.2,
        112757.0,
        113034.4,
        112434.8,
        112250.8,
        112267.8,
        112008.8,
        111530.4
    ],
    "best_objective_list": [
        126280.0,
        119750.0,
        118730.0,
        117390.0,
        117190.0,
        115190.0,
        115190.0,
        114120.0,
        113320.0,
        113320.0,
        112400.0,
        112400.0,
        112400.0,
        112400.0,
        111700.0,
        111700.0,
        111600.0,
        109490.0,
        109490.0,
        109490.0,
        109290.0
    ]
}