{
    "elapsed_time": 22.56512427330017,
    "best_objective": 111010.0,
    "best_solution": [
        0,
        1,
        3,
        21,
        4,
        5,
        14,
        7,
        6,
        15,
        16,
        8,
        12,
        10,
        11,
        9,
        13,
        17,
        18,
        26,
        20,
        2,
        19,
        22,
        28,
        24,
        25,
        27,
        23,
        29,
        30,
        31
    ],
    "average_objectives_list": [
        136999.41176470587,
        127049.4,
        121255.0,
        117998.2,
        115580.4,
        114933.2,
        114257.0,
        114477.2,
        113520.2,
        113387.6,
        113351.0,
        112757.6,
        113691.2,
        113636.4,
        113108.8,
        113416.4,
        112933.6,
        112129.2,
        113244.2,
        112854.2,
        112409.8
    ],
    "best_objective_list": [
        126040.0,
        119220.0,
        115330.0,
        115030.0,
        112830.0,
        112830.0,
        112410.0,
        112410.0,
        112310.0,
        112310.0,
        112310.0,
        112310.0,
        112310.0,
        112310.0,
        112310.0,
        111510.0,
        111510.0,
        111510.0,
        111510.0,
        111510.0,
        111010.0
    ]
}