{
    "elapsed_time": 45.494330167770386,
    "best_objective": 108430.0,
    "best_solution": [
        1,
        2,
        3,
        21,
        5,
        6,
        10,
        4,
        15,
        16,
        12,
        0,
        9,
        7,
        8,
        11,
        18,
        24,
        22,
        14,
        19,
        20,
        13,
        30,
        28,
        17,
        25,
        26,
        23,
        27,
        29,
        31
    ],
    "average_objectives_list": [
        137232.1568627451,
        125915.2,
        120822.6,
        118840.0,
        117789.8,
        115638.6,
        114483.2,
        114274.0,
        113654.4,
        113078.8,
        113378.0,
        112793.4,
        112498.0,
        112088.0,
        111388.0,
        111078.0,
        111252.8,
        112067.8,
        111170.8,
        110498.0,
        110724.8,
        110660.0,
        110210.0,
        109714.0,
        111507.0,
        110341.0,
        110242.0,
        110960.0,
        110369.2,
        110000.0,
        111636.6,
        110412.0,
        110475.2,
        110565.2,
        112036.2,
        111095.4,
        110829.2,
        109850.0,
        110847.2,
        109982.2,
        110199.2
    ],
    "best_objective_list": [
        125060.0,
        119600.0,
        118530.0,
        116330.0,
        114430.0,
        114430.0,
        113630.0,
        113030.0,
        112330.0,
        112030.0,
        112030.0,
        112030.0,
        111430.0,
        110530.0,
        110530.0,
        109930.0,
        109730.0,
        109730.0,
        108730.0,
        108730.0,
        108730.0,
        108730.0,
        108730.0,
        108730.0,
        108530.0,
        108530.0,
        108530.0,
        108530.0,
        108430.0,
        108430.0,
        108430.0,
        108430.0,
        108430.0,
        108430.0,
        108430.0,
        108430.0,
        108430.0,
        108430.0,
        108430.0,
        108430.0,
        108430.0
    ]
}