{
    "elapsed_time": 21.982271432876587,
    "best_objective": 109410.0,
    "best_solution": [
        1,
        21,
        3,
        4,
        5,
        6,
        2,
        7,
        8,
        12,
        15,
        16,
        27,
        9,
        10,
        11,
        22,
        14,
        17,
        18,
        19,
        20,
        0,
        13,
        23,
        24,
        25,
        26,
        28,
        29,
        30,
        31
    ],
    "average_objectives_list": [
        137131.29032258064,
        126592.0,
        119662.33333333333,
        117769.66666666667,
        117063.33333333333,
        115873.66666666667,
        115448.33333333333,
        115004.33333333333,
        114310.0,
        113988.33333333333,
        113692.66666666667,
        112792.33333333333,
        112371.66666666667,
        111771.66666666667,
        111911.66666666667,
        111761.66666666667,
        111493.33333333333,
        111828.33333333333,
        111620.0,
        111798.33333333333,
        110680.0
    ],
    "best_objective_list": [
        126660.0,
        117940.0,
        117690.0,
        117390.0,
        115090.0,
        115090.0,
        114620.0,
        114220.0,
        113720.0,
        113120.0,
        112760.0,
        111210.0,
        111210.0,
        111210.0,
        111210.0,
        111210.0,
        111210.0,
        111210.0,
        111210.0,
        110010.0,
        109410.0
    ]
}