{
    "elapsed_time": 22.590062379837036,
    "best_objective": 110380.0,
    "best_solution": [
        0,
        1,
        15,
        4,
        19,
        3,
        6,
        7,
        8,
        9,
        10,
        11,
        30,
        23,
        12,
        13,
        14,
        5,
        16,
        31,
        18,
        2,
        20,
        21,
        22,
        24,
        25,
        26,
        27,
        28,
        17,
        29
    ],
    "average_objectives_list": [
        136264.11764705883,
        127212.6,
        121352.8,
        118182.0,
        116226.2,
        116426.4,
        116448.6,
        118165.2,
        117247.6,
        116024.4,
        115227.4,
        115623.0,
        114442.2,
        114921.4,
        114036.4,
        113460.2,
        114636.0,
        114698.2,
        114383.8,
        113838.6,
        114915.0
    ],
    "best_objective_list": [
        123400.0,
        117990.0,
        116090.0,
        114670.0,
        113770.0,
        113770.0,
        113770.0,
        113770.0,
        110680.0,
        110680.0,
        110680.0,
        110680.0,
        110680.0,
        110680.0,
        110680.0,
        110680.0,
        110380.0,
        110380.0,
        110380.0,
        110380.0,
        110380.0
    ]
}