{
    "elapsed_time": 21.452545642852783,
    "best_objective": 111540.0,
    "best_solution": [
        0,
        1,
        20,
        3,
        4,
        5,
        6,
        7,
        10,
        11,
        12,
        13,
        15,
        16,
        8,
        9,
        14,
        28,
        18,
        19,
        2,
        21,
        22,
        23,
        24,
        25,
        17,
        26,
        27,
        29,
        30,
        31
    ],
    "average_objectives_list": [
        136540.96774193548,
        125806.66666666667,
        119883.33333333333,
        118257.0,
        117012.33333333333,
        116340.0,
        115600.0,
        116030.0,
        115880.0,
        116316.66666666667,
        115510.0,
        115723.33333333333,
        115746.66666666667,
        115383.33333333333,
        115260.0,
        114460.0,
        113973.33333333333,
        113193.33333333333,
        113032.66666666667,
        113500.0,
        114134.0
    ],
    "best_objective_list": [
        127420.0,
        119450.0,
        118110.0,
        116560.0,
        115960.0,
        115460.0,
        115460.0,
        115460.0,
        115460.0,
        115460.0,
        115060.0,
        115060.0,
        115060.0,
        113260.0,
        112960.0,
        112960.0,
        112960.0,
        112960.0,
        111540.0,
        111540.0,
        111540.0
    ]
}