{
    "elapsed_time": 22.624280214309692,
    "best_objective": 111350.0,
    "best_solution": [
        0,
        1,
        3,
        4,
        21,
        5,
        6,
        7,
        8,
        10,
        12,
        13,
        14,
        15,
        16,
        17,
        18,
        22,
        20,
        30,
        9,
        2,
        11,
        19,
        23,
        24,
        25,
        26,
        27,
        28,
        29,
        31
    ],
    "average_objectives_list": [
        137117.64705882352,
        126862.6,
        120814.4,
        116982.0,
        116618.0,
        116273.6,
        115496.0,
        114899.4,
        114574.2,
        115120.8,
        114628.4,
        113535.0,
        115328.8,
        113032.2,
        113638.2,
        112845.2,
        112787.6,
        112500.4,
        113130.8,
        112486.2,
        112438.4
    ],
    "best_objective_list": [
        126000.0,
        117040.0,
        116440.0,
        115740.0,
        115740.0,
        115730.0,
        114930.0,
        113400.0,
        112800.0,
        112800.0,
        112800.0,
        112800.0,
        112350.0,
        111850.0,
        111850.0,
        111850.0,
        111850.0,
        111350.0,
        111350.0,
        111350.0,
        111350.0
    ]
}