{
    "elapsed_time": 22.731125831604004,
    "best_objective": 109980.0,
    "best_solution": [
        1,
        2,
        15,
        20,
        5,
        4,
        6,
        7,
        0,
        16,
        8,
        28,
        10,
        19,
        12,
        13,
        3,
        14,
        17,
        18,
        11,
        21,
        22,
        23,
        24,
        25,
        9,
        26,
        27,
        29,
        30,
        31
    ],
    "average_objectives_list": [
        136392.35294117648,
        126158.8,
        121614.0,
        119360.2,
        118015.6,
        116872.8,
        116699.6,
        116546.6,
        116158.6,
        116028.8,
        115958.4,
        116258.0,
        117364.6,
        116760.6,
        116332.8,
        115757.2,
        116008.2,
        115868.6,
        115192.8,
        114009.4,
        114703.2
    ],
    "best_objective_list": [
        121530.0,
        120760.0,
        118080.0,
        117560.0,
        116660.0,
        116660.0,
        115640.0,
        115640.0,
        114320.0,
        114320.0,
        113520.0,
        113520.0,
        113520.0,
        113520.0,
        113520.0,
        112920.0,
        112620.0,
        111580.0,
        111580.0,
        110580.0,
        109980.0
    ]
}