{
    "elapsed_time": 25.70515251159668,
    "best_objective": 110400.0,
    "best_solution": [
        0,
        1,
        3,
        11,
        4,
        21,
        6,
        7,
        8,
        10,
        12,
        13,
        14,
        15,
        16,
        17,
        18,
        19,
        20,
        9,
        2,
        5,
        28,
        23,
        24,
        25,
        22,
        26,
        27,
        29,
        30,
        31
    ],
    "average_objectives_list": [
        137702.8712871287,
        128280.2,
        123216.9,
        120985.1,
        118438.0,
        119637.0,
        118278.3,
        118447.8,
        118902.0,
        117932.3,
        118086.8,
        117281.4,
        116943.2,
        117131.2,
        116063.2,
        115170.8,
        116628.2,
        115283.0,
        114476.9,
        115252.9,
        115840.9
    ],
    "best_objective_list": [
        126800.0,
        117440.0,
        117430.0,
        116930.0,
        115730.0,
        114400.0,
        114400.0,
        113100.0,
        113100.0,
        113100.0,
        112500.0,
        112300.0,
        110400.0,
        110400.0,
        110400.0,
        110400.0,
        110400.0,
        110400.0,
        110400.0,
        110400.0,
        110400.0
    ]
}