{
    "elapsed_time": 22.456968069076538,
    "best_objective": 109800.0,
    "best_solution": [
        0,
        1,
        3,
        11,
        4,
        5,
        6,
        7,
        10,
        2,
        12,
        15,
        19,
        16,
        8,
        9,
        30,
        14,
        17,
        18,
        20,
        21,
        22,
        23,
        24,
        25,
        26,
        27,
        28,
        29,
        13,
        31
    ],
    "average_objectives_list": [
        136217.64705882352,
        125915.0,
        120536.2,
        118734.4,
        116995.6,
        116208.0,
        114812.0,
        114300.0,
        114300.0,
        114278.0,
        113948.0,
        113154.0,
        113116.0,
        112570.0,
        112232.6,
        111936.0,
        111368.0,
        111106.4,
        111228.0,
        110744.6,
        110788.0
    ],
    "best_objective_list": [
        123270.0,
        119330.0,
        118440.0,
        116600.0,
        114300.0,
        114300.0,
        114300.0,
        114300.0,
        114300.0,
        113200.0,
        113200.0,
        111800.0,
        111700.0,
        111400.0,
        110800.0,
        110800.0,
        110400.0,
        109800.0,
        109800.0,
        109800.0,
        109800.0
    ]
}