{
    "elapsed_time": 22.740928411483765,
    "best_objective": 107800.0,
    "best_solution": [
        1,
        2,
        4,
        10,
        16,
        5,
        7,
        11,
        8,
        3,
        6,
        12,
        15,
        0,
        19,
        20,
        26,
        25,
        29,
        22,
        14,
        17,
        18,
        21,
        23,
        24,
        9,
        13,
        27,
        28,
        30,
        31
    ],
    "average_objectives_list": [
        136870.98039215687,
        126084.6,
        118843.8,
        115528.2,
        114697.4,
        113648.4,
        114686.2,
        113277.0,
        115017.4,
        113929.6,
        112448.4,
        112822.8,
        112204.0,
        111893.8,
        113928.0,
        112298.2,
        112439.8,
        111520.2,
        111897.4,
        111402.4,
        110242.0
    ],
    "best_objective_list": [
        122830.0,
        117360.0,
        113060.0,
        112660.0,
        112160.0,
        112160.0,
        111900.0,
        111900.0,
        111900.0,
        110900.0,
        110900.0,
        110900.0,
        110300.0,
        110300.0,
        109900.0,
        109200.0,
        108700.0,
        108600.0,
        107800.0,
        107800.0,
        107800.0
    ]
}