{
    "elapsed_time": 21.830612182617188,
    "best_objective": 112340.0,
    "best_solution": [
        0,
        1,
        2,
        9,
        4,
        6,
        7,
        13,
        10,
        11,
        12,
        31,
        8,
        15,
        16,
        18,
        20,
        19,
        21,
        22,
        23,
        5,
        3,
        17,
        24,
        25,
        14,
        27,
        28,
        29,
        30,
        26
    ],
    "average_objectives_list": [
        136607.74193548388,
        125463.0,
        120090.0,
        118080.0,
        116866.0,
        114919.33333333333,
        114475.66666666667,
        114732.0,
        114908.0,
        114348.66666666667,
        114345.66666666667,
        114807.0,
        114050.33333333333,
        115063.0,
        114435.33333333333,
        114631.33333333333,
        114703.66666666667,
        113978.66666666667,
        114346.33333333333,
        114324.0,
        115359.0
    ],
    "best_objective_list": [
        124550.0,
        119520.0,
        118030.0,
        115230.0,
        114310.0,
        114310.0,
        114310.0,
        114210.0,
        114210.0,
        113410.0,
        112860.0,
        112860.0,
        112860.0,
        112860.0,
        112860.0,
        112860.0,
        112860.0,
        112630.0,
        112340.0,
        112340.0,
        112340.0
    ]
}