{
    "elapsed_time": 11.23259449005127,
    "best_objective": 112920.0,
    "best_solution": [
        0,
        2,
        4,
        10,
        6,
        7,
        1,
        12,
        8,
        14,
        15,
        16,
        19,
        3,
        5,
        24,
        9,
        11,
        17,
        13,
        20,
        18,
        21,
        22,
        23,
        25,
        26,
        27,
        28,
        29,
        30,
        31
    ],
    "average_objectives_list": [
        137292.74509803922,
        126856.2,
        120614.4,
        117909.2,
        116626.2,
        116000.0,
        116024.0,
        115862.0,
        115437.4,
        114490.2,
        113958.2
    ],
    "best_objective_list": [
        126820.0,
        117710.0,
        116800.0,
        115800.0,
        115800.0,
        115600.0,
        115600.0,
        114600.0,
        113520.0,
        112920.0,
        112920.0
    ]
}