{
    "elapsed_time": 45.72133755683899,
    "best_objective": 109080.0,
    "best_solution": [
        0,
        1,
        2,
        4,
        5,
        6,
        21,
        7,
        8,
        15,
        16,
        11,
        9,
        10,
        31,
        18,
        13,
        26,
        17,
        24,
        19,
        20,
        25,
        22,
        12,
        23,
        3,
        14,
        27,
        28,
        29,
        30
    ],
    "average_objectives_list": [
        136887.8431372549,
        126755.6,
        121966.4,
        119691.4,
        117090.2,
        115655.6,
        115368.0,
        115700.4,
        114534.0,
        113915.2,
        113488.6,
        114067.8,
        112751.6,
        112525.2,
        112359.6,
        112411.8,
        111997.6,
        111379.4,
        112968.2,
        111974.6,
        111781.6,
        111756.6,
        112012.4,
        111924.2,
        112014.8,
        111638.2,
        111405.0,
        110567.4,
        111301.0,
        112256.2,
        112558.0,
        111992.8,
        111206.8,
        111190.8,
        111679.0,
        111120.4,
        111203.2,
        111925.4,
        112325.6,
        110147.8,
        112221.2
    ],
    "best_objective_list": [
        124820.0,
        121420.0,
        118070.0,
        115540.0,
        115540.0,
        115220.0,
        114420.0,
        112440.0,
        112240.0,
        112040.0,
        111100.0,
        110100.0,
        110100.0,
        110100.0,
        110100.0,
        110100.0,
        110100.0,
        110100.0,
        110100.0,
        110100.0,
        110100.0,
        110100.0,
        110100.0,
        109580.0,
        109580.0,
        109580.0,
        109580.0,
        109580.0,
        109580.0,
        109580.0,
        109580.0,
        109380.0,
        109380.0,
        109380.0,
        109380.0,
        109280.0,
        109280.0,
        109280.0,
        109280.0,
        109280.0,
        109080.0
    ]
}