{
    "elapsed_time": 25.673611879348755,
    "best_objective": 108470.0,
    "best_solution": [
        0,
        1,
        2,
        11,
        4,
        5,
        3,
        14,
        15,
        16,
        6,
        7,
        8,
        21,
        10,
        12,
        13,
        25,
        17,
        9,
        18,
        19,
        20,
        22,
        23,
        24,
        26,
        27,
        28,
        29,
        30,
        31
    ],
    "average_objectives_list": [
        137125.84158415842,
        128765.6,
        123700.6,
        119814.2,
        117919.9,
        116849.1,
        115402.6,
        116399.0,
        115693.3,
        115738.5,
        115823.0,
        114415.9,
        114997.2,
        115079.1,
        115140.6,
        115326.6,
        115965.9,
        114189.9,
        114924.3,
        113284.1,
        112969.0
    ],
    "best_objective_list": [
        126160.0,
        116820.0,
        115500.0,
        114030.0,
        114030.0,
        113530.0,
        112230.0,
        112030.0,
        112030.0,
        112030.0,
        110340.0,
        110230.0,
        110230.0,
        109830.0,
        109830.0,
        109370.0,
        109370.0,
        109370.0,
        109370.0,
        109290.0,
        108470.0
    ]
}