{
    "elapsed_time": 22.738298892974854,
    "best_objective": 104200.0,
    "best_solution": [
        0,
        1,
        2,
        3,
        4,
        5,
        15,
        7,
        8,
        16,
        6,
        19,
        10,
        11,
        12,
        20,
        14,
        25,
        13,
        23,
        9,
        24,
        17,
        28,
        18,
        21,
        22,
        26,
        27,
        29,
        30,
        31
    ],
    "average_objectives_list": [
        136914.11764705883,
        127425.6,
        122759.0,
        120244.8,
        118050.6,
        116304.0,
        114916.0,
        113607.2,
        114153.6,
        114462.0,
        113106.0,
        111969.0,
        110702.2,
        110614.6,
        111364.6,
        110732.8,
        110158.6,
        109941.0,
        110118.0,
        109289.2,
        107516.8
    ],
    "best_objective_list": [
        125930.0,
        121060.0,
        118820.0,
        116620.0,
        113760.0,
        112380.0,
        112380.0,
        111880.0,
        111440.0,
        110840.0,
        110050.0,
        108410.0,
        108410.0,
        108210.0,
        108210.0,
        108210.0,
        108210.0,
        106610.0,
        106610.0,
        104800.0,
        104200.0
    ]
}