{
    "elapsed_time": 22.938246965408325,
    "best_objective": 108990.0,
    "best_solution": [
        0,
        1,
        8,
        11,
        4,
        5,
        6,
        7,
        10,
        3,
        12,
        13,
        14,
        15,
        16,
        27,
        28,
        19,
        20,
        21,
        22,
        2,
        9,
        23,
        24,
        25,
        17,
        26,
        18,
        29,
        30,
        31
    ],
    "average_objectives_list": [
        138093.5294117647,
        128651.4,
        123006.2,
        120452.8,
        118559.4,
        117808.8,
        116763.4,
        116390.8,
        115567.2,
        114613.8,
        115262.4,
        115763.2,
        115633.4,
        115328.8,
        114042.4,
        113557.4,
        114634.6,
        112722.0,
        113487.6,
        111572.0,
        112521.6
    ],
    "best_objective_list": [
        128240.0,
        121400.0,
        119660.0,
        117960.0,
        117040.0,
        114190.0,
        114190.0,
        114190.0,
        114190.0,
        114190.0,
        114190.0,
        114190.0,
        111990.0,
        111990.0,
        110790.0,
        108990.0,
        108990.0,
        108990.0,
        108990.0,
        108990.0,
        108990.0
    ]
}