{
    "elapsed_time": 45.88961958885193,
    "best_objective": 102430.0,
    "best_solution": [
        1,
        3,
        21,
        11,
        2,
        10,
        15,
        16,
        27,
        4,
        0,
        12,
        19,
        6,
        7,
        8,
        9,
        22,
        14,
        17,
        18,
        20,
        5,
        13,
        23,
        24,
        25,
        26,
        28,
        29,
        30,
        31
    ],
    "average_objectives_list": [
        137717.45098039217,
        125603.2,
        118214.8,
        113269.0,
        111750.2,
        110836.8,
        110915.8,
        109792.0,
        110124.6,
        109269.6,
        107976.0,
        108517.2,
        109188.8,
        109472.8,
        109508.6,
        109008.0,
        108462.0,
        109203.6,
        109582.4,
        108128.4,
        108461.8,
        108789.0,
        107129.6,
        107386.8,
        106321.6,
        107405.4,
        107536.2,
        105794.0,
        106604.6,
        106460.0,
        105814.6,
        106562.0,
        107509.8,
        106744.8,
        106163.0,
        107510.6,
        105390.8,
        105857.6,
        105362.8,
        104949.0,
        104257.8
    ],
    "best_objective_list": [
        127190.0,
        116530.0,
        110870.0,
        110870.0,
        110870.0,
        108770.0,
        108770.0,
        108270.0,
        107370.0,
        107370.0,
        107370.0,
        106770.0,
        106770.0,
        106770.0,
        106770.0,
        106470.0,
        106470.0,
        106470.0,
        106470.0,
        105370.0,
        105370.0,
        105370.0,
        104270.0,
        104270.0,
        104270.0,
        104270.0,
        104270.0,
        104070.0,
        104070.0,
        104070.0,
        104070.0,
        104070.0,
        104070.0,
        104070.0,
        104070.0,
        102770.0,
        102770.0,
        102770.0,
        102770.0,
        102430.0,
        102430.0
    ]
}