{
    "elapsed_time": 25.62282943725586,
    "best_objective": 108200.0,
    "best_solution": [
        1,
        2,
        3,
        19,
        4,
        5,
        6,
        7,
        10,
        11,
        12,
        9,
        0,
        15,
        16,
        8,
        22,
        14,
        17,
        18,
        20,
        21,
        13,
        23,
        24,
        25,
        26,
        27,
        28,
        29,
        30,
        31
    ],
    "average_objectives_list": [
        136762.47524752477,
        128423.2,
        123379.4,
        119673.9,
        118542.8,
        118757.5,
        116942.6,
        118633.1,
        118057.3,
        116743.9,
        116107.1,
        114808.0,
        115248.3,
        116065.9,
        115928.8,
        115717.1,
        115676.0,
        116194.4,
        115308.0,
        114452.0,
        113553.6
    ],
    "best_objective_list": [
        126090.0,
        120620.0,
        117040.0,
        116240.0,
        115230.0,
        114130.0,
        112630.0,
        111830.0,
        111830.0,
        111830.0,
        111480.0,
        111480.0,
        110830.0,
        110830.0,
        110080.0,
        110080.0,
        110080.0,
        108200.0,
        108200.0,
        108200.0,
        108200.0
    ]
}