{
    "elapsed_time": 45.304720640182495,
    "best_objective": 107270.0,
    "best_solution": [
        0,
        1,
        3,
        5,
        6,
        10,
        4,
        7,
        8,
        12,
        2,
        11,
        9,
        15,
        16,
        17,
        18,
        19,
        14,
        31,
        28,
        20,
        21,
        22,
        23,
        24,
        25,
        13,
        26,
        27,
        29,
        30
    ],
    "average_objectives_list": [
        137879.01960784313,
        126246.6,
        119632.6,
        116605.4,
        116002.2,
        115766.8,
        115426.8,
        114716.4,
        114359.0,
        113044.8,
        111895.0,
        114349.6,
        111886.4,
        111911.6,
        111614.6,
        111174.4,
        110832.0,
        111221.8,
        112097.6,
        110973.8,
        110755.6,
        111206.8,
        110208.2,
        111410.4,
        111527.6,
        111653.2,
        111075.0,
        110229.2,
        110387.8,
        110221.8,
        110148.8,
        113150.8,
        110744.0,
        110879.4,
        110723.8,
        110150.0,
        109903.2,
        109773.4,
        109874.8,
        109072.6,
        109933.6
    ],
    "best_objective_list": [
        127280.0,
        118620.0,
        116220.0,
        115520.0,
        115020.0,
        114620.0,
        112670.0,
        112670.0,
        110670.0,
        110670.0,
        110070.0,
        110070.0,
        109870.0,
        108670.0,
        108670.0,
        108470.0,
        108470.0,
        108470.0,
        108470.0,
        108470.0,
        108470.0,
        108470.0,
        108470.0,
        108470.0,
        108070.0,
        108070.0,
        108070.0,
        108070.0,
        108070.0,
        108070.0,
        108070.0,
        108070.0,
        108070.0,
        107770.0,
        107770.0,
        107270.0,
        107270.0,
        107270.0,
        107270.0,
        107270.0,
        107270.0
    ]
}