{
    "elapsed_time": 22.86324453353882,
    "best_objective": 112530.0,
    "best_solution": [
        0,
        1,
        2,
        3,
        4,
        5,
        6,
        7,
        8,
        12,
        11,
        10,
        9,
        14,
        15,
        16,
        26,
        28,
        23,
        18,
        19,
        20,
        21,
        22,
        17,
        25,
        24,
        13,
        27,
        29,
        30,
        31
    ],
    "average_objectives_list": [
        137610.39215686274,
        126931.8,
        120793.8,
        118876.6,
        117594.4,
        115024.6,
        115067.4,
        115594.0,
        115365.2,
        115024.4,
        114410.4,
        113615.4,
        113859.4,
        114447.6,
        113169.4,
        114064.0,
        113990.8,
        113554.0,
        113906.6,
        113200.2,
        112944.2
    ],
    "best_objective_list": [
        124380.0,
        119060.0,
        118860.0,
        115960.0,
        114060.0,
        114060.0,
        114060.0,
        114060.0,
        114060.0,
        113360.0,
        112560.0,
        112560.0,
        112560.0,
        112560.0,
        112560.0,
        112560.0,
        112560.0,
        112560.0,
        112560.0,
        112560.0,
        112530.0
    ]
}