{
    "elapsed_time": 22.80603313446045,
    "best_objective": 106830.0,
    "best_solution": [
        0,
        1,
        2,
        3,
        4,
        5,
        6,
        21,
        25,
        10,
        15,
        17,
        14,
        16,
        12,
        13,
        23,
        28,
        19,
        18,
        11,
        20,
        7,
        8,
        9,
        22,
        24,
        26,
        27,
        29,
        30,
        31
    ],
    "average_objectives_list": [
        136360.19607843139,
        125972.0,
        119241.0,
        116663.0,
        115598.8,
        114405.4,
        114114.8,
        114042.8,
        113592.6,
        113200.0,
        113129.2,
        112132.2,
        112362.2,
        111670.8,
        112472.2,
        112044.8,
        111654.6,
        111619.4,
        110777.2,
        110792.4,
        111525.0
    ],
    "best_objective_list": [
        124480.0,
        117340.0,
        115400.0,
        114390.0,
        113800.0,
        113600.0,
        113030.0,
        112730.0,
        112230.0,
        110930.0,
        110530.0,
        110000.0,
        110000.0,
        109600.0,
        109600.0,
        109600.0,
        109600.0,
        109600.0,
        109600.0,
        109600.0,
        106830.0
    ]
}