{
    "elapsed_time": 22.52120089530945,
    "best_objective": 112540.0,
    "best_solution": [
        0,
        1,
        3,
        5,
        6,
        7,
        19,
        2,
        9,
        25,
        16,
        4,
        23,
        24,
        14,
        30,
        27,
        10,
        8,
        11,
        12,
        13,
        15,
        17,
        20,
        21,
        22,
        26,
        28,
        29,
        18,
        31
    ],
    "average_objectives_list": [
        136771.3725490196,
        125789.4,
        119468.6,
        118011.6,
        117844.4,
        116956.8,
        116922.8,
        116534.0,
        116788.4,
        116641.6,
        115880.0,
        116358.8,
        117077.4,
        115914.0,
        116779.6,
        116324.2,
        115189.8,
        114576.2,
        114488.4,
        115004.2,
        114966.0
    ],
    "best_objective_list": [
        122710.0,
        118030.0,
        118030.0,
        117230.0,
        116410.0,
        116410.0,
        116410.0,
        116410.0,
        115710.0,
        115710.0,
        115710.0,
        115710.0,
        115710.0,
        115710.0,
        115000.0,
        115000.0,
        113200.0,
        112540.0,
        112540.0,
        112540.0,
        112540.0
    ]
}