{
    "elapsed_time": 22.942837953567505,
    "best_objective": 110780.0,
    "best_solution": [
        0,
        3,
        4,
        11,
        2,
        5,
        6,
        8,
        10,
        1,
        12,
        13,
        23,
        15,
        16,
        17,
        18,
        22,
        7,
        9,
        20,
        21,
        19,
        14,
        24,
        25,
        26,
        27,
        28,
        29,
        30,
        31
    ],
    "average_objectives_list": [
        136102.54901960783,
        127011.6,
        121435.0,
        117905.2,
        116042.8,
        114405.2,
        113542.8,
        113219.6,
        113087.0,
        113296.8,
        113071.0,
        112562.8,
        112611.0,
        112664.2,
        113613.6,
        112758.6,
        112631.6,
        112567.6,
        112477.0,
        112261.2,
        112699.6
    ],
    "best_objective_list": [
        125850.0,
        120570.0,
        116870.0,
        114780.0,
        112980.0,
        112980.0,
        112980.0,
        112980.0,
        112180.0,
        111780.0,
        111780.0,
        111720.0,
        111380.0,
        111380.0,
        111380.0,
        111280.0,
        111280.0,
        111280.0,
        110780.0,
        110780.0,
        110780.0
    ]
}