{
    "elapsed_time": 21.675267934799194,
    "best_objective": 110370.0,
    "best_solution": [
        1,
        2,
        3,
        4,
        5,
        15,
        6,
        7,
        10,
        11,
        12,
        14,
        21,
        0,
        16,
        8,
        22,
        17,
        9,
        18,
        19,
        20,
        13,
        26,
        23,
        24,
        25,
        27,
        28,
        29,
        30,
        31
    ],
    "average_objectives_list": [
        138016.4516129032,
        126284.66666666667,
        121213.0,
        119722.33333333333,
        118557.0,
        116498.66666666667,
        115140.0,
        114733.33333333333,
        114782.66666666667,
        114276.0,
        114037.33333333333,
        114550.0,
        113403.33333333333,
        113116.0,
        113280.0,
        112884.33333333333,
        112675.33333333333,
        113514.33333333333,
        112876.66666666667,
        112693.0,
        111789.0
    ],
    "best_objective_list": [
        128570.0,
        120930.0,
        119550.0,
        118560.0,
        115360.0,
        114760.0,
        114760.0,
        113960.0,
        113840.0,
        113840.0,
        113040.0,
        113040.0,
        113040.0,
        111840.0,
        111840.0,
        111840.0,
        111840.0,
        111840.0,
        111840.0,
        110970.0,
        110370.0
    ]
}