{
    "elapsed_time": 44.767455101013184,
    "best_objective": 104550.0,
    "best_solution": [
        0,
        1,
        2,
        25,
        4,
        16,
        10,
        11,
        12,
        15,
        5,
        17,
        22,
        21,
        26,
        13,
        20,
        19,
        23,
        29,
        6,
        7,
        3,
        14,
        8,
        9,
        18,
        24,
        27,
        28,
        30,
        31
    ],
    "average_objectives_list": [
        137089.01960784313,
        125623.0,
        119791.6,
        117255.0,
        116134.6,
        114864.4,
        114964.4,
        114135.2,
        113331.4,
        114854.8,
        113385.2,
        113774.0,
        114582.2,
        114342.2,
        112733.2,
        112755.6,
        112151.0,
        111436.8,
        113164.6,
        113177.6,
        114137.6,
        113372.0,
        111758.6,
        111217.2,
        111946.6,
        110515.8,
        112445.2,
        111644.0,
        109726.8,
        112573.6,
        110130.2,
        111325.2,
        111436.2,
        110156.8,
        110540.4,
        109150.4,
        108229.8,
        110952.8,
        109939.6,
        110466.4,
        109894.4
    ],
    "best_objective_list": [
        123060.0,
        117570.0,
        116180.0,
        114270.0,
        114270.0,
        112740.0,
        112740.0,
        112740.0,
        112740.0,
        112390.0,
        108730.0,
        108730.0,
        108730.0,
        108730.0,
        108730.0,
        107330.0,
        107330.0,
        107330.0,
        107230.0,
        107230.0,
        107230.0,
        107230.0,
        107230.0,
        107230.0,
        107230.0,
        107230.0,
        107230.0,
        106750.0,
        106750.0,
        106750.0,
        106750.0,
        105150.0,
        105150.0,
        105150.0,
        105150.0,
        105150.0,
        105150.0,
        104550.0,
        104550.0,
        104550.0,
        104550.0
    ]
}