{
    "elapsed_time": 22.834736824035645,
    "best_objective": 105260.0,
    "best_solution": [
        21,
        1,
        2,
        3,
        4,
        5,
        6,
        7,
        8,
        10,
        16,
        0,
        12,
        13,
        15,
        11,
        18,
        14,
        28,
        20,
        9,
        25,
        19,
        22,
        23,
        24,
        17,
        26,
        27,
        29,
        30,
        31
    ],
    "average_objectives_list": [
        138340.78431372548,
        127067.6,
        120042.8,
        117609.8,
        115809.4,
        114995.6,
        114064.0,
        114410.8,
        113950.4,
        114349.8,
        114706.4,
        114769.0,
        114813.8,
        114544.0,
        113067.0,
        111836.6,
        110946.2,
        110431.6,
        109463.2,
        109450.2,
        108649.8
    ],
    "best_objective_list": [
        129710.0,
        118560.0,
        114560.0,
        114530.0,
        113930.0,
        112000.0,
        112000.0,
        111800.0,
        111800.0,
        111800.0,
        111800.0,
        111800.0,
        110500.0,
        108660.0,
        108360.0,
        107560.0,
        107560.0,
        107160.0,
        107160.0,
        107160.0,
        105260.0
    ]
}