{
    "elapsed_time": 11.433061361312866,
    "best_objective": 113180.0,
    "best_solution": [
        0,
        1,
        2,
        3,
        4,
        6,
        10,
        11,
        12,
        7,
        16,
        14,
        18,
        15,
        8,
        9,
        13,
        17,
        22,
        30,
        19,
        20,
        5,
        21,
        24,
        23,
        25,
        26,
        27,
        28,
        29,
        31
    ],
    "average_objectives_list": [
        136575.6862745098,
        125213.4,
        119241.6,
        117684.2,
        117540.4,
        115617.6,
        115557.2,
        114630.4,
        114562.6,
        113617.0,
        113983.8
    ],
    "best_objective_list": [
        123230.0,
        117730.0,
        116420.0,
        114900.0,
        114900.0,
        114600.0,
        113580.0,
        113580.0,
        113180.0,
        113180.0,
        113180.0
    ]
}