{
    "elapsed_time": 21.610799551010132,
    "best_objective": 111180.0,
    "best_solution": [
        1,
        2,
        4,
        11,
        0,
        6,
        16,
        8,
        21,
        10,
        3,
        12,
        13,
        15,
        7,
        17,
        18,
        19,
        20,
        9,
        22,
        5,
        14,
        30,
        24,
        25,
        26,
        27,
        23,
        28,
        29,
        31
    ],
    "average_objectives_list": [
        135898.38709677418,
        125314.0,
        118331.66666666667,
        116095.66666666667,
        115654.0,
        115912.66666666667,
        115298.0,
        114623.33333333333,
        114550.33333333333,
        113529.33333333333,
        113938.66666666667,
        113887.0,
        113677.0,
        114138.66666666667,
        113975.33333333333,
        113716.66666666667,
        113176.66666666667,
        113877.66666666667,
        112966.66666666667,
        113565.0,
        113173.0
    ],
    "best_objective_list": [
        126250.0,
        116740.0,
        115660.0,
        115640.0,
        115640.0,
        114680.0,
        114680.0,
        112980.0,
        112980.0,
        112980.0,
        112980.0,
        112880.0,
        112880.0,
        112880.0,
        112880.0,
        112480.0,
        112480.0,
        112480.0,
        111380.0,
        111380.0,
        111180.0
    ]
}