{
    "elapsed_time": 45.68255066871643,
    "best_objective": 105010.0,
    "best_solution": [
        0,
        2,
        3,
        19,
        4,
        5,
        6,
        7,
        11,
        10,
        1,
        20,
        22,
        23,
        28,
        18,
        8,
        12,
        13,
        17,
        14,
        15,
        16,
        24,
        9,
        21,
        25,
        26,
        27,
        29,
        30,
        31
    ],
    "average_objectives_list": [
        137475.29411764705,
        126511.0,
        121155.2,
        120168.2,
        118483.4,
        117203.8,
        116816.4,
        115282.6,
        113580.0,
        112900.0,
        112870.6,
        112925.2,
        112954.8,
        111865.2,
        111551.2,
        111486.6,
        111307.6,
        111200.4,
        110375.0,
        112440.8,
        111183.0,
        112764.8,
        111711.4,
        110822.6,
        110878.4,
        111220.4,
        111888.8,
        110815.0,
        110801.4,
        110554.0,
        109481.4,
        109709.2,
        110380.0,
        109872.0,
        109745.4,
        110276.4,
        109271.8,
        109299.4,
        108995.8,
        108196.0,
        108448.8
    ],
    "best_objective_list": [
        126710.0,
        119700.0,
        117760.0,
        115900.0,
        115700.0,
        115150.0,
        114900.0,
        112900.0,
        112900.0,
        112900.0,
        112000.0,
        109800.0,
        109800.0,
        109800.0,
        109800.0,
        109000.0,
        109000.0,
        109000.0,
        109000.0,
        109000.0,
        109000.0,
        109000.0,
        109000.0,
        109000.0,
        109000.0,
        109000.0,
        109000.0,
        108200.0,
        108200.0,
        107800.0,
        107800.0,
        107800.0,
        107800.0,
        107790.0,
        107790.0,
        107790.0,
        106010.0,
        106010.0,
        105010.0,
        105010.0,
        105010.0
    ]
}