{
    "elapsed_time": 22.613567352294922,
    "best_objective": 106320.0,
    "best_solution": [
        0,
        1,
        2,
        15,
        4,
        19,
        6,
        7,
        8,
        21,
        10,
        11,
        30,
        20,
        12,
        22,
        14,
        3,
        16,
        17,
        18,
        5,
        25,
        13,
        23,
        9,
        24,
        26,
        27,
        28,
        29,
        31
    ],
    "average_objectives_list": [
        136502.1568627451,
        126514.4,
        121466.0,
        118915.0,
        117700.0,
        117043.4,
        116972.6,
        115010.0,
        113319.6,
        113989.0,
        113655.2,
        112337.0,
        113327.6,
        112976.0,
        114112.2,
        113083.2,
        111638.6,
        113345.6,
        112535.4,
        109601.4,
        111046.2
    ],
    "best_objective_list": [
        124640.0,
        119270.0,
        116530.0,
        115630.0,
        115430.0,
        111280.0,
        111280.0,
        111280.0,
        110470.0,
        110470.0,
        110470.0,
        110270.0,
        110270.0,
        109370.0,
        109320.0,
        109320.0,
        109320.0,
        106820.0,
        106820.0,
        106320.0,
        106320.0
    ]
}