{
    "elapsed_time": 22.755719661712646,
    "best_objective": 110090.0,
    "best_solution": [
        1,
        2,
        3,
        5,
        7,
        6,
        4,
        10,
        18,
        8,
        0,
        15,
        19,
        11,
        12,
        13,
        14,
        30,
        25,
        17,
        9,
        20,
        16,
        21,
        28,
        23,
        24,
        26,
        27,
        22,
        29,
        31
    ],
    "average_objectives_list": [
        136653.33333333334,
        126315.8,
        120087.8,
        117287.6,
        116930.8,
        116707.2,
        115455.4,
        114737.4,
        114522.0,
        113829.4,
        113229.6,
        112994.6,
        112151.6,
        112496.8,
        111847.8,
        111828.6,
        110991.0,
        111645.0,
        112180.8,
        113354.2,
        111933.2
    ],
    "best_objective_list": [
        128850.0,
        117500.0,
        116480.0,
        116080.0,
        114220.0,
        113520.0,
        113520.0,
        113520.0,
        113320.0,
        111020.0,
        110990.0,
        110690.0,
        110690.0,
        110690.0,
        110690.0,
        110090.0,
        110090.0,
        110090.0,
        110090.0,
        110090.0,
        110090.0
    ]
}