{
    "elapsed_time": 25.760465621948242,
    "best_objective": 110080.0,
    "best_solution": [
        0,
        1,
        21,
        3,
        4,
        5,
        6,
        7,
        8,
        10,
        11,
        12,
        13,
        15,
        16,
        17,
        23,
        19,
        14,
        9,
        20,
        2,
        22,
        18,
        28,
        25,
        26,
        27,
        24,
        29,
        30,
        31
    ],
    "average_objectives_list": [
        138123.66336633664,
        130262.9,
        125649.2,
        123801.1,
        123589.1,
        122220.9,
        121106.6,
        119763.7,
        119408.1,
        118289.1,
        118080.6,
        116262.4,
        116277.8,
        116559.3,
        117844.3,
        115457.5,
        115616.0,
        115525.6,
        115433.4,
        115522.0,
        114590.9
    ],
    "best_objective_list": [
        125740.0,
        120870.0,
        120540.0,
        119720.0,
        118960.0,
        118540.0,
        118060.0,
        117160.0,
        116100.0,
        115130.0,
        114460.0,
        114460.0,
        114460.0,
        113760.0,
        113750.0,
        113560.0,
        112960.0,
        111560.0,
        111560.0,
        111560.0,
        110080.0
    ]
}