{
    "elapsed_time": 22.927733898162842,
    "best_objective": 111670.0,
    "best_solution": [
        4,
        1,
        2,
        3,
        0,
        6,
        7,
        9,
        10,
        16,
        15,
        13,
        8,
        12,
        27,
        18,
        20,
        11,
        14,
        21,
        19,
        5,
        17,
        22,
        23,
        24,
        25,
        26,
        28,
        29,
        30,
        31
    ],
    "average_objectives_list": [
        136174.9019607843,
        126337.0,
        121566.2,
        119084.2,
        117806.4,
        116688.6,
        115890.0,
        115553.4,
        114598.0,
        114568.0,
        114662.0,
        114508.0,
        114939.4,
        115290.4,
        114366.0,
        114988.0,
        116231.4,
        114632.6,
        112702.0,
        112822.6,
        113016.8
    ],
    "best_objective_list": [
        127680.0,
        120080.0,
        118340.0,
        117370.0,
        116170.0,
        115770.0,
        114570.0,
        114570.0,
        114570.0,
        114470.0,
        114370.0,
        114370.0,
        114370.0,
        114370.0,
        114170.0,
        114170.0,
        112170.0,
        112170.0,
        112170.0,
        112170.0,
        111670.0
    ]
}