{
    "elapsed_time": 22.698200464248657,
    "best_objective": 108110.0,
    "best_solution": [
        1,
        2,
        6,
        19,
        4,
        3,
        0,
        7,
        8,
        10,
        11,
        12,
        13,
        15,
        16,
        17,
        18,
        5,
        20,
        28,
        14,
        21,
        22,
        23,
        24,
        9,
        26,
        27,
        25,
        29,
        30,
        31
    ],
    "average_objectives_list": [
        138023.72549019608,
        128550.8,
        121368.0,
        116820.8,
        116046.2,
        115476.8,
        115120.8,
        114327.8,
        114622.2,
        114803.6,
        115050.2,
        114944.4,
        112959.6,
        113606.8,
        112930.2,
        114358.6,
        112905.8,
        112384.4,
        112348.4,
        112893.0,
        111629.6
    ],
    "best_objective_list": [
        128380.0,
        118960.0,
        116360.0,
        112810.0,
        112810.0,
        112410.0,
        112410.0,
        112210.0,
        111410.0,
        111410.0,
        111410.0,
        111410.0,
        108410.0,
        108410.0,
        108410.0,
        108410.0,
        108410.0,
        108110.0,
        108110.0,
        108110.0,
        108110.0
    ]
}