{
    "elapsed_time": 44.7691445350647,
    "best_objective": 102360.0,
    "best_solution": [
        0,
        2,
        1,
        4,
        21,
        5,
        3,
        7,
        8,
        19,
        6,
        14,
        22,
        28,
        20,
        18,
        11,
        10,
        25,
        13,
        12,
        15,
        16,
        17,
        9,
        23,
        24,
        26,
        27,
        29,
        30,
        31
    ],
    "average_objectives_list": [
        138307.25490196078,
        127068.0,
        121279.2,
        116785.8,
        112913.6,
        112583.8,
        111881.0,
        110096.6,
        109464.4,
        108872.6,
        108295.0,
        108870.0,
        109068.4,
        109691.6,
        109384.0,
        108478.0,
        107582.0,
        108719.8,
        110007.4,
        106593.0,
        106442.4,
        107441.2,
        107036.2,
        106275.0,
        107738.0,
        105526.8,
        106338.0,
        106994.4,
        104966.0,
        105873.6,
        106458.4,
        106387.0,
        105110.8,
        105007.0,
        105507.4,
        104740.0,
        106204.8,
        105965.8,
        105552.0,
        105305.4,
        106637.4
    ],
    "best_objective_list": [
        126410.0,
        119750.0,
        112490.0,
        112490.0,
        110090.0,
        110090.0,
        109090.0,
        108890.0,
        108060.0,
        107890.0,
        107890.0,
        107890.0,
        107790.0,
        107790.0,
        106560.0,
        106560.0,
        105560.0,
        105560.0,
        105560.0,
        104760.0,
        103560.0,
        103560.0,
        103560.0,
        103560.0,
        103560.0,
        103560.0,
        103560.0,
        103560.0,
        103560.0,
        103560.0,
        103560.0,
        102960.0,
        102960.0,
        102960.0,
        102960.0,
        102360.0,
        102360.0,
        102360.0,
        102360.0,
        102360.0,
        102360.0
    ]
}