{
    "elapsed_time": 22.651673793792725,
    "best_objective": 110200.0,
    "best_solution": [
        5,
        1,
        3,
        4,
        19,
        0,
        6,
        7,
        8,
        15,
        14,
        16,
        18,
        2,
        20,
        21,
        22,
        23,
        24,
        11,
        26,
        10,
        12,
        9,
        13,
        17,
        25,
        27,
        28,
        29,
        30,
        31
    ],
    "average_objectives_list": [
        136086.07843137256,
        126708.2,
        120979.6,
        118005.6,
        117051.6,
        116023.2,
        115396.4,
        115064.0,
        114424.0,
        113480.0,
        113162.0,
        113218.0,
        113238.4,
        113325.2,
        113493.2,
        112652.6,
        112186.8,
        111021.0,
        112330.4,
        112217.0,
        111488.0
    ],
    "best_objective_list": [
        126280.0,
        118340.0,
        117560.0,
        116040.0,
        116040.0,
        115200.0,
        114900.0,
        113000.0,
        113000.0,
        113000.0,
        112600.0,
        112600.0,
        112300.0,
        110900.0,
        110900.0,
        110600.0,
        110200.0,
        110200.0,
        110200.0,
        110200.0,
        110200.0
    ]
}