{
    "elapsed_time": 11.418513536453247,
    "best_objective": 110760.0,
    "best_solution": [
        0,
        1,
        2,
        3,
        4,
        5,
        6,
        7,
        8,
        10,
        15,
        16,
        27,
        11,
        12,
        9,
        13,
        14,
        17,
        18,
        19,
        25,
        21,
        22,
        23,
        24,
        20,
        26,
        28,
        29,
        30,
        31
    ],
    "average_objectives_list": [
        135340.39215686274,
        126592.8,
        120877.0,
        119250.8,
        118756.8,
        116875.4,
        115555.0,
        114528.6,
        113312.0,
        112835.4,
        111950.0
    ],
    "best_objective_list": [
        129310.0,
        118980.0,
        118980.0,
        118020.0,
        115820.0,
        114450.0,
        114050.0,
        112760.0,
        112760.0,
        110760.0,
        110760.0
    ]
}