{
    "elapsed_time": 45.12103223800659,
    "best_objective": 107680.0,
    "best_solution": [
        0,
        1,
        3,
        6,
        5,
        4,
        15,
        7,
        10,
        11,
        12,
        14,
        21,
        16,
        17,
        26,
        23,
        19,
        8,
        9,
        20,
        2,
        25,
        24,
        18,
        22,
        13,
        27,
        28,
        29,
        30,
        31
    ],
    "average_objectives_list": [
        136508.23529411765,
        127473.8,
        121565.4,
        118293.4,
        117114.4,
        116756.0,
        116418.0,
        116123.6,
        115763.2,
        115783.6,
        115456.6,
        115111.4,
        115426.4,
        114133.6,
        114636.0,
        114503.8,
        114509.4,
        115009.4,
        114225.0,
        113673.4,
        114054.8,
        112921.8,
        112915.2,
        115166.0,
        113496.0,
        114202.2,
        112662.0,
        114174.0,
        113344.2,
        113385.6,
        112854.0,
        113000.8,
        111912.0,
        113447.6,
        112432.8,
        112740.2,
        112240.0,
        112173.0,
        112262.2,
        111337.6,
        110572.6
    ],
    "best_objective_list": [
        127840.0,
        120550.0,
        117160.0,
        116440.0,
        116440.0,
        115440.0,
        115350.0,
        114440.0,
        114340.0,
        114340.0,
        113640.0,
        113640.0,
        113640.0,
        113640.0,
        113640.0,
        113640.0,
        112640.0,
        112640.0,
        112270.0,
        111040.0,
        111040.0,
        111040.0,
        111040.0,
        111040.0,
        109780.0,
        109780.0,
        109780.0,
        109780.0,
        109780.0,
        109580.0,
        109580.0,
        109580.0,
        109580.0,
        109580.0,
        109580.0,
        109580.0,
        109580.0,
        107680.0,
        107680.0,
        107680.0,
        107680.0
    ]
}