{
    "elapsed_time": 45.68065166473389,
    "best_objective": 106980.0,
    "best_solution": [
        0,
        1,
        2,
        19,
        4,
        5,
        6,
        8,
        7,
        15,
        16,
        3,
        22,
        10,
        11,
        12,
        13,
        23,
        17,
        26,
        20,
        21,
        9,
        14,
        24,
        25,
        30,
        27,
        28,
        29,
        18,
        31
    ],
    "average_objectives_list": [
        136754.3137254902,
        127600.8,
        122520.4,
        120631.6,
        119511.0,
        116150.0,
        114111.8,
        113757.8,
        113150.0,
        113352.2,
        112872.8,
        111683.8,
        110833.6,
        110512.0,
        110354.4,
        110193.8,
        109586.8,
        109414.0,
        110647.8,
        110171.0,
        109862.0,
        110430.0,
        110589.6,
        109971.8,
        109773.4,
        110319.0,
        112114.2,
        112208.2,
        111306.8,
        110322.6,
        110688.8,
        110949.8,
        110084.4,
        111151.4,
        111911.6,
        111262.8,
        111381.4,
        111517.0,
        111385.8,
        110143.6,
        110279.8
    ],
    "best_objective_list": [
        129760.0,
        120740.0,
        120590.0,
        118950.0,
        115000.0,
        114000.0,
        113200.0,
        113100.0,
        111100.0,
        111100.0,
        110680.0,
        110680.0,
        110180.0,
        109880.0,
        109180.0,
        109180.0,
        108380.0,
        108380.0,
        108380.0,
        108380.0,
        108380.0,
        108380.0,
        108380.0,
        107380.0,
        107380.0,
        107380.0,
        107380.0,
        107380.0,
        107380.0,
        107380.0,
        107380.0,
        107380.0,
        107380.0,
        107380.0,
        107380.0,
        106980.0,
        106980.0,
        106980.0,
        106980.0,
        106980.0,
        106980.0
    ]
}