{
    "elapsed_time": 22.638712882995605,
    "best_objective": 107140.0,
    "best_solution": [
        1,
        6,
        7,
        21,
        10,
        16,
        19,
        3,
        25,
        0,
        2,
        14,
        24,
        4,
        5,
        23,
        9,
        8,
        31,
        20,
        12,
        15,
        29,
        11,
        13,
        17,
        18,
        22,
        26,
        27,
        28,
        30
    ],
    "average_objectives_list": [
        136886.86274509804,
        125433.0,
        119913.0,
        117831.2,
        117055.6,
        115956.8,
        115958.8,
        115164.0,
        114814.0,
        114702.4,
        113749.6,
        113322.8,
        113465.0,
        113193.0,
        113809.4,
        113147.8,
        113140.6,
        112275.8,
        111201.8,
        112070.2,
        109896.6
    ],
    "best_objective_list": [
        125480.0,
        112500.0,
        112500.0,
        112200.0,
        112200.0,
        112200.0,
        112200.0,
        110780.0,
        110580.0,
        110580.0,
        110470.0,
        110470.0,
        109520.0,
        109520.0,
        108920.0,
        108620.0,
        108620.0,
        108440.0,
        107380.0,
        107140.0,
        107140.0
    ]
}