{
    "elapsed_time": 21.50705099105835,
    "best_objective": 111100.0,
    "best_solution": [
        2,
        3,
        4,
        5,
        21,
        6,
        7,
        8,
        9,
        0,
        15,
        16,
        10,
        11,
        12,
        13,
        14,
        29,
        18,
        19,
        20,
        1,
        22,
        26,
        23,
        25,
        24,
        17,
        27,
        28,
        30,
        31
    ],
    "average_objectives_list": [
        136850.0,
        126596.33333333333,
        121173.33333333333,
        119904.66666666667,
        117931.33333333333,
        115258.33333333333,
        113919.0,
        114717.66666666667,
        114656.33333333333,
        113643.33333333333,
        114116.66666666667,
        114490.0,
        113904.0,
        114033.33333333333,
        114368.66666666667,
        114034.66666666667,
        114977.0,
        114138.66666666667,
        112406.0,
        112708.66666666667,
        111953.33333333333
    ],
    "best_objective_list": [
        129160.0,
        120060.0,
        120060.0,
        117860.0,
        113760.0,
        113760.0,
        113360.0,
        113360.0,
        113360.0,
        113360.0,
        113360.0,
        113360.0,
        113360.0,
        113360.0,
        113360.0,
        111900.0,
        111100.0,
        111100.0,
        111100.0,
        111100.0,
        111100.0
    ]
}