{
    "elapsed_time": 11.4107666015625,
    "best_objective": 113340.0,
    "best_solution": [
        0,
        1,
        2,
        3,
        4,
        6,
        16,
        7,
        8,
        9,
        10,
        11,
        18,
        20,
        21,
        22,
        24,
        25,
        15,
        29,
        5,
        19,
        12,
        13,
        14,
        17,
        23,
        26,
        27,
        28,
        30,
        31
    ],
    "average_objectives_list": [
        136483.33333333334,
        127696.2,
        122300.4,
        118851.8,
        116974.6,
        115961.0,
        116183.0,
        116327.8,
        116169.2,
        114870.8,
        114436.8
    ],
    "best_objective_list": [
        126520.0,
        119400.0,
        117590.0,
        115950.0,
        115950.0,
        115780.0,
        115780.0,
        114040.0,
        114040.0,
        113340.0,
        113340.0
    ]
}