{
    "elapsed_time": 25.621965169906616,
    "best_objective": 111630.0,
    "best_solution": [
        8,
        1,
        2,
        26,
        6,
        7,
        0,
        9,
        10,
        12,
        11,
        13,
        20,
        15,
        16,
        17,
        18,
        3,
        4,
        14,
        19,
        5,
        21,
        22,
        23,
        24,
        25,
        27,
        28,
        29,
        30,
        31
    ],
    "average_objectives_list": [
        136860.79207920792,
        128772.0,
        123882.4,
        121894.9,
        120458.4,
        118654.2,
        118497.5,
        118580.8,
        118354.1,
        116016.7,
        117493.6,
        117481.6,
        118024.6,
        117480.7,
        117297.2,
        116977.3,
        118150.8,
        117086.4,
        117008.7,
        116721.3,
        116542.9
    ],
    "best_objective_list": [
        123510.0,
        120950.0,
        118300.0,
        116570.0,
        115230.0,
        115230.0,
        115230.0,
        114860.0,
        114860.0,
        112930.0,
        112930.0,
        112930.0,
        112930.0,
        112930.0,
        112930.0,
        112030.0,
        112030.0,
        112030.0,
        112030.0,
        112030.0,
        111630.0
    ]
}