{
    "elapsed_time": 21.45975637435913,
    "best_objective": 109340.0,
    "best_solution": [
        1,
        3,
        4,
        21,
        5,
        6,
        15,
        7,
        10,
        11,
        12,
        27,
        0,
        16,
        8,
        9,
        13,
        14,
        29,
        18,
        2,
        19,
        20,
        22,
        23,
        28,
        25,
        24,
        26,
        17,
        30,
        31
    ],
    "average_objectives_list": [
        136036.12903225806,
        126177.33333333333,
        121288.0,
        119566.0,
        117347.0,
        116372.0,
        114465.0,
        113367.33333333333,
        113140.33333333333,
        112569.33333333333,
        112073.33333333333,
        112478.66666666667,
        111542.0,
        111686.66666666667,
        110808.0,
        111160.0,
        111846.66666666667,
        110960.0,
        111153.33333333333,
        110623.33333333333,
        111595.33333333333
    ],
    "best_objective_list": [
        129830.0,
        120540.0,
        119090.0,
        116890.0,
        116460.0,
        114040.0,
        113060.0,
        112640.0,
        112040.0,
        110940.0,
        110940.0,
        110140.0,
        110140.0,
        110140.0,
        110140.0,
        110140.0,
        110140.0,
        110140.0,
        109340.0,
        109340.0,
        109340.0
    ]
}