{
    "elapsed_time": 44.720130443573,
    "best_objective": 99860.0,
    "best_solution": [
        0,
        1,
        4,
        7,
        5,
        3,
        15,
        13,
        14,
        2,
        16,
        21,
        23,
        25,
        24,
        17,
        18,
        19,
        8,
        9,
        22,
        11,
        6,
        12,
        20,
        10,
        26,
        27,
        28,
        29,
        30,
        31
    ],
    "average_objectives_list": [
        137188.6274509804,
        127260.0,
        119746.0,
        113708.4,
        109169.6,
        107034.0,
        106540.0,
        106886.6,
        107996.2,
        106723.4,
        106449.6,
        106447.2,
        106605.8,
        107089.0,
        106268.0,
        108968.2,
        106604.0,
        105320.0,
        104883.6,
        103817.0,
        104542.0,
        103921.6,
        104622.0,
        103638.0,
        103197.4,
        104048.8,
        104120.0,
        104148.2,
        103736.2,
        103949.2,
        106204.6,
        104908.4,
        103202.0,
        103979.2,
        103821.8,
        106423.2,
        104300.2,
        104875.6,
        104412.2,
        104373.0,
        103271.6
    ],
    "best_objective_list": [
        125140.0,
        117860.0,
        111460.0,
        105560.0,
        105560.0,
        105560.0,
        105560.0,
        105560.0,
        105560.0,
        105560.0,
        104760.0,
        104760.0,
        104760.0,
        104760.0,
        103560.0,
        103560.0,
        102260.0,
        102260.0,
        101660.0,
        101660.0,
        101660.0,
        101660.0,
        101660.0,
        101660.0,
        101660.0,
        101660.0,
        101660.0,
        101660.0,
        101660.0,
        101560.0,
        101560.0,
        100660.0,
        100660.0,
        100660.0,
        100660.0,
        100660.0,
        100660.0,
        100660.0,
        100660.0,
        100660.0,
        99860.0
    ]
}