{
    "elapsed_time": 11.319741249084473,
    "best_objective": 111740.0,
    "best_solution": [
        0,
        1,
        3,
        15,
        4,
        5,
        6,
        7,
        14,
        2,
        16,
        17,
        18,
        19,
        20,
        21,
        22,
        23,
        8,
        9,
        10,
        11,
        12,
        13,
        24,
        25,
        26,
        27,
        28,
        29,
        30,
        31
    ],
    "average_objectives_list": [
        138406.4705882353,
        127496.6,
        121172.2,
        118489.4,
        116160.6,
        114434.0,
        114118.0,
        113438.2,
        113392.2,
        113203.4,
        114299.6
    ],
    "best_objective_list": [
        128350.0,
        119870.0,
        117390.0,
        114540.0,
        113940.0,
        111840.0,
        111740.0,
        111740.0,
        111740.0,
        111740.0,
        111740.0
    ]
}