{
    "elapsed_time": 23.08806586265564,
    "best_objective": 110080.0,
    "best_solution": [
        0,
        1,
        2,
        21,
        4,
        5,
        6,
        7,
        15,
        16,
        8,
        9,
        10,
        11,
        12,
        13,
        3,
        14,
        17,
        18,
        19,
        20,
        22,
        30,
        24,
        25,
        26,
        27,
        23,
        28,
        29,
        31
    ],
    "average_objectives_list": [
        137538.6274509804,
        127285.2,
        121224.2,
        119373.8,
        117926.2,
        116640.0,
        116544.0,
        116418.0,
        115927.8,
        115762.0,
        114358.2,
        113290.8,
        114037.4,
        113933.6,
        113754.4,
        112849.2,
        113524.2,
        112459.2,
        113116.0,
        113326.0,
        112120.6
    ],
    "best_objective_list": [
        125990.0,
        120130.0,
        119230.0,
        116660.0,
        116660.0,
        116060.0,
        115460.0,
        115460.0,
        112680.0,
        112380.0,
        112380.0,
        112380.0,
        112380.0,
        112380.0,
        111580.0,
        110080.0,
        110080.0,
        110080.0,
        110080.0,
        110080.0,
        110080.0
    ]
}