{
    "elapsed_time": 25.394718885421753,
    "best_objective": 110580.0,
    "best_solution": [
        0,
        1,
        2,
        3,
        4,
        5,
        6,
        7,
        8,
        15,
        16,
        14,
        10,
        11,
        12,
        27,
        22,
        17,
        13,
        9,
        19,
        20,
        21,
        18,
        23,
        24,
        25,
        26,
        28,
        29,
        30,
        31
    ],
    "average_objectives_list": [
        136897.82178217822,
        128912.0,
        124031.7,
        121048.1,
        119275.5,
        119547.0,
        118944.0,
        119146.0,
        119213.0,
        118291.7,
        119138.4,
        117404.5,
        117836.5,
        115744.5,
        114533.9,
        114115.6,
        113785.1,
        114340.0,
        113151.2,
        113743.0,
        114319.4
    ],
    "best_objective_list": [
        125690.0,
        120970.0,
        117260.0,
        117260.0,
        116860.0,
        116660.0,
        115460.0,
        115400.0,
        115400.0,
        114400.0,
        113600.0,
        113200.0,
        113000.0,
        111700.0,
        111700.0,
        111700.0,
        110710.0,
        110710.0,
        110580.0,
        110580.0,
        110580.0
    ]
}