{
    "elapsed_time": 11.380810976028442,
    "best_objective": 110530.0,
    "best_solution": [
        21,
        1,
        3,
        4,
        6,
        7,
        15,
        14,
        10,
        19,
        0,
        27,
        18,
        30,
        23,
        9,
        8,
        11,
        2,
        5,
        12,
        13,
        16,
        17,
        20,
        22,
        24,
        25,
        26,
        28,
        29,
        31
    ],
    "average_objectives_list": [
        136965.49019607843,
        127616.8,
        120473.4,
        118642.4,
        117279.8,
        116384.4,
        115494.6,
        114309.2,
        113779.0,
        113039.2,
        112107.4
    ],
    "best_objective_list": [
        125720.0,
        118720.0,
        116820.0,
        115970.0,
        115970.0,
        114330.0,
        114330.0,
        112090.0,
        111530.0,
        111530.0,
        110530.0
    ]
}