{
    "elapsed_time": 21.740740060806274,
    "best_objective": 108320.0,
    "best_solution": [
        1,
        3,
        16,
        0,
        19,
        4,
        10,
        15,
        9,
        7,
        6,
        8,
        31,
        11,
        12,
        13,
        2,
        14,
        5,
        17,
        18,
        20,
        21,
        22,
        23,
        24,
        25,
        26,
        27,
        28,
        29,
        30
    ],
    "average_objectives_list": [
        136154.83870967742,
        124075.0,
        117561.33333333333,
        116079.0,
        115080.33333333333,
        113733.66666666667,
        112704.33333333333,
        111868.66666666667,
        111359.66666666667,
        111546.66666666667,
        111145.33333333333,
        111032.0,
        110560.0,
        110740.0,
        110337.33333333333,
        109792.66666666667,
        109306.0,
        109219.0,
        109421.33333333333,
        108847.33333333333,
        109158.0
    ],
    "best_objective_list": [
        128570.0,
        117300.0,
        115730.0,
        114430.0,
        112930.0,
        110300.0,
        110300.0,
        110300.0,
        110300.0,
        110300.0,
        110300.0,
        110300.0,
        110300.0,
        110300.0,
        108520.0,
        108520.0,
        108520.0,
        108520.0,
        108520.0,
        108420.0,
        108320.0
    ]
}