{
    "elapsed_time": 45.391502380371094,
    "best_objective": 107790.0,
    "best_solution": [
        0,
        1,
        3,
        21,
        4,
        5,
        6,
        7,
        18,
        19,
        8,
        22,
        23,
        28,
        20,
        9,
        10,
        11,
        12,
        13,
        14,
        15,
        16,
        17,
        2,
        24,
        25,
        26,
        27,
        29,
        30,
        31
    ],
    "average_objectives_list": [
        137792.74509803922,
        126868.2,
        120162.8,
        118347.2,
        118244.8,
        117161.6,
        113524.0,
        112994.2,
        112853.2,
        112285.6,
        111751.2,
        111982.4,
        111173.6,
        110812.6,
        111056.0,
        110164.0,
        110668.4,
        109781.2,
        111351.2,
        110836.0,
        110574.2,
        110306.8,
        110894.4,
        110950.4,
        110454.4,
        109922.4,
        111560.6,
        110615.6,
        110376.4,
        110367.2,
        110578.8,
        110552.2,
        110319.8,
        111112.8,
        110316.2,
        110481.6,
        110213.6,
        110227.0,
        110484.4,
        110155.8,
        109876.8
    ],
    "best_objective_list": [
        126970.0,
        117760.0,
        117360.0,
        116160.0,
        112310.0,
        112310.0,
        112310.0,
        112310.0,
        112310.0,
        108390.0,
        108390.0,
        108390.0,
        108390.0,
        108390.0,
        108390.0,
        108390.0,
        108390.0,
        108390.0,
        108390.0,
        108390.0,
        108390.0,
        108390.0,
        108390.0,
        108390.0,
        108390.0,
        108390.0,
        108390.0,
        108390.0,
        108390.0,
        108390.0,
        108390.0,
        108390.0,
        108390.0,
        108390.0,
        108390.0,
        108390.0,
        108080.0,
        108080.0,
        107790.0,
        107790.0,
        107790.0
    ]
}