{
    "elapsed_time": 21.560168743133545,
    "best_objective": 106760.0,
    "best_solution": [
        0,
        3,
        10,
        11,
        14,
        15,
        2,
        5,
        1,
        16,
        4,
        21,
        6,
        7,
        20,
        9,
        8,
        12,
        13,
        17,
        23,
        19,
        22,
        28,
        24,
        25,
        18,
        26,
        27,
        29,
        30,
        31
    ],
    "average_objectives_list": [
        138463.2258064516,
        127016.0,
        120158.33333333333,
        116550.66666666667,
        114746.66666666667,
        114436.66666666667,
        114262.33333333333,
        113776.66666666667,
        113876.0,
        113156.66666666667,
        111832.33333333333,
        110023.66666666667,
        109580.0,
        109053.33333333333,
        109273.33333333333,
        107923.33333333333,
        108246.66666666667,
        108467.0,
        108073.33333333333,
        108203.33333333333,
        108377.66666666667
    ],
    "best_objective_list": [
        130770.0,
        117960.0,
        115560.0,
        114660.0,
        113560.0,
        112960.0,
        112960.0,
        112060.0,
        112060.0,
        110460.0,
        109260.0,
        109260.0,
        109160.0,
        107560.0,
        107560.0,
        107360.0,
        107360.0,
        107360.0,
        107360.0,
        106760.0,
        106760.0
    ]
}