{
    "elapsed_time": 22.82425618171692,
    "best_objective": 112650.0,
    "best_solution": [
        1,
        2,
        6,
        3,
        4,
        5,
        0,
        8,
        10,
        12,
        13,
        14,
        15,
        16,
        25,
        17,
        28,
        7,
        9,
        19,
        20,
        21,
        24,
        23,
        22,
        11,
        26,
        27,
        18,
        29,
        30,
        31
    ],
    "average_objectives_list": [
        137576.66666666666,
        128181.8,
        122605.6,
        119755.0,
        118903.0,
        117674.8,
        117229.2,
        116825.2,
        116361.6,
        115665.6,
        115410.0,
        114804.6,
        114726.0,
        114756.0,
        114992.4,
        114145.0,
        114145.8,
        114379.2,
        114061.6,
        113932.0,
        113672.6
    ],
    "best_objective_list": [
        127760.0,
        119970.0,
        119170.0,
        117570.0,
        116670.0,
        116670.0,
        115650.0,
        115250.0,
        113750.0,
        113750.0,
        113750.0,
        113750.0,
        112650.0,
        112650.0,
        112650.0,
        112650.0,
        112650.0,
        112650.0,
        112650.0,
        112650.0,
        112650.0
    ]
}