{
    "elapsed_time": 11.423904180526733,
    "best_objective": 112660.0,
    "best_solution": [
        0,
        1,
        2,
        26,
        6,
        16,
        8,
        15,
        10,
        11,
        12,
        13,
        9,
        7,
        17,
        18,
        3,
        4,
        5,
        14,
        19,
        20,
        21,
        22,
        23,
        24,
        25,
        27,
        28,
        29,
        30,
        31
    ],
    "average_objectives_list": [
        137549.41176470587,
        128009.8,
        121624.2,
        118183.6,
        117764.2,
        116120.4,
        115383.6,
        115096.4,
        115173.2,
        114865.4,
        115617.8
    ],
    "best_objective_list": [
        129060.0,
        118580.0,
        117280.0,
        115720.0,
        114360.0,
        113760.0,
        113760.0,
        112760.0,
        112760.0,
        112760.0,
        112660.0
    ]
}