{
    "elapsed_time": 11.335307121276855,
    "best_objective": 108800.0,
    "best_solution": [
        0,
        1,
        3,
        21,
        4,
        5,
        6,
        7,
        8,
        16,
        10,
        12,
        19,
        15,
        9,
        11,
        24,
        14,
        17,
        18,
        2,
        13,
        20,
        26,
        23,
        25,
        22,
        27,
        28,
        29,
        30,
        31
    ],
    "average_objectives_list": [
        137900.39215686274,
        127062.0,
        121053.4,
        118632.6,
        117527.6,
        116273.8,
        114413.2,
        112632.8,
        111582.4,
        111410.0,
        110969.2
    ],
    "best_objective_list": [
        126250.0,
        119370.0,
        118000.0,
        116720.0,
        115120.0,
        111320.0,
        111320.0,
        109120.0,
        108800.0,
        108800.0,
        108800.0
    ]
}