{
    "elapsed_time": 21.883359670639038,
    "best_objective": 111870.0,
    "best_solution": [
        0,
        1,
        2,
        3,
        6,
        5,
        4,
        7,
        8,
        10,
        11,
        12,
        9,
        15,
        16,
        17,
        18,
        19,
        20,
        30,
        22,
        28,
        21,
        14,
        23,
        24,
        25,
        13,
        26,
        27,
        29,
        31
    ],
    "average_objectives_list": [
        139129.67741935485,
        126996.0,
        120163.33333333333,
        116560.66666666667,
        115967.33333333333,
        115360.0,
        114722.66666666667,
        113580.0,
        113657.33333333333,
        114622.66666666667,
        114169.66666666667,
        114270.66666666667,
        114756.66666666667,
        113866.66666666667,
        113442.66666666667,
        113508.33333333333,
        114581.33333333333,
        114050.0,
        113469.66666666667,
        113469.66666666667,
        112668.66666666667
    ],
    "best_objective_list": [
        129970.0,
        120610.0,
        116060.0,
        116060.0,
        114180.0,
        113580.0,
        113580.0,
        113580.0,
        113580.0,
        113580.0,
        113580.0,
        113480.0,
        113480.0,
        113480.0,
        113080.0,
        113080.0,
        113080.0,
        113080.0,
        113080.0,
        112380.0,
        111870.0
    ]
}