{
    "elapsed_time": 22.896080255508423,
    "best_objective": 109740.0,
    "best_solution": [
        1,
        2,
        4,
        16,
        6,
        7,
        10,
        11,
        13,
        0,
        15,
        17,
        18,
        19,
        12,
        8,
        25,
        14,
        5,
        30,
        9,
        20,
        3,
        21,
        22,
        23,
        24,
        26,
        27,
        28,
        29,
        31
    ],
    "average_objectives_list": [
        136620.98039215687,
        126065.8,
        120413.6,
        118159.6,
        116811.8,
        115839.8,
        115072.0,
        114833.4,
        114784.0,
        115017.4,
        114589.8,
        114533.2,
        112579.2,
        111530.0,
        112391.8,
        112276.4,
        110732.0,
        110934.8,
        111472.2,
        111665.4,
        111106.0
    ],
    "best_objective_list": [
        126770.0,
        118660.0,
        117260.0,
        114210.0,
        114010.0,
        114010.0,
        114010.0,
        113750.0,
        113610.0,
        113610.0,
        113610.0,
        109740.0,
        109740.0,
        109740.0,
        109740.0,
        109740.0,
        109740.0,
        109740.0,
        109740.0,
        109740.0,
        109740.0
    ]
}