{
    "elapsed_time": 45.382965087890625,
    "best_objective": 107530.0,
    "best_solution": [
        0,
        1,
        7,
        5,
        19,
        6,
        21,
        2,
        8,
        9,
        10,
        11,
        22,
        20,
        12,
        13,
        23,
        15,
        16,
        17,
        30,
        3,
        4,
        14,
        18,
        24,
        25,
        26,
        28,
        27,
        29,
        31
    ],
    "average_objectives_list": [
        137078.82352941178,
        127066.6,
        122010.6,
        120185.8,
        118992.6,
        117372.6,
        116649.4,
        116634.6,
        114621.8,
        114732.0,
        114277.4,
        113477.2,
        113897.2,
        113633.2,
        113746.6,
        112825.4,
        113451.2,
        114243.0,
        112479.0,
        113475.2,
        112337.4,
        112496.6,
        113456.2,
        112787.2,
        113271.2,
        113523.4,
        111328.2,
        111939.2,
        110635.0,
        110980.4,
        113488.2,
        109712.4,
        111066.6,
        110764.0,
        111182.0,
        109631.0,
        112120.6,
        109969.4,
        112261.2,
        110826.6,
        111100.4
    ],
    "best_objective_list": [
        126230.0,
        121350.0,
        119950.0,
        116970.0,
        115640.0,
        114440.0,
        113180.0,
        113180.0,
        112730.0,
        112730.0,
        112730.0,
        112530.0,
        112530.0,
        112530.0,
        112530.0,
        112530.0,
        112130.0,
        110430.0,
        110030.0,
        110030.0,
        110030.0,
        110030.0,
        110030.0,
        109930.0,
        109930.0,
        109630.0,
        107730.0,
        107730.0,
        107730.0,
        107730.0,
        107730.0,
        107730.0,
        107730.0,
        107730.0,
        107730.0,
        107530.0,
        107530.0,
        107530.0,
        107530.0,
        107530.0,
        107530.0
    ]
}