{
    "elapsed_time": 25.923678398132324,
    "best_objective": 108520.0,
    "best_solution": [
        1,
        2,
        21,
        14,
        4,
        16,
        6,
        7,
        10,
        0,
        15,
        5,
        18,
        20,
        3,
        22,
        23,
        13,
        8,
        9,
        11,
        12,
        26,
        19,
        24,
        25,
        17,
        27,
        28,
        29,
        30,
        31
    ],
    "average_objectives_list": [
        136977.52475247523,
        128106.5,
        122866.7,
        119822.1,
        116548.4,
        116211.4,
        115685.1,
        115557.8,
        115142.4,
        115371.0,
        113347.9,
        113265.5,
        113734.3,
        112770.2,
        113423.4,
        114092.0,
        113637.5,
        115280.0,
        113528.9,
        112656.1,
        113456.5
    ],
    "best_objective_list": [
        121350.0,
        117270.0,
        114260.0,
        114260.0,
        113960.0,
        113020.0,
        111320.0,
        111320.0,
        110220.0,
        109720.0,
        108820.0,
        108820.0,
        108820.0,
        108620.0,
        108520.0,
        108520.0,
        108520.0,
        108520.0,
        108520.0,
        108520.0,
        108520.0
    ]
}