{
    "elapsed_time": 22.601041078567505,
    "best_objective": 106560.0,
    "best_solution": [
        1,
        2,
        3,
        4,
        21,
        5,
        6,
        7,
        16,
        10,
        11,
        12,
        13,
        0,
        15,
        8,
        18,
        19,
        20,
        9,
        28,
        14,
        22,
        23,
        24,
        25,
        26,
        27,
        17,
        29,
        30,
        31
    ],
    "average_objectives_list": [
        137779.60784313726,
        128899.8,
        123056.0,
        119753.6,
        116761.0,
        115936.0,
        114797.6,
        113966.0,
        114221.6,
        113543.4,
        114217.6,
        115011.0,
        113933.0,
        114383.4,
        113320.2,
        114606.0,
        113181.8,
        112840.2,
        112989.0,
        114368.8,
        112084.8
    ],
    "best_objective_list": [
        128390.0,
        122890.0,
        117060.0,
        115860.0,
        112260.0,
        112260.0,
        112260.0,
        111660.0,
        111160.0,
        110860.0,
        110260.0,
        110260.0,
        108860.0,
        108860.0,
        108860.0,
        108860.0,
        108760.0,
        108760.0,
        108760.0,
        108760.0,
        106560.0
    ]
}