{
    "elapsed_time": 45.39423680305481,
    "best_objective": 110230.0,
    "best_solution": [
        0,
        1,
        4,
        5,
        6,
        7,
        11,
        9,
        10,
        16,
        12,
        13,
        8,
        15,
        17,
        18,
        3,
        2,
        21,
        14,
        20,
        19,
        22,
        28,
        24,
        25,
        26,
        27,
        23,
        29,
        30,
        31
    ],
    "average_objectives_list": [
        137125.88235294117,
        127238.2,
        119409.0,
        117054.6,
        116772.0,
        116504.4,
        116112.6,
        115820.4,
        115643.2,
        115052.8,
        115603.2,
        114226.4,
        113995.6,
        113787.2,
        114001.2,
        113975.2,
        114570.8,
        113771.0,
        114463.2,
        113236.0,
        113002.0,
        113556.8,
        113096.2,
        112576.0,
        113514.0,
        113117.2,
        113575.6,
        113499.6,
        113336.6,
        113871.4,
        113707.4,
        113393.2,
        113470.2,
        112681.6,
        112068.4,
        112331.8,
        112770.4,
        112104.2,
        111706.6,
        111919.2,
        112527.2
    ],
    "best_objective_list": [
        125430.0,
        117750.0,
        116830.0,
        116830.0,
        115730.0,
        114130.0,
        114130.0,
        113830.0,
        113830.0,
        113730.0,
        113730.0,
        112830.0,
        112730.0,
        112730.0,
        112730.0,
        112730.0,
        112730.0,
        112130.0,
        112130.0,
        112130.0,
        112130.0,
        112130.0,
        112130.0,
        112130.0,
        112130.0,
        111730.0,
        111730.0,
        111730.0,
        111730.0,
        111630.0,
        111630.0,
        111230.0,
        111230.0,
        111230.0,
        111230.0,
        111230.0,
        111230.0,
        110730.0,
        110250.0,
        110250.0,
        110230.0
    ]
}