{
    "elapsed_time": 22.55911087989807,
    "best_objective": 106160.0,
    "best_solution": [
        1,
        2,
        4,
        15,
        7,
        6,
        16,
        21,
        11,
        10,
        0,
        3,
        18,
        19,
        5,
        20,
        30,
        29,
        14,
        8,
        9,
        12,
        13,
        17,
        23,
        24,
        25,
        26,
        27,
        28,
        22,
        31
    ],
    "average_objectives_list": [
        136969.60784313726,
        126694.6,
        120469.0,
        116956.6,
        113923.4,
        111577.0,
        111733.8,
        110670.6,
        110745.0,
        111362.4,
        110955.8,
        109225.2,
        108725.8,
        109321.6,
        109364.4,
        108575.8,
        110548.8,
        109435.4,
        109420.0,
        109169.8,
        109729.4
    ],
    "best_objective_list": [
        124610.0,
        117260.0,
        114850.0,
        112050.0,
        110250.0,
        110250.0,
        108750.0,
        108750.0,
        107650.0,
        107260.0,
        107260.0,
        107160.0,
        106460.0,
        106460.0,
        106460.0,
        106460.0,
        106460.0,
        106460.0,
        106270.0,
        106160.0,
        106160.0
    ]
}