{
    "elapsed_time": 22.661376237869263,
    "best_objective": 108370.0,
    "best_solution": [
        1,
        2,
        3,
        11,
        4,
        5,
        6,
        7,
        8,
        10,
        16,
        12,
        19,
        15,
        0,
        18,
        22,
        26,
        9,
        13,
        14,
        20,
        25,
        21,
        23,
        24,
        17,
        27,
        28,
        29,
        30,
        31
    ],
    "average_objectives_list": [
        136397.0588235294,
        125992.6,
        120946.2,
        117894.0,
        116307.2,
        115299.2,
        114450.2,
        113518.2,
        112343.0,
        112159.2,
        112147.6,
        112067.0,
        110806.0,
        111383.4,
        111699.0,
        110844.6,
        110971.6,
        112397.2,
        111161.4,
        111582.0,
        110326.8
    ],
    "best_objective_list": [
        121290.0,
        118740.0,
        116800.0,
        115600.0,
        113100.0,
        110870.0,
        110270.0,
        110270.0,
        110270.0,
        109470.0,
        109470.0,
        109470.0,
        109470.0,
        109070.0,
        109070.0,
        109070.0,
        109070.0,
        109070.0,
        108470.0,
        108470.0,
        108370.0
    ]
}