{
    "elapsed_time": 22.65806746482849,
    "best_objective": 106950.0,
    "best_solution": [
        0,
        1,
        2,
        3,
        4,
        5,
        11,
        14,
        15,
        16,
        17,
        18,
        23,
        24,
        25,
        26,
        6,
        7,
        19,
        9,
        8,
        10,
        12,
        13,
        20,
        21,
        22,
        27,
        28,
        29,
        30,
        31
    ],
    "average_objectives_list": [
        137433.33333333334,
        126969.4,
        119841.6,
        117096.8,
        115293.8,
        112724.6,
        111319.0,
        111829.6,
        111359.2,
        110821.8,
        109629.0,
        108526.8,
        109749.0,
        108419.2,
        109618.6,
        107938.8,
        107842.8,
        108704.8,
        107714.0,
        107537.0,
        107578.4
    ],
    "best_objective_list": [
        127350.0,
        117100.0,
        115830.0,
        115830.0,
        111430.0,
        109330.0,
        109330.0,
        109330.0,
        109330.0,
        108530.0,
        108530.0,
        108370.0,
        107530.0,
        107530.0,
        107530.0,
        107430.0,
        107430.0,
        107430.0,
        107430.0,
        106950.0,
        106950.0
    ]
}