{
    "elapsed_time": 22.629156351089478,
    "best_objective": 111800.0,
    "best_solution": [
        0,
        1,
        2,
        3,
        4,
        5,
        15,
        7,
        8,
        10,
        16,
        13,
        14,
        6,
        12,
        18,
        19,
        20,
        28,
        22,
        23,
        9,
        11,
        21,
        24,
        25,
        17,
        26,
        27,
        29,
        30,
        31
    ],
    "average_objectives_list": [
        135950.78431372548,
        127840.8,
        121740.6,
        119700.2,
        118296.0,
        117604.6,
        117290.6,
        116971.6,
        115750.2,
        115240.6,
        114719.0,
        113776.0,
        113741.2,
        114017.8,
        113313.2,
        113551.8,
        114159.8,
        113336.4,
        112784.0,
        113228.8,
        112961.2
    ],
    "best_objective_list": [
        127710.0,
        121070.0,
        119170.0,
        117800.0,
        117330.0,
        117330.0,
        115740.0,
        114940.0,
        114940.0,
        113500.0,
        113500.0,
        113500.0,
        113500.0,
        112300.0,
        112300.0,
        112300.0,
        112300.0,
        112300.0,
        112300.0,
        111800.0,
        111800.0
    ]
}