{
    "elapsed_time": 25.324870586395264,
    "best_objective": 107560.0,
    "best_solution": [
        1,
        2,
        3,
        4,
        5,
        15,
        6,
        7,
        11,
        0,
        16,
        21,
        10,
        8,
        12,
        13,
        28,
        14,
        30,
        17,
        18,
        19,
        20,
        22,
        23,
        24,
        25,
        26,
        27,
        9,
        29,
        31
    ],
    "average_objectives_list": [
        137227.82178217822,
        128794.8,
        124505.9,
        122180.1,
        118611.1,
        118380.0,
        116073.4,
        116244.2,
        114895.4,
        114104.0,
        113389.6,
        114283.6,
        112925.4,
        113871.1,
        112979.2,
        114069.9,
        112520.1,
        113271.0,
        113140.5,
        113317.8,
        112012.5
    ],
    "best_objective_list": [
        123900.0,
        118720.0,
        117760.0,
        116860.0,
        114860.0,
        114060.0,
        114060.0,
        111660.0,
        111060.0,
        110960.0,
        110560.0,
        109760.0,
        109560.0,
        109560.0,
        108660.0,
        108360.0,
        108360.0,
        108360.0,
        107560.0,
        107560.0,
        107560.0
    ]
}