{
    "elapsed_time": 22.747326850891113,
    "best_objective": 108780.0,
    "best_solution": [
        0,
        1,
        2,
        21,
        4,
        5,
        6,
        7,
        8,
        15,
        16,
        9,
        10,
        11,
        12,
        13,
        23,
        14,
        17,
        18,
        19,
        3,
        20,
        22,
        24,
        25,
        26,
        27,
        28,
        29,
        30,
        31
    ],
    "average_objectives_list": [
        137477.8431372549,
        126317.6,
        120710.2,
        117551.6,
        116660.0,
        116660.0,
        116660.0,
        116544.0,
        116195.4,
        115123.4,
        114251.4,
        113278.8,
        112934.4,
        113471.6,
        111747.2,
        111535.2,
        111451.2,
        111198.2,
        109597.2,
        110594.0,
        110060.8
    ],
    "best_objective_list": [
        123370.0,
        120100.0,
        116660.0,
        116660.0,
        116660.0,
        116660.0,
        116660.0,
        113760.0,
        113760.0,
        113760.0,
        112960.0,
        112300.0,
        109900.0,
        109900.0,
        109300.0,
        109300.0,
        108780.0,
        108780.0,
        108780.0,
        108780.0,
        108780.0
    ]
}