{
    "elapsed_time": 25.636401176452637,
    "best_objective": 110490.0,
    "best_solution": [
        1,
        2,
        0,
        8,
        4,
        5,
        6,
        7,
        3,
        19,
        14,
        9,
        20,
        22,
        23,
        24,
        10,
        11,
        12,
        18,
        15,
        16,
        17,
        13,
        21,
        25,
        26,
        27,
        28,
        29,
        30,
        31
    ],
    "average_objectives_list": [
        136891.8811881188,
        130467.8,
        125961.7,
        123495.7,
        120617.9,
        118279.8,
        118079.4,
        118640.5,
        117960.6,
        116955.8,
        116864.6,
        117312.9,
        116000.6,
        115430.4,
        116394.1,
        116757.4,
        116066.7,
        114674.8,
        114390.5,
        114110.8,
        116088.5
    ],
    "best_objective_list": [
        126130.0,
        123760.0,
        117490.0,
        115890.0,
        114290.0,
        114290.0,
        113690.0,
        112090.0,
        112090.0,
        112090.0,
        112090.0,
        112090.0,
        110690.0,
        110690.0,
        110690.0,
        110690.0,
        110690.0,
        110690.0,
        110690.0,
        110490.0,
        110490.0
    ]
}