{
    "elapsed_time": 25.37529444694519,
    "best_objective": 108600.0,
    "best_solution": [
        1,
        2,
        3,
        4,
        19,
        5,
        6,
        7,
        8,
        10,
        15,
        0,
        12,
        13,
        16,
        17,
        18,
        30,
        14,
        9,
        11,
        20,
        21,
        22,
        28,
        23,
        25,
        26,
        27,
        24,
        29,
        31
    ],
    "average_objectives_list": [
        136782.57425742573,
        128728.2,
        123339.0,
        117781.2,
        114427.4,
        114233.1,
        114091.5,
        115721.1,
        113064.2,
        112946.6,
        113368.2,
        113250.7,
        114474.0,
        113020.9,
        113636.1,
        113905.7,
        113800.7,
        113201.9,
        112829.7,
        114127.5,
        111993.4
    ],
    "best_objective_list": [
        123300.0,
        112160.0,
        112160.0,
        111960.0,
        111160.0,
        110660.0,
        110660.0,
        110660.0,
        110200.0,
        110200.0,
        109560.0,
        109400.0,
        109400.0,
        109400.0,
        108600.0,
        108600.0,
        108600.0,
        108600.0,
        108600.0,
        108600.0,
        108600.0
    ]
}