{
    "elapsed_time": 45.5578351020813,
    "best_objective": 107900.0,
    "best_solution": [
        1,
        2,
        4,
        31,
        0,
        15,
        16,
        21,
        3,
        5,
        6,
        7,
        8,
        10,
        11,
        12,
        13,
        14,
        17,
        18,
        19,
        25,
        20,
        22,
        23,
        24,
        26,
        27,
        28,
        29,
        30,
        9
    ],
    "average_objectives_list": [
        136739.01960784313,
        126802.0,
        123897.4,
        121324.2,
        118460.4,
        116019.2,
        114776.8,
        114398.2,
        114529.6,
        113850.2,
        113737.0,
        113057.0,
        111751.8,
        110825.2,
        111213.4,
        111078.4,
        111400.6,
        110772.8,
        110877.6,
        110823.4,
        110752.8,
        110624.6,
        110858.0,
        111531.8,
        111637.0,
        111003.0,
        110762.2,
        110636.4,
        110345.6,
        110276.0,
        110034.2,
        111131.6,
        110461.0,
        111121.2,
        110466.6,
        110835.2,
        111592.0,
        110830.8,
        111299.2,
        110931.4,
        111396.4
    ],
    "best_objective_list": [
        125810.0,
        122750.0,
        121250.0,
        117480.0,
        114080.0,
        113180.0,
        113180.0,
        113180.0,
        111950.0,
        110930.0,
        109030.0,
        108630.0,
        108300.0,
        107900.0,
        107900.0,
        107900.0,
        107900.0,
        107900.0,
        107900.0,
        107900.0,
        107900.0,
        107900.0,
        107900.0,
        107900.0,
        107900.0,
        107900.0,
        107900.0,
        107900.0,
        107900.0,
        107900.0,
        107900.0,
        107900.0,
        107900.0,
        107900.0,
        107900.0,
        107900.0,
        107900.0,
        107900.0,
        107900.0,
        107900.0,
        107900.0
    ]
}