{
    "elapsed_time": 25.292339086532593,
    "best_objective": 109850.0,
    "best_solution": [
        0,
        1,
        2,
        3,
        4,
        5,
        6,
        14,
        10,
        25,
        12,
        13,
        8,
        15,
        16,
        17,
        23,
        7,
        9,
        18,
        19,
        20,
        21,
        22,
        24,
        11,
        27,
        26,
        28,
        29,
        30,
        31
    ],
    "average_objectives_list": [
        137142.57425742573,
        128772.9,
        123345.9,
        120348.0,
        119307.1,
        118637.3,
        118982.7,
        118050.3,
        116246.1,
        116381.9,
        116346.5,
        116989.2,
        114773.5,
        114503.3,
        115256.9,
        114503.8,
        113261.1,
        112118.6,
        114762.5,
        114210.0,
        114205.7
    ],
    "best_objective_list": [
        124650.0,
        119010.0,
        117740.0,
        117740.0,
        116870.0,
        116440.0,
        114070.0,
        113270.0,
        113270.0,
        113070.0,
        113070.0,
        112350.0,
        109850.0,
        109850.0,
        109850.0,
        109850.0,
        109850.0,
        109850.0,
        109850.0,
        109850.0,
        109850.0
    ]
}