{
    "elapsed_time": 25.595247268676758,
    "best_objective": 109590.0,
    "best_solution": [
        0,
        1,
        2,
        8,
        4,
        25,
        3,
        21,
        10,
        15,
        12,
        13,
        7,
        11,
        16,
        17,
        19,
        24,
        14,
        23,
        20,
        5,
        6,
        9,
        18,
        22,
        27,
        26,
        28,
        29,
        30,
        31
    ],
    "average_objectives_list": [
        137040.89108910892,
        127979.1,
        122915.0,
        121117.4,
        120011.3,
        118726.4,
        117310.8,
        117956.2,
        116345.3,
        117107.1,
        118193.4,
        116247.9,
        116771.5,
        116185.4,
        115844.1,
        114603.1,
        115590.0,
        114844.6,
        114805.6,
        116224.2,
        114788.7
    ],
    "best_objective_list": [
        124530.0,
        118420.0,
        118040.0,
        117790.0,
        115340.0,
        114340.0,
        114340.0,
        114110.0,
        114110.0,
        113110.0,
        112390.0,
        112390.0,
        112190.0,
        111790.0,
        111790.0,
        111790.0,
        110190.0,
        110190.0,
        109590.0,
        109590.0,
        109590.0
    ]
}