{
    "elapsed_time": 25.470360279083252,
    "best_objective": 109560.0,
    "best_solution": [
        1,
        2,
        3,
        5,
        4,
        0,
        6,
        14,
        8,
        9,
        10,
        11,
        19,
        20,
        21,
        22,
        24,
        25,
        26,
        13,
        7,
        16,
        15,
        17,
        18,
        23,
        12,
        27,
        28,
        29,
        30,
        31
    ],
    "average_objectives_list": [
        136730.49504950494,
        129273.2,
        125133.3,
        122028.0,
        120344.9,
        118753.4,
        117798.8,
        116115.1,
        116365.3,
        115337.8,
        115845.1,
        114849.4,
        114488.0,
        114223.0,
        114696.3,
        113982.5,
        113866.3,
        114891.6,
        114373.7,
        113452.4,
        114222.0
    ],
    "best_objective_list": [
        123500.0,
        122720.0,
        119640.0,
        118000.0,
        116950.0,
        114110.0,
        113450.0,
        110910.0,
        110910.0,
        110910.0,
        110160.0,
        110160.0,
        110160.0,
        110160.0,
        109960.0,
        109960.0,
        109560.0,
        109560.0,
        109560.0,
        109560.0,
        109560.0
    ]
}