{
    "elapsed_time": 11.405828475952148,
    "best_objective": 112760.0,
    "best_solution": [
        0,
        1,
        2,
        3,
        4,
        10,
        6,
        13,
        7,
        15,
        16,
        17,
        19,
        12,
        8,
        9,
        5,
        11,
        14,
        18,
        20,
        21,
        22,
        23,
        24,
        25,
        26,
        27,
        28,
        29,
        30,
        31
    ],
    "average_objectives_list": [
        137748.03921568627,
        127065.6,
        122149.6,
        119460.2,
        118157.6,
        116988.0,
        116900.0,
        116093.0,
        115701.6,
        115392.2,
        114632.0
    ],
    "best_objective_list": [
        128760.0,
        121550.0,
        118630.0,
        117030.0,
        116260.0,
        116230.0,
        115430.0,
        115430.0,
        115030.0,
        112760.0,
        112760.0
    ]
}