{
    "elapsed_time": 45.87947392463684,
    "best_objective": 106370.0,
    "best_solution": [
        0,
        1,
        2,
        3,
        4,
        5,
        6,
        7,
        10,
        12,
        15,
        16,
        18,
        11,
        19,
        8,
        23,
        24,
        25,
        30,
        17,
        21,
        9,
        14,
        13,
        20,
        22,
        27,
        26,
        28,
        29,
        31
    ],
    "average_objectives_list": [
        136342.74509803922,
        125271.8,
        118518.0,
        114143.8,
        112537.4,
        112245.8,
        111495.8,
        111803.0,
        111251.6,
        110790.0,
        110762.0,
        109978.0,
        110130.0,
        110490.0,
        110580.8,
        110442.6,
        110072.0,
        110232.0,
        110463.8,
        109866.2,
        109673.2,
        109340.8,
        110112.0,
        109235.4,
        109505.8,
        109525.0,
        107937.2,
        109455.0,
        108476.0,
        107804.0,
        108408.8,
        108513.0,
        107648.0,
        107458.0,
        108530.0,
        107510.0,
        107848.0,
        107942.0,
        108753.4,
        108315.4,
        108230.2
    ],
    "best_objective_list": [
        124670.0,
        117470.0,
        112530.0,
        112530.0,
        110670.0,
        110670.0,
        110670.0,
        110670.0,
        109870.0,
        109470.0,
        109470.0,
        109470.0,
        109470.0,
        109470.0,
        109470.0,
        109470.0,
        109470.0,
        108470.0,
        108470.0,
        108070.0,
        108070.0,
        107670.0,
        107670.0,
        107670.0,
        107370.0,
        106970.0,
        106970.0,
        106970.0,
        106570.0,
        106570.0,
        106570.0,
        106570.0,
        106570.0,
        106570.0,
        106570.0,
        106570.0,
        106570.0,
        106570.0,
        106570.0,
        106570.0,
        106370.0
    ]
}