{
    "elapsed_time": 23.03770160675049,
    "best_objective": 108330.0,
    "best_solution": [
        0,
        1,
        2,
        4,
        8,
        6,
        10,
        15,
        21,
        11,
        12,
        13,
        26,
        7,
        16,
        17,
        28,
        19,
        27,
        9,
        3,
        20,
        5,
        14,
        22,
        23,
        25,
        24,
        18,
        29,
        30,
        31
    ],
    "average_objectives_list": [
        137331.76470588235,
        128087.2,
        122038.8,
        119320.4,
        117716.6,
        117654.6,
        117277.6,
        117620.4,
        115895.2,
        115438.0,
        115117.4,
        114992.0,
        113243.8,
        113993.8,
        112988.2,
        113826.2,
        113558.2,
        114424.8,
        113285.8,
        113771.2,
        113482.8
    ],
    "best_objective_list": [
        127930.0,
        120960.0,
        119160.0,
        116460.0,
        116260.0,
        115340.0,
        115140.0,
        114310.0,
        114310.0,
        113010.0,
        111110.0,
        109910.0,
        109910.0,
        109910.0,
        109510.0,
        109510.0,
        108330.0,
        108330.0,
        108330.0,
        108330.0,
        108330.0
    ]
}