{
    "elapsed_time": 26.059695959091187,
    "best_objective": 109510.0,
    "best_solution": [
        5,
        1,
        2,
        3,
        4,
        0,
        15,
        7,
        11,
        10,
        20,
        14,
        8,
        6,
        21,
        22,
        23,
        25,
        24,
        9,
        13,
        16,
        17,
        18,
        19,
        12,
        26,
        27,
        28,
        29,
        30,
        31
    ],
    "average_objectives_list": [
        136967.72277227722,
        129157.0,
        123452.2,
        120087.0,
        117130.5,
        117112.5,
        117950.7,
        117006.1,
        116244.5,
        115445.5,
        115282.1,
        115486.9,
        115378.1,
        114470.1,
        113764.0,
        114755.8,
        114629.2,
        113597.5,
        115153.6,
        113356.7,
        115195.5
    ],
    "best_objective_list": [
        127510.0,
        118570.0,
        115700.0,
        115700.0,
        115600.0,
        115000.0,
        113900.0,
        112200.0,
        112200.0,
        111360.0,
        111360.0,
        110810.0,
        110810.0,
        110810.0,
        110210.0,
        110210.0,
        110210.0,
        110210.0,
        110210.0,
        109510.0,
        109510.0
    ]
}