{
    "elapsed_time": 23.023303508758545,
    "best_objective": 110430.0,
    "best_solution": [
        0,
        3,
        4,
        21,
        5,
        6,
        7,
        8,
        10,
        15,
        16,
        19,
        14,
        1,
        2,
        18,
        23,
        24,
        17,
        9,
        11,
        12,
        13,
        20,
        22,
        25,
        26,
        27,
        28,
        29,
        30,
        31
    ],
    "average_objectives_list": [
        136831.76470588235,
        125170.4,
        119593.0,
        116388.6,
        113244.8,
        113074.0,
        112894.0,
        112753.0,
        113092.6,
        112668.8,
        111762.8,
        111799.2,
        111415.6,
        112700.4,
        112633.8,
        112101.0,
        112597.2,
        112110.4,
        112743.6,
        112623.2,
        112222.4
    ],
    "best_objective_list": [
        123200.0,
        119100.0,
        113030.0,
        113030.0,
        113030.0,
        112030.0,
        110430.0,
        110430.0,
        110430.0,
        110430.0,
        110430.0,
        110430.0,
        110430.0,
        110430.0,
        110430.0,
        110430.0,
        110430.0,
        110430.0,
        110430.0,
        110430.0,
        110430.0
    ]
}