{
    "elapsed_time": 22.86375331878662,
    "best_objective": 107600.0,
    "best_solution": [
        0,
        2,
        3,
        4,
        10,
        6,
        7,
        1,
        8,
        12,
        16,
        15,
        13,
        14,
        25,
        17,
        18,
        19,
        5,
        9,
        28,
        20,
        21,
        22,
        23,
        11,
        24,
        26,
        29,
        27,
        30,
        31
    ],
    "average_objectives_list": [
        137515.88235294117,
        127062.6,
        121744.2,
        117504.2,
        114827.4,
        114807.8,
        114408.4,
        114345.4,
        114563.6,
        114773.4,
        113492.4,
        112350.6,
        112122.4,
        112488.8,
        111563.8,
        111339.4,
        112186.2,
        110160.4,
        109458.8,
        110486.2,
        110687.2
    ],
    "best_objective_list": [
        125700.0,
        119980.0,
        114640.0,
        114040.0,
        114040.0,
        113440.0,
        113240.0,
        110800.0,
        110800.0,
        110800.0,
        110800.0,
        109400.0,
        109400.0,
        109400.0,
        109400.0,
        109000.0,
        108700.0,
        108400.0,
        107600.0,
        107600.0,
        107600.0
    ]
}