{
    "elapsed_time": 11.394766807556152,
    "best_objective": 110790.0,
    "best_solution": [
        20,
        1,
        2,
        4,
        19,
        5,
        6,
        7,
        10,
        14,
        15,
        16,
        18,
        3,
        0,
        21,
        22,
        23,
        8,
        9,
        11,
        12,
        13,
        17,
        24,
        25,
        26,
        27,
        28,
        29,
        30,
        31
    ],
    "average_objectives_list": [
        137725.49019607843,
        126621.2,
        120823.8,
        117928.0,
        116329.4,
        115498.2,
        113951.6,
        113073.6,
        111974.4,
        111526.0,
        113345.6
    ],
    "best_objective_list": [
        124620.0,
        120020.0,
        116220.0,
        115520.0,
        114470.0,
        113390.0,
        111090.0,
        111090.0,
        111090.0,
        110790.0,
        110790.0
    ]
}