{
    "elapsed_time": 22.68232822418213,
    "best_objective": 106920.0,
    "best_solution": [
        19,
        1,
        4,
        21,
        5,
        6,
        15,
        8,
        10,
        0,
        11,
        12,
        13,
        7,
        16,
        30,
        9,
        20,
        14,
        27,
        18,
        2,
        3,
        22,
        23,
        24,
        25,
        26,
        28,
        17,
        29,
        31
    ],
    "average_objectives_list": [
        136882.35294117648,
        126611.4,
        120399.0,
        117490.2,
        115326.6,
        113977.6,
        112847.6,
        114170.0,
        112234.6,
        111302.4,
        111579.2,
        111704.8,
        111920.0,
        111495.2,
        112583.6,
        111890.0,
        112566.6,
        111900.8,
        111567.4,
        113898.2,
        112105.0
    ],
    "best_objective_list": [
        128590.0,
        118270.0,
        114380.0,
        113210.0,
        111810.0,
        111810.0,
        110750.0,
        110750.0,
        109750.0,
        109750.0,
        109750.0,
        109650.0,
        109550.0,
        108420.0,
        108420.0,
        108420.0,
        108420.0,
        108420.0,
        106920.0,
        106920.0,
        106920.0
    ]
}