{
    "elapsed_time": 21.478939056396484,
    "best_objective": 106950.0,
    "best_solution": [
        0,
        1,
        3,
        19,
        4,
        5,
        6,
        7,
        2,
        16,
        15,
        12,
        22,
        11,
        10,
        18,
        24,
        26,
        13,
        9,
        17,
        20,
        21,
        14,
        23,
        25,
        8,
        27,
        28,
        29,
        30,
        31
    ],
    "average_objectives_list": [
        137601.93548387097,
        125888.0,
        119111.0,
        116093.66666666667,
        114741.66666666667,
        113605.33333333333,
        113131.33333333333,
        112925.66666666667,
        112062.66666666667,
        111700.0,
        111022.0,
        110276.66666666667,
        109727.0,
        110165.33333333333,
        110781.66666666667,
        109689.66666666667,
        110448.33333333333,
        110136.66666666667,
        109612.66666666667,
        109752.0,
        109316.0
    ],
    "best_objective_list": [
        130320.0,
        118700.0,
        115700.0,
        114500.0,
        112870.0,
        111370.0,
        111170.0,
        109890.0,
        109890.0,
        109890.0,
        108290.0,
        108290.0,
        108290.0,
        108290.0,
        108290.0,
        108290.0,
        107950.0,
        107950.0,
        107950.0,
        107950.0,
        106950.0
    ]
}