{
    "elapsed_time": 22.625964879989624,
    "best_objective": 109510.0,
    "best_solution": [
        0,
        1,
        2,
        7,
        4,
        6,
        3,
        8,
        25,
        10,
        11,
        16,
        13,
        15,
        12,
        17,
        18,
        22,
        14,
        27,
        19,
        20,
        21,
        9,
        23,
        5,
        24,
        26,
        28,
        29,
        30,
        31
    ],
    "average_objectives_list": [
        138388.23529411765,
        126981.4,
        120444.0,
        117628.0,
        116376.2,
        115249.0,
        114097.0,
        114370.0,
        112311.0,
        112329.2,
        112904.2,
        111885.0,
        111399.0,
        110764.2,
        111459.4,
        111206.2,
        110924.6,
        110908.0,
        111589.0,
        111127.6,
        111424.0
    ],
    "best_objective_list": [
        127800.0,
        118350.0,
        116910.0,
        113210.0,
        112910.0,
        112310.0,
        112260.0,
        111010.0,
        110510.0,
        110010.0,
        109610.0,
        109510.0,
        109510.0,
        109510.0,
        109510.0,
        109510.0,
        109510.0,
        109510.0,
        109510.0,
        109510.0,
        109510.0
    ]
}