{
    "elapsed_time": 25.91681694984436,
    "best_objective": 107410.0,
    "best_solution": [
        0,
        1,
        5,
        3,
        4,
        2,
        6,
        7,
        8,
        12,
        15,
        16,
        19,
        11,
        10,
        31,
        23,
        14,
        26,
        18,
        20,
        21,
        13,
        17,
        22,
        24,
        25,
        27,
        28,
        29,
        9,
        30
    ],
    "average_objectives_list": [
        137591.48514851485,
        128594.7,
        122433.9,
        120117.3,
        118805.4,
        118378.4,
        117549.2,
        116786.3,
        114395.2,
        114588.6,
        113600.7,
        112557.1,
        113357.9,
        112393.5,
        111888.7,
        112525.5,
        112230.0,
        111628.3,
        111914.2,
        111090.9,
        110728.3
    ],
    "best_objective_list": [
        126730.0,
        118840.0,
        117240.0,
        116490.0,
        115460.0,
        114290.0,
        112500.0,
        112500.0,
        112200.0,
        110700.0,
        110700.0,
        108700.0,
        108700.0,
        108700.0,
        108700.0,
        108700.0,
        108200.0,
        108200.0,
        107510.0,
        107510.0,
        107410.0
    ]
}