{
    "elapsed_time": 94.55216479301453,
    "best_objective": 174.0,
    "neighbors": 1000,
    "best_solution": [
        0,
        1,
        2,
        3,
        5,
        7,
        8,
        9,
        10,
        11,
        12,
        13,
        14,
        16,
        17,
        18,
        20,
        21,
        22,
        23,
        24,
        25,
        26,
        37,
        27,
        28,
        29,
        30,
        4,
        6,
        15,
        19,
        31,
        32,
        33,
        34,
        35,
        36,
        38,
        39,
        40,
        41,
        42,
        43,
        44,
        45,
        46,
        47,
        48,
        49,
        50,
        51,
        52,
        53,
        54,
        55,
        56,
        57,
        58,
        59,
        60,
        61,
        62,
        63
    ],
    "average_objectives_list": [
        276.3529411764706,
        234.84,
        208.6,
        194.68,
        193.96,
        193.56,
        191.76,
        182.72,
        177.48,
        176.64,
        175.28
    ],
    "best_objective_list": [
        222.0,
        194.0,
        194.0,
        194.0,
        192.0,
        186.0,
        182.0,
        176.0,
        176.0,
        174.0,
        174.0
    ]
}