{
    "elapsed_time": 94.61218976974487,
    "best_objective": 168.0,
    "neighbors": 1000,
    "best_solution": [
        3,
        4,
        7,
        8,
        11,
        12,
        13,
        14,
        15,
        17,
        20,
        21,
        22,
        23,
        24,
        25,
        26,
        27,
        28,
        30,
        32,
        34,
        35,
        37,
        38,
        47,
        48,
        54,
        56,
        57,
        60,
        0,
        2,
        44,
        18,
        53,
        16,
        6,
        9,
        5,
        50,
        29,
        61,
        19,
        1,
        36,
        10,
        45,
        31,
        33,
        39,
        40,
        41,
        42,
        43,
        46,
        49,
        51,
        52,
        55,
        58,
        59,
        62,
        63
    ],
    "average_objectives_list": [
        277.4901960784314,
        234.64,
        213.32,
        205.64,
        192.88,
        186.52,
        188.76,
        189.0,
        190.08,
        181.12,
        177.92
    ],
    "best_objective_list": [
        220.0,
        206.0,
        194.0,
        180.0,
        174.0,
        172.0,
        172.0,
        172.0,
        168.0,
        168.0,
        168.0
    ]
}