{
    "elapsed_time": 94.32851815223694,
    "best_objective": 176.0,
    "neighbors": 1000,
    "best_solution": [
        0,
        1,
        2,
        3,
        4,
        15,
        6,
        7,
        8,
        9,
        12,
        13,
        41,
        5,
        16,
        18,
        19,
        20,
        21,
        22,
        23,
        24,
        25,
        26,
        27,
        28,
        29,
        30,
        31,
        32,
        33,
        34,
        39,
        36,
        37,
        38,
        40,
        14,
        42,
        43,
        44,
        46,
        47,
        10,
        11,
        17,
        35,
        45,
        48,
        49,
        50,
        51,
        52,
        53,
        54,
        55,
        56,
        57,
        58,
        59,
        60,
        61,
        62,
        63
    ],
    "average_objectives_list": [
        279.1764705882353,
        235.28,
        208.68,
        196.52,
        190.6,
        186.4,
        186.0,
        186.0,
        185.84,
        185.04,
        184.36
    ],
    "best_objective_list": [
        208.0,
        202.0,
        192.0,
        186.0,
        186.0,
        186.0,
        186.0,
        186.0,
        178.0,
        178.0,
        176.0
    ]
}