{
    "elapsed_time": 378.52962613105774,
    "best_objective": 134.0,
    "neighbors": 4000,
    "best_solution": [
        0,
        1,
        3,
        36,
        6,
        7,
        8,
        9,
        38,
        12,
        13,
        14,
        22,
        16,
        43,
        18,
        19,
        20,
        21,
        23,
        25,
        44,
        42,
        28,
        26,
        15,
        46,
        10,
        30,
        47,
        24,
        5,
        2,
        41,
        29,
        51,
        11,
        17,
        27,
        31,
        32,
        33,
        34,
        35,
        37,
        39,
        40,
        45,
        48,
        49,
        50,
        4,
        52,
        53,
        54,
        55,
        56,
        57,
        58,
        59,
        60,
        61,
        62,
        63
    ],
    "average_objectives_list": [
        282.15686274509807,
        242.92,
        218.04,
        205.76,
        198.12,
        200.8,
        191.24,
        184.16,
        182.36,
        179.52,
        182.12,
        178.8,
        175.68,
        180.64,
        181.6,
        173.6,
        176.32,
        173.92,
        182.32,
        183.04,
        173.56,
        168.28,
        173.8,
        173.6,
        162.48,
        172.88,
        171.36,
        176.0,
        168.68,
        175.04,
        174.64,
        168.12,
        156.76,
        163.16,
        162.68,
        157.4,
        171.04,
        156.24,
        152.92,
        152.92,
        166.2
    ],
    "best_objective_list": [
        246.0,
        214.0,
        200.0,
        192.0,
        192.0,
        178.0,
        178.0,
        178.0,
        178.0,
        178.0,
        170.0,
        166.0,
        166.0,
        166.0,
        162.0,
        162.0,
        162.0,
        162.0,
        150.0,
        150.0,
        150.0,
        150.0,
        150.0,
        150.0,
        150.0,
        150.0,
        150.0,
        150.0,
        150.0,
        142.0,
        142.0,
        142.0,
        142.0,
        138.0,
        138.0,
        138.0,
        138.0,
        138.0,
        134.0,
        134.0,
        134.0
    ]
}