{
    "elapsed_time": 378.8609826564789,
    "best_objective": 150.0,
    "neighbors": 4000,
    "best_solution": [
        0,
        1,
        2,
        3,
        4,
        12,
        6,
        7,
        8,
        14,
        23,
        62,
        63,
        37,
        42,
        53,
        10,
        13,
        60,
        36,
        24,
        45,
        20,
        43,
        47,
        9,
        11,
        5,
        15,
        16,
        17,
        18,
        19,
        21,
        22,
        25,
        26,
        27,
        28,
        29,
        32,
        33,
        34,
        35,
        38,
        39,
        30,
        31,
        40,
        41,
        44,
        46,
        48,
        49,
        50,
        51,
        52,
        54,
        55,
        56,
        57,
        58,
        59,
        61
    ],
    "average_objectives_list": [
        273.52941176470586,
        230.32,
        203.76,
        194.92,
        192.0,
        184.64,
        184.16,
        183.84,
        186.0,
        183.24,
        178.8,
        180.24,
        180.4,
        184.08,
        183.36,
        180.44,
        179.72,
        180.2,
        176.32,
        170.12,
        176.28,
        182.04,
        183.6,
        176.68,
        178.32,
        179.64,
        184.32,
        181.4,
        170.36,
        165.4,
        168.4,
        157.32,
        162.76,
        159.48,
        162.48,
        160.88,
        165.52,
        165.32,
        160.6,
        162.28,
        163.4
    ],
    "best_objective_list": [
        220.0,
        198.0,
        188.0,
        188.0,
        172.0,
        170.0,
        170.0,
        170.0,
        170.0,
        170.0,
        170.0,
        170.0,
        166.0,
        166.0,
        166.0,
        166.0,
        166.0,
        166.0,
        166.0,
        162.0,
        162.0,
        162.0,
        162.0,
        162.0,
        162.0,
        162.0,
        162.0,
        160.0,
        156.0,
        156.0,
        156.0,
        156.0,
        156.0,
        156.0,
        156.0,
        154.0,
        154.0,
        154.0,
        150.0,
        150.0,
        150.0
    ]
}