{
    "elapsed_time": 168.23943877220154,
    "best_objective": 150.0,
    "neighbors": 4000,
    "best_solution": [
        0,
        2,
        3,
        5,
        6,
        7,
        9,
        10,
        11,
        12,
        13,
        14,
        15,
        17,
        16,
        18,
        19,
        26,
        8,
        22,
        23,
        24,
        25,
        20,
        28,
        29,
        30,
        31,
        32,
        34,
        35,
        36,
        37,
        38,
        39,
        40,
        1,
        4,
        43,
        45,
        46,
        47,
        21,
        27,
        33,
        41,
        42,
        44,
        48,
        49,
        50,
        51,
        52,
        53,
        54,
        55,
        56,
        57,
        58,
        59,
        60,
        61,
        62,
        63
    ],
    "average_objectives_list": [
        276.70588235294116,
        239.04,
        213.12,
        198.08,
        195.48,
        194.24,
        199.04,
        191.6,
        189.52,
        185.88,
        183.64,
        175.32,
        176.72,
        175.44,
        173.88,
        166.12,
        163.72,
        167.4,
        162.08,
        160.12,
        170.44,
        159.24,
        155.12,
        174.72,
        173.84,
        170.2,
        164.2,
        157.32,
        155.04,
        177.04,
        171.6,
        167.04,
        166.76,
        172.04,
        154.16,
        174.56,
        160.24,
        167.8,
        151.12,
        157.52,
        168.64
    ],
    "best_objective_list": [
        230.0,
        202.0,
        196.0,
        192.0,
        192.0,
        176.0,
        176.0,
        176.0,
        172.0,
        168.0,
        168.0,
        164.0,
        164.0,
        164.0,
        160.0,
        152.0,
        152.0,
        152.0,
        150.0,
        150.0,
        150.0,
        150.0,
        150.0,
        150.0,
        150.0,
        150.0,
        150.0,
        150.0,
        150.0,
        150.0,
        150.0,
        150.0,
        150.0,
        150.0,
        150.0,
        150.0,
        150.0,
        150.0,
        150.0,
        150.0,
        150.0
    ]
}