{
    "elapsed_time": 167.47421407699585,
    "best_objective": 142.0,
    "neighbors": 4000,
    "best_solution": [
        0,
        1,
        2,
        5,
        6,
        7,
        8,
        10,
        26,
        9,
        11,
        13,
        18,
        14,
        15,
        16,
        17,
        21,
        29,
        30,
        41,
        50,
        59,
        4,
        19,
        3,
        12,
        20,
        22,
        23,
        24,
        25,
        27,
        28,
        31,
        32,
        33,
        34,
        35,
        36,
        37,
        38,
        39,
        40,
        42,
        43,
        44,
        45,
        46,
        47,
        48,
        49,
        51,
        52,
        53,
        54,
        55,
        56,
        57,
        58,
        60,
        61,
        62,
        63
    ],
    "average_objectives_list": [
        274.98039215686276,
        241.36,
        220.48,
        213.76,
        208.16,
        208.16,
        204.08,
        204.4,
        207.88,
        201.8,
        196.44,
        191.84,
        183.56,
        174.16,
        172.08,
        170.32,
        164.4,
        163.4,
        170.32,
        167.28,
        181.52,
        168.92,
        168.32,
        162.12,
        169.96,
        162.24,
        169.6,
        165.6,
        179.56,
        179.24,
        161.08,
        161.44,
        158.32,
        160.8,
        160.48,
        157.24,
        165.52,
        159.08,
        153.56,
        156.96,
        156.96
    ],
    "best_objective_list": [
        236.0,
        216.0,
        208.0,
        208.0,
        204.0,
        204.0,
        204.0,
        196.0,
        196.0,
        194.0,
        190.0,
        176.0,
        174.0,
        162.0,
        162.0,
        162.0,
        162.0,
        162.0,
        162.0,
        162.0,
        162.0,
        158.0,
        158.0,
        158.0,
        158.0,
        154.0,
        154.0,
        154.0,
        154.0,
        150.0,
        146.0,
        146.0,
        146.0,
        146.0,
        146.0,
        146.0,
        142.0,
        142.0,
        142.0,
        142.0,
        142.0
    ]
}