{
    "elapsed_time": 378.39484429359436,
    "best_objective": 160.0,
    "neighbors": 4000,
    "best_solution": [
        0,
        10,
        2,
        3,
        1,
        7,
        8,
        9,
        5,
        43,
        12,
        13,
        14,
        16,
        17,
        18,
        19,
        20,
        21,
        23,
        24,
        25,
        27,
        28,
        29,
        30,
        32,
        33,
        34,
        35,
        4,
        6,
        11,
        15,
        22,
        26,
        31,
        36,
        37,
        38,
        39,
        40,
        41,
        42,
        44,
        45,
        46,
        47,
        48,
        49,
        50,
        51,
        52,
        53,
        54,
        55,
        56,
        57,
        58,
        59,
        60,
        61,
        62,
        63
    ],
    "average_objectives_list": [
        279.2156862745098,
        241.56,
        215.48,
        199.88,
        188.64,
        176.0,
        177.64,
        175.96,
        174.52,
        173.24,
        171.44,
        167.64,
        170.76,
        170.84,
        170.36,
        172.2,
        170.16,
        169.88,
        169.36,
        170.36,
        169.32,
        168.48,
        169.12,
        167.64,
        167.36,
        171.28,
        171.6,
        169.08,
        167.4,
        169.12,
        167.16,
        171.92,
        167.08,
        173.68,
        169.8,
        166.68,
        165.32,
        167.72,
        167.8,
        167.96,
        170.8
    ],
    "best_objective_list": [
        244.0,
        212.0,
        196.0,
        176.0,
        176.0,
        176.0,
        176.0,
        172.0,
        164.0,
        164.0,
        164.0,
        164.0,
        164.0,
        164.0,
        164.0,
        164.0,
        160.0,
        160.0,
        160.0,
        160.0,
        160.0,
        160.0,
        160.0,
        160.0,
        160.0,
        160.0,
        160.0,
        160.0,
        160.0,
        160.0,
        160.0,
        160.0,
        160.0,
        160.0,
        160.0,
        160.0,
        160.0,
        160.0,
        160.0,
        160.0,
        160.0
    ]
}