{
    "elapsed_time": 94.57166290283203,
    "best_objective": 146.0,
    "neighbors": 1000,
    "best_solution": [
        0,
        3,
        2,
        1,
        4,
        5,
        6,
        7,
        9,
        10,
        11,
        12,
        13,
        14,
        15,
        16,
        19,
        20,
        25,
        26,
        27,
        29,
        31,
        32,
        33,
        34,
        35,
        38,
        53,
        36,
        37,
        23,
        39,
        41,
        8,
        17,
        21,
        43,
        24,
        28,
        30,
        40,
        42,
        22,
        44,
        45,
        46,
        18,
        47,
        48,
        49,
        50,
        51,
        52,
        54,
        55,
        56,
        57,
        58,
        59,
        60,
        61,
        62,
        63
    ],
    "average_objectives_list": [
        277.1372549019608,
        235.28,
        209.4,
        189.08,
        177.72,
        167.84,
        167.12,
        157.2,
        160.76,
        153.32,
        156.28
    ],
    "best_objective_list": [
        236.0,
        194.0,
        180.0,
        176.0,
        160.0,
        160.0,
        152.0,
        150.0,
        150.0,
        146.0,
        146.0
    ]
}