{
    "elapsed_time": 166.70413851737976,
    "best_objective": 144.0,
    "neighbors": 4000,
    "best_solution": [
        0,
        1,
        2,
        3,
        5,
        43,
        7,
        9,
        11,
        19,
        27,
        33,
        6,
        39,
        30,
        25,
        17,
        51,
        29,
        46,
        50,
        10,
        15,
        59,
        8,
        48,
        62,
        28,
        49,
        47,
        31,
        21,
        22,
        20,
        12,
        13,
        14,
        36,
        16,
        18,
        32,
        23,
        24,
        26,
        34,
        35,
        37,
        38,
        40,
        41,
        4,
        42,
        44,
        45,
        52,
        53,
        54,
        55,
        56,
        57,
        58,
        60,
        61,
        63
    ],
    "average_objectives_list": [
        283.01960784313724,
        242.36,
        216.68,
        205.84,
        196.64,
        192.04,
        186.24,
        198.72,
        192.0,
        182.04,
        188.96,
        171.44,
        162.0,
        177.16,
        176.48,
        164.16,
        176.24,
        154.88,
        164.96,
        170.08,
        174.6,
        160.68,
        166.4,
        162.48,
        165.64,
        166.76,
        161.6,
        169.44,
        167.12,
        168.36,
        177.88,
        164.8,
        160.72,
        168.88,
        166.24,
        163.44,
        167.72,
        171.88,
        166.0,
        168.24,
        178.8
    ],
    "best_objective_list": [
        214.0,
        194.0,
        180.0,
        180.0,
        180.0,
        180.0,
        180.0,
        172.0,
        168.0,
        160.0,
        156.0,
        156.0,
        156.0,
        156.0,
        144.0,
        144.0,
        144.0,
        144.0,
        144.0,
        144.0,
        144.0,
        144.0,
        144.0,
        144.0,
        144.0,
        144.0,
        144.0,
        144.0,
        144.0,
        144.0,
        144.0,
        144.0,
        144.0,
        144.0,
        144.0,
        144.0,
        144.0,
        144.0,
        144.0,
        144.0,
        144.0
    ]
}