{
    "elapsed_time": 95.53096556663513,
    "best_objective": 164.0,
    "neighbors": 1000,
    "best_solution": [
        1,
        2,
        3,
        5,
        6,
        7,
        8,
        9,
        40,
        11,
        12,
        13,
        15,
        16,
        17,
        18,
        19,
        21,
        22,
        23,
        24,
        25,
        30,
        28,
        29,
        27,
        31,
        32,
        33,
        34,
        35,
        49,
        53,
        10,
        58,
        38,
        0,
        20,
        26,
        43,
        4,
        45,
        54,
        14,
        44,
        36,
        37,
        39,
        41,
        42,
        46,
        47,
        48,
        50,
        51,
        52,
        55,
        56,
        57,
        59,
        60,
        61,
        62,
        63
    ],
    "average_objectives_list": [
        277.7647058823529,
        237.8,
        206.72,
        188.04,
        192.56,
        184.8,
        174.76,
        186.88,
        187.48,
        181.4,
        174.76
    ],
    "best_objective_list": [
        234.0,
        180.0,
        168.0,
        168.0,
        168.0,
        168.0,
        168.0,
        164.0,
        164.0,
        164.0,
        164.0
    ]
}