{
    "elapsed_time": 94.21365761756897,
    "best_objective": 152.0,
    "neighbors": 1000,
    "best_solution": [
        0,
        1,
        2,
        4,
        5,
        6,
        7,
        10,
        11,
        12,
        13,
        50,
        14,
        15,
        16,
        18,
        22,
        24,
        25,
        26,
        27,
        28,
        29,
        3,
        31,
        33,
        35,
        37,
        36,
        17,
        9,
        23,
        8,
        38,
        46,
        20,
        42,
        30,
        32,
        34,
        39,
        40,
        41,
        21,
        43,
        44,
        45,
        47,
        48,
        49,
        58,
        19,
        52,
        51,
        53,
        54,
        55,
        57,
        56,
        59,
        60,
        61,
        62,
        63
    ],
    "average_objectives_list": [
        280.5882352941176,
        236.32,
        206.36,
        198.24,
        186.28,
        178.52,
        174.48,
        171.76,
        167.72,
        167.88,
        165.68
    ],
    "best_objective_list": [
        230.0,
        202.0,
        196.0,
        176.0,
        160.0,
        158.0,
        154.0,
        154.0,
        152.0,
        152.0,
        152.0
    ]
}