{
    "elapsed_time": 94.30032753944397,
    "best_objective": 156.0,
    "neighbors": 1000,
    "best_solution": [
        0,
        1,
        3,
        13,
        5,
        7,
        9,
        10,
        11,
        12,
        4,
        14,
        15,
        16,
        17,
        18,
        19,
        20,
        21,
        22,
        33,
        23,
        24,
        25,
        26,
        27,
        28,
        29,
        30,
        31,
        2,
        6,
        63,
        32,
        8,
        59,
        34,
        35,
        36,
        37,
        38,
        39,
        40,
        41,
        42,
        43,
        44,
        45,
        46,
        47,
        48,
        49,
        50,
        51,
        52,
        53,
        54,
        55,
        56,
        57,
        58,
        60,
        61,
        62
    ],
    "average_objectives_list": [
        277.96078431372547,
        242.56,
        216.36,
        210.56,
        204.56,
        188.0,
        164.0,
        171.24,
        166.92,
        163.32,
        162.68
    ],
    "best_objective_list": [
        232.0,
        212.0,
        210.0,
        204.0,
        164.0,
        164.0,
        164.0,
        164.0,
        162.0,
        156.0,
        156.0
    ]
}