{
    "elapsed_time": 381.00543689727783,
    "best_objective": 150.0,
    "neighbors": 4000,
    "best_solution": [
        0,
        21,
        2,
        3,
        4,
        5,
        6,
        7,
        8,
        10,
        12,
        13,
        1,
        14,
        15,
        16,
        17,
        19,
        20,
        53,
        22,
        23,
        24,
        58,
        30,
        27,
        29,
        26,
        31,
        32,
        33,
        34,
        35,
        36,
        37,
        9,
        39,
        40,
        41,
        18,
        11,
        25,
        28,
        38,
        42,
        43,
        44,
        45,
        46,
        47,
        48,
        49,
        50,
        51,
        52,
        54,
        55,
        56,
        57,
        59,
        60,
        61,
        62,
        63
    ],
    "average_objectives_list": [
        278.62745098039215,
        235.92,
        202.68,
        187.92,
        180.16,
        180.88,
        178.4,
        176.4,
        179.64,
        177.24,
        181.68,
        175.28,
        171.68,
        160.28,
        168.28,
        164.72,
        166.84,
        170.52,
        160.84,
        172.76,
        173.68,
        165.32,
        169.52,
        170.28,
        167.72,
        170.48,
        172.08,
        167.04,
        177.32,
        170.12,
        165.08,
        167.6,
        173.24,
        174.44,
        180.12,
        175.48,
        169.44,
        178.88,
        167.56,
        170.12,
        167.96
    ],
    "best_objective_list": [
        206.0,
        192.0,
        180.0,
        180.0,
        178.0,
        176.0,
        174.0,
        174.0,
        174.0,
        172.0,
        168.0,
        152.0,
        152.0,
        152.0,
        152.0,
        152.0,
        152.0,
        150.0,
        150.0,
        150.0,
        150.0,
        150.0,
        150.0,
        150.0,
        150.0,
        150.0,
        150.0,
        150.0,
        150.0,
        150.0,
        150.0,
        150.0,
        150.0,
        150.0,
        150.0,
        150.0,
        150.0,
        150.0,
        150.0,
        150.0,
        150.0
    ]
}