{
    "elapsed_time": 377.0913965702057,
    "best_objective": 150.0,
    "neighbors": 4000,
    "best_solution": [
        0,
        1,
        2,
        52,
        4,
        5,
        6,
        7,
        8,
        10,
        11,
        12,
        13,
        14,
        15,
        16,
        17,
        20,
        22,
        23,
        44,
        24,
        25,
        26,
        27,
        28,
        29,
        30,
        9,
        18,
        19,
        21,
        31,
        32,
        33,
        34,
        35,
        36,
        37,
        38,
        39,
        40,
        41,
        42,
        43,
        45,
        46,
        47,
        48,
        49,
        50,
        51,
        3,
        53,
        54,
        55,
        56,
        57,
        58,
        59,
        60,
        61,
        62,
        63
    ],
    "average_objectives_list": [
        279.88235294117646,
        243.44,
        214.48,
        202.68,
        197.6,
        192.88,
        185.76,
        185.0,
        180.8,
        166.12,
        164.48,
        162.24,
        160.72,
        158.0,
        157.92,
        161.72,
        157.96,
        155.08,
        154.6,
        154.12,
        153.6,
        153.36,
        154.92,
        154.4,
        159.64,
        153.52,
        157.56,
        154.16,
        153.68,
        153.76,
        154.84,
        152.84,
        155.84,
        153.76,
        154.16,
        154.32,
        157.16,
        154.88,
        154.32,
        153.56,
        154.12
    ],
    "best_objective_list": [
        242.0,
        208.0,
        198.0,
        198.0,
        186.0,
        186.0,
        178.0,
        166.0,
        162.0,
        162.0,
        162.0,
        158.0,
        158.0,
        158.0,
        154.0,
        150.0,
        150.0,
        150.0,
        150.0,
        150.0,
        150.0,
        150.0,
        150.0,
        150.0,
        150.0,
        150.0,
        150.0,
        150.0,
        150.0,
        150.0,
        150.0,
        150.0,
        150.0,
        150.0,
        150.0,
        150.0,
        150.0,
        150.0,
        150.0,
        150.0,
        150.0
    ]
}