{
    "elapsed_time": 94.49273443222046,
    "best_objective": 168.0,
    "neighbors": 1000,
    "best_solution": [
        0,
        1,
        2,
        3,
        4,
        5,
        6,
        8,
        9,
        10,
        11,
        12,
        13,
        14,
        15,
        16,
        17,
        18,
        19,
        20,
        21,
        22,
        23,
        24,
        25,
        26,
        30,
        31,
        32,
        38,
        33,
        34,
        35,
        36,
        37,
        27,
        39,
        40,
        41,
        42,
        43,
        7,
        28,
        29,
        44,
        45,
        46,
        47,
        48,
        49,
        50,
        51,
        52,
        53,
        54,
        55,
        56,
        57,
        58,
        59,
        60,
        61,
        62,
        63
    ],
    "average_objectives_list": [
        279.7647058823529,
        242.64,
        211.28,
        195.2,
        186.0,
        186.0,
        185.84,
        184.12,
        178.8,
        173.4,
        168.16
    ],
    "best_objective_list": [
        242.0,
        204.0,
        186.0,
        186.0,
        186.0,
        186.0,
        178.0,
        172.0,
        168.0,
        168.0,
        168.0
    ]
}