{
    "elapsed_time": 166.6685972213745,
    "best_objective": 128.0,
    "neighbors": 4000,
    "best_solution": [
        0,
        1,
        2,
        3,
        5,
        7,
        8,
        9,
        21,
        10,
        11,
        12,
        13,
        14,
        16,
        18,
        49,
        22,
        23,
        25,
        27,
        28,
        29,
        31,
        32,
        33,
        34,
        35,
        36,
        45,
        4,
        15,
        17,
        19,
        6,
        24,
        30,
        26,
        37,
        38,
        20,
        39,
        40,
        41,
        42,
        43,
        44,
        46,
        47,
        48,
        50,
        51,
        52,
        53,
        54,
        55,
        56,
        57,
        58,
        59,
        60,
        61,
        62,
        63
    ],
    "average_objectives_list": [
        277.7647058823529,
        232.76,
        211.84,
        203.68,
        190.52,
        190.96,
        184.64,
        175.88,
        163.84,
        158.04,
        158.16,
        156.48,
        151.2,
        143.08,
        143.32,
        144.4,
        142.0,
        143.12,
        144.44,
        140.12,
        142.64,
        135.12,
        140.4,
        137.84,
        139.4,
        141.16,
        142.44,
        135.52,
        139.44,
        137.36,
        137.24,
        141.44,
        138.4,
        142.0,
        140.28,
        141.0,
        140.8,
        138.76,
        133.88,
        141.16,
        143.08
    ],
    "best_objective_list": [
        232.0,
        198.0,
        186.0,
        186.0,
        186.0,
        182.0,
        176.0,
        158.0,
        158.0,
        158.0,
        154.0,
        142.0,
        142.0,
        142.0,
        142.0,
        142.0,
        142.0,
        138.0,
        134.0,
        132.0,
        132.0,
        132.0,
        132.0,
        132.0,
        132.0,
        132.0,
        132.0,
        132.0,
        132.0,
        132.0,
        128.0,
        128.0,
        128.0,
        128.0,
        128.0,
        128.0,
        128.0,
        128.0,
        128.0,
        128.0,
        128.0
    ]
}