{
    "elapsed_time": 376.5415463447571,
    "best_objective": 142.0,
    "neighbors": 4000,
    "best_solution": [
        0,
        1,
        2,
        4,
        5,
        6,
        7,
        45,
        3,
        10,
        11,
        12,
        13,
        14,
        43,
        36,
        19,
        20,
        62,
        22,
        23,
        38,
        25,
        26,
        27,
        28,
        29,
        31,
        9,
        16,
        18,
        35,
        30,
        32,
        33,
        34,
        21,
        17,
        37,
        24,
        39,
        15,
        40,
        41,
        42,
        44,
        8,
        46,
        47,
        48,
        49,
        50,
        51,
        52,
        53,
        54,
        55,
        56,
        57,
        58,
        59,
        60,
        61,
        63
    ],
    "average_objectives_list": [
        274.7450980392157,
        240.48,
        218.92,
        195.28,
        188.24,
        186.32,
        182.32,
        178.64,
        181.08,
        177.28,
        179.52,
        181.12,
        176.84,
        175.68,
        174.88,
        176.24,
        184.44,
        175.16,
        153.24,
        157.72,
        153.64,
        154.32,
        155.52,
        158.76,
        155.84,
        156.68,
        162.48,
        152.8,
        156.04,
        161.2,
        164.52,
        156.8,
        161.52,
        157.92,
        157.32,
        158.48,
        152.96,
        152.36,
        147.68,
        147.68,
        159.32
    ],
    "best_objective_list": [
        224.0,
        214.0,
        188.0,
        186.0,
        184.0,
        178.0,
        178.0,
        178.0,
        174.0,
        174.0,
        174.0,
        174.0,
        174.0,
        174.0,
        170.0,
        170.0,
        150.0,
        150.0,
        150.0,
        150.0,
        150.0,
        150.0,
        150.0,
        150.0,
        150.0,
        150.0,
        150.0,
        146.0,
        146.0,
        146.0,
        146.0,
        146.0,
        146.0,
        146.0,
        146.0,
        142.0,
        142.0,
        142.0,
        142.0,
        142.0,
        142.0
    ]
}