{
    "elapsed_time": 375.6368227005005,
    "best_objective": 140.0,
    "neighbors": 4000,
    "best_solution": [
        0,
        1,
        3,
        4,
        5,
        7,
        8,
        9,
        10,
        12,
        21,
        15,
        13,
        14,
        36,
        16,
        17,
        19,
        20,
        6,
        22,
        23,
        24,
        25,
        56,
        27,
        28,
        29,
        30,
        31,
        34,
        2,
        38,
        39,
        41,
        44,
        11,
        18,
        32,
        33,
        35,
        37,
        40,
        42,
        43,
        45,
        46,
        47,
        26,
        48,
        49,
        50,
        51,
        52,
        53,
        54,
        55,
        57,
        58,
        59,
        60,
        61,
        62,
        63
    ],
    "average_objectives_list": [
        274.4313725490196,
        232.8,
        210.92,
        206.72,
        201.08,
        192.4,
        192.72,
        182.76,
        181.68,
        178.24,
        182.36,
        173.12,
        177.0,
        173.52,
        174.88,
        173.68,
        172.84,
        171.04,
        175.36,
        173.64,
        170.56,
        178.84,
        173.72,
        174.48,
        172.88,
        173.92,
        169.72,
        170.48,
        179.2,
        171.32,
        178.64,
        173.68,
        169.04,
        170.76,
        166.4,
        166.16,
        158.12,
        163.2,
        164.56,
        165.32,
        161.36
    ],
    "best_objective_list": [
        226.0,
        206.0,
        206.0,
        198.0,
        190.0,
        176.0,
        176.0,
        176.0,
        176.0,
        170.0,
        170.0,
        170.0,
        170.0,
        170.0,
        170.0,
        170.0,
        170.0,
        170.0,
        170.0,
        170.0,
        170.0,
        170.0,
        170.0,
        170.0,
        170.0,
        166.0,
        166.0,
        166.0,
        166.0,
        166.0,
        166.0,
        166.0,
        166.0,
        160.0,
        156.0,
        148.0,
        148.0,
        148.0,
        148.0,
        148.0,
        140.0
    ]
}