{
    "elapsed_time": 376.6226840019226,
    "best_objective": 144.0,
    "neighbors": 4000,
    "best_solution": [
        0,
        1,
        2,
        36,
        8,
        11,
        12,
        43,
        47,
        23,
        24,
        14,
        30,
        10,
        5,
        13,
        34,
        28,
        55,
        22,
        20,
        4,
        6,
        9,
        15,
        16,
        17,
        18,
        32,
        3,
        21,
        7,
        25,
        26,
        27,
        29,
        31,
        19,
        33,
        35,
        37,
        38,
        39,
        40,
        41,
        42,
        44,
        45,
        46,
        48,
        49,
        50,
        51,
        52,
        53,
        54,
        56,
        57,
        58,
        59,
        60,
        61,
        62,
        63
    ],
    "average_objectives_list": [
        278.27450980392155,
        236.48,
        208.88,
        185.44,
        184.88,
        184.12,
        183.16,
        183.36,
        183.52,
        194.96,
        190.36,
        176.64,
        188.32,
        178.48,
        180.04,
        178.0,
        178.28,
        182.68,
        175.04,
        168.72,
        176.44,
        174.2,
        175.44,
        169.16,
        173.32,
        174.8,
        175.2,
        168.2,
        181.64,
        172.4,
        174.48,
        172.84,
        176.76,
        169.16,
        172.2,
        173.2,
        174.96,
        171.92,
        171.88,
        172.76,
        168.68
    ],
    "best_objective_list": [
        232.0,
        174.0,
        170.0,
        170.0,
        170.0,
        170.0,
        170.0,
        170.0,
        170.0,
        170.0,
        168.0,
        160.0,
        160.0,
        160.0,
        160.0,
        160.0,
        160.0,
        160.0,
        160.0,
        160.0,
        160.0,
        160.0,
        160.0,
        156.0,
        156.0,
        156.0,
        156.0,
        156.0,
        156.0,
        156.0,
        156.0,
        156.0,
        156.0,
        156.0,
        156.0,
        156.0,
        156.0,
        156.0,
        156.0,
        144.0,
        144.0
    ]
}