{
    "elapsed_time": 377.59133648872375,
    "best_objective": 150.0,
    "neighbors": 4000,
    "best_solution": [
        0,
        1,
        2,
        3,
        5,
        6,
        7,
        9,
        10,
        11,
        27,
        12,
        13,
        14,
        36,
        16,
        17,
        24,
        19,
        20,
        21,
        22,
        23,
        44,
        25,
        26,
        29,
        30,
        34,
        32,
        33,
        31,
        57,
        40,
        46,
        28,
        62,
        4,
        35,
        15,
        37,
        38,
        39,
        41,
        42,
        43,
        18,
        45,
        47,
        48,
        49,
        50,
        51,
        52,
        53,
        54,
        55,
        56,
        8,
        58,
        59,
        60,
        61,
        63
    ],
    "average_objectives_list": [
        277.88235294117646,
        245.64,
        212.48,
        196.16,
        196.04,
        192.32,
        192.6,
        187.44,
        183.32,
        181.8,
        180.28,
        187.4,
        179.72,
        173.0,
        171.96,
        172.76,
        172.8,
        163.48,
        166.88,
        174.44,
        167.32,
        179.16,
        178.04,
        172.64,
        171.68,
        168.92,
        168.08,
        169.36,
        160.48,
        174.76,
        170.64,
        163.88,
        172.08,
        173.88,
        171.8,
        172.08,
        174.8,
        171.84,
        168.04,
        166.44,
        165.68
    ],
    "best_objective_list": [
        246.0,
        194.0,
        190.0,
        186.0,
        186.0,
        186.0,
        186.0,
        178.0,
        178.0,
        178.0,
        174.0,
        166.0,
        166.0,
        166.0,
        158.0,
        154.0,
        150.0,
        150.0,
        150.0,
        150.0,
        150.0,
        150.0,
        150.0,
        150.0,
        150.0,
        150.0,
        150.0,
        150.0,
        150.0,
        150.0,
        150.0,
        150.0,
        150.0,
        150.0,
        150.0,
        150.0,
        150.0,
        150.0,
        150.0,
        150.0,
        150.0
    ]
}