{
    "elapsed_time": 94.77645754814148,
    "best_objective": 166.0,
    "neighbors": 1000,
    "best_solution": [
        1,
        2,
        3,
        4,
        5,
        6,
        7,
        8,
        9,
        10,
        11,
        12,
        13,
        14,
        15,
        16,
        17,
        19,
        22,
        23,
        24,
        25,
        26,
        30,
        44,
        32,
        33,
        0,
        36,
        18,
        20,
        21,
        27,
        28,
        29,
        34,
        35,
        37,
        38,
        39,
        40,
        41,
        31,
        42,
        43,
        45,
        46,
        47,
        48,
        49,
        50,
        51,
        52,
        53,
        54,
        55,
        56,
        57,
        58,
        59,
        60,
        61,
        62,
        63
    ],
    "average_objectives_list": [
        277.4901960784314,
        241.44,
        218.4,
        207.24,
        198.12,
        194.24,
        192.0,
        192.0,
        191.96,
        190.92,
        179.08
    ],
    "best_objective_list": [
        234.0,
        200.0,
        200.0,
        196.0,
        192.0,
        192.0,
        192.0,
        192.0,
        190.0,
        172.0,
        166.0
    ]
}