{
    "elapsed_time": 95.43842077255249,
    "best_objective": 164.0,
    "neighbors": 1000,
    "best_solution": [
        36,
        5,
        10,
        43,
        44,
        45,
        14,
        18,
        13,
        62,
        0,
        1,
        28,
        3,
        4,
        35,
        6,
        7,
        8,
        9,
        11,
        12,
        15,
        16,
        17,
        19,
        20,
        21,
        22,
        23,
        24,
        25,
        26,
        27,
        2,
        29,
        30,
        31,
        32,
        33,
        34,
        37,
        38,
        39,
        40,
        41,
        42,
        46,
        47,
        48,
        49,
        50,
        51,
        52,
        53,
        54,
        55,
        56,
        57,
        58,
        59,
        60,
        61,
        63
    ],
    "average_objectives_list": [
        274.27450980392155,
        238.4,
        218.24,
        209.72,
        195.4,
        191.44,
        190.6,
        183.96,
        189.8,
        181.8,
        179.2
    ],
    "best_objective_list": [
        208.0,
        208.0,
        190.0,
        190.0,
        174.0,
        174.0,
        174.0,
        172.0,
        166.0,
        166.0,
        164.0
    ]
}