{
    "elapsed_time": 94.64097952842712,
    "best_objective": 162.0,
    "neighbors": 1000,
    "best_solution": [
        29,
        1,
        2,
        3,
        4,
        5,
        6,
        7,
        8,
        9,
        10,
        13,
        14,
        16,
        17,
        18,
        19,
        20,
        21,
        22,
        23,
        24,
        25,
        26,
        27,
        0,
        30,
        31,
        32,
        33,
        34,
        39,
        35,
        11,
        12,
        15,
        28,
        36,
        37,
        38,
        40,
        41,
        42,
        47,
        44,
        45,
        46,
        43,
        48,
        49,
        50,
        51,
        52,
        53,
        54,
        55,
        56,
        57,
        58,
        59,
        60,
        61,
        62,
        63
    ],
    "average_objectives_list": [
        278.7843137254902,
        236.44,
        212.44,
        202.2,
        189.32,
        185.6,
        182.12,
        179.56,
        177.28,
        172.2,
        167.24
    ],
    "best_objective_list": [
        222.0,
        208.0,
        202.0,
        186.0,
        182.0,
        180.0,
        180.0,
        174.0,
        168.0,
        166.0,
        162.0
    ]
}