{
    "elapsed_time": 168.97878170013428,
    "best_objective": 146.0,
    "neighbors": 4000,
    "best_solution": [
        0,
        1,
        25,
        3,
        5,
        10,
        6,
        7,
        39,
        9,
        11,
        12,
        14,
        16,
        17,
        18,
        19,
        20,
        42,
        22,
        23,
        24,
        53,
        26,
        28,
        4,
        33,
        34,
        35,
        44,
        37,
        38,
        8,
        40,
        41,
        21,
        43,
        13,
        15,
        27,
        50,
        30,
        55,
        32,
        36,
        45,
        46,
        47,
        48,
        49,
        60,
        51,
        52,
        61,
        54,
        63,
        56,
        2,
        58,
        59,
        57,
        29,
        62,
        31
    ],
    "average_objectives_list": [
        279.5686274509804,
        236.28,
        201.8,
        182.8,
        178.24,
        174.44,
        171.24,
        172.4,
        167.8,
        171.72,
        170.2,
        169.88,
        165.88,
        172.92,
        169.76,
        167.4,
        164.32,
        165.8,
        165.76,
        168.16,
        169.48,
        166.4,
        165.04,
        162.68,
        178.0,
        159.16,
        167.36,
        162.32,
        162.28,
        172.32,
        163.08,
        169.04,
        158.08,
        159.36,
        157.92,
        161.92,
        167.8,
        168.36,
        156.76,
        158.36,
        158.8
    ],
    "best_objective_list": [
        228.0,
        186.0,
        174.0,
        174.0,
        170.0,
        160.0,
        160.0,
        160.0,
        156.0,
        156.0,
        156.0,
        156.0,
        156.0,
        156.0,
        156.0,
        156.0,
        156.0,
        156.0,
        156.0,
        152.0,
        152.0,
        152.0,
        148.0,
        148.0,
        148.0,
        148.0,
        148.0,
        148.0,
        148.0,
        148.0,
        148.0,
        148.0,
        148.0,
        148.0,
        146.0,
        146.0,
        146.0,
        146.0,
        146.0,
        146.0,
        146.0
    ]
}