{
    "elapsed_time": 95.8288185596466,
    "best_objective": 162.0,
    "neighbors": 1000,
    "best_solution": [
        0,
        1,
        2,
        3,
        4,
        5,
        6,
        7,
        47,
        10,
        12,
        13,
        15,
        16,
        17,
        18,
        19,
        20,
        21,
        22,
        23,
        24,
        25,
        27,
        28,
        29,
        30,
        31,
        32,
        33,
        34,
        9,
        37,
        8,
        11,
        14,
        26,
        35,
        38,
        39,
        40,
        41,
        42,
        43,
        44,
        45,
        46,
        36,
        48,
        49,
        50,
        51,
        52,
        53,
        54,
        55,
        56,
        57,
        58,
        59,
        60,
        61,
        62,
        63
    ],
    "average_objectives_list": [
        272.15686274509807,
        233.6,
        208.6,
        200.32,
        183.88,
        174.64,
        169.08,
        168.84,
        172.36,
        166.16,
        175.32
    ],
    "best_objective_list": [
        200.0,
        200.0,
        188.0,
        176.0,
        166.0,
        166.0,
        166.0,
        166.0,
        166.0,
        162.0,
        162.0
    ]
}