{
    "elapsed_time": 94.82093334197998,
    "best_objective": 160.0,
    "neighbors": 1000,
    "best_solution": [
        0,
        1,
        3,
        4,
        5,
        7,
        9,
        11,
        13,
        14,
        20,
        15,
        16,
        18,
        19,
        10,
        21,
        22,
        23,
        24,
        27,
        29,
        30,
        31,
        32,
        34,
        37,
        48,
        2,
        6,
        8,
        12,
        17,
        25,
        26,
        28,
        33,
        35,
        36,
        38,
        39,
        40,
        41,
        42,
        43,
        44,
        45,
        46,
        47,
        49,
        50,
        51,
        52,
        53,
        54,
        55,
        56,
        57,
        58,
        59,
        60,
        61,
        62,
        63
    ],
    "average_objectives_list": [
        281.5686274509804,
        242.76,
        211.32,
        199.08,
        192.44,
        184.56,
        178.32,
        173.08,
        171.92,
        171.44,
        169.52
    ],
    "best_objective_list": [
        252.0,
        206.0,
        194.0,
        192.0,
        182.0,
        172.0,
        172.0,
        172.0,
        168.0,
        168.0,
        160.0
    ]
}