{
    "elapsed_time": 95.07456421852112,
    "best_objective": 160.0,
    "neighbors": 1000,
    "best_solution": [
        0,
        1,
        2,
        3,
        4,
        5,
        6,
        7,
        8,
        9,
        13,
        14,
        15,
        16,
        10,
        18,
        19,
        27,
        21,
        22,
        23,
        24,
        25,
        20,
        28,
        29,
        30,
        31,
        32,
        34,
        35,
        36,
        37,
        38,
        39,
        40,
        41,
        11,
        12,
        17,
        26,
        33,
        42,
        43,
        44,
        45,
        46,
        47,
        48,
        49,
        50,
        51,
        52,
        53,
        54,
        55,
        56,
        57,
        58,
        59,
        60,
        61,
        62,
        63
    ],
    "average_objectives_list": [
        279.6078431372549,
        238.48,
        206.16,
        196.12,
        195.72,
        200.24,
        195.56,
        186.76,
        179.28,
        176.24,
        174.96
    ],
    "best_objective_list": [
        240.0,
        194.0,
        194.0,
        194.0,
        194.0,
        194.0,
        180.0,
        180.0,
        164.0,
        164.0,
        160.0
    ]
}