{
    "elapsed_time": 95.18328714370728,
    "best_objective": 162.0,
    "neighbors": 1000,
    "best_solution": [
        2,
        5,
        6,
        7,
        8,
        9,
        10,
        11,
        13,
        14,
        15,
        16,
        18,
        45,
        21,
        23,
        27,
        28,
        29,
        30,
        31,
        32,
        33,
        34,
        36,
        38,
        39,
        40,
        42,
        43,
        20,
        46,
        47,
        50,
        52,
        54,
        55,
        17,
        57,
        60,
        35,
        51,
        0,
        49,
        1,
        24,
        4,
        58,
        12,
        26,
        53,
        37,
        22,
        19,
        25,
        3,
        48,
        44,
        41,
        56,
        59,
        61,
        62,
        63
    ],
    "average_objectives_list": [
        276.03921568627453,
        239.16,
        214.44,
        199.52,
        191.28,
        194.96,
        187.04,
        183.6,
        180.12,
        181.36,
        181.84
    ],
    "best_objective_list": [
        216.0,
        190.0,
        190.0,
        186.0,
        186.0,
        162.0,
        162.0,
        162.0,
        162.0,
        162.0,
        162.0
    ]
}