{
    "elapsed_time": 94.37613320350647,
    "best_objective": 166.0,
    "neighbors": 1000,
    "best_solution": [
        32,
        1,
        36,
        3,
        5,
        18,
        7,
        8,
        9,
        10,
        11,
        12,
        13,
        14,
        16,
        17,
        0,
        19,
        20,
        21,
        23,
        24,
        25,
        26,
        27,
        28,
        29,
        30,
        31,
        2,
        37,
        38,
        39,
        40,
        41,
        42,
        43,
        44,
        45,
        46,
        47,
        48,
        49,
        50,
        51,
        53,
        55,
        56,
        6,
        15,
        4,
        33,
        34,
        35,
        52,
        22,
        54,
        57,
        58,
        59,
        60,
        61,
        62,
        63
    ],
    "average_objectives_list": [
        281.72549019607845,
        240.08,
        219.52,
        217.52,
        206.76,
        194.28,
        191.36,
        188.76,
        185.16,
        183.64,
        176.76
    ],
    "best_objective_list": [
        246.0,
        214.0,
        206.0,
        192.0,
        188.0,
        182.0,
        174.0,
        174.0,
        172.0,
        172.0,
        166.0
    ]
}