{
    "elapsed_time": 376.5699100494385,
    "best_objective": 148.0,
    "neighbors": 4000,
    "best_solution": [
        0,
        1,
        3,
        4,
        5,
        6,
        9,
        8,
        7,
        12,
        13,
        15,
        16,
        17,
        18,
        19,
        20,
        59,
        22,
        23,
        24,
        27,
        28,
        29,
        30,
        31,
        33,
        56,
        35,
        37,
        51,
        52,
        38,
        39,
        41,
        42,
        43,
        44,
        45,
        2,
        10,
        11,
        14,
        25,
        26,
        32,
        36,
        40,
        46,
        47,
        48,
        49,
        50,
        53,
        54,
        55,
        34,
        57,
        21,
        58,
        60,
        61,
        62,
        63
    ],
    "average_objectives_list": [
        277.37254901960785,
        244.12,
        214.64,
        195.92,
        186.64,
        186.0,
        185.6,
        183.0,
        175.0,
        183.56,
        175.32,
        171.12,
        170.64,
        166.4,
        161.64,
        159.04,
        160.44,
        158.32,
        156.8,
        156.24,
        154.4,
        152.44,
        154.8,
        151.4,
        154.96,
        153.24,
        154.8,
        151.36,
        152.84,
        152.72,
        153.0,
        156.68,
        152.8,
        154.2,
        150.4,
        152.16,
        154.96,
        150.48,
        152.52,
        151.84,
        152.8
    ],
    "best_objective_list": [
        236.0,
        190.0,
        186.0,
        186.0,
        186.0,
        186.0,
        178.0,
        172.0,
        168.0,
        168.0,
        168.0,
        168.0,
        162.0,
        160.0,
        158.0,
        156.0,
        154.0,
        152.0,
        148.0,
        148.0,
        148.0,
        148.0,
        148.0,
        148.0,
        148.0,
        148.0,
        148.0,
        148.0,
        148.0,
        148.0,
        148.0,
        148.0,
        148.0,
        148.0,
        148.0,
        148.0,
        148.0,
        148.0,
        148.0,
        148.0,
        148.0
    ]
}