{
    "elapsed_time": 377.23738837242126,
    "best_objective": 150.0,
    "neighbors": 4000,
    "best_solution": [
        0,
        1,
        3,
        13,
        4,
        7,
        8,
        25,
        9,
        10,
        11,
        5,
        14,
        16,
        2,
        18,
        19,
        20,
        23,
        26,
        28,
        30,
        32,
        17,
        34,
        35,
        39,
        38,
        37,
        40,
        41,
        6,
        12,
        15,
        21,
        22,
        24,
        27,
        29,
        31,
        33,
        36,
        42,
        43,
        44,
        45,
        46,
        47,
        48,
        49,
        50,
        51,
        52,
        53,
        54,
        55,
        56,
        57,
        58,
        59,
        60,
        61,
        62,
        63
    ],
    "average_objectives_list": [
        280.54901960784315,
        242.96,
        210.04,
        183.52,
        169.96,
        169.64,
        167.72,
        166.0,
        167.04,
        164.88,
        166.76,
        169.28,
        165.6,
        170.88,
        170.24,
        167.28,
        164.72,
        164.76,
        167.0,
        167.08,
        160.84,
        162.6,
        163.84,
        162.72,
        165.4,
        166.68,
        168.2,
        165.0,
        170.56,
        166.88,
        159.92,
        167.32,
        165.48,
        165.76,
        163.72,
        164.0,
        162.68,
        162.68,
        162.4,
        161.48,
        157.48
    ],
    "best_objective_list": [
        248.0,
        204.0,
        170.0,
        170.0,
        168.0,
        168.0,
        156.0,
        156.0,
        156.0,
        154.0,
        154.0,
        152.0,
        152.0,
        152.0,
        152.0,
        152.0,
        152.0,
        152.0,
        152.0,
        152.0,
        152.0,
        152.0,
        152.0,
        152.0,
        152.0,
        152.0,
        152.0,
        152.0,
        152.0,
        152.0,
        152.0,
        152.0,
        152.0,
        152.0,
        150.0,
        150.0,
        150.0,
        150.0,
        150.0,
        150.0,
        150.0
    ]
}