{
    "elapsed_time": 96.55565524101257,
    "best_objective": 158.0,
    "neighbors": 1000,
    "best_solution": [
        0,
        1,
        3,
        26,
        8,
        10,
        13,
        18,
        19,
        20,
        53,
        38,
        36,
        40,
        41,
        43,
        47,
        48,
        51,
        54,
        55,
        56,
        49,
        45,
        60,
        44,
        63,
        11,
        50,
        23,
        58,
        17,
        22,
        2,
        29,
        24,
        15,
        9,
        14,
        7,
        52,
        39,
        31,
        27,
        25,
        16,
        34,
        5,
        6,
        12,
        21,
        4,
        28,
        30,
        32,
        33,
        35,
        37,
        42,
        46,
        57,
        59,
        61,
        62
    ],
    "average_objectives_list": [
        282.19607843137254,
        241.96,
        217.8,
        210.56,
        207.52,
        194.16,
        185.44,
        193.76,
        191.44,
        196.04,
        187.84
    ],
    "best_objective_list": [
        254.0,
        190.0,
        182.0,
        178.0,
        174.0,
        158.0,
        158.0,
        158.0,
        158.0,
        158.0,
        158.0
    ]
}