{
    "elapsed_time": 295.8294429779053,
    "best_objective": 156.0,
    "neighbors": 4000,
    "best_solution": [
        0,
        1,
        2,
        25,
        4,
        5,
        6,
        7,
        9,
        10,
        11,
        12,
        13,
        14,
        15,
        16,
        17,
        19,
        20,
        42,
        21,
        22,
        23,
        24,
        3,
        26,
        27,
        28,
        29,
        30,
        31,
        33,
        37,
        40,
        53,
        48,
        57,
        8,
        34,
        35,
        36,
        38,
        39,
        41,
        18,
        43,
        44,
        45,
        46,
        47,
        49,
        50,
        51,
        52,
        32,
        54,
        55,
        56,
        58,
        59,
        60,
        61,
        62,
        63
    ],
    "average_objectives_list": [
        276.4313725490196,
        240.52,
        221.6,
        211.0,
        194.16,
        191.88,
        193.52,
        191.04,
        192.52,
        190.12,
        189.72,
        190.36,
        190.52,
        191.68,
        191.04,
        189.64,
        190.28,
        191.32,
        190.16,
        200.52,
        188.88,
        182.2,
        166.32,
        163.56,
        172.6,
        182.68,
        163.0,
        174.56,
        172.24,
        168.44,
        173.56,
        171.56,
        173.04,
        184.32,
        176.24,
        174.6,
        170.04,
        178.96,
        176.96,
        167.8,
        172.56
    ],
    "best_objective_list": [
        228.0,
        214.0,
        194.0,
        194.0,
        188.0,
        188.0,
        188.0,
        188.0,
        188.0,
        188.0,
        188.0,
        188.0,
        188.0,
        188.0,
        188.0,
        188.0,
        188.0,
        188.0,
        188.0,
        182.0,
        164.0,
        164.0,
        160.0,
        156.0,
        156.0,
        156.0,
        156.0,
        156.0,
        156.0,
        156.0,
        156.0,
        156.0,
        156.0,
        156.0,
        156.0,
        156.0,
        156.0,
        156.0,
        156.0,
        156.0,
        156.0
    ]
}