{
    "elapsed_time": 94.68745708465576,
    "best_objective": 162.0,
    "neighbors": 1000,
    "best_solution": [
        0,
        1,
        2,
        3,
        4,
        5,
        6,
        7,
        9,
        10,
        11,
        12,
        13,
        14,
        15,
        16,
        17,
        25,
        28,
        29,
        30,
        32,
        33,
        34,
        52,
        36,
        8,
        27,
        31,
        54,
        35,
        18,
        19,
        20,
        21,
        22,
        23,
        24,
        37,
        39,
        40,
        41,
        26,
        38,
        42,
        43,
        44,
        45,
        46,
        47,
        48,
        49,
        50,
        51,
        53,
        55,
        56,
        57,
        58,
        59,
        60,
        61,
        62,
        63
    ],
    "average_objectives_list": [
        278.6666666666667,
        235.76,
        217.68,
        205.96,
        199.04,
        188.0,
        181.52,
        183.96,
        181.52,
        176.52,
        168.32
    ],
    "best_objective_list": [
        232.0,
        204.0,
        204.0,
        194.0,
        182.0,
        178.0,
        178.0,
        178.0,
        170.0,
        162.0,
        162.0
    ]
}