{
    "elapsed_time": 95.5292489528656,
    "best_objective": 158.0,
    "neighbors": 1000,
    "best_solution": [
        0,
        1,
        2,
        4,
        6,
        7,
        8,
        9,
        15,
        17,
        20,
        25,
        23,
        30,
        33,
        35,
        38,
        47,
        49,
        3,
        58,
        22,
        61,
        12,
        26,
        31,
        37,
        63,
        48,
        21,
        19,
        53,
        43,
        5,
        10,
        11,
        13,
        14,
        16,
        18,
        24,
        27,
        28,
        29,
        32,
        34,
        36,
        39,
        40,
        41,
        42,
        44,
        45,
        46,
        50,
        51,
        52,
        54,
        55,
        56,
        57,
        59,
        60,
        62
    ],
    "average_objectives_list": [
        278.078431372549,
        231.28,
        194.0,
        178.64,
        174.88,
        174.04,
        178.08,
        179.2,
        178.12,
        170.4,
        177.68
    ],
    "best_objective_list": [
        236.0,
        178.0,
        176.0,
        172.0,
        166.0,
        166.0,
        166.0,
        164.0,
        164.0,
        158.0,
        158.0
    ]
}