{
    "elapsed_time": 379.28896927833557,
    "best_objective": 134.0,
    "neighbors": 4000,
    "best_solution": [
        0,
        2,
        3,
        4,
        5,
        7,
        42,
        8,
        9,
        10,
        11,
        12,
        13,
        14,
        15,
        16,
        19,
        20,
        22,
        23,
        24,
        25,
        33,
        35,
        36,
        37,
        39,
        1,
        45,
        18,
        21,
        17,
        26,
        27,
        28,
        29,
        30,
        31,
        32,
        34,
        38,
        40,
        6,
        41,
        43,
        44,
        46,
        47,
        48,
        49,
        50,
        51,
        52,
        53,
        54,
        55,
        56,
        57,
        58,
        59,
        60,
        61,
        62,
        63
    ],
    "average_objectives_list": [
        280.2352941176471,
        240.64,
        214.16,
        202.52,
        195.76,
        192.76,
        185.36,
        182.32,
        176.84,
        172.16,
        170.36,
        165.96,
        162.0,
        162.0,
        161.76,
        159.12,
        152.76,
        150.8,
        148.32,
        147.28,
        145.92,
        145.76,
        145.32,
        146.84,
        144.12,
        146.4,
        146.92,
        139.24,
        145.84,
        144.76,
        139.0,
        141.44,
        143.92,
        150.96,
        153.52,
        144.12,
        147.56,
        150.4,
        141.24,
        146.48,
        141.76
    ],
    "best_objective_list": [
        238.0,
        204.0,
        196.0,
        196.0,
        188.0,
        184.0,
        182.0,
        170.0,
        170.0,
        168.0,
        162.0,
        162.0,
        162.0,
        162.0,
        150.0,
        150.0,
        150.0,
        146.0,
        146.0,
        146.0,
        142.0,
        142.0,
        142.0,
        142.0,
        134.0,
        134.0,
        134.0,
        134.0,
        134.0,
        134.0,
        134.0,
        134.0,
        134.0,
        134.0,
        134.0,
        134.0,
        134.0,
        134.0,
        134.0,
        134.0,
        134.0
    ]
}