{
    "elapsed_time": 94.2280478477478,
    "best_objective": 170.0,
    "neighbors": 1000,
    "best_solution": [
        0,
        1,
        2,
        3,
        4,
        5,
        6,
        7,
        8,
        9,
        10,
        18,
        13,
        14,
        15,
        16,
        17,
        11,
        22,
        24,
        34,
        36,
        37,
        40,
        41,
        43,
        12,
        19,
        20,
        21,
        23,
        25,
        26,
        27,
        28,
        29,
        30,
        31,
        32,
        33,
        35,
        38,
        39,
        42,
        44,
        45,
        46,
        47,
        48,
        49,
        50,
        51,
        52,
        53,
        54,
        55,
        56,
        57,
        58,
        59,
        60,
        61,
        62,
        63
    ],
    "average_objectives_list": [
        281.5686274509804,
        245.08,
        210.88,
        197.68,
        197.2,
        194.88,
        188.4,
        181.76,
        178.76,
        182.96,
        177.68
    ],
    "best_objective_list": [
        254.0,
        198.0,
        196.0,
        196.0,
        192.0,
        188.0,
        176.0,
        176.0,
        176.0,
        170.0,
        170.0
    ]
}