{
    "elapsed_time": 94.99566173553467,
    "best_objective": 168.0,
    "neighbors": 1000,
    "best_solution": [
        0,
        2,
        3,
        4,
        5,
        6,
        7,
        8,
        9,
        10,
        11,
        12,
        13,
        16,
        17,
        18,
        19,
        20,
        21,
        22,
        23,
        24,
        38,
        28,
        29,
        31,
        32,
        1,
        14,
        15,
        26,
        27,
        60,
        33,
        34,
        35,
        36,
        37,
        25,
        39,
        30,
        40,
        41,
        42,
        43,
        44,
        45,
        46,
        47,
        48,
        49,
        50,
        51,
        52,
        53,
        54,
        55,
        56,
        57,
        58,
        59,
        61,
        62,
        63
    ],
    "average_objectives_list": [
        279.01960784313724,
        239.04,
        209.28,
        201.8,
        198.4,
        193.0,
        192.0,
        192.0,
        192.32,
        191.8,
        178.84
    ],
    "best_objective_list": [
        242.0,
        206.0,
        194.0,
        192.0,
        192.0,
        192.0,
        192.0,
        192.0,
        192.0,
        168.0,
        168.0
    ]
}