{
    "elapsed_time": 94.63735723495483,
    "best_objective": 160.0,
    "neighbors": 1000,
    "best_solution": [
        0,
        1,
        2,
        3,
        4,
        5,
        6,
        7,
        8,
        9,
        13,
        14,
        15,
        16,
        17,
        18,
        19,
        20,
        22,
        23,
        24,
        25,
        26,
        38,
        27,
        28,
        29,
        30,
        31,
        32,
        33,
        34,
        35,
        36,
        37,
        21,
        42,
        43,
        44,
        10,
        11,
        12,
        39,
        40,
        41,
        45,
        46,
        47,
        48,
        49,
        50,
        51,
        52,
        53,
        54,
        55,
        56,
        57,
        58,
        59,
        60,
        61,
        62,
        63
    ],
    "average_objectives_list": [
        280.2352941176471,
        242.12,
        216.6,
        200.72,
        195.72,
        191.88,
        190.8,
        186.92,
        187.28,
        179.84,
        170.52
    ],
    "best_objective_list": [
        246.0,
        206.0,
        196.0,
        192.0,
        192.0,
        186.0,
        184.0,
        184.0,
        172.0,
        168.0,
        160.0
    ]
}