{
    "elapsed_time": 95.36469078063965,
    "best_objective": 154.0,
    "neighbors": 1000,
    "best_solution": [
        0,
        1,
        2,
        55,
        4,
        5,
        6,
        7,
        8,
        10,
        11,
        12,
        13,
        14,
        15,
        16,
        17,
        18,
        20,
        21,
        22,
        23,
        24,
        25,
        27,
        28,
        29,
        32,
        42,
        43,
        46,
        45,
        47,
        48,
        49,
        52,
        26,
        9,
        38,
        19,
        30,
        31,
        33,
        34,
        35,
        36,
        37,
        39,
        40,
        41,
        44,
        50,
        51,
        53,
        54,
        3,
        56,
        57,
        58,
        59,
        60,
        61,
        62,
        63
    ],
    "average_objectives_list": [
        278.47058823529414,
        234.04,
        209.12,
        198.12,
        193.88,
        191.68,
        180.64,
        173.44,
        161.96,
        157.92,
        158.36
    ],
    "best_objective_list": [
        226.0,
        204.0,
        194.0,
        194.0,
        190.0,
        166.0,
        164.0,
        158.0,
        158.0,
        154.0,
        154.0
    ]
}