{
    "elapsed_time": 95.2664532661438,
    "best_objective": 170.0,
    "neighbors": 1000,
    "best_solution": [
        0,
        1,
        36,
        7,
        43,
        44,
        45,
        18,
        46,
        35,
        60,
        4,
        33,
        2,
        3,
        5,
        6,
        8,
        9,
        10,
        11,
        12,
        13,
        14,
        15,
        16,
        30,
        17,
        19,
        20,
        21,
        22,
        23,
        24,
        25,
        26,
        27,
        28,
        29,
        31,
        32,
        34,
        37,
        38,
        39,
        40,
        41,
        42,
        47,
        48,
        49,
        50,
        51,
        52,
        53,
        54,
        55,
        56,
        57,
        58,
        59,
        61,
        62,
        63
    ],
    "average_objectives_list": [
        279.7647058823529,
        243.08,
        220.52,
        204.96,
        205.92,
        196.8,
        192.12,
        186.84,
        184.16,
        191.76,
        181.68
    ],
    "best_objective_list": [
        240.0,
        192.0,
        192.0,
        184.0,
        180.0,
        180.0,
        172.0,
        172.0,
        170.0,
        170.0,
        170.0
    ]
}