{
    "elapsed_time": 95.06935715675354,
    "best_objective": 170.0,
    "neighbors": 1000,
    "best_solution": [
        0,
        1,
        2,
        3,
        4,
        5,
        6,
        7,
        8,
        9,
        13,
        14,
        10,
        45,
        16,
        18,
        19,
        20,
        21,
        22,
        23,
        24,
        25,
        26,
        27,
        28,
        11,
        12,
        15,
        17,
        29,
        30,
        31,
        32,
        33,
        34,
        35,
        36,
        37,
        38,
        39,
        40,
        41,
        42,
        43,
        44,
        46,
        47,
        48,
        49,
        50,
        51,
        52,
        53,
        54,
        55,
        56,
        57,
        58,
        59,
        60,
        61,
        62,
        63
    ],
    "average_objectives_list": [
        278.11764705882354,
        239.44,
        213.36,
        201.08,
        193.88,
        187.4,
        177.12,
        175.64,
        174.96,
        171.44,
        170.36
    ],
    "best_objective_list": [
        226.0,
        210.0,
        190.0,
        186.0,
        176.0,
        176.0,
        172.0,
        172.0,
        170.0,
        170.0,
        170.0
    ]
}