{
    "elapsed_time": 94.00085234642029,
    "best_objective": 174.0,
    "neighbors": 1000,
    "best_solution": [
        0,
        2,
        3,
        5,
        6,
        7,
        8,
        9,
        11,
        33,
        13,
        14,
        15,
        16,
        17,
        18,
        19,
        20,
        22,
        23,
        24,
        25,
        26,
        27,
        28,
        30,
        31,
        32,
        12,
        34,
        35,
        36,
        37,
        47,
        61,
        10,
        21,
        29,
        38,
        39,
        1,
        4,
        40,
        41,
        42,
        43,
        44,
        45,
        46,
        48,
        49,
        50,
        51,
        52,
        53,
        54,
        55,
        56,
        57,
        58,
        59,
        60,
        62,
        63
    ],
    "average_objectives_list": [
        281.80392156862746,
        245.0,
        219.52,
        196.44,
        180.6,
        180.88,
        182.16,
        189.04,
        192.32,
        190.16,
        180.08
    ],
    "best_objective_list": [
        244.0,
        206.0,
        180.0,
        180.0,
        178.0,
        178.0,
        178.0,
        178.0,
        174.0,
        174.0,
        174.0
    ]
}