{
    "elapsed_time": 94.68740487098694,
    "best_objective": 170.0,
    "neighbors": 1000,
    "best_solution": [
        0,
        1,
        2,
        3,
        4,
        5,
        6,
        7,
        8,
        9,
        10,
        11,
        12,
        14,
        17,
        18,
        19,
        20,
        22,
        24,
        25,
        26,
        27,
        38,
        39,
        28,
        29,
        30,
        31,
        32,
        33,
        34,
        35,
        36,
        37,
        45,
        15,
        16,
        23,
        21,
        40,
        41,
        42,
        43,
        44,
        13,
        46,
        47,
        48,
        49,
        50,
        51,
        52,
        53,
        54,
        55,
        56,
        57,
        58,
        59,
        60,
        61,
        62,
        63
    ],
    "average_objectives_list": [
        279.45098039215685,
        245.84,
        219.48,
        198.04,
        187.4,
        185.96,
        183.12,
        179.2,
        177.64,
        174.32,
        172.24
    ],
    "best_objective_list": [
        250.0,
        216.0,
        186.0,
        186.0,
        184.0,
        184.0,
        178.0,
        178.0,
        172.0,
        170.0,
        170.0
    ]
}