{
    "elapsed_time": 95.32027435302734,
    "best_objective": 174.0,
    "neighbors": 1000,
    "best_solution": [
        0,
        1,
        2,
        3,
        4,
        5,
        7,
        8,
        9,
        10,
        11,
        12,
        13,
        14,
        15,
        16,
        17,
        19,
        20,
        21,
        23,
        24,
        25,
        26,
        27,
        28,
        29,
        30,
        31,
        32,
        33,
        34,
        35,
        36,
        37,
        47,
        43,
        18,
        22,
        38,
        39,
        40,
        41,
        42,
        44,
        45,
        46,
        6,
        48,
        49,
        50,
        51,
        52,
        53,
        54,
        55,
        56,
        57,
        58,
        59,
        60,
        61,
        62,
        63
    ],
    "average_objectives_list": [
        279.45098039215685,
        242.36,
        214.48,
        194.4,
        184.16,
        182.48,
        183.32,
        182.88,
        179.96,
        180.8,
        179.92
    ],
    "best_objective_list": [
        222.0,
        198.0,
        182.0,
        182.0,
        182.0,
        182.0,
        178.0,
        178.0,
        178.0,
        178.0,
        174.0
    ]
}