{
    "elapsed_time": 95.06687021255493,
    "best_objective": 164.0,
    "neighbors": 1000,
    "best_solution": [
        0,
        1,
        2,
        34,
        5,
        6,
        7,
        8,
        9,
        11,
        27,
        12,
        13,
        14,
        16,
        18,
        19,
        33,
        53,
        15,
        4,
        37,
        17,
        20,
        21,
        22,
        23,
        24,
        25,
        26,
        10,
        28,
        29,
        30,
        31,
        32,
        3,
        35,
        36,
        38,
        39,
        40,
        41,
        42,
        43,
        44,
        45,
        46,
        47,
        48,
        49,
        50,
        51,
        52,
        54,
        55,
        56,
        57,
        58,
        59,
        60,
        61,
        62,
        63
    ],
    "average_objectives_list": [
        276.6666666666667,
        244.32,
        211.92,
        195.08,
        185.48,
        183.52,
        178.4,
        178.04,
        174.6,
        168.88,
        177.36
    ],
    "best_objective_list": [
        242.0,
        194.0,
        192.0,
        184.0,
        172.0,
        168.0,
        168.0,
        168.0,
        164.0,
        164.0,
        164.0
    ]
}