{
    "elapsed_time": 94.38042664527893,
    "best_objective": 146.0,
    "neighbors": 1000,
    "best_solution": [
        1,
        2,
        3,
        6,
        7,
        8,
        9,
        10,
        11,
        12,
        13,
        14,
        16,
        18,
        43,
        45,
        55,
        56,
        58,
        59,
        15,
        33,
        38,
        17,
        0,
        37,
        53,
        4,
        52,
        23,
        51,
        5,
        19,
        20,
        21,
        22,
        24,
        25,
        26,
        27,
        28,
        29,
        30,
        31,
        32,
        34,
        35,
        36,
        54,
        39,
        40,
        41,
        42,
        44,
        46,
        47,
        48,
        49,
        50,
        57,
        60,
        61,
        62,
        63
    ],
    "average_objectives_list": [
        279.01960784313724,
        235.36,
        219.36,
        204.44,
        184.12,
        171.6,
        166.84,
        158.6,
        148.88,
        165.96,
        149.28
    ],
    "best_objective_list": [
        226.0,
        188.0,
        188.0,
        168.0,
        168.0,
        152.0,
        146.0,
        146.0,
        146.0,
        146.0,
        146.0
    ]
}